CustomerID,FirstName,LastName,Age,City,Country,Email,CorporateEmail,Newsletter,AgeGroup,CustomerGroup
49-497-845-360,Hans-Wilhelm ,Brill,19.0,Nuernberg,Germany,Hans-Wilhelm .Brill@email.com,,0.0,Adult,CC2
50-502-936-996,Deborah,Gilbert,43.0,Berlin,Germany,Deborah.Gilbert@email.com,,0.0,Adult,CC2
27-275-955-149,Ingeburg,Reiter,25.0,Turin,Italy,Ingeburg.Reiter@email.com,,0.0,Adult,CC1
65-655-201-926,Ludwina,Sadowski,28.0,Las Vegas,United_States,Ludwina.Sadowski@email.com,,1.0,Adult,CC1
82-823-625-254,Hella,Kittel,17.0,Sofia,Bulgaria,Hella.Kittel@email.com,,1.0,Adolescent,CC2
31-317-424-835,Rüdiger,Ehrlich,25.0,Minsk,Belarus,Rüdiger .Ehrlich@email.com,,1.0,Adult,CC2
50-500-730-888,Annekatrin,Pauly,20.0,Odessa,Ukraine,Annekatrin.Pauly@email.com,,1.0,Adult,CC2
44-449-769-380,Olaf,Gebert,16.0,Mariupol,Ukraine,Olaf.Gebert@email.com,,1.0,Adolescent,CC1
20-206-456-441,Maya,Ruf,54.0,Palermo,Italy,Maya.Ruf@email.com,,1.0,Adult,CC3
43-437-190-643,Samuel,Kracht,48.0,Nottingham,United_Kingdom,Samuel .Kracht@email.com,,1.0,Adult,CC1
51-519-824-667,Wally,Ruth,24.0,Dallas,United_States,Wally.Ruth@email.com,,1.0,Adult,CC3
31-314-964-218,Ron,Pick,27.0,Palermo,Italy,Ron .Pick@email.com,,1.0,Adult,CC1
55-550-462-421,Ruediger,Gleißner,27.0,Helsinki,Finland,Ruediger.Gleißner@email.com,,1.0,Adult,CC3
28-285-695-200,Eva-Marie,Wenk,48.0,Krakow,Poland,Eva-Marie.Wenk@email.com,,0.0,Adult,CC2
64-646-853-318,Silvia,Heinlein,25.0,Wandsbek,Germany,Silvia.Heinlein@email.com,,0.0,Adult,CC1
81-816-449-615,Burghard,Schiffmann,21.0,Vienna,Austria,Burghard .Schiffmann@email.com,Burghard .Schiffmann@corp.com,0.0,Adult,CC1
48-484-299-581,Fernando,Baur,29.0,Zaporizhia,Ukraine,Fernando .Baur@email.com,,1.0,Adult,CC3
47-474-558-858,Giuseppina,Nitsch,44.0,Denver,United_States,Giuseppina.Nitsch@email.com,,1.0,Adult,CC1
19-191-586-168,Albrecht,Panzer,50.0,Athens,Greece,Albrecht .Panzer@email.com,,1.0,Adult,CC1
94-940-731-996,Hans-Peter,Weinrich,49.0,Donetsk,Ukraine,Hans-Peter .Weinrich@email.com,,1.0,Adult,CC1
19-196-475-192,Frithjof,Gradl,40.0,Memphis,United_States,Frithjof .Gradl@email.com,,1.0,Adult,CC1
79-792-366-679,George ,Stingl,28.0,Washington,United_States,George .Stingl@email.com,,0.0,Adult,CC1
87-876-791-997,Lorenzo,Kleinhans,45.0,Jacksonville,United_States,Lorenzo .Kleinhans@email.com,,0.0,Adult,CC2
28-286-517-587,Nicole,Niemann,36.0,Sevastopol,Ukraine,Nicole.Niemann@email.com,,0.0,Adult,CC3
97-974-326-685,Heidelinde,Distler,25.0,Donetsk,Ukraine,Heidelinde.Distler@email.com,,0.0,Adult,CC3
81-815-232-802,Maria-Luise,Ostermeier,26.0,Gdansk,Poland,Maria-Luise.Ostermeier@email.com,,1.0,Adult,CC1
82-828-192-746,Claudia,Schnelle,37.0,Toulouse,Franec,Claudia.Schnelle@email.com,,1.0,Adult,CC2
64-642-446-691,Blanka,Sandner,44.0,Gdansk,Poland,Blanka.Sandner@email.com,,1.0,Adult,CC3
92-927-537-216,Jörg-Peter,Mager,17.0,Helsinki,Finland,Jörg-Peter .Mager@email.com,,1.0,Adolescent,CC2
82-824-865-702,Mattias,Sommerfeld,24.0,Athens,Greece,Mattias .Sommerfeld@email.com,,1.0,Adult,CC3
84-848-232-617,Ludwig ,Vogel,25.0,Bristol,United_Kingdom,Ludwig .Vogel@email.com,,1.0,Adult,CC1
44-440-342-315,Emilia,Koppe,35.0,Sofia,Bulgaria,Emilia.Koppe@email.com,,1.0,Adult,CC1
59-598-975-342,Katalin,Kummer,19.0,Makiyivka,Ukraine,Katalin.Kummer@corp.com,Katalin.Kummer@corp.com,1.0,Adult,CC3
73-738-988-751,Angelica,Flaig,38.0,Denver,United_States,Angelica.Flaig@email.com,,0.0,Adult,CC2
26-268-693-443,Krista,Roß,28.0,Prague,Czech_Republic,Krista.Roß@corp.com,Krista.Roß@corp.com,0.0,Adult,CC3
15-154-235-884,Cornelius,Schenkel,18.0,Szczecin,Poland,Cornelius .Schenkel@email.com,,1.0,Adult,CC2
51-513-182-406,Luigi ,Kessel,38.0,Zaragoza,Spain,Luigi .Kessel@email.com,,1.0,Adult,CC1
19-197-794-857,Gertrude,Schaffer,47.0,Chicago,United_States,Gertrude.Schaffer@email.com,Gertrude.Schaffer@corp.com,0.0,Adult,CC2
12-121-360-322,Joerg ,Platz,31.0,Skopje,North_Macedonia,Joerg .Platz@email.com,Joerg .Platz@corp.com,0.0,Adult,CC2
63-633-852-239,Barbara,Knebel,54.0,Essen,Germany,Barbara.Knebel@email.com,,1.0,Adult,CC3
51-512-812-618,Rainer,Krüger,33.86,Leipzig,Germany,Rainer.Krüger@email.com,,1.0,Adult,CC3
71-711-250-112,Miriam,Lederer,50.0,Lodz,Poland,Miriam.Lederer@corp.com,Miriam.Lederer@corp.com,1.0,Adult,CC1
37-375-858-473,Johannes,Franken,27.0,Sarajevo,Bosnia_and_Herzegovina,Johannes.Franken@email.com,,1.0,Adult,CC3
75-752-168-398,Volker,Donner,16.0,Wandsbek,Germany,Volker.Donner@email.com,,1.0,Adolescent,CC2
47-473-677-838,Hansjürgen,Sander,47.0,Sevilla,Spain,Hansjürgen .Sander@email.com,,1.0,Adult,CC3
42-421-113-978,Gabriele,Reuter,35.0,Szczecin,Poland,Gabriele.Reuter@email.com,,1.0,Adult,CC2
18-183-752-203,Britta,Lentz,27.0,Seattle,United_States,Britta.Lentz@corp.com,Britta.Lentz@corp.com,0.0,Adult,CC3
38-388-497-255,Irmtraud,Weyand,24.0,Koeln,Germany,Irmtraud.Weyand@email.com,,1.0,Adult,CC2
26-267-709-953,Jacek ,Wilhelmi,26.0,Nashville-Davidson,United_States,Jacek .Wilhelmi@email.com,,1.0,Adult,CC3
13-137-215-455,Carmine,Unger,34.0,Vienna,Austria,Carmine.Unger@email.com,,1.0,Adult,CC1
16-160-430-397,Valeska,Bopp,32.0,Madrid,Spain,Valeska.Bopp@email.com,Valeska.Bopp@corp.com,0.0,Adult,CC3
82-822-924-651,Guiseppe,Mey,27.0,Dnipro,Ukraine,Guiseppe .Mey@email.com,,1.0,Adult,CC3
46-467-127-638,Tülay,Klose,31.0,Sevastopol,Ukraine,Tülay.Klose@email.com,,0.0,Adult,CC3
77-774-744-466,Nicole,Steinhoff,20.0,Naples,Italy,Nicole.Steinhoff@email.com,,0.0,Adult,CC2
82-824-613-287,Andreas,Riemann,31.0,Austin,United_States,Andreas .Riemann@email.com,,0.0,Adult,CC2
77-778-169-794,Catharina,Bopp,65.0,Rotterdam,Netherlands,Catharina.Bopp@email.com,,0.0,Adult,CC3
90-900-179-763,Alicja,Wöhrle,52.0,Palermo,Italy,Alicja.Wöhrle@email.com,,1.0,Adult,CC1
43-437-142-674,Hanspeter,Nickel,29.0,Wandsbek,Germany,Hanspeter .Nickel@email.com,Hanspeter .Nickel@corp.com,1.0,Adult,CC2
91-916-456-638,Wieslaw,Lemmer,18.0,Zaporizhia,Ukraine,Wieslaw .Lemmer@email.com,,1.0,Adult,CC3
94-947-324-992,Rudi,Sell,18.0,Washington,United_States,Rudi .Sell@email.com,,0.0,Adult,CC1
44-447-778-340,Alexandra,Lüdecke,44.0,San Francisco,United_States,Alexandra.Lüdecke@email.com,,1.0,Adult,CC3
45-457-495-185,Solveig,Burkhard,25.0,Vilnius,Lithuania,Solveig.Burkhard@email.com,Solveig.Burkhard@corp.com,0.0,Adult,CC1
10-100-880-598,Gloria,Glück,50.0,Kryvyi Rih,Ukraine,Gloria.Glück@email.com,,1.0,Adult,CC2
99-998-164-653,Evelin,Grieger,59.0,Indianapolis,United_States,Evelin.Grieger@email.com,,0.0,Adult,CC2
31-315-872-319,Cengiz ,Blume,48.0,Phoenix,United_States,Cengiz .Blume@email.com,,0.0,Adult,CC2
98-985-206-200,Frank,Matthiesen,37.0,Duisburg,Germany,Frank.Matthiesen@email.com,Frank.Matthiesen@corp.com,1.0,Adult,CC1
21-210-654-727,Krystyna,Wöhrle,62.0,San Francisco,United_States,Krystyna.Wöhrle@email.com,Krystyna.Wöhrle@corp.com,0.0,Adult,CC2
58-585-367-818,Lidia,Scheller,61.0,Belgrade,Serbia,Lidia.Scheller@email.com,,1.0,Adult,CC1
55-559-805-580,Robert,Wurst,26.0,Munich,Germany,Robert.Wurst@email.com,,0.0,Adult,CC3
77-777-339-543,Hajo,Ulbrich,41.0,Lviv,Ukraine,Hajo .Ulbrich@email.com,,0.0,Adult,CC2
60-608-460-894,Thilo ,Kutzner,41.0,Athens,Greece,Thilo .Kutzner@email.com,,0.0,Adult,CC1
84-845-374-662,Abraham ,Boller,49.0,Sarajevo,Bosnia_and_Herzegovina,Abraham .Boller@email.com,,1.0,Adult,CC1
25-254-164-717,Josephine,Moosmann,33.0,Memphis,United_States,Josephine.Moosmann@email.com,,0.0,Adult,CC3
63-632-165-372,Türkan,Stegmaier,29.0,Louisville/Jefferson County,United_States,Türkan.Stegmaier@email.com,,1.0,Adult,CC2
97-976-982-372,Ingried,Mayer,27.0,Budapest,Hungary,Ingried.Mayer@email.com,,0.0,Adult,CC2
63-637-993-179,Volkmar ,Stauch,49.0,Antwerpen,Belgium,Volkmar .Stauch@email.com,,0.0,Adult,CC3
42-424-598-541,Manfred,Dörr,63.0,Gdansk,Poland,Manfred.Dörr@email.com,Manfred.Dörr@corp.com,1.0,Adult,CC2
92-923-342-427,Ljubica,Kastner,25.0,San Antonio,United_States,Ljubica.Kastner@email.com,,0.0,Adult,CC1
14-140-668-112,Meik,Knopp,31.0,Dublin,Ireland,Meik .Knopp@email.com,,0.0,Adult,CC1
65-650-259-294,Anna-Luise,Schmoll,50.0,Sector 3,Romania,Anna-Luise.Schmoll@email.com,Anna-Luise.Schmoll@corp.com,0.0,Adult,CC1
26-268-687-261,Wilma,Schall,54.0,San Antonio,United_States,Wilma.Schall@email.com,,0.0,Adult,CC3
95-953-797-831,Adelgunde,Schuh,46.0,Las Palmas de Gran Canaria,Spian,Adelgunde.Schuh@email.com,,0.0,Adult,CC2
38-389-603-529,Eckhard,Tröster,58.0,Gomel,Belarus,Eckhard .Tröster@email.com,,0.0,Adult,CC2
75-751-293-377,Darko,Fröhlich,46.0,Las Vegas,United_States,Darko .Fröhlich@email.com,,0.0,Adult,CC3
34-348-743-224,Kerstin,Suhr,50.0,Minsk,Belarus,Kerstin.Suhr@email.com,Kerstin.Suhr@corp.com,1.0,Adult,CC2
72-729-848-510,Volker ,Schumann,27.0,Malaga,Spain,Volker .Schumann@corp.com,Volker .Schumann@corp.com,1.0,Adult,CC1
23-232-249-187,Natali,Mohr,53.0,Nottingham,United_Kingdom,Natali.Mohr@email.com,,0.0,Adult,CC3
57-570-638-882,Silvia,Junker,24.0,Palermo,Italy,Silvia.Junker@corp.com,Silvia.Junker@corp.com,1.0,Adult,CC2
46-463-204-168,Istvan ,Jakobs,20.0,Toulouse,France,Istvan .Jakobs@email.com,,1.0,Adult,CC2
98-984-589-251,Heiko,Albers,22.0,Frankfurt am Main,Germany,Heiko.Albers@email.com,,0.0,Adult,CC2
89-898-904-745,Karin,Pahlke,15.0,Berlin,Germany,Karin.Pahlke@email.com,Karin.Pahlke@corp.com,0.0,Adolescent,CC2
43-430-673-621,Arzu,Völkl,41.0,Hannover,Germany,Arzu.Völkl@email.com,,0.0,Adult,CC1
53-539-676-694,Diedrich,Puschmann,46.0,Oklahoma City,United_States,Diedrich .Puschmann@email.com,,1.0,Adult,CC1
61-612-207-810,Karl-Josef,Zinn,39.0,Murcia,Spain,Karl-Josef .Zinn@email.com,,0.0,Adult,CC1
37-378-539-183,Karl-Otto ,Gaida,35.0,Prague,Czech_Republic,Karl-Otto .Gaida@email.com,,0.0,Adult,CC2
14-145-871-403,Ercan,Gebhardt,68.0,Athens,Greece,Ercan .Gebhardt@email.com,,0.0,Older Adult,CC2
74-742-572-483,Ilona,Reetz,44.0,Sector 3,Romania,Ilona.Reetz@email.com,,0.0,Adult,CC2
45-452-899-474,Claus,Glock,40.0,Marseille,France,Claus .Glock@email.com,,1.0,Adult,CC3
94-940-476-824,Benjamin,Nestler,27.0,Bucharest,Romania,Benjamin .Nestler@email.com,,1.0,Adult,CC2
73-733-402-386,Brunhild,Schnell,20.0,Memphis,United_States,Brunhild.Schnell@email.com,,1.0,Adult,CC2
64-640-196-343,Adele,Meinel,60.0,Charlotte,United_States,Adele.Meinel@email.com,,1.0,Adult,CC2
54-548-871-742,Horst-Dieter ,Plank,23.0,The Hague,Netherlands,Horst-Dieter .Plank@email.com,,1.0,Adult,CC2
77-775-931-158,Marita,Seger,39.0,Munich,Germany,Marita.Seger@email.com,,0.0,Adult,CC3
24-245-422-723,Annegrete,Kretz,32.0,Marseille,France,Annegrete.Kretz@corp.com,Annegrete.Kretz@corp.com,1.0,Adult,CC3
65-655-740-689,Athanasios,Meinert,20.0,San Diego,United_States,Athanasios .Meinert@email.com,,1.0,Adult,CC3
23-235-894-215,Sergej,Sperling,27.0,Philadelphia,United_States,Sergej .Sperling@email.com,,0.0,Adult,CC2
50-502-787-157,Alina,Rickert,46.0,Luhansk,Ukraine,Alina.Rickert@email.com,,0.0,Adult,CC1
58-582-142-599,Kurt,Siekmann,35.0,Zaporizhia,Ukraine,Kurt.Siekmann@email.com,,1.0,Adult,CC1
72-726-458-713,Geza,Lindenau,24.0,Los Angeles,United_States,Geza.Lindenau@email.com,,1.0,Adult,CC3
42-429-786-459,Jochen ,Degenhardt,16.0,Poznan,Poland,Jochen .Degenhardt@corp.com,Jochen .Degenhardt@corp.com,0.0,Adolescent,CC2
93-937-313-163,Stefani,Jäschke,51.0,Leicester,United_Kingdom,Stefani.Jäschke@email.com,,0.0,Adult,CC2
22-229-483-682,Mariola,Königs,60.0,Fort Worth,United_States,Mariola.Königs@email.com,,1.0,Adult,CC1
47-479-269-807,Frederic,Peschel,39.0,Chisinau,Moldova,Frederic .Peschel@email.com,Frederic .Peschel@corp.com,1.0,Adult,CC1
90-906-424-400,Gunnar,Bär,57.0,Budapest,Hungary,Gunnar .Bär@email.com,,1.0,Adult,CC2
30-302-750-929,Mato,Heiland,54.0,Dallas,United_States,Mato .Heiland@corp.com,Mato .Heiland@corp.com,0.0,Adult,CC1
75-757-724-968,Mario ,Stöckel,29.0,Dresden,Germany,Mario .Stöckel@corp.com,Mario .Stöckel@corp.com,1.0,Adult,CC3
19-191-162-303,Sinaida,Dold,23.0,Dnipro,Ukraine,Sinaida.Dold@email.com,,1.0,Adult,CC3
51-519-181-712,Insa,Weichert,35.0,Chisinau,Moldova,Insa.Weichert@email.com,,0.0,Adult,CC2
78-784-142-388,Egbert ,Dröge,35.0,Bristol,United_Kingdom,Egbert .Dröge@email.com,,0.0,Adult,CC1
13-136-689-312,Steffi,Butz,19.0,Sofia,Bulgaria,Steffi.Butz@email.com,,1.0,Adult,CC2
78-789-686-995,Hartmut,Artmann,27.0,Dresden,Germany,Hartmut.Artmann@email.com,,1.0,Adult,CC1
10-103-546-526,Oliver,Kölbl,35.0,Memphis,United_States,Oliver.Kölbl@email.com,,0.0,Adult,CC3
81-814-172-587,Georgia,Frühauf,57.0,Essen,Germany,Georgia.Frühauf@email.com,,0.0,Adult,CC2
69-698-994-580,Anke,Hengst,34.0,Barcelona,Spain,Anke.Hengst@email.com,Anke.Hengst@corp.com,1.0,Adult,CC2
21-217-491-993,Friedrich-Wilhelm ,Bohnert,55.0,Edinburgh,United_Kingdom,Friedrich-Wilhelm .Bohnert@email.com,,1.0,Adult,CC3
56-561-871-770,Belinda,Evers,56.0,Dallas,United_States,Belinda.Evers@email.com,,1.0,Adult,CC1
91-914-912-232,Irmtraud,Plath,45.0,Stockholm,Sweden,Irmtraud.Plath@email.com,,0.0,Adult,CC3
86-868-237-615,Isa,Schöning,42.0,Amsterdam,Netherlands,Isa.Schöning@email.com,Isa.Schöning@corp.com,1.0,Adult,CC3
57-579-260-993,Klaas ,Langner,44.0,Sofia,Bulgaria,Klaas .Langner@email.com,,1.0,Adult,CC1
87-870-994-659,Leokadia,Hau,44.0,Tallinn,Estonia,Leokadia.Hau@email.com,,0.0,Adult,CC3
11-117-667-886,Gisbert,Bruns,43.0,Columbus,United_States,Gisbert .Bruns@email.com,,0.0,Adult,CC1
20-209-572-233,Friedhelm ,Dold,28.0,Leicester,United_Kingdom,Friedhelm .Dold@email.com,,0.0,Adult,CC3
23-239-909-505,Margit,Dammann,63.0,Murcia,Spain,Margit.Dammann@email.com,,0.0,Adult,CC2
93-939-507-399,Dominic,Biehl,15.0,Glasgow,United_Kingdom,Dominic .Biehl@corp.com,Dominic .Biehl@corp.com,0.0,Adolescent,CC3
31-318-303-603,Werner,Ehlers,52.0,Tallinn,Estonia,Werner.Ehlers@email.com,,0.0,Adult,CC1
39-394-699-348,Erwin,Schock,24.0,Dnipro,Ukraine,Erwin .Schock@email.com,,0.0,Adult,CC2
59-593-587-137,Mareike,Steigerwald,36.0,El Paso,United_States,Mareike.Steigerwald@email.com,,1.0,Adult,CC1
33-336-226-380,Karl-Josef,Reil,41.0,Genoa,Italy,Karl-Josef .Reil@corp.com,Karl-Josef .Reil@corp.com,1.0,Adult,CC3
83-838-300-220,Nadine,Christiansen,33.86,Louisville/Jefferson County,United_States,Nadine.Christiansen@email.com,,1.0,Adult,CC2
47-476-639-126,Adelbert,Appel,25.0,Minsk,Belarus,Adelbert .Appel@email.com,,1.0,Adult,CC2
17-174-241-554,Tomasz ,Hiller,27.0,Belgrade,Serbia,Tomasz .Hiller@email.com,,1.0,Adult,CC1
81-816-412-813,Nils ,Landwehr,47.0,Zaporizhia,Ukraine,Nils .Landwehr@email.com,,0.0,Adult,CC3
41-414-886-548,Gretl,Bernhardt,32.0,Rome,Italy,Gretl.Bernhardt@email.com,,1.0,Adult,CC3
61-612-425-534,Gloria,Häfele,15.0,Palermo,Italy,Gloria.Häfele@email.com,,0.0,Adolescent,CC2
41-413-557-431,Natalija,Weiße,18.0,Los Angeles,United_States,Natalija.Weiße@email.com,Natalija.Weiße@corp.com,0.0,Adult,CC1
50-509-454-789,Ernst-Dieter,Prager,26.0,Skopje,North_Macedonia,Ernst-Dieter .Prager@email.com,,0.0,Adult,CC3
25-258-791-803,Gabriele,Jentzsch,24.0,Wroclaw,Poland,Gabriele.Jentzsch@email.com,,1.0,Adult,CC1
47-471-643-191,Aysel,Rauch,33.86,Hamburg,Germany,Aysel.Rauch@email.com,,0.0,Adult,CC2
41-419-224-743,Birgit,Martens,52.0,Paris,France,Birgit.Martens@email.com,,0.0,Adult,CC3
16-169-831-580,Gregor ,Böker,19.0,Bratislava,Slovakia,Gregor .Böker@email.com,,0.0,Adult,CC1
47-473-831-174,Gunther,Heller,26.0,Leipzig,Germany,Gunther .Heller@email.com,,1.0,Adult,CC1
59-595-309-449,Herlinde,Reiß,15.0,Bochum-Hordel,Germany,Herlinde.Reiß@corp.com,Herlinde.Reiß@corp.com,0.0,Adolescent,CC1
32-321-658-212,Emanuel,Bogner,58.0,Riga,Latvia,Emanuel .Bogner@email.com,Emanuel .Bogner@corp.com,1.0,Adult,CC1
22-229-331-964,Sandra,Piontek,41.0,Columbus,United_States,Sandra.Piontek@email.com,,0.0,Adult,CC2
48-481-998-910,Charlotte,Kunde,34.0,Toulouse,Franec,Charlotte.Kunde@email.com,,1.0,Adult,CC2
92-923-373-906,Fatma,Andreas,34.0,Dallas,United_States,Fatma.Andreas@email.com,,1.0,Adult,CC2
92-925-866-450,Oliver,Orlowski,52.0,Marseille,France,Oliver.Orlowski@email.com,,0.0,Adult,CC2
54-547-906-354,Franco,Dettmann,16.0,Mariupol,Ukraine,Franco .Dettmann@email.com,,1.0,Adolescent,CC3
24-248-708-254,Adelbert ,Kamp,46.0,Skopje,North_Macedonia,Adelbert .Kamp@email.com,,1.0,Adult,CC2
15-156-622-861,Rita,Kirchner,31.0,Indianapolis,United_States,Rita.Kirchner@email.com,Rita.Kirchner@corp.com,0.0,Adult,CC3
29-295-428-469,Siegmund ,Titze,36.0,Philadelphia,United_States,Siegmund .Titze@email.com,,1.0,Adult,CC2
84-843-879-761,German ,Kasten,24.0,Madrid,Spain,German .Kasten@email.com,,1.0,Adult,CC1
49-493-127-457,Gabriella,Schroth,48.0,Warsaw,Poland,Gabriella.Schroth@email.com,,1.0,Adult,CC1
35-357-403-867,Christel,Mandel,27.0,Barcelona,Spain,Christel.Mandel@email.com,,1.0,Adult,CC2
42-424-678-868,Sabri,Rupp,38.0,Oklahoma City,United_States,Sabri .Rupp@email.com,,1.0,Adult,CC1
39-393-623-110,Hans Peter,Schreyer,33.86,Dallas,United_States,Hans Peter.Schreyer@email.com,,1.0,Adult,CC3
42-426-720-363,Petra,Bräutigam,18.0,Frankfurt am Main,Germany,Petra.Bräutigam@email.com,,1.0,Adult,CC2
74-742-331-176,Kriemhild,Vollmer,62.0,Barcelona,Spain,Kriemhild.Vollmer@email.com,,0.0,Adult,CC3
84-842-650-964,Heino ,Pfister,69.0,Minsk,Belarus,Heino .Pfister@email.com,,1.0,Older Adult,CC3
86-861-493-290,Ludmilla,Gries,22.0,Wroclaw,Poland,Ludmilla.Gries@email.com,,1.0,Adult,CC3
57-576-790-999,Ella,Schroll,35.0,Jacksonville,United_States,Ella.Schroll@email.com,,0.0,Adult,CC3
60-606-926-463,Caterina,Fath,27.0,Duesseldorf,Germany,Caterina.Fath@email.com,,1.0,Adult,CC2
75-754-782-881,Margot,Schaller,56.0,Antwerpen,Belgium,Margot.Schaller@email.com,,0.0,Adult,CC1
98-987-729-699,Jan-Peter,Dürr,17.0,Murcia,Spain,Jan-Peter .Dürr@email.com,,0.0,Adolescent,CC2
18-186-155-297,Janko ,Hennemann,38.0,Lodz,Poland,Janko .Hennemann@email.com,,1.0,Adult,CC3
30-303-191-696,Philip,Sinn,18.0,San Antonio,United_States,Philip.Sinn@email.com,,1.0,Adult,CC1
81-810-359-492,Ilka,Sydow,56.0,Toulouse,France,Ilka.Sydow@email.com,,0.0,Adult,CC3
19-198-547-924,Igor,Diel,16.0,Milan,Italy,Igor .Diel@email.com,,1.0,Adolescent,CC1
87-873-224-935,Ron,Biermann,28.0,Sofia,Bulgaria,Ron .Biermann@email.com,,1.0,Adult,CC2
16-166-534-128,Amalie,Augustin,40.0,Sarajevo,Bosnia_and_Herzegovina,Amalie.Augustin@email.com,,1.0,Adult,CC2
38-384-580-400,Dirk ,Brandenburg,52.0,Skopje,North_Macedonia,Dirk .Brandenburg@email.com,,0.0,Adult,CC1
62-628-729-949,Anton ,Degen,30.0,Sevilla,Spain,Anton .Degen@email.com,,0.0,Adult,CC2
18-184-264-576,John,Traub,21.0,Wandsbek,Germany,John .Traub@email.com,,1.0,Adult,CC1
72-720-167-141,Kreszenz,Schimanski,31.0,Turin,Italy,Kreszenz.Schimanski@email.com,,0.0,Adult,CC3
78-787-648-998,Änne,Hüttner,35.0,Indianapolis,United_States,Änne.Hüttner@email.com,,0.0,Adult,CC2
39-394-183-916,Ramon,Bell,24.0,Genoa,Italy,Ramon .Bell@corp.com,Ramon .Bell@corp.com,1.0,Adult,CC2
24-248-642-230,Gertrude,Senft,31.0,San Francisco,United_States,Gertrude.Senft@email.com,,1.0,Adult,CC3
53-539-828-164,Agnes,Dettmer,20.0,Cardiff,United_Kingdom,Agnes.Dettmer@email.com,,1.0,Adult,CC2
76-761-503-527,Adina,Wall,21.0,Skopje,North_Macedonia,Adina.Wall@email.com,,0.0,Adult,CC3
88-886-676-104,Birthe,Schultz,56.0,Duisburg,Germany,Birthe.Schultz@email.com,,1.0,Adult,CC1
59-596-692-586,Gerold ,Drechsler,21.0,Kharkiv,Ukraine,Gerold .Drechsler@email.com,,1.0,Adult,CC3
52-527-591-299,Marleen,Heckel,16.0,Milan,Italy,Marleen.Heckel@email.com,,0.0,Adolescent,CC1
26-262-217-317,Natali,Giesecke,39.0,Poznan,Poland,Natali.Giesecke@email.com,,0.0,Adult,CC2
30-304-888-768,Ralf ,Lohse,33.0,Bratislava,Slovakia,Ralf .Lohse@email.com,,1.0,Adult,CC1
85-856-605-423,Ann-Kathrin,Ehrenberg,27.0,Sheffield,United_Kingdom,Ann-Kathrin.Ehrenberg@email.com,,1.0,Adult,CC3
45-459-714-275,Beata,Mertes,30.0,Skopje,North_Macedonia,Beata.Mertes@email.com,,1.0,Adult,CC3
39-393-405-297,Michaela,Rosenberger,53.0,Oklahoma City,United_States,Michaela.Rosenberger@corp.com,Michaela.Rosenberger@corp.com,0.0,Adult,CC3
82-825-610-786,Ramazan,Benz,65.0,Detroit,United_States,Ramazan .Benz@email.com,,0.0,Adult,CC3
92-927-671-423,Aleksej ,Stenger,15.0,San Jose,United_States,Aleksej .Stenger@email.com,,1.0,Adolescent,CC1
82-828-594-522,Annett,Goebel,25.0,Prague,Czech_Republic,Annett.Goebel@email.com,,1.0,Adult,CC1
26-261-715-463,Urs,Kreutz,51.0,Jacksonville,United_States,Urs .Kreutz@email.com,,0.0,Adult,CC1
88-881-614-535,Lara,Sachse,34.0,Las Palmas de Gran Canaria,Spain,Lara.Sachse@email.com,,0.0,Adult,CC2
86-869-146-333,Nikolaus,Schnieders,33.86,Milan,Italy,Nikolaus .Schnieders@email.com,,1.0,Adult,CC2
31-312-473-128,Fabienne,Pötzsch,45.0,Glasgow,United_Kingdom,Fabienne.Pötzsch@email.com,,1.0,Adult,CC2
94-942-920-943,Valerij,Schiemann,30.0,Donetsk,Ukraine,Valerij .Schiemann@email.com,,0.0,Adult,CC1
53-533-913-692,Elke,Faßbender,15.0,El Paso,United_States,Elke.Faßbender@email.com,,0.0,Adolescent,CC2
78-780-873-722,Herwig,Lemke,22.0,Dresden,Germany,Herwig .Lemke@email.com,,1.0,Adult,CC3
94-949-621-993,Insa,Döring,60.0,Boston,United_States,Insa.Döring@email.com,,0.0,Adult,CC3
37-372-876-427,Darius ,Habel,37.0,Leipzig,Germany,Darius .Habel@email.com,,1.0,Adult,CC3
12-121-293-878,Cläre,Kellner,36.0,Zaragoza,Spain,Cläre.Kellner@email.com,,1.0,Adult,CC3
71-713-753-441,Henry,Reichl,20.0,Louisville/Jefferson County,United_States,Henry .Reichl@email.com,,1.0,Adult,CC3
15-157-904-429,Heidi,Fleck,28.0,Kharkiv,Ukraine,Heidi.Fleck@email.com,Heidi.Fleck@corp.com,0.0,Adult,CC2
10-108-402-605,Veronique,Kretschmann,33.0,San Antonio,United_States,Veronique.Kretschmann@email.com,Veronique.Kretschmann@corp.com,0.0,Adult,CC2
86-865-731-321,Utz,Kettler,23.0,Bristol,United_Kingdom,Utz .Kettler@email.com,,0.0,Adult,CC3
51-513-954-639,Hans-Helmut,Mitschke,55.0,Kyiv,Ukraine,Hans-Helmut .Mitschke@email.com,,0.0,Adult,CC2
50-509-651-411,Jaroslaw ,Schock,39.0,Sofia,Bulgaria,Jaroslaw .Schock@email.com,,1.0,Adult,CC1
67-673-600-763,Conny,Wehr,25.0,Phoenix,United_States,Conny.Wehr@email.com,,0.0,Adult,CC2
99-997-416-922,Axel,Heid,51.0,Gdansk,Poland,Axel .Heid@corp.com,Axel .Heid@corp.com,1.0,Adult,CC1
14-148-465-832,Hartmuth ,Borrmann,42.0,Sheffield,United_Kingdom,Hartmuth .Borrmann@email.com,,0.0,Adult,CC2
22-226-400-554,Olaf,Rosenberg,54.0,Austin,United_States,Olaf.Rosenberg@email.com,,0.0,Adult,CC1
69-694-113-376,Alex ,Hauck,25.0,Indianapolis,United_States,Alex .Hauck@email.com,,1.0,Adult,CC1
70-701-405-339,Adelgunde,Leber,59.0,Zaporizhia,Ukraine,Adelgunde.Leber@email.com,,0.0,Adult,CC3
37-376-722-579,Hans-Uwe ,Ruff,52.0,Los Angeles,United_States,Hans-Uwe .Ruff@email.com,,1.0,Adult,CC3
88-888-585-705,Liesel,Kerner,21.0,Mariupol,Ukraine,Liesel.Kerner@email.com,,0.0,Adult,CC3
49-491-107-685,Edelbert,Berner,69.0,Szczecin,Poland,Edelbert .Berner@email.com,,1.0,Older Adult,CC1
73-737-755-924,David,Vater,51.0,Koeln,Germany,David .Vater@email.com,,0.0,Adult,CC1
99-997-567-295,Manfred,Höfler,34.0,Antwerpen,Belgium,Manfred.Höfler@email.com,,1.0,Adult,CC2
29-295-818-914,Hans-Wolfgang,Lüdecke,30.0,Bremen,Germany,Hans-Wolfgang .Lüdecke@email.com,,0.0,Adult,CC2
52-527-302-560,Romuald,Heppner,64.0,Nashville-Davidson,United_States,Romuald .Heppner@email.com,Romuald .Heppner@corp.com,0.0,Adult,CC2
10-108-776-144,Ruben,Thome,33.86,Zagreb,Croatia,Ruben .Thome@email.com,,1.0,Adult,CC2
90-906-755-219,Jessica,Eichler,17.0,Indianapolis,United_States,Jessica.Eichler@email.com,,1.0,Adolescent,CC2
81-811-856-703,Mercedes,Großkopf,25.0,Sector 3,Romania,Mercedes.Großkopf@email.com,,1.0,Adult,CC2
31-315-869-515,Siegrun,Schaar,23.0,Khmelnytskyi,Ukraine,Siegrun.Schaar@email.com,,0.0,Adult,CC2
56-568-518-268,Katharine,Krüger,17.0,The Hague,Netherlands,Katharine.Krüger@email.com,,0.0,Adolescent,CC3
24-244-722-873,Rolf-Peter,Preuß,59.0,Sevastopol,Ukraine,Rolf-Peter .Preuß@email.com,,1.0,Adult,CC3
38-388-800-863,Phillip ,Opitz,53.0,Phoenix,United_States,Phillip .Opitz@email.com,,0.0,Adult,CC2
22-229-410-796,Pamela,Reinhart,57.0,Duisburg,Germany,Pamela.Reinhart@email.com,,0.0,Adult,CC2
14-140-230-371,Lotti,Heinisch,46.0,Valencia,Spain,Lotti.Heinisch@email.com,,0.0,Adult,CC1
65-658-805-722,Pamela,Noack,25.0,Stuttgart,Germany,Pamela.Noack@email.com,,1.0,Adult,CC3
97-977-582-280,Hiltraud,Gröne,33.86,Fort Worth,United_States,Hiltraud.Gröne@email.com,,0.0,Adult,CC3
20-206-441-771,Andreas,Bähr,109.0,Donetsk,Ukraine,Andreas.Bähr@email.com,,0.0,Older Adult,CC2
67-679-438-199,Salih,Limbach,40.0,Boston,United_States,Salih .Limbach@email.com,,0.0,Adult,CC1
54-546-341-283,Markus,Böcker,25.0,Palma,Spain,Markus.Böcker@email.com,,1.0,Adult,CC1
29-298-881-174,Marvin,Bruckner,63.0,New York,United_States,Marvin .Bruckner@email.com,,0.0,Adult,CC1
82-825-559-567,Helena,Nitsch,30.0,Hannover,Germany,Helena.Nitsch@email.com,Helena.Nitsch@corp.com,0.0,Adult,CC2
82-824-245-555,Ernest,Volz,37.0,Koeln,Germany,Ernest .Volz@email.com,,0.0,Adult,CC3
26-266-102-264,Raik ,Herb,38.0,Dresden,Germany,Raik .Herb@email.com,,0.0,Adult,CC2
67-676-602-149,Bartholomäus ,Bogner,28.0,Mykolayiv,Ukraine,Bartholomäus .Bogner@email.com,,1.0,Adult,CC1
65-659-179-786,Johannes,Klein,25.0,Sheffield,United_Kingdom,Johannes.Klein@email.com,,1.0,Adult,CC3
73-739-848-696,Caroline,Eckart,23.0,London,United_Kingdom,Caroline.Eckart@email.com,,1.0,Adult,CC3
30-302-208-560,Olaf,Berthold,42.0,Wandsbek,Germany,Olaf .Berthold@email.com,,1.0,Adult,CC2
22-228-818-546,Gordon ,Thiem,27.0,Vienna,Austria,Gordon .Thiem@email.com,Gordon .Thiem@corp.com,1.0,Adult,CC3
32-328-308-550,Cornelius,Nies,21.0,Nottingham,Unitde_Kingdom,Cornelius .Nies@email.com,,1.0,Adult,CC2
66-667-553-570,Knut ,Naß,17.0,Leeds,United_Kingdom,Knut .Naß@email.com,Knut .Naß@corp.com,1.0,Adolescent,CC3
71-714-823-321,Mustafa,Haak,33.0,Bratislava,Slovakia,Mustafa .Haak@email.com,,1.0,Adult,CC3
98-983-137-153,Klaus,Wehrle,27.0,Vilnius,Lithuania,Klaus.Wehrle@email.com,,1.0,Adult,CC2
13-138-851-518,Francoise,Hilbert,39.0,Stuttgart,Germany,Francoise.Hilbert@email.com,,1.0,Adult,CC2
56-561-784-543,Ron,Uhlemann,24.0,Columbus,United_States,Ron .Uhlemann@corp.com,Ron .Uhlemann@corp.com,0.0,Adult,CC2
93-932-231-579,Maximilian ,Drexler,39.0,Berlin,Germany,Maximilian .Drexler@email.com,,1.0,Adult,CC2
64-646-231-978,Herbert ,Sohn,34.0,Boston,United_States,Herbert .Sohn@corp.com,Herbert .Sohn@corp.com,1.0,Adult,CC2
16-168-213-409,Nikolai ,Bork,45.0,Mariupol,Ukraine,Nikolai .Bork@corp.com,Nikolai .Bork@corp.com,1.0,Adult,CC3
76-764-137-225,Fabian,Kastner,48.0,Philadelphia,United_States,Fabian .Kastner@email.com,,0.0,Adult,CC3
46-461-796-906,Claudio,Holl,38.0,Liverpool,United_Kingdom,Claudio .Holl@email.com,,1.0,Adult,CC1
39-390-587-255,Renata,Bohm,18.0,Athens,Greece,Renata.Bohm@email.com,,1.0,Adult,CC2
90-902-715-200,Katharina,Kahl,35.0,Dortmund,Germany,Katharina.Kahl@email.com,,1.0,Adult,CC2
78-782-812-453,Romuald,Imhof,39.0,El Paso,United_States,Romuald .Imhof@email.com,,0.0,Adult,CC3
28-285-666-341,Alban,Friedel,46.0,Phoenix,United_States,Alban .Friedel@email.com,Alban .Friedel@corp.com,0.0,Adult,CC2
91-913-344-712,Leonie,Westhoff,30.0,Portland,United_States,Leonie.Westhoff@email.com,,0.0,Adult,CC1
70-707-354-846,Karolina,Stephan,53.0,Frankfurt am Main,Germany,Karolina.Stephan@email.com,,0.0,Adult,CC1
53-538-446-393,Margarete,Albrecht,19.0,Munich,Germany,Margarete.Albrecht@email.com,,0.0,Adult,CC3
23-238-657-321,Edelgard,Scheller,47.0,Rotterdam,Netherlands,Edelgard.Scheller@email.com,,0.0,Adult,CC1
77-776-594-722,Liesa,Knauer,21.0,Poznan,Poland,Liesa.Knauer@email.com,,1.0,Adult,CC1
68-682-612-877,Tassilo,Brill,26.0,London,United_Kingdom,Tassilo .Brill@email.com,,0.0,Adult,CC3
81-811-213-712,Daniela,Schweitzer,33.86,Toulouse,France,Daniela.Schweitzer@email.com,,0.0,Adult,CC1
81-818-609-556,Pamela,Kaiser,33.0,Sector 3,Romania,Pamela.Kaiser@email.com,,1.0,Adult,CC1
13-130-567-180,Elke,Schupp,36.0,Naples,Italy,Elke.Schupp@email.com,,1.0,Adult,CC3
16-168-385-335,Gislinde,Scheidt,38.0,Berlin,Germany,Gislinde.Scheidt@email.com,,1.0,Adult,CC1
19-193-152-894,Riza,Posselt,58.0,Chisinau,Moldova,Riza .Posselt@email.com,,0.0,Adult,CC3
65-655-723-266,Raphael ,Quandt,43.0,Sheffield,United_Kingdom,Raphael .Quandt@corp.com,Raphael .Quandt@corp.com,0.0,Adult,CC2
97-977-529-242,Rosalinde,Wahl,36.0,Sarajevo,Bosnia_and_Herzegovina,Rosalinde.Wahl@corp.com,Rosalinde.Wahl@corp.com,1.0,Adult,CC2
23-233-375-314,Karlheinz,Saur,26.0,Chicago,United_States,Karlheinz .Saur@email.com,,1.0,Adult,CC1
53-538-959-663,Ramazan,Menzel,25.0,Helsinki,Finland,Ramazan .Menzel@email.com,,0.0,Adult,CC3
98-986-122-862,Christiana,Heimann,47.0,San Diego,United_States,Christiana.Heimann@email.com,,0.0,Adult,CC2
24-246-360-247,Sylwia,Engels,46.0,Charlotte,United_States,Sylwia.Engels@email.com,Sylwia.Engels@corp.com,1.0,Adult,CC2
15-155-823-585,Ludmila,Jasper,37.0,Oslo,Norway,Ludmila.Jasper@email.com,,1.0,Adult,CC3
37-372-896-571,Christina,Heilmann,16.0,Poznan,Poland,Christina.Heilmann@email.com,,1.0,Adolescent,CC2
76-760-209-584,Jens ,Janßen,36.0,Barcelona,Spain,Jens .Janßen@email.com,,1.0,Adult,CC3
18-185-261-764,Pascale,Kögler,33.0,Antwerpen,Belgium,Pascale.Kögler@email.com,,1.0,Adult,CC3
35-355-806-732,Helmut,Esser,24.0,Zagreb,Croatia,Helmut .Esser@email.com,,0.0,Adult,CC1
43-433-409-916,Karl-Hermann ,Kluge,32.0,Las Palmas de Gran Canaria,Spain,Karl-Hermann .Kluge@email.com,,1.0,Adult,CC3
87-871-596-571,Carl-Heinz,Helmer,39.0,Dortmund,Germany,Carl-Heinz .Helmer@email.com,,0.0,Adult,CC1
54-546-450-697,Christa,Distler,18.0,Essen,Germany,Christa.Distler@email.com,,1.0,Adult,CC3
46-467-992-303,Gunhild,Knecht,33.86,Louisville/Jefferson County,United_States,Gunhild.Knecht@email.com,Gunhild.Knecht@corp.com,1.0,Adult,CC1
79-791-865-182,Mark,Brede,49.0,Turin,Italy,Mark .Brede@email.com,,1.0,Adult,CC3
25-250-129-102,Ilias,Ruck,52.0,New York,United_States,Ilias .Ruck@email.com,,1.0,Adult,CC1
76-762-772-378,Melita,Rohde,54.0,Seattle,United_States,Melita.Rohde@email.com,,0.0,Adult,CC3
59-595-890-601,Rolf ,Zuber,33.86,Dnipro,Ukraine,Rolf .Zuber@email.com,Rolf .Zuber@corp.com,0.0,Adult,CC1
11-116-240-794,Albina,Volk,33.0,Madrid,Spain,Albina.Volk@email.com,,1.0,Adult,CC1
40-403-933-404,Tania,Beermann,54.0,Murcia,Spain,Tania.Beermann@email.com,,1.0,Adult,CC1
21-214-889-557,Leni,Wolfrum,48.0,Wandsbek,Germany,Leni.Wolfrum@email.com,,1.0,Adult,CC3
37-370-753-852,Hiltrud,Prell,26.0,San Jose,United_States,Hiltrud.Prell@email.com,,0.0,Adult,CC1
96-965-934-359,Lorenzo,Ehrenberg,48.0,Luhansk,Ukraine,Lorenzo .Ehrenberg@email.com,,1.0,Adult,CC3
85-854-690-705,Sybille,Roß,31.0,Amsterdam,Netherlands,Sybille.Roß@email.com,,1.0,Adult,CC2
92-927-316-569,Else,Probst,40.0,Essen,Germany,Else.Probst@email.com,,1.0,Adult,CC1
51-511-689-675,Jens-Uwe ,Heiß,49.0,Amsterdam,Netherlands,Jens-Uwe .Heiß@email.com,,0.0,Adult,CC2
20-205-735-968,Istvan ,Meyer,20.0,Hamburg,Germany,Istvan .Meyer@email.com,,1.0,Adult,CC1
86-865-748-288,Karla,Kaya,38.0,Minsk,Belarus,Karla.Kaya@email.com,,1.0,Adult,CC3
35-355-692-123,Walli,Quade,35.0,Zaragoza,Spain,Walli.Quade@email.com,,0.0,Adult,CC3
28-284-532-799,Alessandro ,Wulf,50.0,Oklahoma City,United_States,Alessandro .Wulf@email.com,,0.0,Adult,CC3
11-114-385-215,Lars,Weniger,48.0,Oslo,Norway,Lars .Weniger@email.com,,0.0,Adult,CC3
72-724-821-398,Oskar ,Gellert,18.0,Houston,United_States,Oskar .Gellert@corp.com,Oskar .Gellert@corp.com,1.0,Adult,CC3
71-714-295-855,Robert ,Falk,23.0,Cardiff,United_Kingdom,Robert .Falk@email.com,,1.0,Adult,CC2
15-159-117-531,Birgid,Frenzel,42.0,El Paso,United_States,Birgid.Frenzel@email.com,,1.0,Adult,CC3
35-354-109-600,Gunhild,Ziemer,19.0,Cardiff,United_Kingdom,Gunhild.Ziemer@email.com,,1.0,Adult,CC1
50-506-340-868,Ludmila,Gröger,42.0,Nottingham,United_Kingdom,Ludmila.Gröger@email.com,,1.0,Adult,CC3
48-487-914-388,Jessika,Veith,69.0,Vilnius,Lithuania,Jessika.Veith@email.com,,1.0,Older Adult,CC2
98-988-118-655,Otfried,Knuth,47.0,Madrid,Spain,Otfried .Knuth@email.com,Otfried .Knuth@corp.com,0.0,Adult,CC2
76-762-638-224,Anica,Böckmann,16.0,Athens,Greece,Anica.Böckmann@email.com,,0.0,Adolescent,CC3
86-863-635-334,Constantin ,Germann,19.0,Zaporizhia,Ukraine,Constantin .Germann@email.com,,0.0,Adult,CC1
62-626-554-266,Etta,Börger,29.0,Budapest,Hungary,Etta.Börger@email.com,,0.0,Adult,CC2
13-131-266-898,Tilo,Hellmann,28.0,New York,United_States,Tilo .Hellmann@email.com,,1.0,Adult,CC3
78-789-357-400,Willibald,Leipold,52.0,London,United_Kingdom,Willibald .Leipold@email.com,,0.0,Adult,CC3
87-876-759-236,Senta,Hänsel,35.0,Valencia,Spain,Senta.Hänsel@corp.com,Senta.Hänsel@corp.com,1.0,Adult,CC3
87-878-107-194,Valentine,Fath,52.0,Makiyivka,Ukraine,Valentine.Fath@email.com,,1.0,Adult,CC3
94-947-192-214,Annelene,Steinhoff,45.0,Makiyivka,Ukraine,Annelene.Steinhoff@email.com,,0.0,Adult,CC1
51-514-652-710,Hubertine,Engl,40.0,Las Vegas,United_States,Hubertine.Engl@email.com,,0.0,Adult,CC3
24-243-945-941,Hinrich,Radloff,34.0,Mykolayiv,Ukraine,Hinrich .Radloff@email.com,,0.0,Adult,CC1
12-128-959-995,Gerwin,Hampe,33.86,Bremen,Germany,Gerwin .Hampe@email.com,,1.0,Adult,CC1
80-801-437-562,Desiree,Krumm,40.0,London,United_Kingdom,Desiree.Krumm@email.com,,1.0,Adult,CC3
43-431-873-385,Sandra,Bausch,44.0,Lviv,Ukraine,Sandra.Bausch@email.com,,1.0,Adult,CC2
55-559-721-473,Folker ,Gölz,36.0,The Hague,Netherlands,Folker .Gölz@corp.com,Folker .Gölz@corp.com,1.0,Adult,CC2
85-854-194-963,Marie-Louise,Kettler,25.0,London,United_Kingdom,Marie-Louise.Kettler@email.com,,0.0,Adult,CC1
62-622-610-675,Swen,Emde,39.0,Sarajevo,Bosnia_and_Herzegovina,Swen .Emde@email.com,,0.0,Adult,CC2
11-115-904-662,Ingo,Frings,25.0,Turin,Italy,Ingo.Frings@email.com,,0.0,Adult,CC1
94-949-288-806,Heiner,Jentzsch,33.0,Rotterdam,Netherlands,Heiner .Jentzsch@email.com,,0.0,Adult,CC3
58-584-244-531,Folker,Bracht,33.0,Essen,Germany,Folker .Bracht@email.com,,0.0,Adult,CC2
57-570-679-843,Klaus-Jürgen ,Schaar,31.0,Columbus,United_States,Klaus-Jürgen .Schaar@email.com,,0.0,Adult,CC3
15-153-874-397,Florian,Heitz,51.0,Turin,Italy,Florian.Heitz@email.com,,1.0,Adult,CC1
71-714-127-514,Rosl,Burkhart,25.0,San Antonio,United_States,Rosl.Burkhart@email.com,,0.0,Adult,CC3
65-658-249-645,Anna-Marie,Hermann,33.0,Palermo,Italy,Anna-Marie.Hermann@email.com,,0.0,Adult,CC2
63-631-132-676,Serpil,Eitel,42.0,Denver,United_States,Serpil.Eitel@email.com,,0.0,Adult,CC3
33-336-170-194,Hans,Escher,19.0,Gomel,Belarus,Hans.Escher@email.com,,0.0,Adult,CC2
72-720-743-620,Albert,Wittig,31.0,Las Vegas,United_States,Albert .Wittig@email.com,,1.0,Adult,CC2
63-630-426-505,Alexandra,Mattes,59.0,Dublin,Ireland,Alexandra.Mattes@email.com,,1.0,Adult,CC1
22-222-175-878,Severin ,Lipp,67.0,San Diego,United_States,Severin .Lipp@email.com,,1.0,Older Adult,CC3
23-236-686-200,Dariusz ,Dieterle,32.0,Khmelnytskyi,Ukraine,Dariusz .Dieterle@email.com,,1.0,Adult,CC3
27-277-419-106,Falk ,Kießling,19.0,London,United_Kingdom,Falk .Kießling@email.com,Falk .Kießling@corp.com,1.0,Adult,CC1
52-525-639-181,Siegmar ,Gerlach,29.0,Charlotte,United_States,Siegmar .Gerlach@email.com,,1.0,Adult,CC3
42-424-925-283,Isabell,Schulten,42.0,Rotterdam,Netherlands,Isabell.Schulten@email.com,,0.0,Adult,CC2
92-925-850-783,Heinz-Günter,Jäger,35.0,Rotterdam,Netherlands,Heinz-Günter .Jäger@corp.com,Heinz-Günter .Jäger@corp.com,1.0,Adult,CC3
54-548-495-870,Margarethe,Dettmann,39.0,Makiyivka,Ukraine,Margarethe.Dettmann@email.com,,1.0,Adult,CC2
46-468-238-848,Irmi,Klug,26.0,Munich,Germany,Irmi.Klug@email.com,,1.0,Adult,CC2
19-194-523-607,Agatha,Linz,37.0,Lyon,France,Agatha.Linz@email.com,,0.0,Adult,CC1
45-450-975-777,Sigrid,Tausch,50.0,Skopje,North_Macedonia,Sigrid.Tausch@corp.com,Sigrid.Tausch@corp.com,1.0,Adult,CC2
20-209-613-938,Hildegunde,Hähnel,21.0,Barcelona,Spain,Hildegunde.Hähnel@email.com,,1.0,Adult,CC3
63-638-228-437,Erdmute,Schroth,42.0,Nottingham,Unitde_Kingdom,Erdmute.Schroth@email.com,,0.0,Adult,CC2
47-472-841-851,Hans-Günter,Zwick,33.0,Khmelnytskyi,Ukraine,Hans-Günter .Zwick@email.com,,0.0,Adult,CC1
42-426-243-573,Julius,Kunzmann,16.0,Sevilla,Spain,Julius .Kunzmann@email.com,,0.0,Adolescent,CC3
44-441-861-819,Danilo,Becht,51.0,Philadelphia,United_States,Danilo .Becht@email.com,,0.0,Adult,CC2
82-829-381-257,Victoria,Ecker,66.0,Lyon,France,Victoria.Ecker@corp.com,Victoria.Ecker@corp.com,1.0,Older Adult,CC3
19-198-822-957,Annie,Greulich,27.0,Nottingham,United_Kingdom,Annie.Greulich@email.com,,1.0,Adult,CC3
81-812-371-358,Cilli,Petri,28.0,Amsterdam,Netherlands,Cilli.Petri@email.com,,0.0,Adult,CC3
78-783-675-193,Magret,Repp,20.0,Szczecin,Poland,Magret.Repp@email.com,,0.0,Adult,CC1
23-239-368-772,Gunda,Appel,37.0,Berlin,Germany,Gunda.Appel@email.com,,0.0,Adult,CC3
11-117-385-698,Ortwin ,Egner,20.0,Nottingham,United_Kingdom,Ortwin .Egner@email.com,,1.0,Adult,CC3
46-467-992-345,Margrit,Kahlert,52.0,Seattle,United_States,Margrit.Kahlert@email.com,,0.0,Adult,CC2
68-689-229-130,Svenja,Rödel,48.0,Glasgow,United_Kingdom,Svenja.Rödel@email.com,,0.0,Adult,CC3
37-374-727-914,Bertold,Heller,56.0,Rotterdam,Netherlands,Bertold .Heller@email.com,,1.0,Adult,CC1
55-552-666-503,Margarethe,Böhnke,48.0,Dortmund,Germany,Margarethe.Böhnke@corp.com,Margarethe.Böhnke@corp.com,1.0,Adult,CC1
14-141-560-304,Hans-Friedrich,Ulmer,30.0,Glasgow,United_Kingdom,Hans-Friedrich .Ulmer@corp.com,Hans-Friedrich .Ulmer@corp.com,1.0,Adult,CC1
87-872-811-267,Gretel,Bollmann,18.0,Bristol,United_Kingdom,Gretel.Bollmann@email.com,,1.0,Adult,CC3
75-754-162-156,Anke,Nehls,44.0,Essen,Germany,Anke.Nehls@email.com,,1.0,Adult,CC1
86-866-580-642,Hannchen,Martini,68.0,Zaragoza,Spain,Hannchen.Martini@email.com,,1.0,Older Adult,CC1
39-394-870-180,Petra,Dietze,30.0,Columbus,United_States,Petra.Dietze@email.com,,0.0,Adult,CC2
88-887-810-724,Dennis,Feist,53.0,Zaragoza,Spain,Dennis.Feist@email.com,,1.0,Adult,CC2
43-432-560-789,Marieluise,Uhlig,68.0,Szczecin,Poland,Marieluise.Uhlig@email.com,,1.0,Older Adult,CC1
63-633-627-795,Genoveva,Scheu,18.0,Nashville-Davidson,United_States,Genoveva.Scheu@email.com,,1.0,Adult,CC1
37-370-580-177,Michaela,Schultz,21.0,Szczecin,Poland,Michaela.Schultz@email.com,,0.0,Adult,CC2
47-472-711-899,Ansgar ,Kania,26.0,Essen,Germany,Ansgar .Kania@email.com,,0.0,Adult,CC3
15-154-588-159,Pirmin,Scholten,50.0,Chisinau,Moldova,Pirmin .Scholten@email.com,,1.0,Adult,CC2
43-434-299-495,Kuno,Schroeder,48.0,Valencia,Spain,Kuno .Schroeder@email.com,,0.0,Adult,CC3
28-284-312-212,Heinz-Werner ,Walz,33.86,Sevilla,Spain,Heinz-Werner .Walz@email.com,,0.0,Adult,CC3
51-516-113-711,Liane,Stadler,38.0,Amsterdam,Netherlands,Liane.Stadler@email.com,,1.0,Adult,CC2
99-992-790-132,Hans-Michael,Klinke,26.0,Goeteborg,Sweden,Hans-Michael .Klinke@email.com,,1.0,Adult,CC2
63-633-265-334,Maria,Ehrich,57.0,Khmelnytskyi,Ukraine,Maria.Ehrich@email.com,,0.0,Adult,CC1
33-338-332-116,Aldo,Georg,25.0,Jacksonville,United_States,Aldo .Georg@email.com,,1.0,Adult,CC1
17-173-114-375,Fridolin,Zimmermann,41.0,Chicago,United_States,Fridolin .Zimmermann@email.com,,0.0,Adult,CC2
46-461-791-208,Diether,Miller,31.0,Edinburgh,United_Kingdom,Diether .Miller@email.com,,1.0,Adult,CC3
69-699-363-626,Karl-Heinrich,Harrer,29.0,San Jose,United_States,Karl-Heinrich .Harrer@email.com,,0.0,Adult,CC2
10-105-874-163,Wera,Goerke,30.0,Bristol,United_Kingdom,Wera.Goerke@email.com,,1.0,Adult,CC3
90-903-349-500,Trudi,Metz,20.0,Helsinki,Finland,Trudi.Metz@email.com,,0.0,Adult,CC3
25-259-537-745,Inna,Bergner,31.0,Prague,Czech_Republic,Inna.Bergner@email.com,Inna.Bergner@corp.com,0.0,Adult,CC3
91-917-732-966,Ulla,Kruse,30.0,Amsterdam,Netherlands,Ulla.Kruse@email.com,,1.0,Adult,CC1
82-822-637-433,Hellmut ,Escher,45.0,Manchester,United_Kingdom,Hellmut .Escher@email.com,,1.0,Adult,CC1
18-183-633-460,Marko,Behrend,25.0,Gdansk,Poland,Marko.Behrend@email.com,,1.0,Adult,CC2
93-939-877-386,Walther,Janz,30.0,Goeteborg,Sweden,Walther .Janz@corp.com,Walther .Janz@corp.com,1.0,Adult,CC3
61-613-826-256,Kira,Witte,68.0,Essen,Germany,Kira.Witte@email.com,,1.0,Older Adult,CC3
38-384-794-847,Rafael,Joos,29.0,Kyiv,Ukraine,Rafael .Joos@email.com,Rafael .Joos@corp.com,0.0,Adult,CC2
95-959-165-406,Rita,Tischler,20.0,Genoa,Italy,Rita.Tischler@email.com,,1.0,Adult,CC1
24-248-294-661,Hans-Friedrich,Püschel,24.0,Leicester,United_Kingdom,Hans-Friedrich .Püschel@email.com,,0.0,Adult,CC2
88-880-757-219,Marcel,Wortmann,39.0,Mariupol,Ukraine,Marcel .Wortmann@email.com,,0.0,Adult,CC1
66-663-918-371,Alf ,Schrage,20.0,Bucharest,Romania,Alf .Schrage@email.com,,1.0,Adult,CC1
79-792-511-657,Anke,Volkmer,44.0,Fort Worth,United_States,Anke.Volkmer@email.com,,0.0,Adult,CC2
99-993-942-234,Marina,Wanke,46.0,Kryvyi Rih,Ukraine,Marina.Wanke@email.com,,0.0,Adult,CC3
72-729-638-647,Rabea,Singer,15.0,Helsinki,Finland,Rabea.Singer@email.com,,0.0,Adolescent,CC2
21-219-400-661,Irmi,Boll,42.0,Columbus,United_States,Irmi.Boll@email.com,,1.0,Adult,CC2
53-532-339-387,Bert ,Schiffmann,41.0,Skopje,North_Macedonia,Bert .Schiffmann@email.com,,1.0,Adult,CC1
51-518-810-551,Michel,Tauber,18.0,Phoenix,United_States,Michel .Tauber@email.com,,1.0,Adult,CC1
30-306-937-705,Wiltrud,Schwan,32.0,London,United_Kingdom,Wiltrud.Schwan@email.com,,0.0,Adult,CC2
56-563-593-336,Gerhart ,Junghans,33.0,Dallas,United_States,Gerhart .Junghans@email.com,,1.0,Adult,CC3
71-711-557-879,Herbert,Vogelsang,25.0,Oklahoma City,United_States,Herbert .Vogelsang@email.com,,0.0,Adult,CC2
92-924-966-558,Diane,Janson,32.0,Berlin,Germany,Diane.Janson@email.com,Diane.Janson@corp.com,0.0,Adult,CC2
79-790-945-126,Gloria,Haake,55.0,Mariupol,Ukraine,Gloria.Haake@email.com,,0.0,Adult,CC3
57-573-559-719,Patrizia,Stoffel,20.0,Las Palmas de Gran Canaria,Spain,Patrizia.Stoffel@email.com,,0.0,Adult,CC3
77-778-758-262,Henriette,Haberl,50.0,Valencia,Spain,Henriette.Haberl@email.com,,0.0,Adult,CC3
73-731-264-771,Beatrix,Huck,36.0,New York,United_States,Beatrix.Huck@email.com,,1.0,Adult,CC1
82-822-656-418,Laszlo,Just,15.0,Las Palmas de Gran Canaria,Spain,Laszlo .Just@email.com,,0.0,Adolescent,CC1
63-639-394-152,Rolf ,Linde,22.0,Stuttgart,Germany,Rolf .Linde@email.com,,0.0,Adult,CC3
69-694-979-487,Cindy,Demmer,24.0,Phoenix,United_States,Cindy.Demmer@email.com,,1.0,Adult,CC1
78-780-586-561,Klaus-Ulrich ,Hepp,43.0,Lyon,France,Klaus-Ulrich .Hepp@email.com,,1.0,Adult,CC1
69-693-642-932,Meinhard,Kugler,42.0,Hamburg,Germany,Meinhard .Kugler@email.com,Meinhard .Kugler@corp.com,0.0,Adult,CC1
73-737-388-297,Britta,Schlicht,36.0,Charlotte,United_States,Britta.Schlicht@corp.com,Britta.Schlicht@corp.com,0.0,Adult,CC3
19-190-634-385,Dariusz ,Schwarz,22.0,Kryvyi Rih,Ukraine,Dariusz .Schwarz@corp.com,Dariusz .Schwarz@corp.com,1.0,Adult,CC1
50-500-533-412,Donata,Gräber,28.0,Oslo,Norway,Donata.Gräber@email.com,,1.0,Adult,CC1
78-783-791-419,Vitali,Schirmer,38.0,London,United_Kingdom,Vitali .Schirmer@email.com,,0.0,Adult,CC1
18-189-597-372,Gülay,Heil,52.0,Las Palmas de Gran Canaria,Spain,Gülay.Heil@corp.com,Gülay.Heil@corp.com,1.0,Adult,CC2
51-517-516-466,Tamara,Uhrig,58.0,Tallinn,Estonia,Tamara.Uhrig@email.com,,0.0,Adult,CC3
42-423-625-144,Irina,Siegl,35.0,Munich,Germany,Irina.Siegl@corp.com,Irina.Siegl@corp.com,1.0,Adult,CC1
92-920-832-382,Friedhilde,Marschall,24.0,Louisville/Jefferson County,United_States,Friedhilde.Marschall@email.com,,1.0,Adult,CC2
10-101-946-920,Natalja,Elsner,23.0,Vilnius,Lithuania,Natalja.Elsner@email.com,,1.0,Adult,CC2
33-331-261-198,Ronald,Rösner,56.0,Phoenix,United_States,Ronald .Rösner@email.com,,0.0,Adult,CC3
14-149-247-973,Heide-Marie,Schüller,46.0,Palermo,Italy,Heide-Marie.Schüller@email.com,,0.0,Adult,CC2
57-574-658-105,Anja,Bluhm,21.0,San Francisco,United_States,Anja.Bluhm@email.com,,1.0,Adult,CC2
74-748-422-220,Michaela,Kötter,24.0,Barcelona,Spain,Michaela.Kötter@email.com,,1.0,Adult,CC3
48-485-682-856,Thomas,Kromer,27.0,Genoa,Iatly,Thomas .Kromer@email.com,,0.0,Adult,CC2
33-338-292-960,Karl-Jürgen,Arslan,49.0,Leicester,United_Kingdom,Karl-Jürgen .Arslan@corp.com,Karl-Jürgen .Arslan@corp.com,1.0,Adult,CC2
43-435-460-564,Claudia,Häußler,21.0,Houston,United_States,Claudia.Häußler@email.com,Claudia.Häußler@corp.com,0.0,Adult,CC3
21-211-914-712,Hans-Albert,Zinn,50.0,Rotterdam,Netherlands,Hans-Albert .Zinn@email.com,,1.0,Adult,CC2
95-953-876-174,Hans-Herbert,Böhm,35.0,Tallinn,Estonia,Hans-Herbert .Böhm@email.com,,1.0,Adult,CC3
79-798-507-129,Isidor ,Albrecht,25.0,Khmelnytskyi,Ukraine,Isidor .Albrecht@email.com,,1.0,Adult,CC1
89-891-411-290,Eckhard,Schümann,22.0,Luhansk,Ukraine,Eckhard .Schümann@email.com,,1.0,Adult,CC1
26-267-183-233,Laila,Figge,34.0,Houston,United_States,Laila.Figge@email.com,,1.0,Adult,CC3
68-681-518-906,Norbert ,Leibold,48.0,Stuttgart,Germany,Norbert .Leibold@email.com,,0.0,Adult,CC2
79-795-409-966,Karin,Wilken,15.0,Bucharest,Romania,Karin.Wilken@email.com,,0.0,Adolescent,CC1
22-228-967-696,Carmela,Eckl,22.0,Jacksonville,United_States,Carmela.Eckl@email.com,,0.0,Adult,CC1
33-334-391-315,Annita,Gebert,39.0,Madrid,Spain,Annita.Gebert@email.com,,1.0,Adult,CC3
70-702-640-943,Eugenia,Strecker,64.0,San Jose,United_States,Eugenia.Strecker@email.com,,1.0,Adult,CC2
31-310-906-349,Gerda,Reinhardt,21.0,Vienna,Austria,Gerda.Reinhardt@email.com,,0.0,Adult,CC3
82-821-235-997,Diana,Harder,33.0,Manchester,United_Kingdom,Diana.Harder@email.com,,1.0,Adult,CC1
20-207-222-594,Baerbel,Raab,29.0,Liverpool,United_Kingdom,Baerbel.Raab@email.com,,1.0,Adult,CC2
70-700-258-600,Kati,Blankenburg,69.0,Lodz,Poland,Kati.Blankenburg@email.com,,1.0,Older Adult,CC1
46-467-403-258,Christof,Schlichting,45.0,Sheffield,United_Kingdom,Christof .Schlichting@email.com,,1.0,Adult,CC2
49-491-872-225,Carla,Deutschmann,68.0,Toulouse,France,Carla.Deutschmann@email.com,,1.0,Older Adult,CC1
50-501-160-548,Wilhelmine,Alles,21.0,Seattle,United_States,Wilhelmine.Alles@email.com,,1.0,Adult,CC3
88-886-442-236,Sophie,Holler,33.0,Leipzig,Germany,Sophie.Holler@email.com,,0.0,Adult,CC1
49-495-507-542,Ahmet,Schlesinger,32.0,Leipzig,Germany,Ahmet .Schlesinger@email.com,,0.0,Adult,CC1
79-796-784-222,Mario,Naumann,52.0,Warsaw,Poland,Mario.Naumann@email.com,,0.0,Adult,CC2
79-797-113-384,Henriette,Stumpe,24.0,Rotterdam,Netherlands,Henriette.Stumpe@email.com,,1.0,Adult,CC2
39-397-713-297,Klemens,Steger,30.0,Phoenix,United_States,Klemens .Steger@email.com,,1.0,Adult,CC3
75-758-936-159,Hilda,Baur,33.0,Dnipro,Ukraine,Hilda.Baur@email.com,,0.0,Adult,CC3
64-645-771-570,Stephan,Nolte,34.0,Washington,United_States,Stephan.Nolte@email.com,,1.0,Adult,CC3
24-240-117-278,Christof,Rotter,24.0,Valencia,Spain,Christof .Rotter@corp.com,Christof .Rotter@corp.com,1.0,Adult,CC1
74-741-408-113,Johannes,Jonas,39.0,London,United_Kingdom,Johannes.Jonas@email.com,,0.0,Adult,CC3
85-851-959-985,Hubertus,Karg,49.0,Leipzig,Germany,Hubertus .Karg@email.com,,1.0,Adult,CC1
45-453-818-958,Elena,Seiffert,29.0,Barcelona,Spain,Elena.Seiffert@email.com,,0.0,Adult,CC3
33-337-834-834,Baptist,Pawlik,21.0,Minsk,Belarus,Baptist .Pawlik@email.com,,1.0,Adult,CC2
87-879-363-936,Zoran,Klassen,41.0,Hannover,Germany,Zoran .Klassen@email.com,,1.0,Adult,CC1
93-933-733-347,Burghard,Niermann,43.0,Glasgow,United_Kingdom,Burghard .Niermann@email.com,,1.0,Adult,CC2
66-661-868-845,Wieland ,Schreier,35.0,Lisbon,Portugal,Wieland .Schreier@email.com,,1.0,Adult,CC2
19-191-289-471,Klaus,Blau,40.0,Oklahoma City,United_States,Klaus .Blau@email.com,,0.0,Adult,CC1
65-650-822-946,Regina,Severin,56.0,Bochum,Germany,Regina.Severin@email.com,,1.0,Adult,CC3
31-314-112-683,Henning,Kutzner,30.0,Bochum,Germany,Henning .Kutzner@email.com,,0.0,Adult,CC2
51-512-953-640,Sandro,Holstein,63.0,Nashville-Davidson,United_States,Sandro .Holstein@email.com,,1.0,Adult,CC2
84-845-141-142,Otfried,Hinrichs,33.86,Palermo,Italy,Otfried .Hinrichs@email.com,,0.0,Adult,CC1
16-160-351-620,Achim ,Dohrmann,36.0,Los Angeles,United_States,Achim .Dohrmann@email.com,,0.0,Adult,CC2
23-232-227-339,Leokadia,Henrichs,24.0,Las Palmas de Gran Canaria,Spain,Leokadia.Henrichs@email.com,,0.0,Adult,CC2
10-108-934-481,Dittmar,Schellenberg,18.0,Berlin,Germany,Dittmar .Schellenberg@email.com,Dittmar .Schellenberg@corp.com,1.0,Adult,CC1
17-175-433-119,Christiane,Mäder,22.0,Dnipro,Ukraine,Christiane.Mäder@email.com,,0.0,Adult,CC2
72-724-711-255,Arnold,Scheel,17.0,Barcelona,Spain,Arnold .Scheel@email.com,,1.0,Adolescent,CC2
83-830-429-290,Beate,Schepers,16.0,New York,United_States,Beate.Schepers@email.com,,1.0,Adolescent,CC2
20-207-989-938,Edmund,Gräber,27.0,Chisinau,Moldova,Edmund .Gräber@corp.com,Edmund .Gräber@corp.com,0.0,Adult,CC1
84-840-982-624,Hans-Dietrich ,Dogan,50.0,Duesseldorf,Germany,Hans-Dietrich .Dogan@email.com,,1.0,Adult,CC2
95-957-596-100,Georg ,Zauner,36.0,Vilnius,Lithuania,Georg .Zauner@email.com,,0.0,Adult,CC3
46-462-338-746,Björn ,Wohlgemuth,47.0,Belgrade,Serbia,Björn .Wohlgemuth@email.com,,0.0,Adult,CC1
68-685-525-800,Pius,Walch,39.0,Baltimore,United_States,Pius .Walch@email.com,Pius .Walch@corp.com,0.0,Adult,CC2
38-383-562-510,Lotti,Friedel,35.0,Detroit,United_States,Lotti.Friedel@email.com,,0.0,Adult,CC2
38-387-987-898,Curt,Kerner,39.0,Amsterdam,Netherlands,Curt .Kerner@corp.com,Curt .Kerner@corp.com,1.0,Adult,CC1
21-215-258-894,Isabelle,Rohloff,25.0,Toulouse,Franec,Isabelle.Rohloff@email.com,,1.0,Adult,CC2
34-340-984-953,Bärbel,Scheffler,43.0,Stockholm,Sweden,Bärbel.Scheffler@email.com,,1.0,Adult,CC1
39-392-747-876,Brian,Funke,52.0,Genoa,Iatly,Brian .Funke@email.com,Brian .Funke@corp.com,0.0,Adult,CC1
65-656-381-807,Domenico,Süß,28.0,Bratislava,Slovakia,Domenico .Süß@email.com,,1.0,Adult,CC3
93-933-615-942,Erna,Hammes,17.0,Duisburg,Germany,Erna.Hammes@email.com,,0.0,Adolescent,CC3
59-593-369-873,Hilde,Hilpert,60.0,Leicester,United_Kingdom,Hilde.Hilpert@email.com,,0.0,Adult,CC2
77-779-797-279,Nicolaus,Kurth,26.0,Sofia,Bulgaria,Nicolaus .Kurth@email.com,,1.0,Adult,CC1
43-438-409-472,Beate,Carl,52.0,Charlotte,United_States,Beate.Carl@email.com,,1.0,Adult,CC1
81-816-884-275,Ehrenfried,Schwan,25.0,Zaporizhia,Ukraine,Ehrenfried .Schwan@email.com,,0.0,Adult,CC2
39-396-361-459,Helena,Kehrer,59.0,Minsk,Belarus,Helena.Kehrer@email.com,,1.0,Adult,CC1
78-784-925-213,Justine,Grätz,38.0,Manchester,United_Kingdom,Justine.Grätz@email.com,,0.0,Adult,CC1
43-438-468-545,Otto,Bartels,60.0,Baltimore,United_States,Otto .Bartels@email.com,,0.0,Adult,CC3
11-119-681-875,Hedy,Linz,18.0,Dortmund,Germany,Hedy.Linz@email.com,,1.0,Adult,CC3
97-978-337-164,Cosima,Brandl,34.0,Oslo,Norway,Cosima.Brandl@email.com,,1.0,Adult,CC3
45-450-458-594,Dirk,Warnke,63.0,Warsaw,Poland,Dirk.Warnke@email.com,,0.0,Adult,CC2
14-143-325-755,Patric ,Asmus,28.0,Athens,Greece,Patric .Asmus@email.com,,1.0,Adult,CC3
50-506-395-510,Vesna,Schenkel,40.0,Manchester,United_Kingdom,Vesna.Schenkel@email.com,Vesna.Schenkel@corp.com,0.0,Adult,CC1
11-110-937-482,Rigo,Kuntze,50.0,Warsaw,Poland,Rigo .Kuntze@email.com,,0.0,Adult,CC2
38-380-406-912,Gerhard,Prause,25.0,Sector 3,Romania,Gerhard .Prause@email.com,,1.0,Adult,CC2
56-567-275-365,Henny,Schuchardt,49.0,Stockholm,Sweden,Henny.Schuchardt@email.com,,1.0,Adult,CC2
72-721-761-678,Nico,Grosch,39.0,Krakow,Poland,Nico .Grosch@email.com,,1.0,Adult,CC2
99-990-684-255,Matthäus ,Ruff,48.0,Baltimore,United_States,Matthäus .Ruff@email.com,,1.0,Adult,CC2
29-294-945-187,Traute,Gehlen,34.0,Washington,United_States,Traute.Gehlen@email.com,,1.0,Adult,CC2
80-802-189-358,Delia,Zech,23.0,Valencia,Spain,Delia.Zech@email.com,,0.0,Adult,CC3
63-639-767-132,Silvana,Rogge,52.0,Phoenix,United_States,Silvana.Rogge@email.com,,1.0,Adult,CC2
54-541-729-868,Thea,Kreß,42.0,Austin,United_States,Thea.Kreß@corp.com,Thea.Kreß@corp.com,1.0,Adult,CC2
69-697-546-630,Lisette,Kastner,48.0,Brussels,Belgium,Lisette.Kastner@email.com,,0.0,Adult,CC2
78-780-340-225,Karl-Heinrich,Knoch,28.0,Nottingham,Unitde_Kingdom,Karl-Heinrich .Knoch@email.com,,0.0,Adult,CC1
47-479-461-948,Ilona,Kober,34.0,Genoa,Italy,Ilona.Kober@email.com,,1.0,Adult,CC3
87-879-750-855,Malte ,Kaul,27.0,Manchester,United_Kingdom,Malte .Kaul@email.com,,1.0,Adult,CC1
97-975-673-143,Luzie,Brennecke,50.0,Bucharest,Romania,Luzie.Brennecke@email.com,,1.0,Adult,CC2
85-859-448-511,Sami,Zimmerer,37.0,Kharkiv,Ukraine,Sami .Zimmerer@email.com,,1.0,Adult,CC3
79-793-494-858,Nuray,Glück,35.0,Nuernberg,Germany,Nuray.Glück@email.com,,1.0,Adult,CC3
48-484-600-370,Ester,Leicht,66.0,Gdansk,Poland,Ester.Leicht@email.com,,0.0,Older Adult,CC3
86-868-219-147,Heinz-Josef,Ostermeier,29.0,Denver,United_States,Heinz-Josef .Ostermeier@email.com,,1.0,Adult,CC1
87-872-665-833,Caren,Gaiser,64.0,Denver,United_States,Caren.Gaiser@email.com,,0.0,Adult,CC1
63-639-713-405,Sabina,Eibl,51.0,Zaporizhia,Ukraine,Sabina.Eibl@email.com,,0.0,Adult,CC3
46-469-595-866,Freddy,Riehl,28.0,Koeln,Germany,Freddy .Riehl@email.com,,1.0,Adult,CC2
37-378-880-105,Walli,Arnold,40.0,Denver,United_States,Walli.Arnold@email.com,,0.0,Adult,CC2
25-257-944-536,Galina,Steigerwald,43.0,Fort Worth,United_States,Galina.Steigerwald@email.com,,1.0,Adult,CC2
39-399-282-714,Marlis,Franzen,57.0,Dnipro,Ukraine,Marlis.Franzen@email.com,,0.0,Adult,CC2
37-375-836-284,Alexandros ,Kleinschmidt,50.0,San Francisco,United_States,Alexandros .Kleinschmidt@email.com,,1.0,Adult,CC2
29-293-365-740,Peter,Knorr,31.0,Chisinau,Moldova,Peter .Knorr@email.com,,1.0,Adult,CC1
82-827-918-984,Heide-Marie,Eilers,52.0,Brussels,Belgium,Heide-Marie.Eilers@email.com,,0.0,Adult,CC2
82-824-867-693,Gerd,Siemers,28.0,Indianapolis,United_States,Gerd .Siemers@email.com,,0.0,Adult,CC1
32-321-926-216,Dorit,Kießling,65.0,Antwerpen,Belgium,Dorit.Kießling@email.com,,0.0,Adult,CC2
30-309-616-672,Mohammad ,Eckl,49.0,Copenhagen,Denmark,Mohammad .Eckl@email.com,,0.0,Adult,CC1
47-479-198-931,Walter,Riemer,22.0,Kryvyi Rih,Ukraine,Walter.Riemer@email.com,,0.0,Adult,CC3
89-897-810-792,Hans Peter,Matthias,42.0,Bochum,Germany,Hans Peter.Matthias@email.com,,0.0,Adult,CC1
75-751-945-482,Marga,Eifler,33.86,Bucharest,Romania,Marga.Eifler@email.com,,1.0,Adult,CC1
15-159-276-479,Hasan,Roeder,54.0,Jacksonville,United_States,Hasan .Roeder@email.com,,1.0,Adult,CC1
46-465-142-358,Randolf,Stemmler,15.0,Marseille,France,Randolf .Stemmler@email.com,,0.0,Adolescent,CC1
96-969-890-645,Wenzel ,Burkhart,33.86,Sevilla,Spain,Wenzel .Burkhart@email.com,,1.0,Adult,CC1
40-402-286-304,Birgid,Schwabe,41.0,Vienna,Austria,Birgid.Schwabe@email.com,,0.0,Adult,CC2
94-948-579-168,Dittmar ,Weidner,26.0,Minsk,Belarus,Dittmar .Weidner@email.com,,0.0,Adult,CC2
70-707-548-300,Eva-Marie,Wiemann,19.0,Bristol,United_Kingdom,Eva-Marie.Wiemann@email.com,,1.0,Adult,CC3
21-219-547-302,Hans-Günter ,Gräf,52.0,Odessa,Ukraine,Hans-Günter .Gräf@email.com,,1.0,Adult,CC3
47-471-507-958,Rico,Liedtke,39.0,Columbus,United_States,Rico .Liedtke@email.com,,0.0,Adult,CC3
57-577-942-895,Evelyne,Abel,29.0,Palermo,Italy,Evelyne.Abel@email.com,,0.0,Adult,CC1
79-794-507-117,Toni ,Görlich,30.0,Murcia,Spain,Toni .Görlich@email.com,,0.0,Adult,CC2
18-185-513-330,Dagmar,Diener,65.0,Washington,United_States,Dagmar.Diener@email.com,,1.0,Adult,CC2
56-561-977-702,Aysel,Winzer,55.0,Sofia,Bulgaria,Aysel.Winzer@email.com,,0.0,Adult,CC3
19-195-642-665,Ilja,Stoffel,63.0,Luhansk,Ukraine,Ilja .Stoffel@email.com,,0.0,Adult,CC1
37-371-894-572,Hilda,Staiger,30.0,Warsaw,Poland,Hilda.Staiger@email.com,,0.0,Adult,CC1
91-911-642-876,Bernadette,Lüth,63.0,Milan,Italy,Bernadette.Lüth@email.com,,1.0,Adult,CC2
89-890-919-278,Lidwina,Kasper,35.0,Baltimore,United_States,Lidwina.Kasper@corp.com,Lidwina.Kasper@corp.com,0.0,Adult,CC2
35-353-420-429,Hanife,Holzmann,41.0,Leipzig,Germany,Hanife.Holzmann@corp.com,Hanife.Holzmann@corp.com,1.0,Adult,CC1
47-478-529-614,Oliver,Kircher,45.0,Koeln,Germany,Oliver.Kircher@email.com,Oliver.Kircher@corp.com,0.0,Adult,CC2
84-847-828-518,Gertrud,Wiegand,34.0,Copenhagen,Denmark,Gertrud.Wiegand@email.com,,1.0,Adult,CC1
13-137-859-810,Liesa,Wurst,22.0,San Jose,United_States,Liesa.Wurst@email.com,,0.0,Adult,CC1
96-965-995-231,Bernhard,Rickert,41.0,Paris,France,Bernhard.Rickert@email.com,,0.0,Adult,CC3
25-257-773-944,Ehrhard,Böning,16.0,Budapest,Hungary,Ehrhard .Böning@email.com,,1.0,Adolescent,CC2
61-617-870-473,Gina,Höger,32.0,Bristol,United_Kingdom,Gina.Höger@email.com,,1.0,Adult,CC1
54-546-589-923,Rosalie,Jobst,26.0,San Diego,United_States,Rosalie.Jobst@email.com,,0.0,Adult,CC2
70-708-976-128,Angelo ,Bittner,30.0,Baltimore,United_States,Angelo .Bittner@email.com,,1.0,Adult,CC2
10-105-628-626,Lothar,Büchel,19.0,Dresden,Germany,Lothar.Büchel@email.com,,1.0,Adult,CC3
63-635-924-409,Mirco ,Hänsch,58.0,Frankfurt am Main,Germany,Mirco .Hänsch@email.com,,0.0,Adult,CC1
81-810-252-691,Paul ,Koppe,15.0,Lodz,Poland,Paul .Koppe@email.com,Paul .Koppe@corp.com,0.0,Adolescent,CC1
81-814-881-710,Heinz,Janz,43.0,Valencia,Spain,Heinz.Janz@email.com,,1.0,Adult,CC2
51-515-257-780,Romuald ,Wohlfarth,31.0,Columbus,United_States,Romuald .Wohlfarth@email.com,,0.0,Adult,CC2
36-365-579-814,Ricardo ,Henseler,33.0,Philadelphia,United_States,Ricardo .Henseler@email.com,,0.0,Adult,CC1
70-706-119-789,Semra,Manke,40.0,Las Palmas de Gran Canaria,Spain,Semra.Manke@email.com,,1.0,Adult,CC3
54-546-176-168,Helga,Sorg,27.0,Dresden,Germany,Helga.Sorg@email.com,,1.0,Adult,CC1
17-178-562-387,Marita,Schatz,47.0,Valencia,Spain,Marita.Schatz@email.com,,0.0,Adult,CC3
49-497-610-746,Carin,Eichhorn,29.0,Philadelphia,United_States,Carin.Eichhorn@email.com,,1.0,Adult,CC2
68-681-538-284,Pedro,Rasch,29.0,Zagreb,Croatia,Pedro .Rasch@email.com,,0.0,Adult,CC2
88-886-130-192,Wolfhard ,Fritz,51.0,Bochum,Germany,Wolfhard .Fritz@email.com,,1.0,Adult,CC2
98-980-696-125,Nuray,Arnold,34.0,Jacksonville,United_States,Nuray.Arnold@email.com,,0.0,Adult,CC1
50-508-671-207,Volkhard ,Linder,25.0,Goeteborg,Sweden,Volkhard .Linder@email.com,,0.0,Adult,CC1
91-912-141-345,Stefania,Freese,23.0,Gomel,Belarus,Stefania.Freese@email.com,,0.0,Adult,CC2
74-741-172-459,Andreas,Doll,28.0,Liverpool,United_Kingdom,Andreas.Doll@email.com,,0.0,Adult,CC2
36-369-987-270,Hansjürgen ,Yildiz,22.0,Tallinn,Estonia,Hansjürgen .Yildiz@email.com,,1.0,Adult,CC3
60-604-942-119,Ana,Strobl,63.0,Nottingham,United_Kingdom,Ana.Strobl@corp.com,Ana.Strobl@corp.com,1.0,Adult,CC2
67-677-453-642,Franziska,Mehl,29.0,Riga,Latvia,Franziska.Mehl@corp.com,Franziska.Mehl@corp.com,1.0,Adult,CC2
24-249-951-317,Adelbert,Aust,66.0,El Paso,United_States,Adelbert .Aust@email.com,,1.0,Older Adult,CC3
93-934-246-303,Gretchen,Knabe,22.0,Philadelphia,United_States,Gretchen.Knabe@email.com,,0.0,Adult,CC2
31-318-437-725,Jessika,Freudenberg,26.0,Bristol,United_Kingdom,Jessika.Freudenberg@email.com,,1.0,Adult,CC1
34-349-514-655,Thoralf ,Linnemann,24.0,Detroit,United_States,Thoralf .Linnemann@email.com,,1.0,Adult,CC1
15-156-573-742,Petra,Saur,50.0,Makiyivka,Ukraine,Petra.Saur@email.com,,1.0,Adult,CC1
64-645-187-923,Elsbeth,Bücker,44.0,Cardiff,United_Kingdom,Elsbeth.Bücker@email.com,,0.0,Adult,CC1
39-398-261-248,Paulina,Knoch,-5833.0,Frankfurt am Main,Germany,Paulina.Knoch@email.com,,0.0,Adolescent,CC2
80-808-252-632,Karl-August,Kipp,42.0,Sevilla,Spain,Karl-August .Kipp@email.com,,0.0,Adult,CC1
17-172-576-624,Aldo,Schuck,25.0,Naples,Italy,Aldo .Schuck@email.com,,1.0,Adult,CC1
29-299-799-805,Anneliese,Greulich,34.0,Leipzig,Germany,Anneliese.Greulich@email.com,,0.0,Adult,CC2
28-284-892-967,Tilo,Scheuer,49.0,Frankfurt am Main,Germany,Tilo .Scheuer@email.com,,0.0,Adult,CC3
16-161-793-897,Erdogan,Schröder,50.0,New York,United_States,Erdogan .Schröder@email.com,,0.0,Adult,CC1
69-696-954-600,Hilma,Steinberger,19.0,Las Vegas,United_States,Hilma.Steinberger@email.com,,1.0,Adult,CC2
73-736-545-144,Sigmar,Herzig,45.0,Boston,United_States,Sigmar .Herzig@email.com,,0.0,Adult,CC3
46-461-579-141,Stephen,Kreuzer,67.0,Boston,United_States,Stephen .Kreuzer@email.com,,0.0,Older Adult,CC2
65-656-872-262,Ahmet,Wolter,48.0,Poznan,Poland,Ahmet .Wolter@email.com,,1.0,Adult,CC1
28-280-676-610,Moritz ,Scholten,67.0,Boston,United_States,Moritz .Scholten@email.com,,1.0,Older Adult,CC1
55-558-131-869,Dorothea,Heer,19.0,Manchester,United_Kingdom,Dorothea.Heer@email.com,,0.0,Adult,CC1
73-733-855-953,Frank-Michael,Lehner,17.0,Skopje,North_Macedonia,Frank-Michael .Lehner@email.com,,1.0,Adolescent,CC3
36-368-101-260,Ottokar,Schwabe,25.0,Columbus,United_States,Ottokar .Schwabe@email.com,,0.0,Adult,CC3
36-363-885-607,Georg,Helms,53.0,Makiyivka,Ukraine,Georg.Helms@email.com,,0.0,Adult,CC3
26-269-970-664,Hermann Josef,Ritschel,42.0,Warsaw,Poland,Hermann Josef.Ritschel@email.com,,1.0,Adult,CC3
93-938-595-611,Dietmar ,Schöning,41.0,Fort Worth,United_States,Dietmar .Schöning@email.com,,1.0,Adult,CC1
65-655-284-970,Radmila,Kunkel,33.86,Memphis,United_States,Radmila.Kunkel@email.com,,0.0,Adult,CC3
95-953-993-970,William ,Kress,57.0,Dortmund,Germany,William .Kress@email.com,,1.0,Adult,CC3
62-629-899-215,Willibert,Kühne,17.0,Mykolayiv,Ukraine,Willibert .Kühne@email.com,,0.0,Adolescent,CC3
45-450-331-169,Lilo,Kreutz,17.0,Kyiv,Ukraine,Lilo.Kreutz@email.com,,1.0,Adolescent,CC3
30-303-374-202,Jan-Peter,Riegel,55.0,San Antonio,United_States,Jan-Peter .Riegel@email.com,,0.0,Adult,CC3
57-574-843-659,Geza,Ferber,45.0,Los Angeles,United_States,Geza.Ferber@email.com,,0.0,Adult,CC3
84-845-969-883,Burghard ,Edler,19.0,London,United_Kingdom,Burghard .Edler@email.com,,1.0,Adult,CC2
20-200-697-852,Norbert,Mahnke,52.0,Washington,United_States,Norbert.Mahnke@email.com,,1.0,Adult,CC2
40-407-126-588,Gerhard,Stender,36.0,Kryvyi Rih,Ukraine,Gerhard .Stender@email.com,,0.0,Adult,CC1
34-340-993-602,Manuela,Pietsch,45.0,Vienna,Austria,Manuela.Pietsch@email.com,,0.0,Adult,CC2
91-911-643-921,Heini,Fenske,39.0,Palma,Spain,Heini .Fenske@email.com,,1.0,Adult,CC1
45-455-488-697,Rosemarie,Böker,39.0,Nashville-Davidson,United_States,Rosemarie.Böker@email.com,Rosemarie.Böker@corp.com,1.0,Adult,CC1
22-226-891-673,Daniela,Stefan,52.0,Rome,Italy,Daniela.Stefan@email.com,,0.0,Adult,CC2
10-108-955-444,Xenia,Duda,23.0,Gdansk,Poland,Xenia.Duda@email.com,,1.0,Adult,CC3
10-102-771-807,Hanni,Schaffrath,26.0,Sheffield,United_Kingdom,Hanni .Schaffrath@email.com,,1.0,Adult,CC3
65-653-605-317,Sylvester ,Münch,21.0,Liverpool,United_Kingdom,Sylvester .Münch@email.com,,0.0,Adult,CC2
44-448-536-706,Hasso ,Störmer,46.0,Bremen,Germany,Hasso .Störmer@email.com,,1.0,Adult,CC2
70-700-350-493,Albin,Wolfram,42.0,Columbus,United_States,Albin .Wolfram@email.com,Albin .Wolfram@corp.com,1.0,Adult,CC2
52-524-149-514,Toni,Zabel,30.0,Odessa,Ukraine,Toni .Zabel@email.com,,1.0,Adult,CC3
26-261-413-770,Sieghard ,Karsten,36.0,Goeteborg,Sweden,Sieghard .Karsten@email.com,,0.0,Adult,CC2
83-832-195-684,Maria-Luise,Fritzsch,47.0,Leeds,United_Kingdom,Maria-Luise.Fritzsch@email.com,,0.0,Adult,CC2
11-119-963-528,Tanja,Nebel,59.0,San Diego,United_States,Tanja.Nebel@email.com,,1.0,Adult,CC1
70-709-371-935,Lene,März,32.0,Dublin,Ireland,Lene.März@email.com,,0.0,Adult,CC3
60-600-466-406,Manuela,Gabel,56.0,Nottingham,Unitde_Kingdom,Manuela.Gabel@email.com,,1.0,Adult,CC3
35-359-815-299,Dörte,Ostermann,25.0,Bristol,United_Kingdom,Dörte.Ostermann@email.com,,1.0,Adult,CC3
26-262-275-824,Susanna,Potthoff,43.0,San Diego,United_States,Susanna.Potthoff@email.com,,1.0,Adult,CC2
82-828-424-433,Gudrun,Ulbrich,32.0,Lodz,Poland,Gudrun.Ulbrich@email.com,Gudrun.Ulbrich@corp.com,0.0,Adult,CC1
39-397-649-523,Almut,Stoiber,24.0,Murcia,Spain,Almut.Stoiber@email.com,,1.0,Adult,CC3
16-162-835-906,Dietlind,Schaper,36.0,Hannover,Germany,Dietlind.Schaper@corp.com,Dietlind.Schaper@corp.com,1.0,Adult,CC2
30-307-292-519,Milka,Hassel,40.0,Genoa,Italy,Milka.Hassel@email.com,,0.0,Adult,CC1
62-621-124-275,Waltraud,Danner,28.0,Denver,United_States,Waltraud.Danner@email.com,,1.0,Adult,CC3
67-671-428-537,Julia,Reck,29.0,Birmingham,United_Kingdom,Julia.Reck@corp.com,Julia.Reck@corp.com,0.0,Adult,CC3
99-994-746-652,Rudi ,Bünger,22.0,Dnipro,Ukraine,Rudi .Bünger@email.com,,1.0,Adult,CC3
35-356-780-284,Gotthold ,Schick,49.0,Lyon,France,Gotthold .Schick@email.com,,0.0,Adult,CC1
91-918-585-449,Martin ,Hotz,54.0,Bremen,Germany,Martin .Hotz@email.com,,1.0,Adult,CC1
82-822-982-172,Fedor ,Gottschling,53.0,Sheffield,United_Kingdom,Fedor .Gottschling@email.com,,1.0,Adult,CC3
51-511-302-547,Slawomir,Naujoks,27.0,Wandsbek,Germany,Slawomir .Naujoks@email.com,,0.0,Adult,CC2
60-602-516-883,Tilmann,Keck,21.0,Fort Worth,United_States,Tilmann .Keck@corp.com,Tilmann .Keck@corp.com,1.0,Adult,CC1
72-724-347-698,Uli,Arend,35.0,Duesseldorf,Germany,Uli .Arend@email.com,,1.0,Adult,CC3
19-196-804-103,Karl-Jürgen ,Stehle,65.0,London,United_Kingdom,Karl-Jürgen .Stehle@email.com,,1.0,Adult,CC2
14-149-627-978,Hans-Wilhelm ,Sievers,22.0,Liverpool,United_Kingdom,Hans-Wilhelm .Sievers@email.com,,1.0,Adult,CC1
34-347-182-453,Karl-Hermann ,Möbius,28.0,Portland,United_States,Karl-Hermann .Möbius@email.com,,1.0,Adult,CC1
71-710-299-555,Rosmarie,Hoffmann,55.0,Brussels,Belgium,Rosmarie.Hoffmann@email.com,,0.0,Adult,CC2
39-398-376-883,Annedore,Rösler,33.0,San Antonio,United_States,Annedore.Rösler@email.com,,0.0,Adult,CC1
48-486-974-335,Walburga,Hermann,24.0,Wroclaw,Poland,Walburga.Hermann@email.com,,1.0,Adult,CC1
23-234-790-690,Arndt ,Klink,25.0,Gdansk,Poland,Arndt .Klink@email.com,,1.0,Adult,CC1
32-325-209-302,Elmar,Büchel,28.0,Madrid,Spain,Elmar .Büchel@email.com,,0.0,Adult,CC2
57-577-586-906,Rahel,Hegemann,33.0,Toulouse,France,Rahel.Hegemann@email.com,,0.0,Adult,CC1
26-268-921-497,Elke,Erdmann,18.0,Fort Worth,United_States,Elke.Erdmann@email.com,,1.0,Adult,CC2
15-155-171-505,Nadeschda,Steinmetz,69.0,Glasgow,United_Kingdom,Nadeschda.Steinmetz@email.com,,0.0,Older Adult,CC2
45-457-393-363,Albert ,Krug,31.0,El Paso,United_States,Albert .Krug@email.com,,0.0,Adult,CC3
46-463-371-677,Romuald ,Wittich,59.0,San Diego,United_States,Romuald .Wittich@email.com,,1.0,Adult,CC1
11-117-123-589,Judith,Günzel,26.0,Kyiv,Ukraine,Judith.Günzel@email.com,,1.0,Adult,CC1
68-686-781-987,Danielle,Lutter,36.0,San Francisco,United_States,Danielle.Lutter@email.com,Danielle.Lutter@corp.com,1.0,Adult,CC1
76-764-162-737,Mariele,Zieger,32.0,Essen,Germany,Mariele.Zieger@email.com,,0.0,Adult,CC2
36-368-948-379,Gesa,Haß,29.0,Helsinki,Finland,Gesa.Haß@email.com,,1.0,Adult,CC2
25-252-580-610,Ronald,Seidel,16.0,Tallinn,Estonia,Ronald .Seidel@email.com,,1.0,Adolescent,CC3
68-681-790-866,Franz,Hubert,33.0,Vilnius,Lithuania,Franz .Hubert@email.com,,0.0,Adult,CC3
24-248-222-492,Christiane,Schultes,37.0,Turin,Italy,Christiane.Schultes@email.com,,1.0,Adult,CC1
36-365-664-245,Vladimir ,Seibert,31.0,Dresden,Germany,Vladimir .Seibert@email.com,,1.0,Adult,CC2
16-169-223-410,Hilma,Titze,28.0,Lviv,Ukraine,Hilma.Titze@email.com,,0.0,Adult,CC1
22-227-882-950,Hans-Jörg ,Herold,50.0,Detroit,United_States,Hans-Jörg .Herold@email.com,,1.0,Adult,CC3
11-118-908-795,Alena,Hensel,31.0,Gdansk,Poland,Alena.Hensel@email.com,Alena.Hensel@corp.com,1.0,Adult,CC1
36-367-849-855,Geza,Weitz,57.0,Lisbon,Portugal,Geza.Weitz@email.com,,0.0,Adult,CC3
91-915-422-451,Gundi,Limbach,27.0,Columbus,United_States,Gundi.Limbach@email.com,,1.0,Adult,CC3
16-162-497-858,Nils,Schlemmer,32.0,Rome,Italy,Nils .Schlemmer@email.com,Nils .Schlemmer@corp.com,1.0,Adult,CC2
28-285-947-884,Bianca,Heyer,50.0,Genoa,Italy,Bianca.Heyer@email.com,,1.0,Adult,CC1
18-180-528-806,Magrit,Uhl,34.0,Naples,Italy,Magrit.Uhl@email.com,,0.0,Adult,CC3
64-647-301-927,Corina,Gerke,20.0,Gomel,Belarus,Corina.Gerke@email.com,,1.0,Adult,CC3
89-898-870-895,Ilse,Kreß,18.0,Bratislava,Slovakia,Ilse.Kreß@email.com,,1.0,Adult,CC2
68-680-881-299,Werner ,Wimmer,20.0,Los Angeles,United_States,Werner .Wimmer@corp.com,Werner .Wimmer@corp.com,0.0,Adult,CC1
58-580-370-256,Maren,Spindler,52.0,Tallinn,Estonia,Maren.Spindler@email.com,,1.0,Adult,CC2
69-693-673-291,Svea,Beutler,34.0,Donetsk,Ukraine,Svea.Beutler@email.com,,1.0,Adult,CC3
29-290-205-661,Philipp,Bartels,21.0,Jacksonville,United_States,Philipp .Bartels@email.com,,1.0,Adult,CC2
72-729-938-791,Mary,Reimers,33.86,Dresden,Germany,Mary.Reimers@email.com,,0.0,Adult,CC2
60-600-424-850,Jessika,Meyer,16.0,Duisburg,Germany,Jessika.Meyer@email.com,,1.0,Adolescent,CC1
37-376-260-710,Fredi,Weyand,25.0,Belgrade,Serbia,Fredi .Weyand@email.com,,0.0,Adult,CC1
88-882-783-571,Edit,Liebig,33.86,Sector 3,Romania,Edit.Liebig@email.com,,1.0,Adult,CC3
87-876-721-711,Sandor ,Schlag,57.0,Genoa,Iatly,Sandor .Schlag@corp.com,Sandor .Schlag@corp.com,0.0,Adult,CC2
50-503-504-132,Gerda,Heilig,30.0,Edinburgh,United_Kingdom,Gerda.Heilig@email.com,,1.0,Adult,CC2
42-425-666-491,Renate,Ludewig,43.0,Paris,France,Renate.Ludewig@corp.com,Renate.Ludewig@corp.com,1.0,Adult,CC2
87-871-925-460,Hilma,Kolodziej,29.0,San Antonio,United_States,Hilma.Kolodziej@email.com,,0.0,Adult,CC3
16-167-327-189,Kirstin,Kircher,62.0,San Antonio,United_States,Kirstin.Kircher@email.com,,1.0,Adult,CC3
22-225-106-103,Leni,Lüders,55.0,Manchester,United_Kingdom,Leni.Lüders@email.com,,0.0,Adult,CC2
43-432-679-644,Wencke,Kahl,33.86,Manchester,United_Kingdom,Wencke.Kahl@email.com,,0.0,Adult,CC2
63-639-925-341,Isabel,Kramer,17.0,Dortmund,Germany,Isabel.Kramer@email.com,,1.0,Adolescent,CC1
20-201-690-947,Pascal,Pitz,24.0,Glasgow,United_Kingdom,Pascal .Pitz@email.com,,1.0,Adult,CC2
69-691-546-804,Zenta,Schubert,34.0,Sarajevo,Bosnia_and_Herzegovina,Zenta.Schubert@email.com,,1.0,Adult,CC2
51-515-453-938,Käthi,Stolz,38.0,Bratislava,Slovakia,Käthi.Stolz@email.com,,0.0,Adult,CC1
92-929-592-262,Silvia,Ziemer,58.0,Genoa,Italy,Silvia.Ziemer@email.com,,1.0,Adult,CC2
33-330-549-857,Klaus-Ulrich,Jeske,40.0,Essen,Germany,Klaus-Ulrich .Jeske@email.com,,0.0,Adult,CC2
52-526-692-623,Bianka,Merten,65.0,Oklahoma City,United_States,Bianka.Merten@email.com,,0.0,Adult,CC2
62-628-163-164,Clemens,Dreher,25.0,Lodz,Poland,Clemens .Dreher@corp.com,Clemens .Dreher@corp.com,0.0,Adult,CC2
53-530-334-534,Oda,Trost,31.0,Kharkiv,Ukraine,Oda.Trost@email.com,,1.0,Adult,CC2
14-145-914-958,Giovanna,Hennemann,26.0,Sofia,Bulgaria,Giovanna.Hennemann@email.com,,0.0,Adult,CC3
93-931-115-620,Elke,Kämmerer,23.0,Lyon,France,Elke.Kämmerer@email.com,,1.0,Adult,CC2
47-473-665-591,Hiltrud,Grimm,29.0,Las Vegas,United_States,Hiltrud.Grimm@email.com,,1.0,Adult,CC2
30-306-787-776,Frederik ,Höpfner,22.0,Brussels,Belgium,Frederik .Höpfner@corp.com,Frederik .Höpfner@corp.com,1.0,Adult,CC1
86-865-151-546,Zehra,Bode,34.0,Nashville-Davidson,United_States,Zehra.Bode@email.com,,0.0,Adult,CC1
85-852-384-350,Gerhard,Hammerschmidt,25.0,Gdansk,Poland,Gerhard .Hammerschmidt@email.com,,0.0,Adult,CC3
41-413-159-187,Iris,Auer,28.0,Glasgow,United_Kingdom,Iris.Auer@email.com,,1.0,Adult,CC2
33-330-813-151,Marie,Klumpp,30.0,Belgrade,Serbia,Marie.Klumpp@email.com,,0.0,Adult,CC1
16-164-654-710,Henni,Kaminski,50.0,Hannover,Germany,Henni.Kaminski@email.com,,1.0,Adult,CC2
13-136-536-100,Horst-Günter,Kauer,57.0,Oklahoma City,United_States,Horst-Günter .Kauer@email.com,,0.0,Adult,CC2
99-992-843-290,August ,Kühnert,68.0,Rotterdam,Netherlands,August .Kühnert@email.com,,0.0,Older Adult,CC2
10-103-448-182,Daria,Horstmann,26.0,Bucharest,Romania,Daria.Horstmann@email.com,,0.0,Adult,CC1
39-391-939-731,Dimitri,Triebel,32.0,Turin,Italy,Dimitri .Triebel@email.com,Dimitri .Triebel@corp.com,1.0,Adult,CC2
86-868-738-787,Gerlinde,Retzlaff,35.0,Charlotte,United_States,Gerlinde.Retzlaff@email.com,,1.0,Adult,CC3
86-864-554-945,Thomas,Ender,34.0,Hannover,Germany,Thomas.Ender@email.com,,0.0,Adult,CC1
29-298-968-824,Aleksander,Herdt,46.0,Oklahoma City,United_States,Aleksander .Herdt@email.com,,0.0,Adult,CC2
88-888-456-434,Giovanna,Keßler,27.0,Zaporizhia,Ukraine,Giovanna.Keßler@email.com,Giovanna.Keßler@corp.com,1.0,Adult,CC1
11-118-477-891,Irmingard,Wilke,17.0,Detroit,United_States,Irmingard.Wilke@email.com,,1.0,Adolescent,CC3
39-398-729-417,Doris,Mühlbauer,35.0,Wroclaw,Poland,Doris.Mühlbauer@email.com,,0.0,Adult,CC3
83-837-809-580,Ludwina,Post,34.0,Washington,United_States,Ludwina.Post@email.com,,1.0,Adult,CC2
15-157-132-513,Isidor ,Schütte,32.0,Luhansk,Ukraine,Isidor .Schütte@email.com,,1.0,Adult,CC2
85-856-415-629,Gertrud,Niehues,31.0,Fort Worth,United_States,Gertrud.Niehues@email.com,,0.0,Adult,CC2
74-740-725-532,Hanspeter ,Wölfle,46.0,Warsaw,Poland,Hanspeter .Wölfle@email.com,,1.0,Adult,CC2
80-800-211-687,Helmar ,Lautenschläger,57.0,Nashville-Davidson,United_States,Helmar .Lautenschläger@email.com,Helmar .Lautenschläger@corp.com,1.0,Adult,CC1
13-139-203-287,Hildegart,Schad,19.0,Bremen,Germany,Hildegart.Schad@email.com,,1.0,Adult,CC3
90-901-743-923,Maria-Luise,Loch,15.0,Mariupol,Ukraine,Maria-Luise.Loch@corp.com,Maria-Luise.Loch@corp.com,1.0,Adolescent,CC1
57-574-204-284,Hubertus ,Irmer,33.0,Palma,Spain,Hubertus .Irmer@corp.com,Hubertus .Irmer@corp.com,1.0,Adult,CC2
99-999-413-827,Gordon ,Claßen,30.0,Denver,United_States,Gordon .Claßen@email.com,,1.0,Adult,CC3
78-782-555-984,Helga,Volz,68.0,Genoa,Italy,Helga.Volz@email.com,,1.0,Older Adult,CC3
65-655-257-939,Hanspeter,Storch,21.0,Valencia,Spain,Hanspeter .Storch@corp.com,Hanspeter .Storch@corp.com,1.0,Adult,CC1
26-261-241-629,Adelgunde,Lippold,33.0,Barcelona,Spain,Adelgunde.Lippold@email.com,,1.0,Adult,CC3
65-652-180-940,Lara,Siefert,49.0,Kyiv,Ukraine,Lara.Siefert@email.com,,1.0,Adult,CC2
82-820-277-491,Roswitha,Dreßler,51.0,Genoa,Italy,Roswitha.Dreßler@email.com,,0.0,Adult,CC1
15-151-932-714,Jo,Meixner,28.0,Warsaw,Poland,Jo.Meixner@email.com,,1.0,Adult,CC3
17-178-238-303,Franz-Peter,Palm,24.0,Bochum-Hordel,Germany,Franz-Peter .Palm@email.com,,1.0,Adult,CC2
98-989-449-520,Valentin ,Wilms,22.0,Poznan,Poland,Valentin .Wilms@email.com,,1.0,Adult,CC2
64-640-686-390,Wilhelm,Schreyer,38.0,Bremen,Germany,Wilhelm.Schreyer@email.com,,0.0,Adult,CC2
40-406-835-872,Pawel,Kirsch,25.0,Philadelphia,United_States,Pawel .Kirsch@email.com,,1.0,Adult,CC2
51-511-171-400,Dittmar,Kober,33.86,Duisburg,Germany,Dittmar .Kober@email.com,,0.0,Adult,CC2
38-384-378-698,Ercan,Spitz,31.0,Los Angeles,United_States,Ercan .Spitz@email.com,,1.0,Adult,CC3
29-295-186-731,Joana,Tews,44.0,Leicester,United_Kingdom,Joana.Tews@email.com,,1.0,Adult,CC3
99-992-909-481,Roderich ,Weiß,21.0,Palermo,Italy,Roderich .Weiß@email.com,,0.0,Adult,CC3
77-773-293-820,Annelene,Haak,36.0,Leipzig,Germany,Annelene.Haak@email.com,,1.0,Adult,CC3
55-556-507-297,Hans-Georg ,Borgmann,24.0,Bochum-Hordel,Germany,Hans-Georg .Borgmann@email.com,,1.0,Adult,CC1
27-272-715-218,Louis ,Langen,17.0,Fort Worth,United_States,Louis .Langen@email.com,,1.0,Adolescent,CC1
49-495-983-301,Isidor,Benz,39.0,Mykolayiv,Ukraine,Isidor .Benz@corp.com,Isidor .Benz@corp.com,1.0,Adult,CC1
45-456-743-126,Andre,Stern,26.0,Kryvyi Rih,Ukraine,Andre.Stern@email.com,,0.0,Adult,CC3
99-997-372-885,Steven,Kemper,17.0,Mariupol,Ukraine,Steven .Kemper@email.com,,0.0,Adolescent,CC2
50-507-370-715,Carmelo,Knauf,23.0,El Paso,United_States,Carmelo .Knauf@corp.com,Carmelo .Knauf@corp.com,1.0,Adult,CC1
42-424-949-887,Sylvia,Feller,45.0,Charlotte,United_States,Sylvia.Feller@email.com,,1.0,Adult,CC1
80-806-241-664,Verena,Grote,37.0,Chicago,United_States,Verena.Grote@email.com,Verena.Grote@corp.com,1.0,Adult,CC2
58-585-973-870,Carmelo,Probst,30.0,Columbus,United_States,Carmelo .Probst@email.com,,0.0,Adult,CC1
32-328-147-287,Annerose,Altmann,46.0,Rotterdam,Netherlands,Annerose.Altmann@email.com,,0.0,Adult,CC2
23-237-135-394,Vincenzo,Heger,64.0,Sheffield,United_Kingdom,Vincenzo .Heger@email.com,,0.0,Adult,CC3
98-980-377-662,Klaudia,Gaus,25.0,Bucharest,Romania,Klaudia.Gaus@email.com,,1.0,Adult,CC2
48-486-585-180,Kunigunda,Wild,37.0,Las Palmas de Gran Canaria,Spain,Kunigunda.Wild@email.com,,0.0,Adult,CC2
82-821-503-878,Geraldine,Rehm,55.0,Turin,Italy,Geraldine.Rehm@email.com,,1.0,Adult,CC3
51-517-581-689,Hanna,Michl,27.0,Las Palmas de Gran Canaria,Spain,Hanna.Michl@corp.com,Hanna.Michl@corp.com,0.0,Adult,CC1
30-303-573-404,Monique,Sikora,60.0,Dresden,Germany,Monique.Sikora@email.com,,0.0,Adult,CC3
22-226-846-741,Ronny,Lautenschläger,56.0,Madrid,Spain,Ronny .Lautenschläger@email.com,,1.0,Adult,CC2
67-675-737-208,Hertha,Zeitler,51.0,Las Vegas,United_States,Hertha.Zeitler@email.com,,1.0,Adult,CC3
23-232-382-196,Elfi,Jasper,20.0,Khmelnytskyi,Ukraine,Elfi.Jasper@email.com,,0.0,Adult,CC1
27-273-580-379,Steve ,Stock,42.0,Odessa,Ukraine,Steve .Stock@email.com,,1.0,Adult,CC1
27-277-824-137,Adalbert ,Witzel,47.0,Amsterdam,Netherlands,Adalbert .Witzel@email.com,,0.0,Adult,CC2
25-258-445-502,Holger,Schaper,23.0,Austin,United_States,Holger.Schaper@email.com,,1.0,Adult,CC1
90-904-921-791,Kuno,Berger,34.0,Mariupol,Ukraine,Kuno .Berger@email.com,Kuno .Berger@corp.com,0.0,Adult,CC3
71-718-526-117,Romuald,Alexander,55.0,Fort Worth,United_States,Romuald .Alexander@email.com,Romuald .Alexander@corp.com,1.0,Adult,CC1
39-392-716-195,Angelica,Scherf,29.0,Gomel,Belarus,Angelica.Scherf@email.com,,1.0,Adult,CC2
51-514-554-507,Wanda,Petry,32.0,Philadelphia,United_States,Wanda.Petry@email.com,,1.0,Adult,CC1
74-747-117-383,Bärbel,Prange,15.0,Rome,Italy,Bärbel.Prange@email.com,,0.0,Adolescent,CC2
25-259-287-886,Lorenzo,Kehrer,33.86,Liverpool,United_Kingdom,Lorenzo .Kehrer@email.com,,0.0,Adult,CC3
73-736-840-231,Heinz-Gerd ,Harnisch,20.0,Sarajevo,Bosnia_and_Herzegovina,Heinz-Gerd .Harnisch@email.com,,1.0,Adult,CC2
98-982-640-459,Karl-Otto ,Eckstein,38.0,Athens,Greece,Karl-Otto .Eckstein@corp.com,Karl-Otto .Eckstein@corp.com,1.0,Adult,CC3
87-877-270-952,Fanny,Bartel,48.0,Minsk,Belarus,Fanny.Bartel@corp.com,Fanny.Bartel@corp.com,0.0,Adult,CC2
94-945-415-420,Ljubica,Breuer,62.0,Odessa,Ukraine,Ljubica.Breuer@email.com,,1.0,Adult,CC3
79-794-906-362,Gertraut,Herber,55.0,Birmingham,United_Kingdom,Gertraut.Herber@email.com,Gertraut.Herber@corp.com,1.0,Adult,CC2
92-922-687-832,Nathalie,Döll,33.86,Minsk,Belarus,Nathalie.Döll@email.com,,0.0,Adult,CC2
58-580-708-307,Gisela,Herter,17.0,Columbus,United_States,Gisela.Herter@email.com,,0.0,Adolescent,CC3
22-228-320-570,Ryszard,Tischer,43.0,Liverpool,United_Kingdom,Ryszard .Tischer@corp.com,Ryszard .Tischer@corp.com,1.0,Adult,CC2
77-770-725-587,Helga,Dogan,49.0,Los Angeles,United_States,Helga.Dogan@corp.com,Helga.Dogan@corp.com,0.0,Adult,CC1
10-103-282-504,Domenico,Stauch,39.0,Sevastopol,Ukraine,Domenico .Stauch@email.com,,0.0,Adult,CC1
20-208-896-864,Zeki ,Staab,30.0,Las Palmas de Gran Canaria,Spain,Zeki .Staab@email.com,,1.0,Adult,CC2
83-837-935-609,Resi,Weyers,15.0,Murcia,Spain,Resi.Weyers@email.com,,1.0,Adolescent,CC1
98-981-642-879,Marisa,Dittmann,51.0,Odessa,Ukraine,Marisa.Dittmann@email.com,,1.0,Adult,CC1
43-436-642-962,Sylvester,Rinke,58.0,Washington,United_States,Sylvester .Rinke@corp.com,Sylvester .Rinke@corp.com,1.0,Adult,CC2
33-338-716-764,Jochem,Christian,24.0,Washington,United_States,Jochem .Christian@email.com,,1.0,Adult,CC1
43-436-353-951,Berend,Möbius,63.0,Milan,Italy,Berend .Möbius@email.com,,1.0,Adult,CC1
93-933-887-825,Erna,Lamm,41.0,Palma,Spain,Erna.Lamm@email.com,,0.0,Adult,CC2
89-899-178-753,Benno,Kappes,54.0,Budapest,Hungary,Benno .Kappes@email.com,,0.0,Adult,CC1
60-606-376-808,Juan,Olbrich,51.0,Chicago,United_States,Juan .Olbrich@email.com,,0.0,Adult,CC3
11-119-660-221,Dietlind,Thiede,50.0,Murcia,Spain,Dietlind.Thiede@email.com,,0.0,Adult,CC2
44-443-164-467,Susana,Dick,32.0,Zaragoza,Spain,Susana.Dick@corp.com,Susana.Dick@corp.com,0.0,Adult,CC3
50-509-270-367,Gottlob ,Weißmann,32.0,Kharkiv,Ukraine,Gottlob .Weißmann@email.com,,1.0,Adult,CC1
89-890-898-175,Enrico,Coenen,34.0,Marseille,France,Enrico .Coenen@email.com,,0.0,Adult,CC1
84-843-101-662,Dana,Lemm,29.0,Hamburg,Germany,Dana.Lemm@email.com,,1.0,Adult,CC1
24-249-996-429,Regina,Duda,32.0,Skopje,North_Macedonia,Regina.Duda@email.com,,1.0,Adult,CC3
80-802-604-202,Kenneth,Rettig,41.0,Gomel,Belarus,Kenneth .Rettig@email.com,,0.0,Adult,CC1
23-231-979-771,Adeline,Steiner,16.0,Cardiff,United_Kingdom,Adeline.Steiner@email.com,,0.0,Adolescent,CC2
14-140-828-465,Anna,Häfele,50.0,Naples,Italy,Anna.Häfele@email.com,,0.0,Adult,CC1
27-271-116-761,Roswitha,Bloch,59.0,Kryvyi Rih,Ukraine,Roswitha.Bloch@email.com,,0.0,Adult,CC2
42-426-903-827,Zita,Glück,26.0,Valencia,Spain,Zita.Glück@email.com,,1.0,Adult,CC3
98-984-828-802,Edelbert,Büchler,54.0,Dublin,Ireland,Edelbert .Büchler@email.com,,1.0,Adult,CC2
34-341-819-150,Mona,Kast,34.0,Memphis,United_States,Mona.Kast@email.com,,0.0,Adult,CC1
93-934-724-701,Gabriele,Sänger,38.0,Oklahoma City,United_States,Gabriele.Sänger@email.com,,0.0,Adult,CC2
61-619-771-408,Adelheid,Knapp,60.0,Boston,United_States,Adelheid.Knapp@email.com,,0.0,Adult,CC1
30-308-191-618,Augustin,Dahlke,23.0,Paris,France,Augustin .Dahlke@email.com,,0.0,Adult,CC2
45-452-919-217,Sigrid,Matzke,33.86,Stockholm,Sweden,Sigrid.Matzke@email.com,,1.0,Adult,CC1
71-711-305-512,Nikolaj,Limbach,32.0,Lviv,Ukraine,Nikolaj .Limbach@email.com,,0.0,Adult,CC1
83-836-140-213,Daniel,Langbein,56.0,Helsinki,Finland,Daniel .Langbein@email.com,,0.0,Adult,CC1
99-994-892-978,Annelise,Sacher,31.0,Las Vegas,United_States,Annelise.Sacher@email.com,,0.0,Adult,CC2
22-222-816-796,Melanie,Freitag,44.0,Duesseldorf,Germany,Melanie.Freitag@corp.com,Melanie.Freitag@corp.com,1.0,Adult,CC3
55-558-613-623,Knud ,Gerstner,38.0,Detroit,United_States,Knud .Gerstner@email.com,,0.0,Adult,CC3
47-470-573-522,Katharina,Fromm,35.0,Indianapolis,United_States,Katharina.Fromm@email.com,,0.0,Adult,CC3
50-507-836-737,Kai-Uwe,Eger,41.0,Nuernberg,Germany,Kai-Uwe .Eger@email.com,,0.0,Adult,CC2
80-809-495-931,Holm ,Korth,28.0,Valencia,Spain,Holm .Korth@email.com,,1.0,Adult,CC2
20-209-836-664,Sibilla,Diehl,17.0,Fort Worth,United_States,Sibilla.Diehl@email.com,,1.0,Adolescent,CC3
79-790-742-385,Grazyna,Flemming,17.0,Austin,United_States,Grazyna.Flemming@corp.com,Grazyna.Flemming@corp.com,1.0,Adolescent,CC1
96-967-936-317,Alan,Böhm,22.0,Zagreb,Croatia,Alan .Böhm@email.com,,1.0,Adult,CC2
59-594-164-957,Julius ,Radloff,45.0,New York,United_States,Julius .Radloff@email.com,,1.0,Adult,CC1
75-751-339-269,Gino,Butz,28.0,Valencia,Spain,Gino .Butz@email.com,,1.0,Adult,CC1
91-916-915-575,Diedrich ,Krupp,48.0,Rome,Italy,Diedrich .Krupp@email.com,,1.0,Adult,CC3
98-981-569-832,Charlotte,Henkel,20.0,London,United_Kingdom,Charlotte.Henkel@corp.com,Charlotte.Henkel@corp.com,1.0,Adult,CC1
16-167-681-756,Hans-Jochen,Schüttler,40.0,Toulouse,France,Hans-Jochen .Schüttler@email.com,,0.0,Adult,CC3
18-180-810-769,Heidelore,Hanf,27.0,Berlin,Germany,Heidelore.Hanf@email.com,,0.0,Adult,CC1
78-784-397-400,Stefania,Schimmelpfennig,43.0,Rome,Italy,Stefania.Schimmelpfennig@corp.com,Stefania.Schimmelpfennig@corp.com,1.0,Adult,CC2
49-494-948-373,Paul-Gerhard ,Dyck,16.0,Malaga,Spain,Paul-Gerhard .Dyck@email.com,,1.0,Adolescent,CC3
45-455-416-328,Ingeborg,Leis,27.0,Kryvyi Rih,Ukraine,Ingeborg.Leis@email.com,,1.0,Adult,CC2
60-606-142-686,Guiseppe ,Ruß,33.86,Seattle,United_States,Guiseppe .Ruß@email.com,,0.0,Adult,CC3
59-599-275-504,Charles ,Rahn,46.0,Seattle,United_States,Charles .Rahn@email.com,,0.0,Adult,CC2
99-999-495-251,Hinrich,Grüner,45.0,Bristol,United_Kingdom,Hinrich .Grüner@email.com,,0.0,Adult,CC1
75-755-515-344,Zita,Reich,52.0,Hannover,Germany,Zita.Reich@email.com,,1.0,Adult,CC2
24-243-325-571,Lilija,Ferstl,39.0,Vienna,Austria,Lilija.Ferstl@corp.com,Lilija.Ferstl@corp.com,0.0,Adult,CC2
73-733-715-553,Joern,Ackermann,44.0,Krakow,Poland,Joern.Ackermann@email.com,,0.0,Adult,CC1
53-530-749-965,Hellmuth ,Görlich,24.0,Belgrade,Serbia,Hellmuth .Görlich@email.com,,1.0,Adult,CC1
88-885-675-761,Aneta,Lamprecht,29.0,Las Vegas,United_States,Aneta.Lamprecht@email.com,,0.0,Adult,CC1
35-350-956-453,Margot,Peters,26.0,Boston,United_States,Margot.Peters@email.com,,1.0,Adult,CC3
55-559-477-414,Apollonia,Kleinschmidt,57.0,Paris,France,Apollonia.Kleinschmidt@email.com,,1.0,Adult,CC2
75-758-960-969,Wigbert ,Messner,44.0,Nashville-Davidson,United_States,Wigbert .Messner@email.com,,1.0,Adult,CC1
69-695-442-229,Leonie,Schimanski,37.0,New York,United_States,Leonie.Schimanski@email.com,,0.0,Adult,CC1
79-797-133-630,Hans-Herbert,Alles,20.0,Philadelphia,United_States,Hans-Herbert .Alles@email.com,,0.0,Adult,CC2
26-267-339-619,Heinz Dieter,Glatz,50.0,Nuernberg,Germany,Heinz Dieter.Glatz@email.com,,0.0,Adult,CC1
69-698-859-790,Leonore,Zapf,54.0,Milan,Italy,Leonore.Zapf@email.com,,1.0,Adult,CC3
48-481-999-209,Annette,Pichler,42.0,Indianapolis,United_States,Annette.Pichler@email.com,,0.0,Adult,CC1
95-951-544-238,Elfie,Schreiber,49.0,Duesseldorf,Germany,Elfie.Schreiber@email.com,,0.0,Adult,CC3
64-645-591-193,Raymond ,Mück,48.0,Skopje,North_Macedonia,Raymond .Mück@email.com,Raymond .Mück@corp.com,1.0,Adult,CC2
19-196-402-734,Ortrun,Schaffrath,19.0,Phoenix,United_States,Ortrun.Schaffrath@email.com,,1.0,Adult,CC3
68-683-640-348,Jelena,Hampe,22.0,Goeteborg,Sweden,Jelena.Hampe@email.com,,0.0,Adult,CC2
84-847-633-791,Angelica,Kröll,37.0,Hamburg,Germany,Angelica.Kröll@email.com,,0.0,Adult,CC3
85-858-402-889,Paola,Sänger,69.0,Milan,Italy,Paola.Sänger@email.com,,1.0,Older Adult,CC1
78-787-590-364,Ansgar,Schroth,22.0,Vilnius,Lithuania,Ansgar .Schroth@email.com,,1.0,Adult,CC2
84-841-904-218,Centa,Kugler,22.0,Las Palmas de Gran Canaria,Spain,Centa.Kugler@email.com,,1.0,Adult,CC1
42-429-513-255,Irmhild,Hackbarth,35.0,Indianapolis,United_States,Irmhild.Hackbarth@email.com,,1.0,Adult,CC3
17-176-861-986,Kevin,Stark,19.0,Athens,Greece,Kevin .Stark@email.com,,1.0,Adult,CC2
39-398-398-121,Hinrich,Graupner,50.0,El Paso,United_States,Hinrich .Graupner@email.com,,1.0,Adult,CC2
74-741-545-140,Sigmund,Ostermann,37.0,Marseille,France,Sigmund .Ostermann@email.com,,0.0,Adult,CC2
19-198-903-379,Fanny,Rupprecht,29.0,Liverpool,United_Kingdom,Fanny.Rupprecht@email.com,Fanny.Rupprecht@corp.com,1.0,Adult,CC3
80-805-840-169,Ingried,Heuser,32.0,Sarajevo,Bosnia_and_Herzegovina,Ingried.Heuser@corp.com,Ingried.Heuser@corp.com,0.0,Adult,CC1
58-586-117-923,Silke,Gröger,47.0,Nashville-Davidson,United_States,Silke.Gröger@email.com,,1.0,Adult,CC1
12-128-693-329,Claus-Peter,Münster,43.0,Koeln,Germany,Claus-Peter .Münster@email.com,,1.0,Adult,CC3
56-562-706-789,Franco ,Strobl,50.0,Nottingham,United_Kingdom,Franco .Strobl@email.com,,1.0,Adult,CC1
54-541-909-351,Zeki ,Pfister,24.0,Duesseldorf,Germany,Zeki .Pfister@email.com,,1.0,Adult,CC3
82-822-792-774,Martin,Neumeier,67.0,Kharkiv,Ukraine,Martin.Neumeier@email.com,,0.0,Older Adult,CC2
39-392-603-867,Mattias ,Klassen,17.0,Dresden,Germany,Mattias .Klassen@email.com,,0.0,Adolescent,CC1
68-680-568-702,Thoralf,Stegmaier,31.0,Odessa,Ukraine,Thoralf .Stegmaier@email.com,,0.0,Adult,CC1
53-535-599-386,Erica,Hein,41.0,Antwerpen,Belgium,Erica.Hein@email.com,,1.0,Adult,CC2
42-426-177-834,Engelbert,Kölsch,36.0,Milan,Italy,Engelbert .Kölsch@email.com,,0.0,Adult,CC2
92-927-832-666,Aleksandar,Lichtenberg,28.0,Los Angeles,United_States,Aleksandar .Lichtenberg@email.com,,1.0,Adult,CC2
83-832-482-899,Ewald,Winkler,24.0,Gdansk,Poland,Ewald .Winkler@email.com,,0.0,Adult,CC1
66-666-371-719,Danielle,Kopf,60.0,San Diego,United_States,Danielle.Kopf@email.com,,0.0,Adult,CC1
72-725-609-148,Frank,Manthey,52.0,Glasgow,United_Kingdom,Frank .Manthey@corp.com,Frank .Manthey@corp.com,0.0,Adult,CC3
63-633-497-873,Benjamin,Scholten,35.0,Portland,United_States,Benjamin.Scholten@email.com,,1.0,Adult,CC2
57-571-267-663,Sibel,Bausch,35.0,Berlin,Germany,Sibel.Bausch@email.com,,0.0,Adult,CC2
94-940-488-585,Hannelore,Schlag,50.0,Kyiv,Ukraine,Hannelore.Schlag@email.com,,1.0,Adult,CC3
69-697-155-595,Hulda,Meuser,26.0,Poznan,Poland,Hulda.Meuser@corp.com,Hulda.Meuser@corp.com,0.0,Adult,CC1
19-193-489-601,Silke,Hill,29.0,Bochum,Germany,Silke.Hill@corp.com,Silke.Hill@corp.com,0.0,Adult,CC2
42-425-436-797,Marie-Therese,Peters,25.0,Dublin,Ireland,Marie-Therese.Peters@email.com,,1.0,Adult,CC3
88-887-247-267,Ottilie,Reiter,22.0,Rotterdam,Netherlands,Ottilie.Reiter@email.com,,1.0,Adult,CC3
22-225-815-462,Robert,Schley,53.0,Minsk,Belarus,Robert.Schley@email.com,,0.0,Adult,CC3
70-709-681-628,Lorenzo,Tacke,15.0,Marseille,France,Lorenzo .Tacke@email.com,,1.0,Adolescent,CC1
30-306-652-109,Hartwig,Rahm,43.0,Stockholm,Sweden,Hartwig .Rahm@email.com,,0.0,Adult,CC3
11-117-191-749,Alfons,Wiesmann,52.0,Frankfurt am Main,Germany,Alfons .Wiesmann@email.com,,1.0,Adult,CC2
77-772-538-533,Hanni,Linder,36.0,Milan,Italy,Hanni .Linder@email.com,,1.0,Adult,CC2
69-694-606-112,Harriet,Wiechert,33.0,Bratislava,Slovakia,Harriet.Wiechert@email.com,,1.0,Adult,CC1
99-999-570-844,Ulrike,Röll,61.0,Kyiv,Ukraine,Ulrike.Röll@email.com,,0.0,Adult,CC2
16-165-343-771,Ingbert ,Michaelis,21.0,Seattle,United_States,Ingbert .Michaelis@email.com,Ingbert .Michaelis@corp.com,1.0,Adult,CC1
30-302-119-667,Raphaela,Oberle,37.0,Sevilla,Spain,Raphaela.Oberle@email.com,,1.0,Adult,CC2
97-971-736-935,Barbara,Diefenbach,44.0,Amsterdam,Netherlands,Barbara.Diefenbach@email.com,,0.0,Adult,CC1
62-620-941-670,Marlene,Puschmann,47.0,Lodz,Poland,Marlene.Puschmann@corp.com,Marlene.Puschmann@corp.com,1.0,Adult,CC1
47-477-929-490,Hans-Helmut ,Pietsch,24.0,Las Palmas de Gran Canaria,Spain,Hans-Helmut .Pietsch@email.com,,0.0,Adult,CC1
62-628-846-454,Giovanni,Meiser,15.0,Dortmund,Germany,Giovanni .Meiser@email.com,,1.0,Adolescent,CC2
96-961-888-478,Witold ,Bremer,58.0,Genoa,Italy,Witold .Bremer@corp.com,Witold .Bremer@corp.com,0.0,Adult,CC2
35-359-985-239,Francesco ,Schorn,46.0,Sarajevo,Bosnia_and_Herzegovina,Francesco .Schorn@email.com,,1.0,Adult,CC2
64-644-727-845,Anastasios ,Weimann,22.0,Belgrade,Serbia,Anastasios .Weimann@email.com,,1.0,Adult,CC1
32-325-728-936,Nikolaus ,Baumeister,53.0,Copenhagen,Denmark,Nikolaus .Baumeister@email.com,,1.0,Adult,CC3
24-248-592-507,Sebastian,Wilk,48.0,Leipzig,Germany,Sebastian .Wilk@email.com,,1.0,Adult,CC2
86-860-380-259,Patrik ,Schepers,23.0,Odessa,Ukraine,Patrik .Schepers@email.com,,0.0,Adult,CC1
46-460-736-890,Helena,Wedekind,46.0,Kyiv,Ukraine,Helena.Wedekind@email.com,,1.0,Adult,CC2
91-918-284-168,Gitta,Wassermann,25.0,Berlin,Germany,Gitta.Wassermann@email.com,,1.0,Adult,CC1
20-200-141-176,Wolf-Rüdiger,Epple,62.0,Las Palmas de Gran Canaria,Spain,Wolf-Rüdiger .Epple@email.com,,1.0,Adult,CC3
22-226-583-383,Roswitha,Lay,21.0,Nuernberg,Germany,Roswitha.Lay@corp.com,Roswitha.Lay@corp.com,1.0,Adult,CC3
29-295-408-168,Virginia,Heckel,47.0,San Diego,United_States,Virginia.Heckel@email.com,,1.0,Adult,CC1
43-431-419-150,Manfred ,Ehrhardt,34.0,Bristol,United_Kingdom,Manfred .Ehrhardt@email.com,,1.0,Adult,CC3
57-573-582-906,Gabriele,Nießen,20.0,Dallas,United_States,Gabriele.Nießen@email.com,,0.0,Adult,CC2
36-362-919-391,Erich,Eggert,49.0,Sheffield,United_Kingdom,Erich .Eggert@email.com,,1.0,Adult,CC2
49-492-657-415,Magrit,Hölzer,64.0,Nashville-Davidson,United_States,Magrit.Hölzer@email.com,,0.0,Adult,CC2
43-435-978-295,Marit,Appelt,21.0,Chisinau,Moldova,Marit.Appelt@email.com,,1.0,Adult,CC3
54-544-668-259,Metin,Grohmann,43.0,Mariupol,Ukraine,Metin .Grohmann@email.com,,1.0,Adult,CC1
49-497-805-372,Frieder,Rutz,64.0,Riga,Latvia,Frieder .Rutz@email.com,,1.0,Adult,CC2
58-581-593-704,Else,Philippi,34.0,Khmelnytskyi,Ukraine,Else.Philippi@email.com,,1.0,Adult,CC2
89-897-187-354,Canan,Hermann,17.0,Malaga,Spain,Canan.Hermann@email.com,,1.0,Adolescent,CC2
75-759-784-588,Cäcilia,Rüdiger,19.0,Leicester,United_Kingdom,Cäcilia.Rüdiger@email.com,,0.0,Adult,CC1
47-472-975-863,Janett,Fritzsch,69.0,Dnipro,Ukraine,Janett.Fritzsch@email.com,,1.0,Older Adult,CC2
80-809-727-679,Klothilde,Lindenberg,26.0,Rotterdam,Netherlands,Klothilde.Lindenberg@email.com,Klothilde.Lindenberg@corp.com,0.0,Adult,CC2
80-806-600-544,Gudrun,Eifler,52.0,Naples,Italy,Gudrun.Eifler@email.com,,0.0,Adult,CC1
94-947-802-106,Klaus-Peter ,Dickmann,34.0,Tallinn,Estonia,Klaus-Peter .Dickmann@email.com,,0.0,Adult,CC3
25-255-422-341,Traudel,Heinecke,36.0,Stockholm,Sweden,Traudel.Heinecke@corp.com,Traudel.Heinecke@corp.com,1.0,Adult,CC3
44-449-607-292,Manuela,Laub,37.0,Luhansk,Ukraine,Manuela.Laub@email.com,,1.0,Adult,CC2
83-835-783-641,Giorgio,Schick,27.0,Zagreb,Croatia,Giorgio .Schick@email.com,,0.0,Adult,CC3
55-557-200-525,Gerda,Schwenke,37.0,Stockholm,Sweden,Gerda.Schwenke@email.com,,1.0,Adult,CC3
71-717-131-672,Ewa,Liebert,56.0,Sevilla,Spain,Ewa.Liebert@email.com,,0.0,Adult,CC2
79-792-158-974,Bert ,Geßner,29.0,Bochum,Germany,Bert .Geßner@email.com,,1.0,Adult,CC1
18-189-434-654,Charlotte,Dück,54.0,Luhansk,Ukraine,Charlotte.Dück@email.com,,1.0,Adult,CC3
95-956-935-989,Siegfried,Hennig,17.0,Vilnius,Lithuania,Siegfried.Hennig@email.com,Siegfried.Hennig@corp.com,0.0,Adolescent,CC2
40-407-904-665,Svetlana,Clauß,56.0,Leipzig,Germany,Svetlana.Clauß@email.com,,0.0,Adult,CC3
21-211-585-182,Rosina,Mack,60.0,Valencia,Spain,Rosina.Mack@corp.com,Rosina.Mack@corp.com,0.0,Adult,CC3
66-666-698-121,Almuth,Hausner,26.0,Rotterdam,Netherlands,Almuth.Hausner@email.com,,0.0,Adult,CC1
64-648-714-898,Aleksandra,Thaler,46.0,Bochum-Hordel,Germany,Aleksandra.Thaler@email.com,,1.0,Adult,CC1
14-147-246-413,Annerose,Brinker,23.0,Bristol,United_Kingdom,Annerose.Brinker@email.com,,0.0,Adult,CC1
84-844-890-374,Alexander,Hellmann,28.0,Lyon,France,Alexander.Hellmann@email.com,,1.0,Adult,CC3
69-696-684-600,Hatice,Acker,40.0,Sheffield,United_Kingdom,Hatice.Acker@corp.com,Hatice.Acker@corp.com,0.0,Adult,CC3
74-745-560-668,Aribert,Schlichting,26.0,Duesseldorf,Germany,Aribert .Schlichting@email.com,,0.0,Adult,CC2
53-532-949-989,Ignatz,Hintz,36.0,Lviv,Ukraine,Ignatz .Hintz@email.com,,1.0,Adult,CC3
62-621-403-937,Annegrete,Raith,65.0,Philadelphia,United_States,Annegrete.Raith@email.com,,0.0,Adult,CC1
49-498-987-746,Benita,Bäumler,29.0,Denver,United_States,Benita.Bäumler@email.com,,0.0,Adult,CC3
81-815-262-512,Erkan,Figge,20.0,Toulouse,France,Erkan .Figge@email.com,,0.0,Adult,CC1
38-387-360-761,Bernhardine,Neubert,23.0,Nuernberg,Germany,Bernhardine.Neubert@email.com,,1.0,Adult,CC3
20-203-442-237,Karl-Ludwig ,Wessel,22.0,Goeteborg,Sweden,Karl-Ludwig .Wessel@email.com,,0.0,Adult,CC3
89-899-374-919,Damian,Taubert,37.0,Manchester,United_Kingdom,Damian .Taubert@email.com,,0.0,Adult,CC2
80-808-863-775,Benjamin,Heilmann,33.0,Las Palmas de Gran Canaria,Spain,Benjamin.Heilmann@email.com,,1.0,Adult,CC3
55-558-789-781,Emmi,Kunst,40.0,Mykolayiv,Ukraine,Emmi.Kunst@email.com,,0.0,Adult,CC1
61-619-442-459,Willibert,Ramm,18.0,Tallinn,Estonia,Willibert .Ramm@email.com,,0.0,Adult,CC2
69-695-981-412,Werner ,Frenzel,29.0,Kharkiv,Ukraine,Werner .Frenzel@email.com,,1.0,Adult,CC3
24-249-295-665,Paulina,Schorr,43.0,Gomel,Belarus,Paulina.Schorr@corp.com,Paulina.Schorr@corp.com,1.0,Adult,CC2
64-641-451-437,Alexandros ,Neuberger,33.86,Palermo,Italy,Alexandros .Neuberger@email.com,,0.0,Adult,CC1
10-108-308-426,Alicja,Hauck,26.0,Nottingham,Unitde_Kingdom,Alicja.Hauck@email.com,Alicja.Hauck@corp.com,0.0,Adult,CC2
37-373-280-182,Fabienne,Lammers,34.0,Zaragoza,Spain,Fabienne.Lammers@email.com,,1.0,Adult,CC3
73-738-269-381,Beatrix,Vogelsang,56.0,Marseille,France,Beatrix.Vogelsang@email.com,,0.0,Adult,CC3
18-189-414-453,Willibert ,Hintze,26.0,Dnipro,Ukraine,Willibert .Hintze@corp.com,Willibert .Hintze@corp.com,1.0,Adult,CC2
51-511-705-427,Raphael,Oestreich,43.0,Helsinki,Finland,Raphael .Oestreich@email.com,,0.0,Adult,CC2
90-907-508-539,Olav,Heide,19.0,Warsaw,Poland,Olav.Heide@email.com,,1.0,Adult,CC1
21-213-964-178,Gerlind,Lück,39.0,Makiyivka,Ukraine,Gerlind.Lück@email.com,,0.0,Adult,CC1
56-569-677-603,Elma,Seewald,44.0,Sevilla,Spain,Elma.Seewald@email.com,,1.0,Adult,CC1
34-343-699-651,Heinz Dieter,Wiemann,16.0,Madrid,Spain,Heinz Dieter.Wiemann@email.com,,0.0,Adolescent,CC1
63-633-851-196,Julian ,Faust,48.0,Cardiff,United_Kingdom,Julian .Faust@email.com,,1.0,Adult,CC3
84-848-439-569,Marliese,Heins,60.0,Nottingham,Unitde_Kingdom,Marliese.Heins@email.com,,0.0,Adult,CC3
88-885-463-915,Horst,Weise,20.0,Makiyivka,Ukraine,Horst.Weise@email.com,,1.0,Adult,CC3
78-782-128-439,Elfriede,Richter,32.0,Gdansk,Poland,Elfriede.Richter@email.com,,0.0,Adult,CC1
98-988-966-934,Benedikt,Göhler,55.0,Luhansk,Ukraine,Benedikt .Göhler@email.com,,0.0,Adult,CC2
31-310-724-273,Osman ,Pfeffer,35.0,Columbus,United_States,Osman .Pfeffer@email.com,,1.0,Adult,CC3
65-654-381-809,Isabel,Schlenker,34.0,Brussels,Belgium,Isabel.Schlenker@email.com,,0.0,Adult,CC3
54-544-261-626,Aldo ,Bacher,32.0,Copenhagen,Denmark,Aldo .Bacher@corp.com,Aldo .Bacher@corp.com,0.0,Adult,CC1
71-711-398-915,Adam,Gläser,36.0,Warsaw,Poland,Adam .Gläser@email.com,,1.0,Adult,CC1
74-747-652-434,Liselotte,Hohn,55.0,Belgrade,Serbia,Liselotte.Hohn@email.com,,0.0,Adult,CC1
19-194-793-422,Corinna,Ackermann,20.0,Houston,United_States,Corinna.Ackermann@email.com,,1.0,Adult,CC2
99-995-124-542,Arne,Oehler,49.0,Poznan,Poland,Arne .Oehler@email.com,,1.0,Adult,CC2
69-699-385-838,Henri,Sager,39.0,Lviv,Ukraine,Henri.Sager@email.com,,1.0,Adult,CC2
47-479-720-513,Francisco,Hentschel,39.0,Edinburgh,United_Kingdom,Francisco .Hentschel@email.com,,0.0,Adult,CC3
14-148-939-839,Waldtraut,Theisen,32.0,Portland,United_States,Waldtraut.Theisen@email.com,,0.0,Adult,CC2
16-163-938-402,Gerolf ,Brandt,48.0,Essen,Germany,Gerolf .Brandt@corp.com,Gerolf .Brandt@corp.com,1.0,Adult,CC1
61-611-433-540,Knud,Knuth,45.0,Warsaw,Poland,Knud .Knuth@email.com,,1.0,Adult,CC3
18-187-834-579,Gottlob,Renner,49.0,Berlin,Germany,Gottlob .Renner@email.com,,1.0,Adult,CC2
90-904-456-803,Ottokar,Berlin,23.0,Sevastopol,Ukraine,Ottokar .Berlin@email.com,,1.0,Adult,CC1
92-926-209-213,Carin,Ruhland,59.0,Donetsk,Ukraine,Carin.Ruhland@email.com,,0.0,Adult,CC1
64-642-585-614,Erhard,Schley,26.0,Athens,Greece,Erhard .Schley@email.com,,0.0,Adult,CC3
31-313-326-796,Tobias,Prill,43.0,Los Angeles,United_States,Tobias.Prill@corp.com,Tobias.Prill@corp.com,1.0,Adult,CC1
48-488-791-249,Verena,Lackner,31.0,Palermo,Italy,Verena.Lackner@email.com,,0.0,Adult,CC3
50-506-697-242,Ottomar ,Steffens,33.86,Denver,United_States,Ottomar .Steffens@email.com,,0.0,Adult,CC3
59-599-495-603,Gerald ,Haußmann,66.0,Chicago,United_States,Gerald .Haußmann@email.com,,1.0,Older Adult,CC1
46-461-824-129,Romuald,Krull,69.0,Lyon,France,Romuald .Krull@email.com,,1.0,Older Adult,CC3
71-719-909-625,Giuseppina,Hinkel,24.0,Duisburg,Germany,Giuseppina.Hinkel@email.com,Giuseppina.Hinkel@corp.com,1.0,Adult,CC1
28-284-989-459,Vesna,Aschenbrenner,60.0,El Paso,United_States,Vesna.Aschenbrenner@email.com,,0.0,Adult,CC1
55-556-303-342,Gülten,Wendland,43.0,Athens,Greece,Gülten.Wendland@email.com,,1.0,Adult,CC3
52-527-901-165,Jonas ,Rücker,69.0,Donetsk,Ukraine,Jonas .Rücker@email.com,,1.0,Older Adult,CC2
40-402-102-991,Ulrike,Tillmann,45.0,Liverpool,United_Kingdom,Ulrike.Tillmann@email.com,,1.0,Adult,CC2
88-883-992-668,Patrizia,Aschenbrenner,52.0,Boston,United_States,Patrizia.Aschenbrenner@email.com,Patrizia.Aschenbrenner@corp.com,0.0,Adult,CC2
78-784-362-696,Marita,Vollmer,23.0,Nashville-Davidson,United_States,Marita.Vollmer@email.com,,1.0,Adult,CC2
24-245-241-272,Gerfried ,Grimmer,24.0,Charlotte,United_States,Gerfried .Grimmer@email.com,,1.0,Adult,CC1
83-831-480-432,Benjamin,Rebmann,62.0,Detroit,United_States,Benjamin.Rebmann@email.com,,1.0,Adult,CC2
44-447-542-220,Saskia,Albert,19.0,Stockholm,Sweden,Saskia.Albert@email.com,,1.0,Adult,CC2
66-667-601-360,Dietrich ,Mundt,32.0,Denver,United_States,Dietrich .Mundt@email.com,,1.0,Adult,CC2
10-108-738-424,Jozef,Geisler,66.0,Palermo,Italy,Jozef .Geisler@email.com,,1.0,Older Adult,CC1
64-640-906-926,Adele,Hohmann,38.0,Barcelona,Spain,Adele.Hohmann@email.com,,0.0,Adult,CC2
23-237-633-494,Bernd-Dieter,Diedrich,35.0,Seattle,United_States,Bernd-Dieter .Diedrich@email.com,,0.0,Adult,CC2
63-637-565-241,Waldemar,Schindler,33.0,Los Angeles,United_States,Waldemar .Schindler@email.com,,1.0,Adult,CC1
76-768-988-924,Amalie,Schumann,28.0,Philadelphia,United_States,Amalie.Schumann@corp.com,Amalie.Schumann@corp.com,1.0,Adult,CC1
48-480-897-577,Mara,Noll,28.0,Rome,Italy,Mara.Noll@email.com,,1.0,Adult,CC2
90-902-250-575,Bertram ,Färber,30.0,Khmelnytskyi,Ukraine,Bertram .Färber@email.com,,0.0,Adult,CC1
32-325-880-849,Marita,Henkel,44.0,Boston,United_States,Marita.Henkel@email.com,,1.0,Adult,CC3
63-639-936-309,Sina,Stemmer,24.0,San Jose,United_States,Sina.Stemmer@email.com,,1.0,Adult,CC2
69-693-409-560,Kreszenz,Wenk,49.0,Mariupol,Ukraine,Kreszenz.Wenk@email.com,,1.0,Adult,CC3
42-429-994-975,Gundi,Niehoff,16.0,Dublin,Ireland,Gundi.Niehoff@email.com,,1.0,Adolescent,CC3
52-520-986-716,Henri,Schaaf,38.0,Amsterdam,Netherlands,Henri.Schaaf@email.com,,0.0,Adult,CC3
88-885-154-841,Lara,Volkmann,33.86,Stockholm,Sweden,Lara.Volkmann@email.com,,1.0,Adult,CC1
24-242-557-798,Diether ,Röll,24.0,Hannover,Germany,Diether .Röll@email.com,,1.0,Adult,CC3
18-182-722-134,Jochem,Burghardt,48.0,Poznan,Poland,Jochem .Burghardt@email.com,,0.0,Adult,CC1
76-768-727-334,Janette,Drechsel,47.0,New York,United_States,Janette.Drechsel@email.com,,1.0,Adult,CC2
48-482-548-762,Hilmar ,Siekmann,24.0,Kyiv,Ukraine,Hilmar .Siekmann@email.com,,1.0,Adult,CC1
24-244-742-898,Sabri,Clasen,38.0,Nashville-Davidson,United_States,Sabri .Clasen@email.com,,0.0,Adult,CC3
33-338-593-533,Reimar,Apel,40.0,Toulouse,France,Reimar .Apel@email.com,,0.0,Adult,CC2
57-576-398-283,Eva-Maria,Reil,23.0,Columbus,United_States,Eva-Maria.Reil@email.com,Eva-Maria.Reil@corp.com,0.0,Adult,CC3
71-719-431-319,Aldo,Scheibe,66.0,Warsaw,Poland,Aldo .Scheibe@email.com,,1.0,Older Adult,CC2
78-780-635-172,Martina,Gebhard,17.0,Naples,Italy,Martina.Gebhard@email.com,,0.0,Adolescent,CC2
11-118-579-805,Wladimir,Schultes,49.0,Bremen,Germany,Wladimir .Schultes@email.com,,1.0,Adult,CC1
53-532-921-728,Gerhild,Große,31.0,Milan,Italy,Gerhild.Große@email.com,,1.0,Adult,CC2
89-890-252-411,Ben,Rüther,42.0,Barcelona,Spain,Ben .Rüther@email.com,Ben .Rüther@corp.com,1.0,Adult,CC3
28-281-748-817,Achim,Lorenz,38.0,Gomel,Belarus,Achim .Lorenz@email.com,,1.0,Adult,CC2
46-462-664-815,Ingried,Scholl,26.0,Makiyivka,Ukraine,Ingried.Scholl@email.com,,1.0,Adult,CC1
98-986-324-499,Manja,Bonn,25.0,Dallas,United_States,Manja.Bonn@email.com,,0.0,Adult,CC2
74-749-631-682,Jolanthe,Künzel,56.0,Liverpool,United_Kingdom,Jolanthe.Künzel@corp.com,Jolanthe.Künzel@corp.com,1.0,Adult,CC2
62-621-182-701,Heide-Marie,Krauß,27.0,Gdansk,Poland,Heide-Marie.Krauß@email.com,,1.0,Adult,CC1
48-488-419-679,Norman,Schweikert,24.0,Amsterdam,Netherlands,Norman .Schweikert@email.com,,1.0,Adult,CC2
51-511-592-493,Sigrid,Spiegel,19.0,Bochum,Germany,Sigrid.Spiegel@email.com,,1.0,Adult,CC3
71-719-654-478,Siegmar ,Hipp,46.0,Valencia,Spain,Siegmar .Hipp@email.com,,1.0,Adult,CC1
22-229-975-312,Gundel,Orlowski,45.0,Kyiv,Ukraine,Gundel.Orlowski@email.com,,1.0,Adult,CC1
53-530-888-255,Danny,Weichert,58.0,Chicago,United_States,Danny .Weichert@email.com,,0.0,Adult,CC3
31-319-613-463,Martin,Gerke,28.0,Cardiff,United_Kingdom,Martin.Gerke@email.com,,1.0,Adult,CC3
89-894-971-153,Frank-Michael,Löwen,26.0,London,United_Kingdom,Frank-Michael .Löwen@email.com,,0.0,Adult,CC3
94-941-248-914,Selma,Kirschbaum,25.0,Seattle,United_States,Selma.Kirschbaum@email.com,,0.0,Adult,CC3
87-874-742-157,Rosalie,Tewes,45.0,Indianapolis,United_States,Rosalie.Tewes@email.com,,1.0,Adult,CC1
27-277-363-722,Eberhard,Heindl,15.0,Dnipro,Ukraine,Eberhard .Heindl@email.com,,1.0,Adolescent,CC3
11-112-461-380,Pauline,Wiechert,43.0,Marseille,France,Pauline.Wiechert@corp.com,Pauline.Wiechert@corp.com,1.0,Adult,CC1
93-933-342-953,Luisa,Rudloff,22.0,Sevastopol,Ukraine,Luisa.Rudloff@email.com,,0.0,Adult,CC2
91-913-885-521,Antonio ,Vieth,33.86,Berlin,Germany,Antonio .Vieth@email.com,,0.0,Adult,CC2
76-762-205-801,Rainer,Winkel,38.0,Duesseldorf,Germany,Rainer .Winkel@email.com,,0.0,Adult,CC1
82-826-661-525,Lotte,Heger,52.0,Columbus,United_States,Lotte.Heger@email.com,,1.0,Adult,CC3
60-605-410-429,Katarina,Brugger,67.0,Sector 3,Romania,Katarina.Brugger@email.com,,0.0,Older Adult,CC3
33-331-936-189,Conrad,Jäckel,24.0,Helsinki,Finland,Conrad .Jäckel@corp.com,Conrad .Jäckel@corp.com,0.0,Adult,CC1
91-910-232-190,Melissa,Mang,38.0,Bremen,Germany,Melissa.Mang@email.com,,0.0,Adult,CC1
75-757-447-566,Janet,Röll,35.0,Naples,Italy,Janet.Röll@corp.com,Janet.Röll@corp.com,1.0,Adult,CC3
43-432-818-726,Frithjof ,Kreuzer,22.0,Oklahoma City,United_States,Frithjof .Kreuzer@corp.com,Frithjof .Kreuzer@corp.com,1.0,Adult,CC1
16-161-413-930,Marie-Therese,Scherf,67.0,Fort Worth,United_States,Marie-Therese.Scherf@email.com,,1.0,Older Adult,CC3
27-273-578-905,Birgit,Sinn,49.0,Kharkiv,Ukraine,Birgit.Sinn@email.com,,1.0,Adult,CC1
62-625-513-426,Astrid,Kind,43.0,London,United_Kingdom,Astrid.Kind@email.com,Astrid.Kind@corp.com,1.0,Adult,CC3
75-758-417-449,Lars,Schwalbe,59.0,Krakow,Poland,Lars .Schwalbe@email.com,,0.0,Adult,CC3
15-158-964-918,Stanislaw ,Wahl,56.0,Zaporizhia,Ukraine,Stanislaw .Wahl@email.com,,1.0,Adult,CC2
34-344-412-432,Reinhart ,Wollschläger,47.0,San Francisco,United_States,Reinhart .Wollschläger@email.com,,1.0,Adult,CC1
87-875-971-992,Philip,Linn,59.0,Memphis,United_States,Philip.Linn@email.com,,1.0,Adult,CC1
84-843-180-225,Katherina,Bieber,48.0,Hamburg,Germany,Katherina.Bieber@corp.com,Katherina.Bieber@corp.com,1.0,Adult,CC1
48-480-654-714,Petar,Tröster,39.0,Kyiv,Ukraine,Petar .Tröster@email.com,,0.0,Adult,CC1
92-928-936-829,Rose-Marie,Böckmann,58.0,Los Angeles,United_States,Rose-Marie.Böckmann@email.com,,0.0,Adult,CC3
78-781-230-848,Sofie,Kirst,25.0,Hamburg,Germany,Sofie.Kirst@email.com,Sofie.Kirst@corp.com,0.0,Adult,CC2
14-143-920-839,Fadime,Matthes,34.0,Valencia,Spain,Fadime.Matthes@email.com,,1.0,Adult,CC1
70-709-555-769,Orhan,Neubert,38.0,Philadelphia,United_States,Orhan .Neubert@email.com,,1.0,Adult,CC1
51-514-680-573,Pauline,Mohr,41.0,Kyiv,Ukraine,Pauline.Mohr@email.com,,1.0,Adult,CC3
25-258-915-538,Fabian,Wilke,51.0,London,United_Kingdom,Fabian .Wilke@email.com,,1.0,Adult,CC1
29-290-490-243,Hellmut,Schimmelpfennig,49.0,Skopje,North_Macedonia,Hellmut .Schimmelpfennig@email.com,,0.0,Adult,CC3
24-245-506-925,Kay-Uwe,Mair,50.0,San Jose,United_States,Kay-Uwe .Mair@email.com,,1.0,Adult,CC3
91-916-317-212,Margit,Meuser,40.0,Nashville-Davidson,United_States,Margit.Meuser@corp.com,Margit.Meuser@corp.com,1.0,Adult,CC2
19-192-464-687,Curt,Donath,37.0,Sarajevo,Bosnia_and_Herzegovina,Curt .Donath@email.com,,0.0,Adult,CC2
81-812-892-348,Hans-Günther ,Lindner,34.0,Manchester,United_Kingdom,Hans-Günther .Lindner@email.com,,0.0,Adult,CC1
30-308-220-560,Kai,Göring,62.0,Sector 3,Romania,Kai.Göring@email.com,,1.0,Adult,CC1
69-697-438-978,Herta,Zimmerer,17.0,Vilnius,Lithuania,Herta.Zimmerer@email.com,,1.0,Adolescent,CC3
96-963-617-372,Philippe,Knop,34.0,Columbus,United_States,Philippe .Knop@email.com,,0.0,Adult,CC2
11-119-737-451,Michael,Prell,45.0,Cardiff,United_Kingdom,Michael.Prell@email.com,,1.0,Adult,CC3
95-950-893-327,Ilonka,Hemmer,33.86,Lodz,Poland,Ilonka.Hemmer@email.com,,1.0,Adult,CC1
98-985-337-384,Elli,Wacker,50.0,San Francisco,United_States,Elli.Wacker@email.com,,1.0,Adult,CC3
37-373-226-193,Franziska,Leopold,24.0,Antwerpen,Belgium,Franziska.Leopold@email.com,,1.0,Adult,CC3
84-846-819-543,Alexandra,Poser,42.0,Genoa,Italy,Alexandra.Poser@email.com,,1.0,Adult,CC1
22-227-751-759,Simon,Bluhm,64.0,Palma,Spain,Simon .Bluhm@email.com,,1.0,Adult,CC1
60-605-124-963,Maria-Theresia,Huber,23.0,Cardiff,United_Kingdom,Maria-Theresia.Huber@email.com,,0.0,Adult,CC1
70-708-869-764,Ante ,Hilpert,22.0,Antwerpen,Belgium,Ante .Hilpert@email.com,,1.0,Adult,CC2
79-799-233-149,Frida,Kropf,29.0,Dortmund,Germany,Frida.Kropf@email.com,,1.0,Adult,CC3
62-624-633-222,Ingeburg,Hagemann,25.0,London,United_Kingdom,Ingeburg.Hagemann@email.com,Ingeburg.Hagemann@corp.com,1.0,Adult,CC1
54-545-774-775,Hans-Martin,Baum,29.0,Lyon,France,Hans-Martin .Baum@corp.com,Hans-Martin .Baum@corp.com,0.0,Adult,CC2
94-947-661-833,Wibke,Klocke,22.0,Houston,United_States,Wibke.Klocke@email.com,Wibke.Klocke@corp.com,0.0,Adult,CC2
99-993-929-777,Johan,Wetzel,50.0,Belgrade,Serbia,Johan .Wetzel@email.com,,1.0,Adult,CC1
20-200-524-330,Edward,Gradl,32.0,Makiyivka,Ukraine,Edward .Gradl@email.com,,0.0,Adult,CC3
23-233-651-252,Ivonne,Scheffel,58.0,Mykolayiv,Ukraine,Ivonne.Scheffel@email.com,,1.0,Adult,CC2
98-987-814-930,Gislinde,Hoch,30.0,Edinburgh,United_Kingdom,Gislinde.Hoch@email.com,,0.0,Adult,CC2
84-847-377-388,Jessika,Eppler,27.0,Genoa,Italy,Jessika.Eppler@email.com,,0.0,Adult,CC3
18-188-503-436,Rosa-Maria,Heese,39.0,Washington,United_States,Rosa-Maria.Heese@email.com,,1.0,Adult,CC1
19-194-136-808,Hans-Rudolf ,Schwenk,25.0,Washington,United_States,Hans-Rudolf .Schwenk@email.com,,0.0,Adult,CC3
89-891-185-559,Eckard,Erbe,37.0,Minsk,Belarus,Eckard .Erbe@corp.com,Eckard .Erbe@corp.com,0.0,Adult,CC2
65-657-417-417,Thoralf,Frerichs,53.0,Fort Worth,United_States,Thoralf .Frerichs@email.com,,0.0,Adult,CC2
80-809-504-992,Johanna,Schupp,32.0,Houston,United_States,Johanna.Schupp@email.com,,1.0,Adult,CC3
58-587-984-698,Claudia,Bartelt,15.0,Palermo,Italy,Claudia.Bartelt@email.com,,1.0,Adolescent,CC1
76-769-344-310,Beate,Klaus,38.0,Bochum,Germany,Beate.Klaus@email.com,,1.0,Adult,CC2
34-341-528-555,Hannelore,Kuntz,50.0,Duesseldorf,Germany,Hannelore.Kuntz@email.com,,0.0,Adult,CC3
14-148-418-173,Walli,Schiller,54.0,Berlin,Germany,Walli.Schiller@email.com,,0.0,Adult,CC1
70-707-671-393,Rochus,Cohrs,43.0,Los Angeles,United_States,Rochus .Cohrs@email.com,,0.0,Adult,CC1
54-547-355-619,Egbert ,Reil,45.0,Lisbon,Portugal,Egbert .Reil@email.com,,1.0,Adult,CC1
58-582-939-832,José ,Henrich,41.0,Makiyivka,Ukraine,José .Henrich@email.com,José .Henrich@corp.com,0.0,Adult,CC3
96-965-612-675,Augustin,Wirtz,61.0,Wandsbek,Germany,Augustin .Wirtz@email.com,,1.0,Adult,CC2
65-655-891-861,Britta,Sander,40.0,Chicago,United_States,Britta.Sander@email.com,,1.0,Adult,CC1
51-514-570-285,Vitali,Rudolf,57.0,Turin,Italy,Vitali .Rudolf@email.com,,1.0,Adult,CC3
22-223-193-923,Christopher,Krey,52.0,Amsterdam,Netherlands,Christopher .Krey@email.com,,1.0,Adult,CC3
54-549-955-435,Slavica,Mager,32.0,Wroclaw,Poland,Slavica.Mager@email.com,Slavica.Mager@corp.com,1.0,Adult,CC2
28-286-200-759,Nelly,Helm,28.0,Prague,Czech_Republic,Nelly.Helm@email.com,,0.0,Adult,CC1
99-995-215-703,Jovan,Rempel,32.0,Sector 3,Romania,Jovan .Rempel@corp.com,Jovan .Rempel@corp.com,0.0,Adult,CC3
74-741-192-621,Beate,Rost,42.0,Columbus,United_States,Beate.Rost@email.com,,1.0,Adult,CC2
50-509-434-219,Mike,Hoff,46.0,Donetsk,Ukraine,Mike.Hoff@email.com,,1.0,Adult,CC2
81-814-485-538,Raphaela,Althaus,39.0,Birmingham,United_Kingdom,Raphaela.Althaus@email.com,,0.0,Adult,CC1
15-150-714-922,Apostolos,Weißer,30.0,Sector 3,Romania,Apostolos .Weißer@email.com,,0.0,Adult,CC2
12-128-788-112,Mohammed,Otto,61.0,Essen,Germany,Mohammed .Otto@email.com,,1.0,Adult,CC3
70-705-769-663,Cosima,Raab,43.0,Poznan,Poland,Cosima.Raab@email.com,,1.0,Adult,CC3
75-751-901-546,Gesche,Borgmann,19.0,Helsinki,Finland,Gesche.Borgmann@email.com,,0.0,Adult,CC1
16-161-169-114,Fredo ,Staudinger,61.0,Oklahoma City,United_States,Fredo .Staudinger@email.com,,1.0,Adult,CC3
16-169-490-378,Oswald,Haberland,35.0,Sarajevo,Bosnia_and_Herzegovina,Oswald .Haberland@email.com,,0.0,Adult,CC1
91-910-165-479,Vassilios ,Kelm,50.0,Warsaw,Poland,Vassilios .Kelm@email.com,,1.0,Adult,CC1
60-607-456-807,Knut,Kley,39.0,Valencia,Spain,Knut .Kley@email.com,,1.0,Adult,CC3
10-100-897-400,Hasso,Häußler,30.0,Berlin,Germany,Hasso .Häußler@email.com,,1.0,Adult,CC2
43-437-426-774,Irina,Lammers,36.0,Luhansk,Ukraine,Irina.Lammers@email.com,,1.0,Adult,CC3
37-373-212-513,Inge,Wohlfarth,57.0,Athens,Greece,Inge.Wohlfarth@email.com,,1.0,Adult,CC2
16-166-986-465,Bertha,Spahn,49.0,Leicester,United_Kingdom,Bertha.Spahn@email.com,,1.0,Adult,CC3
98-984-788-506,Amalie,Sachs,19.0,Dnipro,Ukraine,Amalie.Sachs@corp.com,Amalie.Sachs@corp.com,1.0,Adult,CC2
93-936-812-339,Myriam,Reinsch,25.0,Dublin,Ireland,Myriam.Reinsch@email.com,,1.0,Adult,CC2
15-156-136-820,Nikola,Oertel,35.0,Copenhagen,Denmark,Nikola .Oertel@email.com,,0.0,Adult,CC3
96-969-465-176,Karin,Neher,32.0,Chicago,United_States,Karin.Neher@email.com,,1.0,Adult,CC2
77-778-976-467,Sabine,Kriegel,55.0,Brussels,Belgium,Sabine.Kriegel@corp.com,Sabine.Kriegel@corp.com,0.0,Adult,CC2
37-379-274-830,Ryszard ,Kunz,17.0,Vilnius,Lithuania,Ryszard .Kunz@email.com,,1.0,Adolescent,CC2
38-386-586-558,Herlinde,Finke,33.86,Minsk,Belarus,Herlinde.Finke@email.com,,0.0,Adult,CC1
92-926-645-863,Sebastiano,Platz,20.0,San Francisco,United_States,Sebastiano .Platz@corp.com,Sebastiano .Platz@corp.com,0.0,Adult,CC1
10-106-104-108,Nancy,Lohmann,25.0,Munich,Germany,Nancy.Lohmann@email.com,,1.0,Adult,CC2
25-255-979-458,Imre,Jakobs,30.0,Brussels,Belgium,Imre .Jakobs@email.com,,0.0,Adult,CC2
54-541-758-320,Sven ,Mühlberger,41.0,Zagreb,Croatia,Sven .Mühlberger@email.com,Sven .Mühlberger@corp.com,1.0,Adult,CC2
70-702-417-438,Inge,Lieske,44.0,Denver,United_States,Inge.Lieske@email.com,Inge.Lieske@corp.com,0.0,Adult,CC1
94-949-897-933,Nuran,Baumgart,54.0,Copenhagen,Denmark,Nuran.Baumgart@email.com,,1.0,Adult,CC2
32-329-990-500,Fedor ,Seemann,30.0,Portland,United_States,Fedor .Seemann@email.com,,1.0,Adult,CC2
73-733-903-158,Käte,Geier,16.0,Koeln,Germany,Käte.Geier@email.com,,1.0,Adolescent,CC3
61-611-529-941,Irmtraud,Fenzl,37.0,Mykolayiv,Ukraine,Irmtraud.Fenzl@email.com,Irmtraud.Fenzl@corp.com,0.0,Adult,CC1
85-853-961-984,Cemal,Wurm,29.0,Memphis,United_States,Cemal .Wurm@email.com,,1.0,Adult,CC3
48-481-166-756,Ahmed,Oestreich,24.0,Palma,Spain,Ahmed .Oestreich@email.com,,1.0,Adult,CC1
37-370-374-347,Beate,Maier,69.0,Marseille,France,Beate.Maier@email.com,,1.0,Older Adult,CC1
69-691-489-684,Heribert,Siefert,17.0,Madrid,Spain,Heribert .Siefert@email.com,,0.0,Adolescent,CC2
69-697-237-791,Manuel ,Senft,29.0,San Francisco,United_States,Manuel .Senft@email.com,,1.0,Adult,CC1
22-229-551-118,Sigrid,Harnisch,26.0,Odessa,Ukraine,Sigrid.Harnisch@email.com,,0.0,Adult,CC1
19-197-218-787,Ignaz ,Arslan,50.0,Dallas,United_States,Ignaz .Arslan@email.com,,1.0,Adult,CC3
49-490-178-980,Beatrix,Metzner,59.0,Kryvyi Rih,Ukraine,Beatrix.Metzner@email.com,,1.0,Adult,CC1
16-162-436-498,Zenta,Linde,38.0,San Jose,United_States,Zenta.Linde@email.com,,0.0,Adult,CC1
85-856-359-146,Eberhardt ,Wende,44.0,Cardiff,United_Kingdom,Eberhardt .Wende@email.com,Eberhardt .Wende@corp.com,1.0,Adult,CC2
66-668-172-730,Marcel,Haider,41.0,Antwerpen,Belgium,Marcel .Haider@email.com,Marcel .Haider@corp.com,1.0,Adult,CC2
34-341-255-345,Maxim ,Möbus,30.0,Las Vegas,United_States,Maxim .Möbus@email.com,,0.0,Adult,CC3
27-277-481-384,Sonja,Ohm,34.0,Vilnius,Lithuania,Sonja.Ohm@email.com,,1.0,Adult,CC3
75-755-117-458,Ole,Backhaus,24.0,Gdansk,Poland,Ole .Backhaus@email.com,,1.0,Adult,CC1
42-422-359-172,Hilma,Bosse,65.0,Milan,Italy,Hilma.Bosse@email.com,,0.0,Adult,CC2
27-274-183-688,Solveig,Hutter,31.0,Antwerpen,Belgium,Solveig.Hutter@email.com,,0.0,Adult,CC3
35-358-155-185,Monica,Bartels,54.0,Odessa,Ukraine,Monica.Bartels@email.com,,1.0,Adult,CC2
70-706-799-189,Kreszentia,Spiekermann,64.0,Kharkiv,Ukraine,Kreszentia.Spiekermann@email.com,Kreszentia.Spiekermann@corp.com,1.0,Adult,CC2
96-968-272-813,Ullrich,Bacher,47.0,Kyiv,Ukraine,Ullrich .Bacher@email.com,,0.0,Adult,CC1
54-547-734-662,Gotthilf,Schneiders,22.0,Minsk,Belarus,Gotthilf .Schneiders@email.com,,1.0,Adult,CC2
52-529-791-810,Annelie,Lux,64.0,London,United_Kingdom,Annelie.Lux@email.com,,0.0,Adult,CC2
60-603-449-927,Birgitt,Scholze,45.0,Dublin,Ireland,Birgitt.Scholze@email.com,,1.0,Adult,CC1
90-908-658-642,Elzbieta,Strauß,44.0,Los Angeles,United_States,Elzbieta.Strauß@email.com,Elzbieta.Strauß@corp.com,0.0,Adult,CC1
49-492-841-641,Hans-Uwe ,Harrer,38.0,Madrid,Spain,Hans-Uwe .Harrer@email.com,,0.0,Adult,CC2
22-224-844-303,Justine,Möllers,33.86,Athens,Greece,Justine.Möllers@email.com,,1.0,Adult,CC3
72-723-669-194,Milka,Pesch,23.0,Nashville-Davidson,United_States,Milka.Pesch@email.com,,0.0,Adult,CC2
31-318-325-141,Erik ,Rose,21.0,Vilnius,Lithuania,Erik .Rose@email.com,,1.0,Adult,CC1
34-348-741-254,Fanny,Galle,35.0,Nuernberg,Germany,Fanny.Galle@email.com,,0.0,Adult,CC1
45-459-998-134,Darius,Yildirim,43.0,San Jose,United_States,Darius .Yildirim@email.com,,0.0,Adult,CC2
54-549-787-968,Friedemann ,Gaus,17.0,Mariupol,Ukraine,Friedemann .Gaus@email.com,,1.0,Adolescent,CC3
75-754-755-390,Theodor ,Schultheiß,33.86,Hamburg,Germany,Theodor .Schultheiß@email.com,,0.0,Adult,CC3
72-727-855-950,Elzbieta,Schupp,27.0,San Francisco,United_States,Elzbieta.Schupp@email.com,,1.0,Adult,CC1
54-544-147-134,Sibille,Spiegel,34.0,Sofia,Bulgaria,Sibille.Spiegel@email.com,,1.0,Adult,CC3
64-645-293-395,Meinolf ,Rösch,61.0,Manchester,United_Kingdom,Meinolf .Rösch@email.com,,1.0,Adult,CC1
98-981-485-923,Geert,Hausmann,29.0,Prague,Czech_Republic,Geert .Hausmann@corp.com,Geert .Hausmann@corp.com,1.0,Adult,CC1
81-818-202-884,Harold,Philipps,18.0,Bremen,Germany,Harold .Philipps@email.com,,1.0,Adult,CC1
48-485-933-907,Mohammed ,Eggers,19.0,Sheffield,United_Kingdom,Mohammed .Eggers@email.com,,0.0,Adult,CC1
99-996-588-311,Hansjürgen,Zeitler,32.0,Zaporizhia,Ukraine,Hansjürgen .Zeitler@email.com,,0.0,Adult,CC1
75-753-617-317,Lissi,Fleischer,61.0,Columbus,United_States,Lissi.Fleischer@email.com,,0.0,Adult,CC1
67-679-206-151,Stefan,Neu,35.0,Portland,United_States,Stefan.Neu@email.com,,1.0,Adult,CC3
19-192-323-109,Nils,Voß,20.0,Genoa,Iatly,Nils.Voß@email.com,,0.0,Adult,CC3
42-421-123-510,Eitel,Zabel,18.0,Kryvyi Rih,Ukraine,Eitel .Zabel@email.com,,1.0,Adult,CC2
22-224-373-200,Rico ,Schlecht,26.0,Naples,Italy,Rico .Schlecht@email.com,,1.0,Adult,CC3
71-712-866-413,Gerhard,Brede,39.0,Los Angeles,United_States,Gerhard.Brede@email.com,,0.0,Adult,CC1
15-152-237-925,Jozef ,Kost,16.0,Skopje,North_Macedonia,Jozef .Kost@email.com,,0.0,Adolescent,CC3
49-493-528-338,Irmtrud,Ebel,46.0,Kryvyi Rih,Ukraine,Irmtrud.Ebel@email.com,,1.0,Adult,CC2
94-940-834-880,Stephanie,Kloss,15.0,Lyon,France,Stephanie.Kloss@email.com,,1.0,Adolescent,CC2
98-985-103-506,Bernadette,Rückert,30.0,Essen,Germany,Bernadette.Rückert@email.com,,0.0,Adult,CC1
86-861-724-628,Gotthold ,Hecht,51.0,Marseille,France,Gotthold .Hecht@email.com,,0.0,Adult,CC1
19-190-683-783,Dietmar ,Sperling,35.0,Oslo,Norway,Dietmar .Sperling@email.com,,0.0,Adult,CC1
45-454-134-345,Giorgio,Nadler,25.0,Paris,France,Giorgio .Nadler@email.com,,1.0,Adult,CC3
27-279-595-628,Otmar,Hamm,36.0,Goeteborg,Sweden,Otmar .Hamm@email.com,,0.0,Adult,CC1
15-156-331-220,Annika,Bischof,36.0,Chicago,United_States,Annika.Bischof@email.com,,1.0,Adult,CC3
26-269-959-624,Maike,Locher,23.0,Frankfurt am Main,Germany,Maike.Locher@email.com,,0.0,Adult,CC3
31-311-928-932,Joern,Pfeffer,18.0,Memphis,United_States,Joern.Pfeffer@email.com,Joern.Pfeffer@corp.com,0.0,Adult,CC1
16-160-431-567,Margret,Kellner,51.0,Leicester,United_Kingdom,Margret.Kellner@email.com,,0.0,Adult,CC2
36-365-662-463,Sarah,Kramp,33.0,Chisinau,Moldova,Sarah.Kramp@email.com,Sarah.Kramp@corp.com,0.0,Adult,CC3
37-377-721-745,Fatima,Rosenkranz,32.0,Vienna,Austria,Fatima.Rosenkranz@email.com,,0.0,Adult,CC1
51-516-952-953,Leszek ,Kuhr,51.0,Kyiv,Ukraine,Leszek .Kuhr@email.com,,0.0,Adult,CC1
30-302-810-643,Philomena,Walther,34.0,Vilnius,Lithuania,Philomena.Walther@email.com,,0.0,Adult,CC2
34-340-352-897,Brit,Jürgensen,26.0,Duesseldorf,Germany,Brit.Jürgensen@email.com,,0.0,Adult,CC3
60-606-359-237,Luka,Figge,40.0,Hannover,Germany,Luka.Figge@email.com,,0.0,Adult,CC2
73-732-672-658,Aleksandar ,Riemer,28.0,Mariupol,Ukraine,Aleksandar .Riemer@email.com,,1.0,Adult,CC2
41-418-506-653,Verena,Wittig,59.0,Portland,United_States,Verena.Wittig@email.com,,1.0,Adult,CC1
95-952-896-494,Mina,Eckhoff,52.0,Zaragoza,Spain,Mina.Eckhoff@corp.com,Mina.Eckhoff@corp.com,1.0,Adult,CC1
30-306-446-712,Melissa,Hahne,33.86,Glasgow,United_Kingdom,Melissa.Hahne@email.com,,0.0,Adult,CC2
69-695-557-939,Kilian,Selle,69.0,The Hague,Netherlands,Kilian .Selle@email.com,,1.0,Older Adult,CC1
63-639-956-568,Enver ,Weis,31.0,Bucharest,Romania,Enver .Weis@email.com,,1.0,Adult,CC2
31-319-670-912,Evangelos ,Haubold,57.0,Poznan,Poland,Evangelos .Haubold@email.com,Evangelos .Haubold@corp.com,1.0,Adult,CC3
16-163-618-955,Hans Peter,Koller,53.0,Gdansk,Poland,Hans Peter.Koller@email.com,,1.0,Adult,CC2
14-148-595-819,Lydia,Rohmann,39.0,Phoenix,United_States,Lydia.Rohmann@email.com,,0.0,Adult,CC2
10-106-963-677,Maria-Luise,Germann,19.0,Jacksonville,United_States,Maria-Luise.Germann@corp.com,Maria-Luise.Germann@corp.com,1.0,Adult,CC3
23-238-979-191,Ljubica,Birke,24.0,Zagreb,Croatia,Ljubica.Birke@email.com,,1.0,Adult,CC1
82-821-167-412,Mohammed ,Mair,36.0,Manchester,United_Kingdom,Mohammed .Mair@email.com,,0.0,Adult,CC3
65-652-668-755,Hans-Dietrich,Kügler,34.0,Indianapolis,United_States,Hans-Dietrich .Kügler@email.com,,1.0,Adult,CC2
51-515-850-242,William,Mies,57.0,Nuernberg,Germany,William .Mies@email.com,,0.0,Adult,CC2
28-280-879-991,Cetin,Feist,25.0,Bochum-Hordel,Germany,Cetin .Feist@email.com,,0.0,Adult,CC2
92-920-303-168,Zlatko,Daniel,48.0,Cardiff,United_Kingdom,Zlatko .Daniel@email.com,,1.0,Adult,CC2
35-359-109-885,Hardy,Schaffner,46.0,Nuernberg,Germany,Hardy .Schaffner@email.com,,0.0,Adult,CC1
75-756-238-415,Gabriele,Siemer,29.0,Oklahoma City,United_States,Gabriele.Siemer@email.com,Gabriele.Siemer@corp.com,1.0,Adult,CC1
90-900-208-103,Ulrike,Schnieders,41.0,Zaporizhia,Ukraine,Ulrike.Schnieders@email.com,,1.0,Adult,CC2
56-569-443-786,Nadine,Mayerhofer,16.0,Milan,Italy,Nadine.Mayerhofer@email.com,,1.0,Adolescent,CC1
87-876-981-741,Lene,Strohmeier,55.0,Liverpool,United_Kingdom,Lene.Strohmeier@email.com,,0.0,Adult,CC1
61-611-492-127,Gregor,Heitz,52.0,Sarajevo,Bosnia_and_Herzegovina,Gregor .Heitz@email.com,,0.0,Adult,CC3
78-788-172-689,Laila,Rehberg,52.0,Leeds,United_Kingdom,Laila.Rehberg@email.com,,1.0,Adult,CC3
48-480-508-874,Faruk,Mau,33.0,Jacksonville,United_States,Faruk .Mau@email.com,,1.0,Adult,CC3
38-385-197-531,Helmut,Becker,64.0,Vilnius,Lithuania,Helmut.Becker@email.com,,1.0,Adult,CC3
42-423-620-885,Lydia,Reichart,39.0,Denver,United_States,Lydia.Reichart@email.com,,1.0,Adult,CC2
40-408-944-307,Tobias,Welker,47.0,Seattle,United_States,Tobias.Welker@corp.com,Tobias.Welker@corp.com,0.0,Adult,CC1
75-753-540-104,Meinhard,Klumpp,39.0,Rome,Italy,Meinhard .Klumpp@email.com,,0.0,Adult,CC1
63-633-853-669,Edith,Stroh,18.0,The Hague,Netherlands,Edith.Stroh@email.com,Edith.Stroh@corp.com,1.0,Adult,CC3
11-113-944-936,Heribert,Blume,53.0,Jacksonville,United_States,Heribert .Blume@email.com,,0.0,Adult,CC2
60-606-947-621,Anastasia,Kretschmann,21.0,Mykolayiv,Ukraine,Anastasia.Kretschmann@email.com,,0.0,Adult,CC2
62-627-915-631,Enver,Daum,33.86,Murcia,Spain,Enver .Daum@email.com,,1.0,Adult,CC3
56-565-228-556,Tobias,Schupp,17.0,Budapest,Hungary,Tobias.Schupp@corp.com,Tobias.Schupp@corp.com,0.0,Adolescent,CC3
28-281-935-846,Amelie,Hüls,31.0,Essen,Germany,Amelie.Hüls@email.com,,1.0,Adult,CC1
82-826-679-797,Elke,Schurig,29.0,Gomel,Belarus,Elke.Schurig@email.com,,1.0,Adult,CC1
32-326-312-307,Ernst-Dieter ,Glaser,33.86,Philadelphia,United_States,Ernst-Dieter .Glaser@email.com,,0.0,Adult,CC1
62-625-908-434,Alfred,Kemper,29.0,Palma,Spain,Alfred.Kemper@email.com,Alfred.Kemper@corp.com,0.0,Adult,CC3
40-405-956-748,Marcella,Tamm,42.0,Bratislava,Slovakia,Marcella.Tamm@email.com,Marcella.Tamm@corp.com,1.0,Adult,CC2
88-887-569-751,Margit,Buss,52.0,Rome,Italy,Margit.Buss@email.com,Margit.Buss@corp.com,0.0,Adult,CC1
97-978-402-507,Giovanna,Jüttner,43.0,Toulouse,Franec,Giovanna.Jüttner@email.com,,0.0,Adult,CC2
31-316-137-713,Woldemar ,Vogelsang,20.0,Sevilla,Spain,Woldemar .Vogelsang@email.com,,1.0,Adult,CC2
27-277-215-806,Gero,Schröder,22.0,Leeds,United_Kingdom,Gero .Schröder@email.com,Gero .Schröder@corp.com,0.0,Adult,CC1
10-103-437-899,Erdogan,Drechsler,33.86,Copenhagen,Denmark,Erdogan .Drechsler@email.com,,1.0,Adult,CC2
35-359-203-568,Verena,Kühl,33.86,Jacksonville,United_States,Verena.Kühl@email.com,,0.0,Adult,CC3
43-437-524-634,Olivia,Ulmer,16.0,Antwerpen,Belgium,Olivia.Ulmer@email.com,,0.0,Adolescent,CC3
27-270-926-475,Frieder,Bellmann,23.0,Bremen,Germany,Frieder .Bellmann@email.com,,1.0,Adult,CC3
86-864-616-548,Aurelia,Senf,52.0,Berlin,Germany,Aurelia.Senf@email.com,,1.0,Adult,CC3
79-796-694-272,Johannes ,Beckert,20.0,Leeds,United_Kingdom,Johannes .Beckert@email.com,,1.0,Adult,CC2
48-483-121-670,Edith,Friedl,31.0,Leipzig,Germany,Edith.Friedl@email.com,,1.0,Adult,CC1
20-202-680-896,Theobald ,Prüfer,33.0,Goeteborg,Sweden,Theobald .Prüfer@email.com,,1.0,Adult,CC2
69-690-827-368,Gudrun,Weitzel,17.0,Belgrade,Serbia,Gudrun.Weitzel@email.com,Gudrun.Weitzel@corp.com,1.0,Adolescent,CC2
95-953-291-467,Klaus-Werner ,Pietschmann,18.0,Oslo,Norway,Klaus-Werner .Pietschmann@email.com,,1.0,Adult,CC3
90-906-292-536,Jurij ,Stocker,18.0,Szczecin,Poland,Jurij .Stocker@email.com,,1.0,Adult,CC1
50-501-921-652,Vesna,Bürkle,48.0,Las Palmas de Gran Canaria,Spian,Vesna.Bürkle@email.com,,0.0,Adult,CC3
57-578-148-661,Hannah,Dorner,18.0,The Hague,Netherlands,Hannah.Dorner@email.com,,1.0,Adult,CC2
86-869-662-952,Mark,Schädlich,45.0,Zagreb,Croatia,Mark .Schädlich@email.com,Mark .Schädlich@corp.com,0.0,Adult,CC3
86-865-100-586,Angela,Evers,44.0,Seattle,United_States,Angela.Evers@email.com,,1.0,Adult,CC1
23-239-838-527,Klaus-Dieter ,Börger,49.0,Sector 3,Romania,Klaus-Dieter .Börger@email.com,,1.0,Adult,CC3
76-764-333-500,Ewa,Dreßler,17.0,Mariupol,Ukraine,Ewa.Dreßler@email.com,,1.0,Adolescent,CC2
67-674-216-685,Freya,Keim,37.0,Nottingham,United_Kingdom,Freya.Keim@email.com,,1.0,Adult,CC3
79-798-947-482,Margot,Klinger,56.0,Tallinn,Estonia,Margot.Klinger@corp.com,Margot.Klinger@corp.com,1.0,Adult,CC1
94-949-927-404,Sven,Bode,16.0,Indianapolis,United_States,Sven .Bode@email.com,Sven .Bode@corp.com,0.0,Adolescent,CC3
97-970-723-946,Heiko,Zeitler,41.0,Boston,United_States,Heiko .Zeitler@email.com,,0.0,Adult,CC3
65-651-214-158,Uschi,Rühl,55.0,Donetsk,Ukraine,Uschi.Rühl@email.com,,1.0,Adult,CC1
56-567-827-646,Heinz Dieter,Sailer,30.0,Antwerpen,Belgium,Heinz Dieter.Sailer@email.com,,0.0,Adult,CC2
85-853-802-887,Henri,Moog,39.0,Skopje,North_Macedonia,Henri.Moog@email.com,,0.0,Adult,CC3
50-507-652-874,Hugo,Degenhardt,46.0,Charlotte,United_States,Hugo .Degenhardt@email.com,,0.0,Adult,CC2
47-475-663-197,Giesela,Eckel,117.0,Sheffield,United_Kingdom,Giesela.Eckel@email.com,,0.0,Older Adult,CC2
51-515-690-651,Jeannine,Kunz,26.0,Dresden,Germany,Jeannine.Kunz@email.com,,1.0,Adult,CC2
13-133-912-287,Renate,Bolz,36.0,Toulouse,France,Renate.Bolz@corp.com,Renate.Bolz@corp.com,1.0,Adult,CC2
41-414-262-274,Linda,Huck,49.0,Wandsbek,Germany,Linda.Huck@email.com,,1.0,Adult,CC3
11-117-843-462,Romy,Albers,35.0,Kyiv,Ukraine,Romy.Albers@email.com,,0.0,Adult,CC1
38-389-558-880,Violetta,Diener,37.0,Khmelnytskyi,Ukraine,Violetta.Diener@email.com,,1.0,Adult,CC3
40-405-614-557,Kristiane,Hamann,42.0,Palermo,Italy,Kristiane.Hamann@email.com,,1.0,Adult,CC2
71-717-809-214,Ilona,Freese,26.0,Cardiff,United_Kingdom,Ilona.Freese@email.com,,1.0,Adult,CC3
90-901-691-179,Carmela,Vollmer,17.0,Dallas,United_States,Carmela.Vollmer@email.com,,1.0,Adolescent,CC2
38-389-953-707,Theodoros ,Schreiner,36.0,Toulouse,France,Theodoros .Schreiner@email.com,,0.0,Adult,CC2
67-673-469-642,Mark,Stüber,46.0,Stuttgart,Germany,Mark.Stüber@email.com,Mark.Stüber@corp.com,0.0,Adult,CC2
27-279-331-938,Irene,Dinter,17.0,Bochum,Germany,Irene.Dinter@email.com,,1.0,Adolescent,CC1
63-637-922-260,Andree,Freudenberg,29.0,Phoenix,United_States,Andree .Freudenberg@email.com,,0.0,Adult,CC2
81-817-756-958,Erdal,Bäumler,33.0,Memphis,United_States,Erdal .Bäumler@email.com,,0.0,Adult,CC3
76-769-844-119,Hansjürgen,Volkmann,34.0,Los Angeles,United_States,Hansjürgen .Volkmann@email.com,,0.0,Adult,CC3
93-936-849-929,Denis ,Leupold,25.0,Antwerpen,Belgium,Denis .Leupold@email.com,,0.0,Adult,CC1
25-251-372-219,Antonios,Knittel,49.0,Leeds,United_Kingdom,Antonios .Knittel@email.com,,1.0,Adult,CC2
80-800-553-862,Fatima,Preuss,26.0,Dnipro,Ukraine,Fatima.Preuss@email.com,,1.0,Adult,CC2
27-275-224-378,Jens,Hennecke,22.0,Gomel,Belarus,Jens .Hennecke@email.com,,1.0,Adult,CC2
73-734-970-951,Ottilie,Hornig,35.0,Budapest,Hungary,Ottilie.Hornig@email.com,,1.0,Adult,CC2
12-125-531-376,Ildiko,Geiß,34.0,New York,United_States,Ildiko.Geiß@email.com,,1.0,Adult,CC3
45-450-164-115,Rolf-Peter ,Vogler,30.0,Gdansk,Poland,Rolf-Peter .Vogler@corp.com,Rolf-Peter .Vogler@corp.com,0.0,Adult,CC2
22-229-172-350,Rupert,Brühl,36.0,Valencia,Spain,Rupert .Brühl@email.com,,0.0,Adult,CC3
96-962-174-421,Concetta,Reineke,49.0,Chicago,United_States,Concetta.Reineke@corp.com,Concetta.Reineke@corp.com,1.0,Adult,CC3
32-324-117-663,Klemens ,Piotrowski,17.0,Goeteborg,Sweden,Klemens .Piotrowski@email.com,,1.0,Adolescent,CC3
35-352-870-367,Reimer ,Börger,35.0,Vienna,Austria,Reimer .Börger@email.com,,1.0,Adult,CC3
34-346-421-676,Sandra,Blum,56.0,London,United_Kingdom,Sandra.Blum@email.com,,1.0,Adult,CC1
30-301-726-946,Imke,Linz,46.0,Indianapolis,United_States,Imke.Linz@corp.com,Imke.Linz@corp.com,0.0,Adult,CC2
96-966-150-608,Pero ,Borchardt,36.0,Los Angeles,United_States,Pero .Borchardt@email.com,,0.0,Adult,CC3
98-988-394-403,Erhardt ,Seidler,41.0,Nottingham,United_Kingdom,Erhardt .Seidler@email.com,,1.0,Adult,CC3
44-441-546-691,Editha,Heger,33.86,Wandsbek,Germany,Editha.Heger@email.com,,1.0,Adult,CC3
57-576-126-553,Marina,Thon,32.0,Manchester,United_Kingdom,Marina.Thon@email.com,,1.0,Adult,CC1
95-950-910-709,Gabriela,Pelzer,45.0,Dnipro,Ukraine,Gabriela.Pelzer@email.com,Gabriela.Pelzer@corp.com,1.0,Adult,CC2
43-438-451-673,Heinz-Günter,Wall,33.86,Bremen,Germany,Heinz-Günter .Wall@email.com,Heinz-Günter .Wall@corp.com,0.0,Adult,CC3
84-846-130-519,Holger,Bollmann,61.0,Denver,United_States,Holger.Bollmann@email.com,,1.0,Adult,CC2
55-550-886-439,Marcel,Haustein,15.0,The Hague,Netherlands,Marcel.Haustein@email.com,,1.0,Adolescent,CC1
81-811-561-448,Ljudmila,Galle,23.0,New York,United_States,Ljudmila.Galle@email.com,,0.0,Adult,CC2
42-423-977-785,Gregor,Volk,30.0,Lisbon,Portugal,Gregor .Volk@email.com,,1.0,Adult,CC3
58-586-892-967,Torsten ,Brune,29.0,Munich,Germany,Torsten .Brune@email.com,,1.0,Adult,CC3
50-502-560-517,Carmine,Huth,55.0,Marseille,France,Carmine.Huth@email.com,,1.0,Adult,CC1
67-673-519-451,Faruk ,Gunkel,22.0,Berlin,Germany,Faruk .Gunkel@email.com,,0.0,Adult,CC2
67-675-749-499,Eric,Schwarzkopf,18.0,Bochum,Germany,Eric .Schwarzkopf@email.com,Eric .Schwarzkopf@corp.com,0.0,Adult,CC2
94-942-986-898,Margit,Baumbach,26.0,Sector 3,Romania,Margit.Baumbach@email.com,Margit.Baumbach@corp.com,1.0,Adult,CC1
20-204-133-200,Gunnar,Huber,33.86,Stockholm,Sweden,Gunnar .Huber@corp.com,Gunnar .Huber@corp.com,1.0,Adult,CC3
22-227-897-609,Alexander,Hemmer,53.0,Palermo,Italy,Alexander.Hemmer@corp.com,Alexander.Hemmer@corp.com,0.0,Adult,CC1
87-872-369-549,Felix,Schwandt,38.0,Frankfurt am Main,Germany,Felix .Schwandt@email.com,,0.0,Adult,CC1
38-388-478-742,Franka,Seiffert,30.0,Manchester,United_Kingdom,Franka.Seiffert@email.com,,1.0,Adult,CC3
75-756-290-247,Helmut,Schuck,31.0,Los Angeles,United_States,Helmut .Schuck@email.com,,0.0,Adult,CC3
40-403-589-355,Dusan,Bollmann,34.0,Essen,Germany,Dusan .Bollmann@email.com,,1.0,Adult,CC2
73-733-222-717,Mara,Stapf,27.0,Louisville/Jefferson County,United_States,Mara.Stapf@email.com,,0.0,Adult,CC3
57-579-625-241,Elfriede,Ehrenberg,24.0,Fort Worth,United_States,Elfriede.Ehrenberg@email.com,,1.0,Adult,CC1
64-642-269-858,Sigfried,Steiger,25.0,Columbus,United_States,Sigfried .Steiger@email.com,,1.0,Adult,CC1
67-672-450-218,Romana,Heckmann,46.0,Detroit,United_States,Romana.Heckmann@email.com,,1.0,Adult,CC2
30-302-990-142,Cornelia,Stein,30.0,Lviv,Ukraine,Cornelia.Stein@email.com,,1.0,Adult,CC2
79-791-986-135,Gerti,Hinrichs,50.0,Nuernberg,Germany,Gerti.Hinrichs@email.com,,1.0,Adult,CC2
87-878-362-760,Siegbert ,Reiff,44.0,El Paso,United_States,Siegbert .Reiff@email.com,Siegbert .Reiff@corp.com,0.0,Adult,CC3
52-526-703-450,Anatolij,Schaible,47.0,Tallinn,Estonia,Anatolij .Schaible@corp.com,Anatolij .Schaible@corp.com,1.0,Adult,CC2
88-888-739-388,Elwira,Pichler,26.0,San Antonio,United_States,Elwira.Pichler@email.com,,1.0,Adult,CC3
20-203-208-588,Sylke,Carl,36.0,Gdansk,Poland,Sylke.Carl@email.com,,0.0,Adult,CC2
60-605-159-423,Sieglinde,Husemann,26.0,Riga,Latvia,Sieglinde.Husemann@email.com,,1.0,Adult,CC2
80-807-171-312,Stefan,Brettschneider,26.0,Philadelphia,United_States,Stefan.Brettschneider@email.com,,0.0,Adult,CC1
21-215-588-398,Irmgard,Kehl,40.0,Oklahoma City,United_States,Irmgard.Kehl@email.com,Irmgard.Kehl@corp.com,1.0,Adult,CC1
78-781-800-537,Milka,Tietz,29.0,Charlotte,United_States,Milka.Tietz@email.com,,1.0,Adult,CC3
49-498-215-899,Imre,Sauer,41.0,Nuernberg,Germany,Imre .Sauer@email.com,,0.0,Adult,CC3
18-186-527-584,Nick,Buse,67.0,Valencia,Spain,Nick .Buse@email.com,,1.0,Older Adult,CC3
34-348-377-557,Rainer,Meindl,44.0,Budapest,Hungary,Rainer.Meindl@email.com,,1.0,Adult,CC1
55-550-190-931,Ferdi ,Diefenbach,19.0,Baltimore,United_States,Ferdi .Diefenbach@email.com,,0.0,Adult,CC2
19-191-927-958,Kirsten,Heigl,24.0,Gomel,Belarus,Kirsten.Heigl@email.com,,1.0,Adult,CC1
32-321-208-716,Kordula,Rieß,28.0,Indianapolis,United_States,Kordula.Rieß@email.com,,1.0,Adult,CC3
13-137-354-935,Rene,Carstens,35.0,Stuttgart,Germany,Rene .Carstens@email.com,,0.0,Adult,CC3
46-464-740-363,Ahmed ,Schwan,33.0,Indianapolis,United_States,Ahmed .Schwan@email.com,,1.0,Adult,CC1
33-337-603-569,Jo,Voß,18.0,Milan,Italy,Jo.Voß@corp.com,Jo.Voß@corp.com,1.0,Adult,CC2
35-359-783-185,Igor,Pöschl,22.0,Phoenix,United_States,Igor .Pöschl@email.com,,0.0,Adult,CC3
83-837-411-999,Zita,Sauer,51.0,Prague,Czech_Republic,Zita.Sauer@email.com,,1.0,Adult,CC1
60-603-535-498,Tina,Wahl,32.0,Chisinau,Moldova,Tina.Wahl@email.com,,1.0,Adult,CC1
43-435-794-724,Barbara,Gräber,22.0,Kyiv,Ukraine,Barbara.Gräber@email.com,,0.0,Adult,CC1
24-247-948-427,Rainer,Knödler,46.0,Houston,United_States,Rainer .Knödler@email.com,Rainer .Knödler@corp.com,0.0,Adult,CC1
55-553-802-466,Ansgar,Raabe,43.0,San Jose,United_States,Ansgar .Raabe@email.com,,1.0,Adult,CC1
37-378-243-504,Liesel,Gehrig,54.0,Odessa,Ukraine,Liesel.Gehrig@email.com,,1.0,Adult,CC1
65-654-293-463,Gerwin,Scheler,15.0,Palermo,Italy,Gerwin .Scheler@email.com,,1.0,Adolescent,CC1
64-642-570-236,Mesut,Denker,26.0,Dortmund,Germany,Mesut .Denker@email.com,Mesut .Denker@corp.com,1.0,Adult,CC3
23-236-221-334,Jeannette,Biedermann,26.0,Genoa,Iatly,Jeannette.Biedermann@email.com,,1.0,Adult,CC2
63-630-473-704,Ullrich,Achatz,33.0,Zaragoza,Spain,Ullrich .Achatz@email.com,,0.0,Adult,CC1
68-689-429-726,Kornelia,Martens,45.0,Chisinau,Moldova,Kornelia.Martens@email.com,,1.0,Adult,CC2
99-995-254-348,Cecilia,Riehl,21.0,San Diego,United_States,Cecilia.Riehl@email.com,,0.0,Adult,CC3
62-624-288-880,Aysel,Stenger,47.0,Jacksonville,United_States,Aysel.Stenger@email.com,,0.0,Adult,CC2
20-201-876-773,Klaudia,Hagedorn,26.0,Zaporizhia,Ukraine,Klaudia.Hagedorn@email.com,,0.0,Adult,CC3
41-413-537-164,Hans-Helmut ,Lauber,40.0,Columbus,United_States,Hans-Helmut .Lauber@email.com,,0.0,Adult,CC3
62-620-907-815,Till ,Staudt,27.0,Stuttgart,Germany,Till .Staudt@email.com,,1.0,Adult,CC2
95-953-418-777,Paul-Gerhard,Krapp,34.0,Vilnius,Lithuania,Paul-Gerhard .Krapp@email.com,,0.0,Adult,CC1
18-185-906-907,Hertha,Fink,53.0,Dublin,Ireland,Hertha.Fink@email.com,,0.0,Adult,CC1
10-102-623-155,Leonore,Bretschneider,31.0,Stockholm,Sweden,Leonore.Bretschneider@email.com,,1.0,Adult,CC3
20-200-646-401,Marta,Pfeuffer,16.0,Oklahoma City,United_States,Marta.Pfeuffer@email.com,,1.0,Adolescent,CC2
37-376-583-489,Helfried ,Hinz,47.0,Lisbon,Portugal,Helfried .Hinz@email.com,,1.0,Adult,CC1
67-679-638-670,Alois,Hafner,35.0,San Jose,United_States,Alois .Hafner@email.com,,1.0,Adult,CC1
55-558-604-990,Wolfhard,Stracke,28.0,Vilnius,Lithuania,Wolfhard .Stracke@email.com,,1.0,Adult,CC1
76-769-968-480,Hans-Adolf,Schleicher,38.0,Hamburg,Germany,Hans-Adolf .Schleicher@email.com,,0.0,Adult,CC2
57-575-796-482,Heinz-Jürgen,Reiff,28.0,Phoenix,United_States,Heinz-Jürgen .Reiff@email.com,,1.0,Adult,CC3
31-310-934-498,Marianne,Backes,25.0,Phoenix,United_States,Marianne.Backes@email.com,,0.0,Adult,CC2
70-701-882-427,Emmerich,Schwenk,34.0,Marseille,France,Emmerich .Schwenk@email.com,,0.0,Adult,CC2
59-593-137-384,Christos,Gutmann,34.0,Turin,Italy,Christos .Gutmann@email.com,,1.0,Adult,CC1
44-448-299-709,Isidor,Paulsen,24.0,Genoa,Italy,Isidor .Paulsen@email.com,,0.0,Adult,CC3
13-130-232-359,Gilda,Pabst,22.0,Los Angeles,United_States,Gilda.Pabst@email.com,,1.0,Adult,CC1
37-378-916-245,Martine,Pütz,35.0,Stuttgart,Germany,Martine.Pütz@email.com,,1.0,Adult,CC2
30-305-935-987,Malgorzata,Schröer,47.0,Boston,United_States,Malgorzata.Schröer@corp.com,Malgorzata.Schröer@corp.com,1.0,Adult,CC3
24-248-271-868,Andre,Helbing,46.0,Zagreb,Croatia,Andre.Helbing@email.com,,1.0,Adult,CC3
59-590-488-917,Horst-Dieter ,Schwanke,24.0,Detroit,United_States,Horst-Dieter .Schwanke@email.com,Horst-Dieter .Schwanke@corp.com,1.0,Adult,CC2
76-760-779-956,Adeline,Brühl,40.0,Los Angeles,United_States,Adeline.Brühl@email.com,,0.0,Adult,CC3
20-201-797-474,Edgar,Pawlik,41.0,San Francisco,United_States,Edgar .Pawlik@email.com,,0.0,Adult,CC2
13-136-336-308,Hans-Joachim,Käfer,37.0,Szczecin,Poland,Hans-Joachim .Käfer@email.com,,0.0,Adult,CC1
26-268-928-304,Kati,Heß,40.0,Kyiv,Ukranie,Kati.Heß@email.com,Kati.Heß@corp.com,1.0,Adult,CC3
95-958-325-536,Helmar,Wittich,56.0,Kyiv,Ukraine,Helmar .Wittich@email.com,,0.0,Adult,CC3
87-877-662-317,Monika,Schuck,26.0,Charlotte,United_States,Monika.Schuck@email.com,,1.0,Adult,CC1
64-645-752-219,Julia,Rentsch,40.0,New York,United_States,Julia.Rentsch@email.com,,0.0,Adult,CC3
25-254-567-213,Rolf,Groth,16.0,Phoenix,United_States,Rolf.Groth@email.com,Rolf.Groth@corp.com,1.0,Adolescent,CC3
90-904-608-934,Emma,Prüfer,33.86,Columbus,United_States,Emma.Prüfer@email.com,Emma.Prüfer@corp.com,1.0,Adult,CC2
95-952-590-395,Lucia,Holzwarth,43.0,Dresden,Germany,Lucia.Holzwarth@email.com,,0.0,Adult,CC3
81-810-909-169,Hedwig,Färber,30.0,Lyon,France,Hedwig.Färber@email.com,,1.0,Adult,CC2
70-708-554-222,Jutta,Wiesner,37.0,Dallas,United_States,Jutta.Wiesner@email.com,,1.0,Adult,CC1
70-704-759-593,Hilma,Gold,15.0,Palma,Spain,Hilma.Gold@email.com,,1.0,Adolescent,CC1
12-126-473-238,Gerlinde,Klier,50.0,Belgrade,Serbia,Gerlinde.Klier@email.com,,1.0,Adult,CC3
10-109-304-364,Stefanie,Flügel,50.0,Genoa,Italy,Stefanie.Flügel@email.com,,0.0,Adult,CC3
69-694-914-853,Rudolf ,Gaul,33.86,Louisville/Jefferson County,United_States,Rudolf .Gaul@email.com,,1.0,Adult,CC2
19-197-823-768,Nora,Hackenberg,17.0,Mykolayiv,Ukraine,Nora.Hackenberg@email.com,Nora.Hackenberg@corp.com,0.0,Adolescent,CC2
54-545-496-695,Jann,Reif,47.0,Toulouse,France,Jann .Reif@email.com,,1.0,Adult,CC3
30-300-182-641,Charlotte,Kropp,47.0,San Antonio,United_States,Charlotte.Kropp@corp.com,Charlotte.Kropp@corp.com,1.0,Adult,CC3
18-181-902-796,Dana,Reiss,28.0,Goeteborg,Sweden,Dana.Reiss@email.com,,1.0,Adult,CC2
97-976-309-793,Norbert ,Schnell,54.0,Sevilla,Spain,Norbert .Schnell@email.com,,0.0,Adult,CC1
40-407-510-292,Britt,Clemens,27.0,Berlin,Germany,Britt.Clemens@email.com,,1.0,Adult,CC3
64-649-556-839,Liselotte,Kampe,19.0,Valencia,Spain,Liselotte.Kampe@email.com,Liselotte.Kampe@corp.com,1.0,Adult,CC2
22-221-891-445,Emmerich,Cornelius,58.0,Leicester,United_Kingdom,Emmerich .Cornelius@email.com,,1.0,Adult,CC1
51-517-871-134,Chantal,Püschel,30.0,Donetsk,Ukraine,Chantal.Püschel@email.com,,1.0,Adult,CC1
44-444-818-603,Cilli,Salomon,30.0,Detroit,United_States,Cilli.Salomon@email.com,,0.0,Adult,CC2
90-908-280-703,Leonhard,Rombach,42.0,Poznan,Poland,Leonhard .Rombach@email.com,,1.0,Adult,CC2
41-413-659-693,Hansjörg,Buchmann,40.0,Fort Worth,United_States,Hansjörg .Buchmann@email.com,,1.0,Adult,CC2
36-366-628-591,Rudolf,Breunig,31.0,Zaragoza,Spain,Rudolf.Breunig@email.com,,0.0,Adult,CC3
60-608-826-804,Ann-Kathrin,Schulze,62.0,Antwerpen,Belgium,Ann-Kathrin.Schulze@email.com,,1.0,Adult,CC3
55-555-183-638,Louise,Koch,22.0,Dallas,United_States,Louise.Koch@email.com,Louise.Koch@corp.com,1.0,Adult,CC1
84-841-770-882,René,Stengel,31.0,Austin,United_States,René.Stengel@corp.com,René.Stengel@corp.com,1.0,Adult,CC2
49-493-932-117,Klaus-Ulrich ,Zwick,50.0,Marseille,France,Klaus-Ulrich .Zwick@corp.com,Klaus-Ulrich .Zwick@corp.com,1.0,Adult,CC3
89-896-734-415,Zenta,Germann,51.0,Bremen,Germany,Zenta.Germann@email.com,,0.0,Adult,CC1
60-609-937-688,Matteo ,Claußen,16.0,Madrid,Spain,Matteo .Claußen@corp.com,Matteo .Claußen@corp.com,1.0,Adolescent,CC3
34-347-738-293,Margot,Behrens,48.0,Louisville/Jefferson County,United_States,Margot.Behrens@email.com,,1.0,Adult,CC2
31-317-798-319,Tilman,Weidlich,35.0,Los Angeles,United_States,Tilman .Weidlich@email.com,,1.0,Adult,CC2
89-899-904-805,Anselm,Recktenwald,22.0,Kharkiv,Ukraine,Anselm .Recktenwald@email.com,,1.0,Adult,CC2
92-927-829-409,Tomasz,Borrmann,35.0,Turin,Italy,Tomasz .Borrmann@email.com,Tomasz .Borrmann@corp.com,1.0,Adult,CC2
49-491-865-189,Reginald ,Hecker,45.0,Nottingham,United_Kingdom,Reginald .Hecker@email.com,,1.0,Adult,CC1
51-512-533-845,Concetta,Heckmann,33.0,New York,United_States,Concetta.Heckmann@email.com,Concetta.Heckmann@corp.com,0.0,Adult,CC1
25-250-771-206,Falk,Hennig,52.0,El Paso,United_States,Falk .Hennig@email.com,,0.0,Adult,CC2
99-992-144-582,Dora,Künzel,44.0,Fort Worth,United_States,Dora.Künzel@email.com,,0.0,Adult,CC3
98-981-608-690,Ingeburg,Klaus,35.0,Hannover,Germany,Ingeburg.Klaus@corp.com,Ingeburg.Klaus@corp.com,0.0,Adult,CC1
50-506-136-773,Almuth,Bamberger,28.0,Bochum,Germany,Almuth.Bamberger@email.com,,0.0,Adult,CC2
43-436-407-197,Bernd-Dieter,Schultheiß,63.0,Lisbon,Portugal,Bernd-Dieter .Schultheiß@email.com,,1.0,Adult,CC1
53-538-940-786,Lotte,Wölk,22.0,Bremen,Germany,Lotte.Wölk@email.com,Lotte.Wölk@corp.com,1.0,Adult,CC2
85-853-377-776,Tomislav,Behrens,54.0,Louisville/Jefferson County,United_States,Tomislav .Behrens@email.com,,1.0,Adult,CC3
90-905-431-618,Jonas,Kelm,29.0,Berlin,Germany,Jonas .Kelm@email.com,,1.0,Adult,CC3
94-949-604-294,Joachim,Schwartz,36.0,Zaragoza,Spain,Joachim.Schwartz@email.com,,1.0,Adult,CC1
66-662-897-859,Konstanze,Rudloff,35.0,Riga,Latvia,Konstanze.Rudloff@email.com,,1.0,Adult,CC1
79-797-537-105,Siegmund,Wald,31.0,Warsaw,Poland,Siegmund .Wald@email.com,,0.0,Adult,CC1
85-858-220-730,Ferdinand,Licht,34.0,El Paso,United_States,Ferdinand .Licht@email.com,,1.0,Adult,CC2
82-825-372-792,Gretchen,Moser,39.0,Seattle,United_States,Gretchen.Moser@email.com,,1.0,Adult,CC1
88-880-811-779,Cornelia,Severin,56.0,Portland,United_States,Cornelia.Severin@email.com,,0.0,Adult,CC2
11-112-218-520,Zoran ,Rabe,23.0,Dallas,United_States,Zoran .Rabe@email.com,,1.0,Adult,CC2
54-541-410-575,Olaf,Engelke,45.0,Toulouse,Franec,Olaf.Engelke@email.com,,1.0,Adult,CC3
68-687-262-139,Hans-Peter ,Gärtner,52.0,Sheffield,United_Kingdom,Hans-Peter .Gärtner@email.com,,1.0,Adult,CC1
71-712-845-184,Laurenz,Wulf,40.0,Munich,Germany,Laurenz .Wulf@email.com,,1.0,Adult,CC1
52-528-810-921,Ernst ,Reich,31.0,Luhansk,Ukraine,Ernst .Reich@email.com,,1.0,Adult,CC3
31-318-211-396,Moritz ,Plate,17.0,Copenhagen,Denmark,Moritz .Plate@corp.com,Moritz .Plate@corp.com,0.0,Adolescent,CC2
48-486-725-696,Hertha,Schwager,40.0,Liverpool,United_Kingdom,Hertha.Schwager@email.com,,1.0,Adult,CC2
23-235-994-904,Alfonso,Vollmer,49.0,Budapest,Hungary,Alfonso .Vollmer@email.com,,0.0,Adult,CC2
61-613-736-378,Leila,Voß,28.0,Bratislava,Slovakia,Leila.Voß@corp.com,Leila.Voß@corp.com,1.0,Adult,CC1
49-493-132-985,Adolfine,Eismann,23.0,Bucharest,Romania,Adolfine.Eismann@email.com,,0.0,Adult,CC1
40-406-563-671,Zoltan ,Denecke,46.0,Bucharest,Romania,Zoltan .Denecke@email.com,,0.0,Adult,CC3
86-866-804-397,Arnfried ,Hahne,35.0,Duisburg,Germany,Arnfried .Hahne@corp.com,Arnfried .Hahne@corp.com,0.0,Adult,CC3
93-936-718-301,Ann,Jacobs,26.0,Leeds,United_Kingdom,Ann.Jacobs@email.com,,1.0,Adult,CC3
68-683-479-582,Dorina,Siewert,57.0,Fort Worth,United_States,Dorina.Siewert@email.com,,0.0,Adult,CC3
28-287-138-318,Kriemhild,Daub,26.0,Seattle,United_States,Kriemhild.Daub@email.com,,1.0,Adult,CC3
31-310-822-616,Gunnar ,Keim,59.0,Glasgow,United_Kingdom,Gunnar .Keim@email.com,,0.0,Adult,CC2
80-802-735-706,Peer ,Schöpf,55.0,Philadelphia,United_States,Peer .Schöpf@email.com,,0.0,Adult,CC3
64-640-307-256,Burckhard ,Schumann,18.0,Louisville/Jefferson County,United_States,Burckhard .Schumann@email.com,,0.0,Adult,CC2
24-241-667-410,Timm,Baumgarten,31.0,Charlotte,United_States,Timm .Baumgarten@email.com,,0.0,Adult,CC2
64-648-754-845,Filippo ,Kreuz,60.0,Memphis,United_States,Filippo .Kreuz@email.com,,1.0,Adult,CC3
46-460-341-946,Dittmar,Zacharias,33.86,Bochum,Germany,Dittmar .Zacharias@corp.com,Dittmar .Zacharias@corp.com,1.0,Adult,CC3
49-499-132-598,Jessica,Tonn,37.0,Dnipro,Ukraine,Jessica.Tonn@email.com,,0.0,Adult,CC3
65-655-517-976,Hans Georg,Risse,21.0,Nashville-Davidson,United_States,Hans Georg.Risse@email.com,,1.0,Adult,CC1
35-351-939-602,Antonio ,Stenzel,33.86,Antwerpen,Belgium,Antonio .Stenzel@email.com,,1.0,Adult,CC2
26-269-710-310,Ekkehard,Lay,33.0,Nuernberg,Germany,Ekkehard .Lay@email.com,,1.0,Adult,CC3
24-246-354-421,William,Spieß,49.0,Phoenix,United_States,William .Spieß@email.com,,0.0,Adult,CC3
24-242-769-938,Hans-Martin,Göpfert,38.0,Barcelona,Spain,Hans-Martin .Göpfert@email.com,,0.0,Adult,CC3
49-493-892-442,Rotraut,Debus,35.0,Portland,United_States,Rotraut.Debus@email.com,Rotraut.Debus@corp.com,0.0,Adult,CC2
49-498-360-361,Manuela,Frey,43.0,Gdansk,Poland,Manuela.Frey@email.com,,0.0,Adult,CC3
44-444-213-965,Nuri,Holst,27.0,Manchester,United_Kingdom,Nuri .Holst@email.com,,0.0,Adult,CC2
27-271-535-650,Wanda,Stöcker,53.0,Washington,United_States,Wanda.Stöcker@email.com,,0.0,Adult,CC3
95-950-701-784,Magda,Stiller,22.0,Dallas,United_States,Magda.Stiller@email.com,,1.0,Adult,CC3
21-216-406-926,Beate,Fuß,20.0,Riga,Latvia,Beate.Fuß@email.com,,1.0,Adult,CC1
75-759-713-398,Ralf,Spieker,34.0,Genoa,Italy,Ralf.Spieker@email.com,,1.0,Adult,CC3
94-943-469-296,Margarita,Helmer,38.0,Sevilla,Spain,Margarita.Helmer@email.com,,0.0,Adult,CC1
26-268-954-389,Michail ,Breier,46.0,Hamburg,Germany,Michail .Breier@email.com,,0.0,Adult,CC1
23-230-731-306,Karl-Otto,Mueller,28.0,Sector 3,Romania,Karl-Otto .Mueller@email.com,,0.0,Adult,CC2
78-781-761-920,Karl-Friedrich ,Ruf,56.0,Gdansk,Poland,Karl-Friedrich .Ruf@email.com,,1.0,Adult,CC3
43-431-587-517,Ernst-Otto,Reuther,60.0,Zagreb,Croatia,Ernst-Otto .Reuther@email.com,,0.0,Adult,CC2
24-242-727-573,Katharina,Nix,21.0,New York,United_States,Katharina.Nix@corp.com,Katharina.Nix@corp.com,0.0,Adult,CC1
24-246-706-493,Maria-Theresia,Berlin,36.0,San Francisco,United_States,Maria-Theresia.Berlin@email.com,Maria-Theresia.Berlin@corp.com,0.0,Adult,CC2
23-230-203-966,Maren,Rosenberg,33.86,Krakow,Poland,Maren.Rosenberg@email.com,,1.0,Adult,CC2
33-337-627-756,Sigrid,Tillmann,27.0,Warsaw,Poland,Sigrid.Tillmann@email.com,Sigrid.Tillmann@corp.com,1.0,Adult,CC1
93-938-641-348,Ben,Lösch,26.0,Toulouse,France,Ben .Lösch@email.com,,0.0,Adult,CC1
73-735-120-726,Gerolf,Brock,16.0,Gdansk,Poland,Gerolf .Brock@email.com,,0.0,Adolescent,CC2
94-940-263-973,Gilda,Carl,59.0,Warsaw,Poland,Gilda.Carl@email.com,,0.0,Adult,CC3
50-500-827-287,Adriane,Dillmann,18.0,Naples,Italy,Adriane.Dillmann@email.com,,1.0,Adult,CC2
61-613-971-110,Margita,Stier,37.0,Prague,Czech_Republic,Margita.Stier@email.com,,0.0,Adult,CC2
90-905-110-162,Gloria,Rech,51.0,Minsk,Belarus,Gloria.Rech@email.com,,1.0,Adult,CC2
62-622-429-194,Hilmar ,Meiser,36.0,Washington,United_States,Hilmar .Meiser@email.com,,1.0,Adult,CC3
62-620-124-487,Ines,Straßer,19.0,Malaga,Spain,Ines.Straßer@email.com,,0.0,Adult,CC2
15-152-673-891,Rudolph ,Kolodziej,50.0,Stuttgart,Germany,Rudolph .Kolodziej@email.com,,1.0,Adult,CC2
13-139-459-933,Agatha,Teubner,16.0,Bochum,Germany,Agatha.Teubner@email.com,,1.0,Adolescent,CC1
61-618-969-837,Vincenzo ,Stöhr,33.0,Cardiff,United_Kingdom,Vincenzo .Stöhr@email.com,,1.0,Adult,CC3
48-486-713-254,Franco,Weil,43.0,Goeteborg,Sweden,Franco .Weil@email.com,,1.0,Adult,CC2
74-740-533-239,Georg ,Limbach,64.0,Belgrade,Serbia,Georg .Limbach@email.com,,0.0,Adult,CC2
66-665-636-509,Antonios,Prange,47.0,Bochum,Germany,Antonios .Prange@email.com,,0.0,Adult,CC1
56-567-583-458,Sigurd,Radermacher,22.0,Khmelnytskyi,Ukraine,Sigurd .Radermacher@email.com,,1.0,Adult,CC1
27-270-619-754,Antonia,Schöler,35.0,Palma,Spain,Antonia.Schöler@email.com,,1.0,Adult,CC2
73-738-592-579,Xenia,Krüger,34.0,Berlin,Germany,Xenia.Krüger@email.com,Xenia.Krüger@corp.com,0.0,Adult,CC1
27-279-209-629,Johannes,Baur,52.0,San Diego,United_States,Johannes.Baur@email.com,,0.0,Adult,CC1
64-641-537-950,Karl-Jürgen ,Rhein,37.0,The Hague,Netherlands,Karl-Jürgen .Rhein@email.com,,0.0,Adult,CC3
51-519-984-617,Theodor ,Reger,23.0,Dublin,Ireland,Theodor .Reger@email.com,,1.0,Adult,CC3
15-151-902-734,Dorothee,Hofstetter,21.0,Bochum-Hordel,Germany,Dorothee.Hofstetter@email.com,,1.0,Adult,CC3
61-613-365-774,Murat ,Vogl,59.0,Berlin,Germany,Murat .Vogl@email.com,,1.0,Adult,CC3
77-776-457-280,Filippo ,Kreß,40.0,Luhansk,Ukraine,Filippo .Kreß@corp.com,Filippo .Kreß@corp.com,1.0,Adult,CC3
70-706-980-965,Ronald,Bahr,36.0,Dublin,Ireland,Ronald .Bahr@email.com,,0.0,Adult,CC1
80-804-116-874,Hans-Karl,Seifert,59.0,Fort Worth,United_States,Hans-Karl .Seifert@email.com,,0.0,Adult,CC3
28-288-283-457,Agatha,Käfer,27.0,Los Angeles,United_States,Agatha.Käfer@corp.com,Agatha.Käfer@corp.com,0.0,Adult,CC1
44-449-655-380,Ortwin,Wegener,28.0,Amsterdam,Netherlands,Ortwin .Wegener@email.com,Ortwin .Wegener@corp.com,1.0,Adult,CC2
26-264-863-790,Friederike,Wille,40.0,Krakow,Poland,Friederike.Wille@email.com,,1.0,Adult,CC1
48-481-432-259,Martha,Topp,28.0,Lisbon,Portugal,Martha.Topp@email.com,Martha.Topp@corp.com,1.0,Adult,CC1
10-102-996-133,Jadwiga,Karger,26.0,Lodz,Poland,Jadwiga.Karger@email.com,,1.0,Adult,CC3
10-109-150-718,Heinz ,Seibert,16.0,Austin,United_States,Heinz .Seibert@email.com,,1.0,Adolescent,CC1
43-435-696-558,Jost ,Tewes,30.0,Vilnius,Lithuania,Jost .Tewes@email.com,,1.0,Adult,CC1
77-770-490-429,Agnes,Bode,47.0,Palermo,Italy,Agnes.Bode@email.com,,1.0,Adult,CC3
13-139-858-996,Alfons,Bellmann,48.0,Wandsbek,Germany,Alfons .Bellmann@email.com,,0.0,Adult,CC2
40-407-552-756,Urs,Bächle,16.0,Kharkiv,Ukraine,Urs .Bächle@email.com,,0.0,Adolescent,CC1
82-826-137-982,Ralf-Dieter,Weiser,37.0,Krakow,Poland,Ralf-Dieter .Weiser@email.com,,1.0,Adult,CC3
77-772-848-146,Alessandro,Niehaus,33.86,Phoenix,United_States,Alessandro .Niehaus@email.com,,1.0,Adult,CC3
36-363-680-521,Mirella,Eifler,35.0,Los Angeles,United_States,Mirella.Eifler@email.com,,1.0,Adult,CC3
78-780-859-197,Timo,Vogelsang,47.0,Philadelphia,United_States,Timo .Vogelsang@email.com,,0.0,Adult,CC3
13-137-570-802,Hans-Detlef,Weigand,39.0,Zaporizhia,Ukraine,Hans-Detlef .Weigand@email.com,,0.0,Adult,CC3
98-987-761-403,Veronica,Reiß,47.0,Szczecin,Poland,Veronica.Reiß@corp.com,Veronica.Reiß@corp.com,1.0,Adult,CC1
47-471-102-815,Marta,Brehm,59.0,Boston,United_States,Marta.Brehm@email.com,,0.0,Adult,CC3
64-641-310-290,Recep,Kindermann,48.0,Athens,Greece,Recep .Kindermann@email.com,,0.0,Adult,CC1
40-404-659-470,Katy,Theiß,39.0,Turin,Italy,Katy.Theiß@email.com,,0.0,Adult,CC2
21-211-605-212,Christa,Penner,43.0,Memphis,United_States,Christa.Penner@email.com,Christa.Penner@corp.com,1.0,Adult,CC2
46-462-627-514,Thekla,Heck,19.0,Phoenix,United_States,Thekla.Heck@email.com,Thekla.Heck@corp.com,0.0,Adult,CC2
52-520-636-500,Giuseppina,Hönig,62.0,Mariupol,Ukraine,Giuseppina.Hönig@email.com,,1.0,Adult,CC3
38-383-186-844,Ekrem,Höger,55.0,Bochum-Hordel,Germany,Ekrem .Höger@email.com,Ekrem .Höger@corp.com,1.0,Adult,CC2
33-339-975-836,Gretchen,Jost,50.0,Bratislava,Slovakia,Gretchen.Jost@email.com,,0.0,Adult,CC3
34-346-553-755,Romy,Pichler,29.0,Charlotte,United_States,Romy.Pichler@email.com,,0.0,Adult,CC2
69-692-554-151,Christina,Herzberg,33.0,Baltimore,United_States,Christina.Herzberg@email.com,,1.0,Adult,CC2
51-516-472-745,Nikola ,Bork,41.0,Bratislava,Slovakia,Nikola .Bork@email.com,,1.0,Adult,CC2
55-559-539-967,Dirk ,Renner,44.0,Bremen,Germany,Dirk .Renner@email.com,,1.0,Adult,CC2
48-484-590-744,Guenter,Gassner,31.0,Stuttgart,Germany,Guenter.Gassner@email.com,,1.0,Adult,CC3
79-799-199-910,Fritz,Pesch,30.0,Frankfurt am Main,Germany,Fritz.Pesch@email.com,,0.0,Adult,CC2
56-565-572-822,Egon,Steinhauser,53.0,Dublin,Ireland,Egon .Steinhauser@email.com,,0.0,Adult,CC2
93-936-686-167,Alwina,Blume,24.0,Nottingham,United_Kingdom,Alwina.Blume@email.com,,1.0,Adult,CC1
16-161-659-257,Martine,Böttcher,28.0,Las Palmas de Gran Canaria,Spain,Martine.Böttcher@email.com,,0.0,Adult,CC3
84-845-238-158,Juri,Straube,24.0,Leicester,United_Kingdom,Juri .Straube@email.com,,0.0,Adult,CC1
17-174-178-862,Ruben,Schaarschmidt,15.0,Manchester,United_Kingdom,Ruben .Schaarschmidt@email.com,,1.0,Adolescent,CC1
36-368-594-146,Emmi,Damm,35.0,Warsaw,Poland,Emmi.Damm@email.com,,1.0,Adult,CC1
14-145-580-968,Faruk,Töpfer,41.0,Zaragoza,Spain,Faruk .Töpfer@email.com,,1.0,Adult,CC1
17-172-622-400,Jane,Guse,49.0,Dallas,United_States,Jane.Guse@email.com,,1.0,Adult,CC1
82-829-905-221,Regina,Reiners,24.0,Helsinki,Finland,Regina.Reiners@email.com,,0.0,Adult,CC2
44-447-218-399,Timo ,Gräfe,24.0,Riga,Latvia,Timo .Gräfe@email.com,,0.0,Adult,CC2
90-906-622-542,Hans-Wolfgang,Hennecke,48.0,Columbus,United_States,Hans-Wolfgang .Hennecke@email.com,,0.0,Adult,CC1
26-260-281-315,Klaus,Kraft,26.0,Bremen,Germany,Klaus .Kraft@corp.com,Klaus .Kraft@corp.com,0.0,Adult,CC2
71-712-487-396,Madeleine,Diener,28.0,Sector 3,Romania,Madeleine.Diener@email.com,,1.0,Adult,CC3
60-602-655-602,Pero ,Brümmer,28.0,Malaga,Spain,Pero .Brümmer@email.com,,1.0,Adult,CC3
26-266-993-878,Karl-Josef ,Niehaus,31.0,Minsk,Belarus,Karl-Josef .Niehaus@email.com,,0.0,Adult,CC3
55-552-355-263,Florian,Rieder,28.0,Murcia,Spain,Florian.Rieder@corp.com,Florian.Rieder@corp.com,0.0,Adult,CC2
31-314-837-494,Viviane,Lambertz,17.0,Fort Worth,United_States,Viviane.Lambertz@email.com,,0.0,Adolescent,CC1
35-352-251-202,Ralf,Rohe,61.0,Amsterdam,Netherlands,Ralf .Rohe@email.com,,0.0,Adult,CC2
39-397-105-470,Ute,Olschewski,43.0,Malaga,Spain,Ute.Olschewski@email.com,,0.0,Adult,CC2
19-193-137-994,Philomena,Witzel,29.0,Bratislava,Slovakia,Philomena.Witzel@email.com,Philomena.Witzel@corp.com,0.0,Adult,CC3
47-472-561-473,Inge,Leuschner,42.0,Gomel,Belarus,Inge.Leuschner@corp.com,Inge.Leuschner@corp.com,0.0,Adult,CC1
30-305-209-109,Rita,Temme,31.0,Barcelona,Spain,Rita.Temme@email.com,,1.0,Adult,CC3
70-707-480-266,Gisela,Genz,49.0,Columbus,United_States,Gisela.Genz@email.com,,1.0,Adult,CC1
73-737-859-521,Jan,Tewes,20.0,Stuttgart,Germany,Jan.Tewes@email.com,,0.0,Adult,CC3
76-764-777-313,Luis,Hauber,24.0,Boston,United_States,Luis .Hauber@email.com,,0.0,Adult,CC3
65-653-897-670,Oswin,Groll,25.0,Rome,Italy,Oswin .Groll@email.com,,0.0,Adult,CC3
28-280-348-613,Agnes,Stegmann,32.0,San Diego,United_States,Agnes.Stegmann@email.com,,0.0,Adult,CC3
66-665-772-794,Hans Peter,Siegmund,32.0,Murcia,Spain,Hans Peter.Siegmund@email.com,,1.0,Adult,CC3
78-781-230-150,Reginald,Donner,28.0,Goeteborg,Sweden,Reginald .Donner@email.com,,1.0,Adult,CC3
82-823-821-646,Henryk,Scherf,39.0,Memphis,United_States,Henryk .Scherf@corp.com,Henryk .Scherf@corp.com,1.0,Adult,CC3
42-421-170-313,Helmar,Blaschke,16.0,Budapest,Hungary,Helmar .Blaschke@email.com,,0.0,Adolescent,CC3
19-198-150-753,Carmen,Bröcker,19.0,Vienna,Austria,Carmen.Bröcker@email.com,,1.0,Adult,CC1
11-116-787-913,Helene,Schuldt,18.0,Sector 3,Romania,Helene.Schuldt@email.com,Helene.Schuldt@corp.com,0.0,Adult,CC3
89-891-214-439,Niels,Benecke,21.0,Lodz,Poland,Niels .Benecke@email.com,,0.0,Adult,CC3
92-924-825-589,Cora,Borrmann,31.0,Duisburg,Germany,Cora.Borrmann@email.com,,1.0,Adult,CC1
26-261-252-657,Daniela,Wendt,44.0,Nashville-Davidson,United_States,Daniela.Wendt@email.com,,0.0,Adult,CC2
27-273-950-912,Ehrhard,Puls,51.0,Stuttgart,Germany,Ehrhard .Puls@email.com,,1.0,Adult,CC1
89-895-826-440,Petros ,Buchholz,35.0,Budapest,Hungary,Petros .Buchholz@email.com,,0.0,Adult,CC2
63-633-253-236,Gitta,Erler,42.0,Chicago,United_States,Gitta.Erler@email.com,,0.0,Adult,CC1
29-297-161-992,Marisa,Hund,41.0,Louisville/Jefferson County,United_States,Marisa.Hund@email.com,,0.0,Adult,CC1
30-303-765-237,Stefanie,Kaczmarek,44.0,Birmingham,United_Kingdom,Stefanie.Kaczmarek@email.com,,1.0,Adult,CC1
47-473-597-731,Anett,Engelhardt,22.0,Goeteborg,Sweden,Anett.Engelhardt@email.com,,1.0,Adult,CC3
46-466-374-106,Gero,Rosenkranz,21.0,Essen,Germany,Gero .Rosenkranz@corp.com,Gero .Rosenkranz@corp.com,0.0,Adult,CC1
96-961-795-953,Edward,Häuser,33.0,Dnipro,Ukraine,Edward .Häuser@email.com,,0.0,Adult,CC1
92-924-928-598,Philomena,Zöller,60.0,Bochum,Germany,Philomena.Zöller@email.com,,0.0,Adult,CC3
13-136-192-902,Stephan,Stumm,52.0,Las Vegas,United_States,Stephan .Stumm@email.com,,0.0,Adult,CC1
58-586-265-694,Ilonka,Senf,38.0,Mykolayiv,Ukraine,Ilonka.Senf@email.com,,1.0,Adult,CC2
66-667-597-349,Apollonia,Abt,17.0,Mykolayiv,Ukraine,Apollonia.Abt@email.com,,0.0,Adolescent,CC3
39-393-990-612,Hanna,Schüssler,20.0,Helsinki,Finland,Hanna.Schüssler@email.com,,1.0,Adult,CC3
42-427-940-755,Alfonso,Gast,50.0,Los Angeles,United_States,Alfonso .Gast@email.com,,0.0,Adult,CC2
23-236-430-833,Donata,Steiner,38.0,Stuttgart,Germany,Donata.Steiner@email.com,,0.0,Adult,CC2
45-450-887-511,Edit,Limmer,56.0,Dallas,United_States,Edit.Limmer@email.com,,0.0,Adult,CC2
69-695-790-245,Tobias,Brand,31.0,Sevastopol,Ukraine,Tobias.Brand@email.com,,0.0,Adult,CC2
74-743-429-726,Mareen,Hutter,33.0,Duisburg,Germany,Mareen.Hutter@email.com,,1.0,Adult,CC1
71-713-721-518,Kuno,Zeidler,35.0,Dortmund,Germany,Kuno .Zeidler@email.com,,1.0,Adult,CC2
93-930-482-178,Wanda,Kaul,16.0,Kryvyi Rih,Ukraine,Wanda.Kaul@corp.com,Wanda.Kaul@corp.com,1.0,Adolescent,CC3
17-175-164-380,Christian,Renken,45.0,Palermo,Italy,Christian .Renken@corp.com,Christian .Renken@corp.com,0.0,Adult,CC1
32-322-441-259,Ekkehard,Böse,50.0,Leicester,United_Kingdom,Ekkehard .Böse@email.com,,0.0,Adult,CC1
61-617-705-182,Raymond,Kück,19.0,The Hague,Netherlands,Raymond .Kück@email.com,,1.0,Adult,CC1
65-657-613-819,Jennifer,Krämer,40.0,Kharkiv,Ukraine,Jennifer.Krämer@email.com,,1.0,Adult,CC2
54-542-836-954,Britta,Eichler,33.0,Kyiv,Ukranie,Britta.Eichler@email.com,,1.0,Adult,CC3
24-247-877-773,Tilmann,Bohne,47.0,Zaragoza,Spain,Tilmann .Bohne@email.com,,1.0,Adult,CC3
92-925-516-425,Dirk,Theisen,20.0,Leipzig,Germany,Dirk.Theisen@email.com,,1.0,Adult,CC3
10-108-870-433,Lili,Böhm,43.0,Bremen,Germany,Lili.Böhm@email.com,,1.0,Adult,CC2
82-825-532-772,Steven,Schott,24.0,Gdansk,Poland,Steven .Schott@email.com,,1.0,Adult,CC2
85-850-853-416,Irmi,Meindl,33.86,Memphis,United_States,Irmi.Meindl@email.com,,0.0,Adult,CC3
29-291-248-179,Eckhardt,Thoma,48.0,Stuttgart,Germany,Eckhardt .Thoma@email.com,Eckhardt .Thoma@corp.com,1.0,Adult,CC3
48-484-299-294,Hanife,Hänsel,26.0,Kyiv,Ukraine,Hanife.Hänsel@email.com,,0.0,Adult,CC2
50-506-259-799,Ricarda,Haufe,33.0,Dnipro,Ukraine,Ricarda.Haufe@email.com,,0.0,Adult,CC2
44-445-656-606,Claus-Peter,Steffens,50.0,Lviv,Ukraine,Claus-Peter .Steffens@corp.com,Claus-Peter .Steffens@corp.com,1.0,Adult,CC1
20-209-397-701,Hansgeorg,Eder,33.0,Austin,United_States,Hansgeorg .Eder@email.com,,1.0,Adult,CC2
13-138-153-951,Reni,Flohr,25.0,Skopje,North_Macedonia,Reni.Flohr@email.com,,1.0,Adult,CC2
38-385-378-311,Dörte,Milz,34.0,Manchester,United_Kingdom,Dörte.Milz@email.com,,0.0,Adult,CC3
78-780-329-579,Klaus-D.,Niehues,61.0,Gdansk,Poland,Klaus-D. .Niehues@email.com,,1.0,Adult,CC3
36-367-775-383,Britt,Rössler,26.0,Indianapolis,United_States,Britt.Rössler@email.com,,0.0,Adult,CC2
50-502-387-745,Madlen,Ehmann,17.0,Oslo,Norway,Madlen.Ehmann@email.com,,0.0,Adolescent,CC1
94-943-570-264,Hans-Günther ,Scholze,39.0,Murcia,Spain,Hans-Günther .Scholze@email.com,,0.0,Adult,CC1
51-519-415-463,Wiebke,Martini,37.0,San Francisco,United_States,Wiebke.Martini@email.com,,1.0,Adult,CC2
45-456-101-828,Christin,Smith,54.0,Memphis,United_States,Christin.Smith@email.com,,0.0,Adult,CC1
30-308-992-614,Hedy,Teuber,19.0,Chicago,United_States,Hedy.Teuber@email.com,,0.0,Adult,CC3
17-171-303-188,Hans-Karl ,Gassner,27.0,Dortmund,Germany,Hans-Karl .Gassner@email.com,,0.0,Adult,CC3
19-194-929-713,Frank-Michael ,Brück,33.86,Poznan,Poland,Frank-Michael .Brück@email.com,,1.0,Adult,CC3
15-150-278-286,Dominic,Elsner,33.86,Indianapolis,United_States,Dominic .Elsner@email.com,,1.0,Adult,CC2
27-275-194-589,Ramon,Petry,61.0,Amsterdam,Netherlands,Ramon .Petry@email.com,,0.0,Adult,CC1
61-613-945-689,Dogan,Boller,25.0,Paris,France,Dogan .Boller@email.com,,1.0,Adult,CC1
38-383-828-498,Diether,Dieckmann,20.0,Lviv,Ukraine,Diether .Dieckmann@email.com,,0.0,Adult,CC3
87-874-738-877,Ekkehard ,Kracht,33.86,Berlin,Germany,Ekkehard .Kracht@email.com,,0.0,Adult,CC2
83-838-295-531,Irma,Hecht,32.0,Sevastopol,Ukraine,Irma.Hecht@email.com,,0.0,Adult,CC1
96-963-612-343,Michail,Figge,37.0,Naples,Italy,Michail .Figge@email.com,,1.0,Adult,CC2
43-438-437-577,Elisabeth,Schirmer,42.0,Zagreb,Croatia,Elisabeth.Schirmer@email.com,,0.0,Adult,CC3
78-785-698-276,Herlinde,Giebel,29.0,Austin,United_States,Herlinde.Giebel@email.com,,0.0,Adult,CC1
57-572-939-747,Lothar ,Langer,45.0,San Antonio,United_States,Lothar .Langer@email.com,,1.0,Adult,CC3
11-115-199-412,Delia,Meinecke,26.0,Dresden,Germany,Delia.Meinecke@email.com,,1.0,Adult,CC3
14-143-931-268,Siegried,Gellert,33.86,Chicago,United_States,Siegried.Gellert@corp.com,Siegried.Gellert@corp.com,1.0,Adult,CC2
90-900-997-911,Bogdan,Gehring,50.0,Toulouse,Franec,Bogdan .Gehring@email.com,,0.0,Adult,CC2
37-374-114-518,Bertold,Reuß,47.0,Hamburg,Germany,Bertold .Reuß@email.com,,0.0,Adult,CC2
54-545-308-467,Philipp ,Eder,25.0,Edinburgh,United_Kingdom,Philipp .Eder@email.com,,1.0,Adult,CC1
13-133-606-898,Pamela,Reichle,23.0,Portland,United_States,Pamela.Reichle@email.com,,1.0,Adult,CC2
12-120-294-394,Ilija,Rehm,40.0,Nashville-Davidson,United_States,Ilija .Rehm@email.com,,1.0,Adult,CC1
62-624-466-153,Rotraut,Harter,26.0,Skopje,North_Macedonia,Rotraut.Harter@email.com,,1.0,Adult,CC2
75-755-409-647,Danica,Wolter,33.86,Dallas,United_States,Danica.Wolter@email.com,,1.0,Adult,CC1
40-401-218-414,Franco ,Stengel,21.0,Cardiff,United_Kingdom,Franco .Stengel@email.com,Franco .Stengel@corp.com,1.0,Adult,CC2
58-581-564-410,Corinne,Eberlein,35.0,Seattle,United_States,Corinne.Eberlein@email.com,,1.0,Adult,CC3
65-658-112-348,Käte,Ritz,16.0,Odessa,Ukraine,Käte.Ritz@corp.com,Käte.Ritz@corp.com,0.0,Adolescent,CC2
34-346-989-657,Gunnar,Meister,58.0,Detroit,United_States,Gunnar .Meister@email.com,Gunnar .Meister@corp.com,1.0,Adult,CC1
53-538-425-624,Traute,Wilczek,46.0,Washington,United_States,Traute.Wilczek@email.com,,0.0,Adult,CC1
78-782-448-690,Gisa,Pick,40.0,Sofia,Bulgaria,Gisa.Pick@email.com,,1.0,Adult,CC1
21-218-664-794,Milan,Spieker,47.0,Dortmund,Germany,Milan .Spieker@email.com,,0.0,Adult,CC1
77-778-321-237,Ottmar,Gottschalk,24.0,Houston,United_States,Ottmar .Gottschalk@email.com,,0.0,Adult,CC1
20-202-256-499,Ute,Stender,33.86,Milan,Italy,Ute.Stender@email.com,,1.0,Adult,CC2
50-506-856-231,Sylvie,Hell,61.0,Helsinki,Finland,Sylvie.Hell@email.com,,0.0,Adult,CC1
29-290-418-548,Angela,Rödel,33.86,Lyon,France,Angela.Rödel@email.com,,1.0,Adult,CC2
51-515-473-812,Andre ,Dreyer,48.0,Kryvyi Rih,Ukraine,Andre .Dreyer@email.com,,1.0,Adult,CC2
30-306-783-583,Zdenka,Schießl,38.0,Lviv,Ukraine,Zdenka.Schießl@email.com,,1.0,Adult,CC3
89-890-795-954,Margita,Blessing,28.0,Berlin,Germany,Margita.Blessing@email.com,,0.0,Adult,CC3
32-328-370-597,Priska,Hanke,28.0,Stuttgart,Germany,Priska.Hanke@email.com,,1.0,Adult,CC2
46-463-573-463,Gisela,Paschke,29.0,El Paso,United_States,Gisela.Paschke@email.com,,1.0,Adult,CC1
44-443-499-465,Sepp,Wulff,19.0,Rotterdam,Netherlands,Sepp .Wulff@corp.com,Sepp .Wulff@corp.com,0.0,Adult,CC2
61-617-433-127,Centa,Vorwerk,56.0,Odessa,Ukraine,Centa.Vorwerk@email.com,,0.0,Adult,CC2
32-324-117-533,Beate,Kastl,30.0,Szczecin,Poland,Beate.Kastl@email.com,,1.0,Adult,CC3
24-241-348-525,Eckhard ,Heinemann,61.0,Brussels,Belgium,Eckhard .Heinemann@email.com,,1.0,Adult,CC1
25-252-772-437,Jelena,Heins,58.0,Marseille,France,Jelena.Heins@email.com,,1.0,Adult,CC3
24-249-274-285,Milena,Yilmaz,15.0,Bremen,Germany,Milena.Yilmaz@email.com,,0.0,Adolescent,CC2
94-941-982-933,Irmgard,Hübner,46.0,Philadelphia,United_States,Irmgard.Hübner@email.com,,0.0,Adult,CC1
34-347-270-378,Hanspeter,Rautenberg,30.0,Genoa,Italy,Hanspeter .Rautenberg@email.com,,1.0,Adult,CC1
21-211-279-638,Jonathan ,Brede,23.0,Lodz,Poland,Jonathan .Brede@email.com,,0.0,Adult,CC3
54-546-378-774,Erdal ,Markert,52.0,Minsk,Belarus,Erdal .Markert@email.com,,0.0,Adult,CC3
53-538-791-555,Leon,Schötz,22.0,Marseille,France,Leon .Schötz@email.com,,1.0,Adult,CC1
52-521-817-894,Jerzy ,Eberle,47.0,Warsaw,Poland,Jerzy .Eberle@corp.com,Jerzy .Eberle@corp.com,1.0,Adult,CC1
88-883-657-442,Ryszard,Hinkel,32.0,Antwerpen,Belgium,Ryszard .Hinkel@email.com,,1.0,Adult,CC3
81-811-260-721,Lisbeth,Walker,23.0,Paris,France,Lisbeth.Walker@email.com,,1.0,Adult,CC2
83-830-129-492,Klara,Eder,29.0,Milan,Italy,Klara.Eder@corp.com,Klara.Eder@corp.com,0.0,Adult,CC1
86-867-512-358,Käthe,Horst,33.86,Glasgow,United_Kingdom,Käthe.Horst@email.com,,0.0,Adult,CC3
75-756-381-602,Randolf ,Gille,32.0,Baltimore,United_States,Randolf .Gille@email.com,,1.0,Adult,CC3
87-871-256-570,Grazyna,Tamm,28.0,Essen,Germany,Grazyna.Tamm@email.com,,1.0,Adult,CC2
20-205-404-823,Serge,Bösch,22.0,Bremen,Germany,Serge .Bösch@email.com,,0.0,Adult,CC1
77-777-279-772,Sigmund,Volkert,21.0,Detroit,United_States,Sigmund .Volkert@email.com,,0.0,Adult,CC2
74-748-977-624,Patrick,Adler,18.0,Mykolayiv,Ukraine,Patrick.Adler@email.com,,0.0,Adult,CC3
87-877-209-252,Jolanda,Meindl,69.0,Denver,United_States,Jolanda.Meindl@email.com,,0.0,Older Adult,CC1
58-581-839-246,Branko,Bußmann,39.0,Valencia,Spain,Branko .Bußmann@email.com,,1.0,Adult,CC3
28-280-630-744,Hanspeter ,Weimann,35.0,Houston,United_States,Hanspeter .Weimann@email.com,Hanspeter .Weimann@corp.com,1.0,Adult,CC3
60-608-897-330,Ida,Fenske,45.0,Wroclaw,Poland,Ida.Fenske@email.com,,0.0,Adult,CC2
61-613-781-466,Romana,Ochs,19.0,Toulouse,France,Romana.Ochs@email.com,,0.0,Adult,CC2
55-554-296-137,Antonio ,Fries,19.0,El Paso,United_States,Antonio .Fries@email.com,,0.0,Adult,CC1
27-270-784-226,Marko ,Tietz,51.0,Phoenix,United_States,Marko .Tietz@email.com,,0.0,Adult,CC3
51-517-369-792,Sven,Gentner,36.0,Glasgow,United_Kingdom,Sven .Gentner@email.com,,1.0,Adult,CC1
94-949-251-718,Ibrahim ,Kothe,28.0,Athens,Greece,Ibrahim .Kothe@email.com,,1.0,Adult,CC2
15-153-294-823,Lore,Schwarz,65.0,Philadelphia,United_States,Lore.Schwarz@email.com,,1.0,Adult,CC1
31-311-638-952,Hilda,Knecht,38.0,Warsaw,Poland,Hilda.Knecht@email.com,,1.0,Adult,CC1
27-279-552-988,Wolf-Rüdiger,Tonn,52.0,Austin,United_States,Wolf-Rüdiger .Tonn@email.com,Wolf-Rüdiger .Tonn@corp.com,1.0,Adult,CC1
72-724-794-647,Theodoros ,Schüssler,40.0,Turin,Italy,Theodoros .Schüssler@email.com,,1.0,Adult,CC3
31-310-151-397,Annie,Moos,26.0,Nottingham,United_Kingdom,Annie.Moos@email.com,,0.0,Adult,CC3
81-812-775-927,Milica,Rust,64.0,Madrid,Spain,Milica.Rust@email.com,,1.0,Adult,CC1
48-482-132-437,Anja,Effenberger,38.0,Jacksonville,United_States,Anja.Effenberger@email.com,,0.0,Adult,CC3
97-973-879-834,Diethard,Voigt,33.0,Genoa,Italy,Diethard .Voigt@email.com,,1.0,Adult,CC3
71-717-661-379,Ahmad ,Thamm,40.0,Baltimore,United_States,Ahmad .Thamm@email.com,,0.0,Adult,CC3
31-316-578-931,Edelbert,Weiland,32.0,Dresden,Germany,Edelbert .Weiland@email.com,,1.0,Adult,CC1
23-230-170-631,Kristin,Feiler,54.0,Donetsk,Ukraine,Kristin.Feiler@email.com,,0.0,Adult,CC2
65-657-589-677,Lars,Moll,17.0,Washington,United_States,Lars.Moll@email.com,,1.0,Adolescent,CC3
68-681-909-605,Valerie,Rudolf,29.0,Murcia,Spain,Valerie.Rudolf@email.com,,0.0,Adult,CC2
44-440-132-460,Ilija ,Grothe,33.86,Amsterdam,Netherlands,Ilija .Grothe@corp.com,Ilija .Grothe@corp.com,0.0,Adult,CC3
69-692-255-982,Minna,Jentsch,41.0,Stuttgart,Germany,Minna.Jentsch@email.com,,0.0,Adult,CC3
13-136-164-153,Ewa,Röhm,38.0,Minsk,Belarus,Ewa.Röhm@email.com,,1.0,Adult,CC3
95-959-666-137,Roderich ,Frisch,30.0,Sevilla,Spain,Roderich .Frisch@email.com,,1.0,Adult,CC1
21-219-791-186,Hansjörg ,Urban,28.0,Philadelphia,United_States,Hansjörg .Urban@email.com,,1.0,Adult,CC3
12-126-344-721,Melanie,Wendland,38.0,Bochum,Germany,Melanie.Wendland@email.com,,0.0,Adult,CC1
16-160-466-689,Rocco,Genz,20.0,Athens,Greece,Rocco .Genz@email.com,Rocco .Genz@corp.com,1.0,Adult,CC2
83-839-653-832,Attila,Hain,32.0,Charlotte,United_States,Attila .Hain@email.com,,1.0,Adult,CC1
22-222-157-329,Irina,Schewe,54.0,Tallinn,Estonia,Irina.Schewe@email.com,,0.0,Adult,CC1
40-401-824-290,Alicja,Brucker,35.0,Berlin,Germany,Alicja.Brucker@email.com,,1.0,Adult,CC1
62-623-674-394,Edeltraut,Freund,48.0,Fort Worth,United_States,Edeltraut.Freund@email.com,,0.0,Adult,CC3
88-882-584-623,Herbert,Ruhland,60.0,Rome,Italy,Herbert .Ruhland@email.com,,1.0,Adult,CC1
87-878-516-327,Eva-Marie,Gruber,43.0,Szczecin,Poland,Eva-Marie.Gruber@corp.com,Eva-Marie.Gruber@corp.com,1.0,Adult,CC2
98-983-122-794,Luigi,Herold,15.0,San Diego,United_States,Luigi .Herold@email.com,,1.0,Adolescent,CC1
90-906-788-398,Gerda,Schneiders,36.0,Gomel,Belarus,Gerda.Schneiders@corp.com,Gerda.Schneiders@corp.com,0.0,Adult,CC1
89-896-304-294,Hubertus,Plate,56.0,Rotterdam,Netherlands,Hubertus .Plate@email.com,,0.0,Adult,CC1
40-402-401-275,Rosemarie,Siemens,23.0,Kharkiv,Ukraine,Rosemarie.Siemens@email.com,,0.0,Adult,CC3
93-931-142-110,Siegward,Wedel,42.0,Sevilla,Spain,Siegward .Wedel@email.com,,0.0,Adult,CC1
59-594-127-425,Rosa-Maria,Kranz,33.86,Hamburg,Germany,Rosa-Maria.Kranz@corp.com,Rosa-Maria.Kranz@corp.com,1.0,Adult,CC1
26-264-870-247,Nurten,Kühl,42.0,Palma,Spain,Nurten.Kühl@corp.com,Nurten.Kühl@corp.com,0.0,Adult,CC3
65-656-743-874,Hertha,Wuttke,21.0,Sarajevo,Bosnia_and_Herzegovina,Hertha.Wuttke@email.com,,0.0,Adult,CC3
37-377-439-165,Ekkehard ,Schulte,43.0,Oklahoma City,United_States,Ekkehard .Schulte@email.com,,0.0,Adult,CC2
41-413-211-537,Waltrud,Dannenberg,56.0,Turin,Italy,Waltrud.Dannenberg@email.com,,1.0,Adult,CC2
42-421-469-245,Wilhelm,Hermes,44.0,Nashville-Davidson,United_States,Wilhelm.Hermes@email.com,,1.0,Adult,CC2
24-248-602-144,Gilda,Stroh,34.0,Philadelphia,United_States,Gilda.Stroh@email.com,,0.0,Adult,CC1
49-491-892-772,Necati,Mischke,31.0,Barcelona,Spain,Necati .Mischke@email.com,,1.0,Adult,CC3
44-443-515-456,Kirsten,Spiller,31.0,Austin,United_States,Kirsten.Spiller@email.com,,1.0,Adult,CC3
67-678-459-801,Mahmut,Kleinert,25.0,Koeln,Germany,Mahmut .Kleinert@email.com,,0.0,Adult,CC1
83-830-726-436,Igor ,Döhring,48.0,Barcelona,Spain,Igor .Döhring@corp.com,Igor .Döhring@corp.com,0.0,Adult,CC2
94-944-781-148,Klaus-Peter ,Herr,17.0,Odessa,Ukraine,Klaus-Peter .Herr@email.com,,1.0,Adolescent,CC3
58-587-921-398,Sylvia,Janke,32.0,Austin,United_States,Sylvia.Janke@email.com,,1.0,Adult,CC3
58-589-783-570,Stefani,Wilke,50.0,Hamburg,Germany,Stefani.Wilke@email.com,,1.0,Adult,CC3
86-867-787-951,Ilse,Bergemann,23.0,Portland,United_States,Ilse.Bergemann@email.com,,1.0,Adult,CC3
28-283-530-871,Bernd,Steinke,39.0,Marseille,France,Bernd.Steinke@email.com,,1.0,Adult,CC1
73-736-637-550,Eggert,Rosenberger,58.0,Los Angeles,United_States,Eggert .Rosenberger@email.com,,1.0,Adult,CC2
28-284-433-534,William,Kiesewetter,52.0,San Francisco,United_States,William .Kiesewetter@email.com,,0.0,Adult,CC1
13-139-268-634,Heinz-Gerd,Morgenstern,30.0,Dallas,United_States,Heinz-Gerd .Morgenstern@email.com,,0.0,Adult,CC3
75-757-587-330,Pascal ,Ochs,24.0,Seattle,United_States,Pascal .Ochs@email.com,,0.0,Adult,CC3
21-218-418-341,Bernd,Gentner,38.0,Essen,Germany,Bernd .Gentner@corp.com,Bernd .Gentner@corp.com,0.0,Adult,CC2
29-296-892-851,Theodor ,Schleich,47.0,Baltimore,United_States,Theodor .Schleich@email.com,,1.0,Adult,CC2
80-803-584-444,Renate,Klinge,60.0,Nottingham,United_Kingdom,Renate.Klinge@email.com,,1.0,Adult,CC3
35-352-600-163,Angelika,Rink,61.0,Essen,Germany,Angelika.Rink@email.com,,1.0,Adult,CC3
83-834-407-704,Jessika,Buhl,20.0,Charlotte,United_States,Jessika.Buhl@email.com,,1.0,Adult,CC1
83-839-847-590,Käthe,Stoiber,39.0,Poznan,Poland,Käthe.Stoiber@email.com,,0.0,Adult,CC1
25-250-815-917,Konrad,Burmeister,21.0,Sofia,Bulgaria,Konrad .Burmeister@email.com,,1.0,Adult,CC3
97-976-701-351,Reingard,Hänsch,56.0,Louisville/Jefferson County,United_States,Reingard.Hänsch@email.com,,0.0,Adult,CC2
98-980-711-998,Alf,Katz,26.0,Dnipro,Ukraine,Alf .Katz@email.com,,1.0,Adult,CC2
27-279-462-443,Gaetano,Bachmeier,49.0,Minsk,Belarus,Gaetano .Bachmeier@email.com,,1.0,Adult,CC3
82-822-728-405,Elwira,Herdt,19.0,Toulouse,France,Elwira.Herdt@email.com,,0.0,Adult,CC2
24-247-946-412,Rebecca,Grebe,43.0,Turin,Italy,Rebecca.Grebe@email.com,,0.0,Adult,CC2
10-109-343-179,Willfried,Brix,25.0,Berlin,Germany,Willfried .Brix@email.com,,0.0,Adult,CC3
30-304-136-503,Ingetraut,Gall,40.0,Milan,Italy,Ingetraut.Gall@email.com,,0.0,Adult,CC3
33-339-450-224,Thomas,Scholten,18.0,Jacksonville,United_States,Thomas .Scholten@corp.com,Thomas .Scholten@corp.com,0.0,Adult,CC1
34-342-222-811,Abdullah ,Wieser,17.0,San Jose,United_States,Abdullah .Wieser@email.com,,0.0,Adolescent,CC2
34-348-314-310,Liliane,Kuhr,20.0,Munich,Germany,Liliane.Kuhr@email.com,,0.0,Adult,CC2
33-337-910-472,Dariusz ,Schürmann,29.0,Edinburgh,United_Kingdom,Dariusz .Schürmann@email.com,,0.0,Adult,CC3
82-823-566-330,Sigmar,Clemens,16.0,Austin,United_States,Sigmar .Clemens@email.com,,1.0,Adolescent,CC1
24-243-624-549,Jan-Peter,Ortner,49.0,Vienna,Austria,Jan-Peter .Ortner@email.com,,0.0,Adult,CC3
59-596-588-910,Eugen,Drescher,36.0,Minsk,Belarus,Eugen .Drescher@email.com,Eugen .Drescher@corp.com,0.0,Adult,CC2
91-912-397-928,Maike,Laube,24.0,Marseille,France,Maike.Laube@email.com,,0.0,Adult,CC3
94-943-426-121,Marjan,Reinhardt,50.0,Paris,France,Marjan.Reinhardt@corp.com,Marjan.Reinhardt@corp.com,0.0,Adult,CC1
50-505-883-669,Jörg-Peter ,Franke,21.0,Liverpool,United_Kingdom,Jörg-Peter .Franke@email.com,,1.0,Adult,CC2
93-935-715-598,Gerlind,Reiche,17.0,Tallinn,Estonia,Gerlind.Reiche@email.com,,1.0,Adolescent,CC1
43-435-165-319,Gertraut,Kummer,32.0,Lisbon,Portugal,Gertraut.Kummer@email.com,,0.0,Adult,CC3
27-277-588-723,Stefania,Peschke,49.0,Sector 3,Romania,Stefania.Peschke@email.com,,1.0,Adult,CC3
86-869-207-470,Irmengard,Schaefer,30.0,Barcelona,Spain,Irmengard.Schaefer@email.com,,0.0,Adult,CC1
23-237-789-805,Karl-Ernst ,Speck,33.86,Duisburg,Germany,Karl-Ernst .Speck@email.com,Karl-Ernst .Speck@corp.com,0.0,Adult,CC3
69-696-356-810,Adolfine,Benning,39.0,Athens,Greece,Adolfine.Benning@email.com,Adolfine.Benning@corp.com,0.0,Adult,CC2
61-611-192-901,Victor ,Neumüller,35.0,Leicester,United_Kingdom,Victor .Neumüller@corp.com,Victor .Neumüller@corp.com,0.0,Adult,CC2
99-992-433-952,Friedrich,Fichtner,61.0,London,United_Kingdom,Friedrich.Fichtner@email.com,,1.0,Adult,CC2
21-219-246-104,Eugen,Dyck,36.0,Lyon,France,Eugen .Dyck@email.com,,1.0,Adult,CC1
62-626-547-837,Benedikt ,Rump,63.0,Brussels,Belgium,Benedikt .Rump@email.com,,1.0,Adult,CC3
95-954-809-982,Anatolij,Langenbach,25.0,Munich,Germany,Anatolij .Langenbach@email.com,Anatolij .Langenbach@corp.com,0.0,Adult,CC3
49-496-600-900,Hans Jörg,Schlegel,39.0,Dresden,Germany,Hans Jörg.Schlegel@email.com,,0.0,Adult,CC1
62-628-616-421,Anica,Milz,21.0,Leipzig,Germany,Anica.Milz@email.com,,1.0,Adult,CC3
93-931-706-926,Ulrich,Köhl,44.0,Palermo,Italy,Ulrich .Köhl@email.com,,0.0,Adult,CC3
23-232-270-300,Rosmarie,Neef,35.0,Koeln,Germany,Rosmarie.Neef@email.com,,0.0,Adult,CC3
81-810-929-903,Leander ,Andreas,30.0,Rome,Italy,Leander .Andreas@email.com,,1.0,Adult,CC2
37-373-402-481,Berta,Gölz,33.86,London,United_Kingdom,Berta.Gölz@email.com,,1.0,Adult,CC1
55-553-556-279,Toralf,Limmer,50.0,Goeteborg,Sweden,Toralf .Limmer@email.com,,1.0,Adult,CC1
82-821-493-162,Ortrun,Zielke,55.0,Athens,Greece,Ortrun.Zielke@email.com,,1.0,Adult,CC2
73-737-784-931,Stephan,Zielke,61.0,Stockholm,Sweden,Stephan .Zielke@email.com,Stephan .Zielke@corp.com,0.0,Adult,CC3
75-758-268-682,Aleksandra,Fleischmann,66.0,Bratislava,Slovakia,Aleksandra.Fleischmann@email.com,,0.0,Older Adult,CC1
89-896-459-426,Amanda,Naumann,27.0,Goeteborg,Sweden,Amanda.Naumann@email.com,,1.0,Adult,CC3
72-721-455-375,Lilian,Bast,44.0,Marseille,France,Lilian.Bast@email.com,,1.0,Adult,CC2
75-750-485-604,Semra,Schrage,18.0,Stuttgart,Germany,Semra.Schrage@email.com,,1.0,Adult,CC3
21-213-300-612,Eitel,Franz,42.0,Philadelphia,United_States,Eitel .Franz@email.com,,0.0,Adult,CC3
73-736-574-606,Hans-Gerhard ,Zauner,52.0,Oklahoma City,United_States,Hans-Gerhard .Zauner@email.com,,1.0,Adult,CC2
98-982-101-257,Ernest ,Schöpf,31.0,Genoa,Italy,Ernest .Schöpf@email.com,,0.0,Adult,CC1
12-120-242-122,Sylvie,Walz,44.0,Skopje,North_Macedonia,Sylvie.Walz@email.com,,0.0,Adult,CC3
77-770-610-968,Carl ,Kuch,59.0,Gdansk,Poland,Carl .Kuch@email.com,,0.0,Adult,CC3
65-651-646-731,Reimar,Thome,44.0,Boston,United_States,Reimar .Thome@email.com,,1.0,Adult,CC1
77-774-754-951,Cora,Engelmann,25.0,Mariupol,Ukraine,Cora.Engelmann@email.com,,1.0,Adult,CC3
91-919-769-663,Lotte,Gottschalk,23.0,Makiyivka,Ukraine,Lotte.Gottschalk@email.com,,1.0,Adult,CC3
50-500-262-666,Bärbel,Menne,20.0,Vienna,Austria,Bärbel.Menne@corp.com,Bärbel.Menne@corp.com,0.0,Adult,CC3
53-532-132-546,Adriane,Rüger,38.0,Sevilla,Spain,Adriane.Rüger@email.com,,1.0,Adult,CC2
93-931-799-787,Marika,Giebel,54.0,Dnipro,Ukraine,Marika.Giebel@email.com,,1.0,Adult,CC1
93-936-896-526,Maike,Storch,43.0,Genoa,Italy,Maike.Storch@email.com,Maike.Storch@corp.com,1.0,Adult,CC3
76-764-384-755,Hans-Heinrich ,Ostermeier,41.0,El Paso,United_States,Hans-Heinrich .Ostermeier@email.com,,1.0,Adult,CC2
27-278-413-196,Priska,Weidner,19.0,Warsaw,Poland,Priska.Weidner@email.com,,1.0,Adult,CC3
18-185-477-906,Simone,Heß,24.0,Phoenix,United_States,Simone.Heß@email.com,,0.0,Adult,CC2
61-617-365-720,Agatha,Eberhardt,37.0,Dresden,Germany,Agatha.Eberhardt@email.com,Agatha.Eberhardt@corp.com,0.0,Adult,CC2
96-965-220-324,Angelique,Both,41.0,Vienna,Austria,Angelique.Both@email.com,,1.0,Adult,CC3
97-974-196-497,Jaroslaw ,Lippold,30.0,Leeds,United_Kingdom,Jaroslaw .Lippold@email.com,,1.0,Adult,CC3
47-479-660-558,Balthasar ,Völkel,44.0,Fort Worth,United_States,Balthasar .Völkel@email.com,,1.0,Adult,CC1
66-662-689-797,Magnus,Schott,52.0,Skopje,North_Macedonia,Magnus .Schott@email.com,,0.0,Adult,CC3
20-203-547-765,Karola,Pauls,35.0,Poznan,Poland,Karola.Pauls@email.com,,0.0,Adult,CC1
52-522-834-288,Augusta,Heitmann,29.0,Naples,Italy,Augusta.Heitmann@email.com,,1.0,Adult,CC1
20-202-766-282,Theres,Uhl,48.0,Toulouse,Franec,Theres.Uhl@email.com,,0.0,Adult,CC1
45-450-415-109,Silva,Claußen,30.0,Brussels,Belgium,Silva.Claußen@email.com,,0.0,Adult,CC2
71-715-933-553,Marleen,Andreas,26.0,Essen,Germany,Marleen.Andreas@email.com,,1.0,Adult,CC3
38-387-457-799,Sevim,Röhrig,24.0,Helsinki,Finland,Sevim.Röhrig@corp.com,Sevim.Röhrig@corp.com,1.0,Adult,CC2
38-382-744-702,Kenan,Behringer,33.86,Chisinau,Moldova,Kenan .Behringer@email.com,,0.0,Adult,CC1
68-683-995-149,Hedda,Degen,26.0,The Hague,Netherlands,Hedda.Degen@email.com,,0.0,Adult,CC3
62-628-167-783,Edit,Behn,31.0,Valencia,Spain,Edit.Behn@email.com,,1.0,Adult,CC2
31-317-804-389,Nadeschda,Knab,16.0,Antwerpen,Belgium,Nadeschda.Knab@corp.com,Nadeschda.Knab@corp.com,1.0,Adolescent,CC2
95-957-248-149,Franco,Rombach,42.0,Toulouse,France,Franco .Rombach@email.com,,0.0,Adult,CC1
41-416-837-326,Gunhild,Plötz,17.0,Donetsk,Ukraine,Gunhild.Plötz@email.com,,0.0,Adolescent,CC1
35-350-666-607,Dietlind,Wenger,26.0,Phoenix,United_States,Dietlind.Wenger@email.com,,1.0,Adult,CC3
13-131-649-985,Doris,Zühlke,40.0,Edinburgh,United_Kingdom,Doris.Zühlke@email.com,,1.0,Adult,CC3
51-511-527-913,Zdenka,Schaible,38.0,Baltimore,United_States,Zdenka.Schaible@email.com,,1.0,Adult,CC2
86-863-142-142,Ismet ,Reichenbach,18.0,Duisburg,Germany,Ismet .Reichenbach@email.com,,1.0,Adult,CC3
52-522-522-416,Radmila,Escher,24.0,Sector 3,Romania,Radmila.Escher@email.com,,1.0,Adult,CC1
77-779-158-618,Evamaria,Barthel,33.0,Dresden,Germany,Evamaria.Barthel@email.com,,0.0,Adult,CC1
32-325-955-495,Jens,Kaps,35.0,Columbus,United_States,Jens .Kaps@email.com,,1.0,Adult,CC2
91-912-286-157,Marie,Zobel,21.0,Szczecin,Poland,Marie.Zobel@corp.com,Marie.Zobel@corp.com,0.0,Adult,CC3
16-160-692-113,Svenja,Reineke,51.0,Donetsk,Ukraine,Svenja.Reineke@email.com,,1.0,Adult,CC2
39-390-975-302,Monja,Andres,26.0,The Hague,Netherlands,Monja.Andres@email.com,Monja.Andres@corp.com,1.0,Adult,CC3
31-316-520-906,Ida,Klinger,57.0,Sheffield,United_Kingdom,Ida.Klinger@email.com,,1.0,Adult,CC3
57-571-484-182,Adolf,Brandes,33.0,Lodz,Poland,Adolf .Brandes@email.com,,1.0,Adult,CC1
10-104-318-860,Frederik,Siemers,34.0,Amsterdam,Netherlands,Frederik .Siemers@email.com,,0.0,Adult,CC2
83-839-494-949,Beatrice,Horn,43.0,Duesseldorf,Germany,Beatrice.Horn@email.com,,1.0,Adult,CC1
96-961-654-686,Gero,Schurig,38.0,Munich,Germany,Gero .Schurig@email.com,,1.0,Adult,CC1
31-311-956-808,Karolina,Oster,23.0,Munich,Germany,Karolina.Oster@email.com,,1.0,Adult,CC1
40-405-994-119,Rotraut,Andresen,30.0,Stuttgart,Germany,Rotraut.Andresen@email.com,,0.0,Adult,CC2
68-686-564-754,Andre,Peetz,55.0,San Jose,United_States,Andre.Peetz@email.com,,0.0,Adult,CC1
67-675-614-317,Carl-Heinz,Buhl,50.0,Los Angeles,United_States,Carl-Heinz .Buhl@email.com,,1.0,Adult,CC3
80-801-557-728,Czeslaw,Hertlein,47.0,Charlotte,United_States,Czeslaw .Hertlein@email.com,,1.0,Adult,CC3
90-901-131-710,Bernward,Zühlke,59.0,Palma,Spain,Bernward .Zühlke@email.com,,1.0,Adult,CC3
75-758-918-215,Genoveva,Schlömer,33.0,Copenhagen,Denmark,Genoveva.Schlömer@email.com,,0.0,Adult,CC1
49-496-741-406,Hardy,Werner,21.0,Belgrade,Serbia,Hardy .Werner@email.com,,0.0,Adult,CC2
11-116-631-970,Steffen ,Kracht,60.0,Lisbon,Portugal,Steffen .Kracht@email.com,,0.0,Adult,CC3
47-477-597-756,Kirsten,Schuster,33.86,New York,United_States,Kirsten.Schuster@corp.com,Kirsten.Schuster@corp.com,0.0,Adult,CC3
86-865-157-521,Vassilios,Kölbl,42.0,Portland,United_States,Vassilios .Kölbl@email.com,Vassilios .Kölbl@corp.com,1.0,Adult,CC2
63-635-191-749,Meinolf ,Bonk,19.0,Las Vegas,United_States,Meinolf .Bonk@email.com,,1.0,Adult,CC3
99-998-209-600,Pedro ,Feiler,42.0,Hannover,Germany,Pedro .Feiler@email.com,,0.0,Adult,CC3
95-955-513-579,Ahmad ,Wiemann,30.0,Mykolayiv,Ukraine,Ahmad .Wiemann@email.com,,1.0,Adult,CC2
84-846-691-790,Philipp ,Kehr,33.86,Washington,United_States,Philipp .Kehr@email.com,,1.0,Adult,CC3
52-520-687-558,Yusuf,Bäcker,24.0,Cardiff,United_Kingdom,Yusuf .Bäcker@email.com,Yusuf .Bäcker@corp.com,0.0,Adult,CC3
55-559-579-618,Daria,Grunewald,20.0,Krakow,Poland,Daria.Grunewald@email.com,,1.0,Adult,CC3
63-633-339-526,Fridolin ,Arnold,18.0,Zagreb,Croatia,Fridolin .Arnold@email.com,,1.0,Adult,CC2
10-109-978-508,Reimund ,Westhoff,62.0,Oslo,Norway,Reimund .Westhoff@email.com,,0.0,Adult,CC1
31-313-313-862,Constantin,Dahmen,23.0,Nottingham,United_Kingdom,Constantin .Dahmen@email.com,,1.0,Adult,CC3
63-632-365-263,Franjo,Lenz,36.0,Detroit,United_States,Franjo .Lenz@email.com,,1.0,Adult,CC2
48-482-669-533,Frederic ,Moll,16.0,Koeln,Germany,Frederic .Moll@email.com,,0.0,Adolescent,CC1
84-841-435-502,Käte,Barz,45.0,Seattle,United_States,Käte.Barz@email.com,,0.0,Adult,CC3
65-657-353-335,Heinz-Josef,Otten,19.0,Mykolayiv,Ukraine,Heinz-Josef .Otten@email.com,,0.0,Adult,CC1
15-153-294-561,Maria-Theresia,Klinkhammer,22.0,Luhansk,Ukraine,Maria-Theresia.Klinkhammer@email.com,,1.0,Adult,CC2
73-738-650-647,Fritz,Walter,54.0,Zaragoza,Spain,Fritz.Walter@email.com,,0.0,Adult,CC3
83-832-813-462,Baptist ,Adam,42.0,Goeteborg,Sweden,Baptist .Adam@email.com,,0.0,Adult,CC3
81-815-951-210,Willibald,Schillinger,29.0,Genoa,Iatly,Willibald .Schillinger@email.com,,1.0,Adult,CC1
66-667-671-367,Liesa,Eckel,35.0,Minsk,Belarus,Liesa.Eckel@email.com,,1.0,Adult,CC2
50-500-458-189,Evangelia,Kühner,17.0,Bristol,United_Kingdom,Evangelia.Kühner@email.com,,0.0,Adolescent,CC2
93-934-201-121,Klaus Dieter,Sperber,18.0,Las Vegas,United_States,Klaus Dieter.Sperber@email.com,,1.0,Adult,CC3
46-469-561-159,Ercan,Jeschke,59.0,Dallas,United_States,Ercan .Jeschke@email.com,,0.0,Adult,CC2
90-900-204-679,Senta,Baldauf,50.0,Prague,Czech_Republic,Senta.Baldauf@email.com,,0.0,Adult,CC3
63-636-661-348,Harald,Grünberg,18.0,Turin,Italy,Harald.Grünberg@email.com,,0.0,Adult,CC3
47-470-446-565,Helfried ,Erdmann,35.0,Kharkiv,Ukraine,Helfried .Erdmann@email.com,,1.0,Adult,CC2
70-707-298-501,Rene,Mittelstädt,54.0,Mykolayiv,Ukraine,Rene .Mittelstädt@email.com,Rene .Mittelstädt@corp.com,0.0,Adult,CC1
58-580-586-844,Thomas,Grabowski,44.0,Hannover,Germany,Thomas.Grabowski@email.com,,1.0,Adult,CC3
44-443-536-406,Tobias,Stahl,18.0,Las Palmas de Gran Canaria,Spain,Tobias .Stahl@email.com,,1.0,Adult,CC1
29-295-775-721,Bettina,Lühr,24.0,Gdansk,Poland,Bettina.Lühr@email.com,Bettina.Lühr@corp.com,1.0,Adult,CC2
57-573-611-651,Babett,Strobl,37.0,Budapest,Hungary,Babett.Strobl@email.com,,1.0,Adult,CC1
28-284-822-820,Constance,Teufel,69.0,Stockholm,Sweden,Constance.Teufel@email.com,,1.0,Older Adult,CC1
58-582-997-731,Dirk,Jobst,33.86,Austin,United_States,Dirk .Jobst@email.com,Dirk .Jobst@corp.com,0.0,Adult,CC1
28-282-181-858,Janko,Metzler,39.0,Cardiff,United_Kingdom,Janko .Metzler@email.com,,1.0,Adult,CC2
86-861-607-680,Francoise,Wittich,51.0,Washington,United_States,Francoise.Wittich@email.com,,0.0,Adult,CC1
28-283-676-809,Erna,Wittwer,26.0,Dresden,Germany,Erna.Wittwer@email.com,,1.0,Adult,CC2
54-548-667-916,Monja,Hauschild,25.0,Sevilla,Spain,Monja.Hauschild@email.com,,1.0,Adult,CC3
42-423-530-805,Franca,Otto,23.0,Austin,United_States,Franca.Otto@email.com,,0.0,Adult,CC1
23-236-455-420,Valerie,Diehl,26.0,Sarajevo,Bosnia_and_Herzegovina,Valerie.Diehl@email.com,,1.0,Adult,CC3
36-367-777-879,Heike,Görner,51.0,Antwerpen,Belgium,Heike.Görner@email.com,,1.0,Adult,CC2
97-970-839-992,Alena,Daniels,53.0,Duisburg,Germany,Alena.Daniels@email.com,,0.0,Adult,CC3
68-687-133-931,Karl-Josef,Küchler,21.0,Turin,Italy,Karl-Josef .Küchler@email.com,,1.0,Adult,CC3
73-736-461-574,Thorsten,Evers,19.0,Sarajevo,Bosnia_and_Herzegovina,Thorsten .Evers@email.com,Thorsten .Evers@corp.com,1.0,Adult,CC1
20-206-582-236,Ingo,Oberländer,42.0,Brussels,Belgium,Ingo.Oberländer@corp.com,Ingo.Oberländer@corp.com,1.0,Adult,CC2
95-955-868-703,Heinrich,Fehrenbach,18.0,Dortmund,Germany,Heinrich .Fehrenbach@email.com,,0.0,Adult,CC3
79-794-674-942,Michaela,Bunk,51.0,Leicester,United_Kingdom,Michaela.Bunk@email.com,,0.0,Adult,CC1
53-537-897-422,Ben ,Georgi,36.0,Dnipro,Ukraine,Ben .Georgi@email.com,,0.0,Adult,CC2
46-466-366-960,Diana,Guhl,19.0,Duesseldorf,Germany,Diana.Guhl@email.com,,0.0,Adult,CC3
55-557-569-783,Hubertine,Apel,18.0,Nuernberg,Germany,Hubertine.Apel@email.com,,1.0,Adult,CC1
49-499-892-266,Cora,Teichert,45.0,San Antonio,United_States,Cora.Teichert@email.com,,0.0,Adult,CC1
11-119-635-702,Thaddäus ,Blohm,31.0,Bratislava,Slovakia,Thaddäus .Blohm@email.com,,0.0,Adult,CC3
91-916-116-155,Sara,Ostendorf,25.0,Mariupol,Ukraine,Sara.Ostendorf@email.com,,1.0,Adult,CC3
60-602-832-560,Paolo ,Dombrowski,31.0,Lisbon,Portugal,Paolo .Dombrowski@email.com,,1.0,Adult,CC3
64-647-576-392,Tatjana,Kress,46.0,Antwerpen,Belgium,Tatjana.Kress@email.com,,0.0,Adult,CC2
97-976-741-459,Ortrun,Nadler,29.0,Minsk,Belarus,Ortrun.Nadler@email.com,,0.0,Adult,CC3
20-205-517-513,Fabienne,Langenbach,43.0,Nottingham,United_Kingdom,Fabienne.Langenbach@email.com,,0.0,Adult,CC3
25-254-541-521,Benno,Sander,30.0,Goeteborg,Sweden,Benno .Sander@email.com,,1.0,Adult,CC1
47-477-443-848,Hedda,Seidl,30.0,San Diego,United_States,Hedda.Seidl@corp.com,Hedda.Seidl@corp.com,1.0,Adult,CC3
64-644-342-620,Anita,Straub,45.0,Birmingham,United_Kingdom,Anita.Straub@email.com,,1.0,Adult,CC2
67-674-361-470,Fernando,Arlt,50.0,Los Angeles,United_States,Fernando .Arlt@corp.com,Fernando .Arlt@corp.com,1.0,Adult,CC2
94-948-389-445,Adem,Bickel,53.0,Stuttgart,Germany,Adem .Bickel@email.com,,0.0,Adult,CC2
48-488-957-581,Friedrich-Karl,Pauli,27.0,Rotterdam,Netherlands,Friedrich-Karl .Pauli@email.com,,0.0,Adult,CC3
51-515-269-382,Lidwina,Claus,53.0,Antwerpen,Belgium,Lidwina.Claus@email.com,,1.0,Adult,CC3
17-177-995-978,Svenja,Frisch,33.86,El Paso,United_States,Svenja.Frisch@email.com,,1.0,Adult,CC1
33-339-564-508,Reinhild,Ewers,19.0,Gomel,Belarus,Reinhild.Ewers@email.com,,0.0,Adult,CC1
47-477-498-423,Ralf-Dieter,Kremser,39.0,Zaragoza,Spain,Ralf-Dieter .Kremser@email.com,,0.0,Adult,CC1
89-894-536-295,Vesna,Spahn,29.0,Nuernberg,Germany,Vesna.Spahn@email.com,,1.0,Adult,CC2
13-139-133-524,Bernhardine,Feist,38.0,Minsk,Belarus,Bernhardine.Feist@email.com,,1.0,Adult,CC2
28-286-678-991,Frank-Michael,Franz,31.0,Kyiv,Ukraine,Frank-Michael .Franz@email.com,,1.0,Adult,CC3
75-752-795-528,Xenia,Peetz,24.0,Murcia,Spain,Xenia.Peetz@email.com,,1.0,Adult,CC2
69-697-753-736,Lieselotte,Reuter,21.0,Dresden,Germany,Lieselotte.Reuter@email.com,Lieselotte.Reuter@corp.com,1.0,Adult,CC3
12-123-375-775,Karolina,Tittel,49.0,Bratislava,Slovakia,Karolina.Tittel@email.com,,1.0,Adult,CC1
50-505-397-630,Muzaffer ,Thelen,29.0,Palma,Spain,Muzaffer .Thelen@email.com,Muzaffer .Thelen@corp.com,0.0,Adult,CC1
10-104-680-801,Marko,Mattern,64.0,Glasgow,United_Kingdom,Marko.Mattern@email.com,,1.0,Adult,CC2
94-943-511-405,Sybilla,Klages,33.0,Szczecin,Poland,Sybilla.Klages@email.com,,1.0,Adult,CC3
48-483-190-763,Anne-Marie,Reif,22.0,Amsterdam,Netherlands,Anne-Marie.Reif@email.com,Anne-Marie.Reif@corp.com,1.0,Adult,CC3
76-768-366-536,Hilmar,Rösler,30.0,Toulouse,Franec,Hilmar .Rösler@email.com,,0.0,Adult,CC2
15-156-224-615,Felicitas,Schütt,65.0,Rome,Italy,Felicitas.Schütt@email.com,,1.0,Adult,CC3
37-377-345-218,Ulf ,Claußen,47.0,Kyiv,Ukraine,Ulf .Claußen@email.com,,1.0,Adult,CC1
95-953-543-571,Hans-Uwe,Wendland,15.0,San Antonio,United_States,Hans-Uwe .Wendland@email.com,,1.0,Adolescent,CC1
45-451-622-345,Gero,Rehbein,34.0,San Francisco,United_States,Gero .Rehbein@email.com,,0.0,Adult,CC2
61-616-632-516,Eberhard,Günzel,17.0,Kryvyi Rih,Ukraine,Eberhard .Günzel@email.com,,1.0,Adolescent,CC1
76-767-910-352,Ludmilla,Falk,46.0,Seattle,United_States,Ludmilla.Falk@email.com,,0.0,Adult,CC3
66-660-831-869,Meik ,Carl,53.0,Stockholm,Sweden,Meik .Carl@email.com,,1.0,Adult,CC2
54-541-542-473,Jörgen ,Stauch,41.0,Bristol,United_Kingdom,Jörgen .Stauch@email.com,,0.0,Adult,CC3
40-401-613-276,Dörte,Heckmann,41.0,Minsk,Belarus,Dörte.Heckmann@email.com,,1.0,Adult,CC2
96-969-749-579,Siegfried ,Ahrens,41.0,Los Angeles,United_States,Siegfried .Ahrens@email.com,,1.0,Adult,CC2
31-315-278-795,Darko,Abt,27.0,Szczecin,Poland,Darko .Abt@email.com,,1.0,Adult,CC3
97-976-933-308,Raphael ,Post,31.0,Phoenix,United_States,Raphael .Post@email.com,,1.0,Adult,CC2
72-723-529-356,Timo,Hoff,43.0,San Diego,United_States,Timo .Hoff@email.com,,1.0,Adult,CC1
71-712-857-491,Raymond,Bott,42.0,Glasgow,United_Kingdom,Raymond .Bott@email.com,,1.0,Adult,CC1
88-887-215-622,Marta,Knittel,31.0,Columbus,United_States,Marta.Knittel@email.com,,1.0,Adult,CC3
87-870-141-254,Marc,Kley,29.0,Duesseldorf,Germany,Marc .Kley@email.com,Marc .Kley@corp.com,0.0,Adult,CC2
62-622-843-498,Urs,Edel,58.0,Palma,Spain,Urs .Edel@email.com,,1.0,Adult,CC2
21-212-859-500,Bernadette,Falke,49.0,Fort Worth,United_States,Bernadette.Falke@email.com,,1.0,Adult,CC1
40-409-551-205,Krista,Kienle,34.0,Sevilla,Spain,Krista.Kienle@email.com,,0.0,Adult,CC2
43-431-811-103,Josef,Milde,39.0,Sarajevo,Bosnia_and_Herzegovina,Josef .Milde@email.com,,1.0,Adult,CC2
17-174-609-614,Christiane,Kreis,38.0,Zaragoza,Spain,Christiane.Kreis@email.com,,0.0,Adult,CC2
61-618-671-723,Branko,Wiebe,48.0,Portland,United_States,Branko .Wiebe@email.com,,0.0,Adult,CC1
76-765-794-727,Helmut,Greiner,35.0,Cardiff,United_Kingdom,Helmut.Greiner@email.com,,1.0,Adult,CC3
28-287-885-386,Anne-Katrin,Schaffer,56.0,Luhansk,Ukraine,Anne-Katrin.Schaffer@email.com,,1.0,Adult,CC2
44-446-418-514,Hella,Hofmeister,33.0,Kharkiv,Ukraine,Hella.Hofmeister@email.com,Hella.Hofmeister@corp.com,1.0,Adult,CC3
24-248-779-736,Catharina,Döll,29.0,Philadelphia,United_States,Catharina.Döll@email.com,,1.0,Adult,CC2
35-359-110-221,Hartwig,Rick,57.0,Budapest,Hungary,Hartwig .Rick@email.com,,1.0,Adult,CC1
29-291-989-370,Rosemarie,Gilles,39.0,Goeteborg,Sweden,Rosemarie.Gilles@email.com,,0.0,Adult,CC3
65-653-515-425,Larissa,Wirtz,21.0,Skopje,North_Macedonia,Larissa.Wirtz@email.com,,1.0,Adult,CC3
75-751-256-973,Jaroslav,Hölzel,21.0,Turin,Italy,Jaroslav .Hölzel@email.com,,0.0,Adult,CC1
60-609-433-714,Lutz ,Kunkel,38.0,Memphis,United_States,Lutz .Kunkel@email.com,,1.0,Adult,CC2
64-640-602-599,Alexandra,Häuser,28.0,Munich,Germany,Alexandra.Häuser@email.com,,0.0,Adult,CC1
74-744-914-497,Anna-Marie,Hasse,37.0,Bristol,United_Kingdom,Anna-Marie.Hasse@email.com,,1.0,Adult,CC2
90-909-646-880,Dora,Friedemann,27.0,Sevastopol,Ukraine,Dora.Friedemann@email.com,,0.0,Adult,CC3
79-798-580-467,Lidia,Rohde,39.0,Marseille,France,Lidia.Rohde@email.com,,0.0,Adult,CC2
56-560-106-468,Elizabeth,Marks,63.0,Las Vegas,United_States,Elizabeth.Marks@corp.com,Elizabeth.Marks@corp.com,0.0,Adult,CC3
60-607-720-818,Daria,Laumann,41.0,San Jose,United_States,Daria.Laumann@corp.com,Daria.Laumann@corp.com,1.0,Adult,CC1
57-577-479-432,Damian,Vollrath,17.0,Columbus,United_States,Damian .Vollrath@email.com,,0.0,Adolescent,CC2
93-932-506-641,Rosina,Sandner,61.0,Oklahoma City,United_States,Rosina.Sandner@email.com,,1.0,Adult,CC3
84-843-416-695,Amelie,Messner,33.0,Sevilla,Spain,Amelie.Messner@email.com,,0.0,Adult,CC2
47-470-443-380,Geert ,Reischl,16.0,Glasgow,United_Kingdom,Geert .Reischl@email.com,,0.0,Adolescent,CC1
85-854-677-695,Björn,Wetzel,42.0,Sheffield,United_Kingdom,Björn.Wetzel@email.com,,1.0,Adult,CC1
24-242-688-256,Eva,Pfennig,67.0,Milan,Italy,Eva.Pfennig@email.com,,1.0,Older Adult,CC1
32-323-172-413,Magda,Escher,22.0,Mykolayiv,Ukraine,Magda.Escher@email.com,,0.0,Adult,CC1
64-640-202-708,Antje,Brenner,30.0,Milan,Italy,Antje.Brenner@email.com,,1.0,Adult,CC2
56-562-981-715,Franjo,Heigl,51.0,Gomel,Belarus,Franjo .Heigl@email.com,,1.0,Adult,CC2
56-568-993-169,Hartmuth,Giese,34.0,Oklahoma City,United_States,Hartmuth .Giese@email.com,,0.0,Adult,CC2
85-859-392-887,Birthe,Mühle,28.0,Sevastopol,Ukraine,Birthe.Mühle@email.com,,0.0,Adult,CC3
33-339-853-120,Aldo,Drews,18.0,Phoenix,United_States,Aldo .Drews@email.com,,1.0,Adult,CC3
39-399-399-833,Silvia,Reiter,27.0,Milan,Italy,Silvia.Reiter@email.com,,0.0,Adult,CC3
24-248-761-914,Egbert,Schroeder,55.0,Riga,Latvia,Egbert .Schroeder@email.com,,1.0,Adult,CC3
56-566-238-102,Britta,Bolte,16.0,Dresden,Germany,Britta.Bolte@email.com,,1.0,Adolescent,CC2
96-969-301-902,Hanny,Pfeiffer,25.0,Stuttgart,Germany,Hanny.Pfeiffer@email.com,,0.0,Adult,CC2
52-521-807-482,Torsten,Stuber,32.0,Birmingham,United_Kingdom,Torsten .Stuber@email.com,,1.0,Adult,CC2
41-412-680-711,Kira,Fleckenstein,55.0,Helsinki,Finland,Kira.Fleckenstein@email.com,,1.0,Adult,CC2
66-668-182-215,Heinz-Georg,Ladwig,18.0,Budapest,Hungary,Heinz-Georg .Ladwig@email.com,,1.0,Adult,CC3
30-304-783-270,Dariusz,Faßbender,26.0,New York,United_States,Dariusz .Faßbender@email.com,,0.0,Adult,CC3
73-739-621-991,René,Demmer,27.0,Sevilla,Spain,René.Demmer@email.com,,1.0,Adult,CC3
69-690-751-135,Anika,Spiekermann,21.0,Mykolayiv,Ukraine,Anika.Spiekermann@email.com,,1.0,Adult,CC1
12-129-229-505,Torsten,Schurig,21.0,Charlotte,United_States,Torsten .Schurig@email.com,,1.0,Adult,CC2
31-314-806-141,Annette,Lackner,47.0,Lisbon,Portugal,Annette.Lackner@email.com,,0.0,Adult,CC2
17-175-159-975,Almut,Steuer,65.0,Zaporizhia,Ukraine,Almut.Steuer@email.com,,1.0,Adult,CC2
71-719-570-471,Erik ,Brück,33.0,Sector 3,Romania,Erik .Brück@email.com,,0.0,Adult,CC2
11-114-912-872,Christian,Wilde,42.0,Skopje,North_Macedonia,Christian.Wilde@email.com,,0.0,Adult,CC3
59-595-619-774,Hans,Hellmann,16.0,Bochum,Germany,Hans.Hellmann@email.com,,1.0,Adolescent,CC2
85-853-956-795,Roderich,Baumgärtner,45.0,Las Palmas de Gran Canaria,Spain,Roderich .Baumgärtner@email.com,,1.0,Adult,CC1
48-486-379-899,Timo ,Theiß,16.0,Bochum,Germany,Timo .Theiß@email.com,,0.0,Adolescent,CC3
89-890-915-344,Helmuth ,Burger,29.0,Dublin,Ireland,Helmuth .Burger@email.com,,1.0,Adult,CC2
90-904-810-749,Andreas,Ochs,20.0,Portland,United_States,Andreas .Ochs@email.com,,0.0,Adult,CC3
28-280-274-447,Heiko ,Maaßen,26.0,Koeln,Germany,Heiko .Maaßen@email.com,Heiko .Maaßen@corp.com,0.0,Adult,CC3
56-568-126-920,Adriana,Wenzel,60.0,Mariupol,Ukraine,Adriana.Wenzel@corp.com,Adriana.Wenzel@corp.com,1.0,Adult,CC3
57-579-991-375,Edith,Hinz,58.0,Odessa,Ukraine,Edith.Hinz@email.com,,1.0,Adult,CC1
17-173-432-243,Mara,Linden,24.0,Stuttgart,Germany,Mara.Linden@email.com,,1.0,Adult,CC2
70-708-818-106,Heide-Marie,Dewald,48.0,Skopje,North_Macedonia,Heide-Marie.Dewald@email.com,,0.0,Adult,CC3
47-477-400-672,Janet,Dahlmann,17.0,Bochum,Germany,Janet.Dahlmann@email.com,,1.0,Adolescent,CC3
91-914-482-392,Eckart,Rech,52.0,Amsterdam,Netherlands,Eckart .Rech@email.com,,1.0,Adult,CC3
63-636-505-765,Mirja,Blume,32.0,Mykolayiv,Ukraine,Mirja.Blume@email.com,,0.0,Adult,CC3
10-108-710-917,Tom,Weishaupt,16.0,Portland,United_States,Tom .Weishaupt@email.com,,0.0,Adolescent,CC3
87-879-401-538,Heiko ,Maschke,38.0,Manchester,United_Kingdom,Heiko .Maschke@email.com,Heiko .Maschke@corp.com,0.0,Adult,CC3
12-121-103-391,Christoph,Johannsen,36.0,Hannover,Germany,Christoph.Johannsen@email.com,Christoph.Johannsen@corp.com,1.0,Adult,CC1
62-623-285-584,Semra,Fox,32.0,Helsinki,Finland,Semra.Fox@email.com,,1.0,Adult,CC1
14-146-517-508,Cäcilia,Rüter,25.0,Prague,Czech_Republic,Cäcilia.Rüter@email.com,,0.0,Adult,CC3
32-325-966-484,Leopoldine,Osterloh,55.0,Zaporizhia,Ukraine,Leopoldine.Osterloh@email.com,,0.0,Adult,CC2
27-273-164-649,Daniel,Schulze,19.0,Indianapolis,United_States,Daniel.Schulze@email.com,,1.0,Adult,CC1
21-214-370-648,Curt,Radloff,18.0,Portland,United_States,Curt .Radloff@email.com,,1.0,Adult,CC3
58-582-726-327,Leonard ,Niermann,47.0,Sheffield,United_Kingdom,Leonard .Niermann@email.com,,1.0,Adult,CC1
64-642-414-854,Erica,Siegmund,39.0,Gomel,Belarus,Erica.Siegmund@email.com,,1.0,Adult,CC3
27-277-864-839,Ayse,Häusler,18.0,Sevastopol,Ukraine,Ayse.Häusler@email.com,,0.0,Adult,CC1
74-745-118-883,Rüdiger,Speicher,29.0,El Paso,United_States,Rüdiger .Speicher@email.com,,0.0,Adult,CC2
38-382-154-210,Philip ,Moll,43.0,Charlotte,United_States,Philip .Moll@email.com,,0.0,Adult,CC1
41-417-310-250,Wilhelm,Dengler,49.0,Krakow,Poland,Wilhelm.Dengler@corp.com,Wilhelm.Dengler@corp.com,0.0,Adult,CC2
21-217-843-603,Anny,Vogelsang,33.0,Rotterdam,Netherlands,Anny.Vogelsang@email.com,,1.0,Adult,CC2
23-231-165-436,Thorsten,Marks,27.0,Chicago,United_States,Thorsten.Marks@email.com,,0.0,Adult,CC1
62-620-845-581,Astrid,Dammann,67.0,Las Palmas de Gran Canaria,Spain,Astrid.Dammann@email.com,,1.0,Older Adult,CC3
75-755-939-585,Marina,Janzen,32.0,Jacksonville,United_States,Marina.Janzen@email.com,,1.0,Adult,CC1
50-503-271-385,Josef,Heim,19.0,San Diego,United_States,Josef .Heim@email.com,,0.0,Adult,CC2
28-282-881-307,Anette,Walther,45.0,Helsinki,Finland,Anette.Walther@email.com,,1.0,Adult,CC1
97-973-292-855,Carmine,Beller,33.0,Malaga,Spain,Carmine.Beller@email.com,,1.0,Adult,CC1
19-196-621-974,Gundel,Diekmann,37.0,The Hague,Netherlands,Gundel.Diekmann@email.com,Gundel.Diekmann@corp.com,0.0,Adult,CC1
73-738-177-791,Nurten,Behling,33.86,Mariupol,Ukraine,Nurten.Behling@email.com,,1.0,Adult,CC1
27-271-923-608,Ole,Thies,38.0,Barcelona,Spain,Ole .Thies@email.com,,0.0,Adult,CC1
48-480-603-516,Lotte,Jentsch,49.0,Mariupol,Ukraine,Lotte.Jentsch@email.com,,1.0,Adult,CC1
69-692-438-953,Siegfried,Adams,64.0,Szczecin,Poland,Siegfried .Adams@email.com,,1.0,Adult,CC3
99-996-282-163,Silva,Schuh,33.0,Budapest,Hungary,Silva.Schuh@email.com,,0.0,Adult,CC3
64-644-142-396,Ute,Boy,34.0,Luhansk,Ukraine,Ute.Boy@email.com,,0.0,Adult,CC3
78-787-762-485,Klaus-Dieter,Rombach,28.0,Mariupol,Ukraine,Klaus-Dieter .Rombach@email.com,,1.0,Adult,CC3
68-680-907-593,Knut,Hölzl,28.0,Charlotte,United_States,Knut .Hölzl@email.com,,0.0,Adult,CC1
68-681-569-184,Friedbert,Greif,30.0,Wandsbek,Germany,Friedbert .Greif@email.com,,1.0,Adult,CC1
52-523-189-742,René,Weinert,41.0,Skopje,North_Macedonia,René .Weinert@email.com,,1.0,Adult,CC1
89-896-594-733,Margot,Poppe,56.0,San Diego,United_States,Margot.Poppe@email.com,,1.0,Adult,CC1
50-506-151-646,Alexa,Sievert,35.0,Luhansk,Ukraine,Alexa.Sievert@email.com,,1.0,Adult,CC3
42-428-328-165,Edda,Kögler,23.0,Skopje,North_Macedonia,Edda.Kögler@email.com,,0.0,Adult,CC1
41-414-251-367,Hans-Ulrich,Patzelt,29.0,Berlin,Germany,Hans-Ulrich .Patzelt@email.com,Hans-Ulrich .Patzelt@corp.com,0.0,Adult,CC1
19-193-474-696,Hellmut,Adler,35.0,Edinburgh,United_Kingdom,Hellmut .Adler@email.com,,0.0,Adult,CC1
76-768-579-491,Nadja,Jauch,38.0,Poznan,Poland,Nadja.Jauch@email.com,,1.0,Adult,CC1
49-498-982-921,Karolin,Härtel,35.0,Munich,Germany,Karolin.Härtel@email.com,,0.0,Adult,CC3
74-748-477-601,Elli,Lösch,23.0,Chisinau,Moldova,Elli.Lösch@email.com,,0.0,Adult,CC1
94-949-259-140,Centa,Fischer,33.0,Szczecin,Poland,Centa.Fischer@email.com,,0.0,Adult,CC1
14-148-849-305,Bruni,Fichtner,38.0,Frankfurt am Main,Germany,Bruni.Fichtner@email.com,,1.0,Adult,CC1
78-789-575-382,Ole ,Kellermann,44.0,Chisinau,Moldova,Ole .Kellermann@email.com,,1.0,Adult,CC2
56-564-513-219,Ursula,Hölzl,17.0,Marseille,France,Ursula.Hölzl@email.com,,1.0,Adolescent,CC1
71-719-720-833,Ines,Jesse,31.0,Jacksonville,United_States,Ines.Jesse@email.com,,1.0,Adult,CC3
76-769-344-830,Hans-Rudolf,Franck,46.0,Skopje,North_Macedonia,Hans-Rudolf .Franck@email.com,,1.0,Adult,CC2
39-392-137-865,Hella,Wildner,39.0,Austin,United_States,Hella.Wildner@email.com,,0.0,Adult,CC3
16-165-854-587,Ismail ,Thomas,28.0,Brussels,Belgium,Ismail .Thomas@email.com,,0.0,Adult,CC2
30-306-191-404,Maria-Theresia,Gehrke,40.0,Madrid,Spain,Maria-Theresia.Gehrke@email.com,,1.0,Adult,CC1
28-288-393-702,Ingolf ,Zettl,47.0,Stockholm,Sweden,Ingolf .Zettl@email.com,,0.0,Adult,CC3
48-483-112-509,Emmy,Pohl,52.0,Khmelnytskyi,Ukraine,Emmy.Pohl@email.com,,1.0,Adult,CC2
39-395-604-975,Waltraud,Sieg,25.0,Dublin,Ireland,Waltraud.Sieg@email.com,,0.0,Adult,CC2
90-907-622-440,Monica,Klatt,29.0,Warsaw,Poland,Monica.Klatt@email.com,,1.0,Adult,CC3
84-841-439-798,Lena,Linde,35.0,Toulouse,France,Lena.Linde@email.com,,1.0,Adult,CC1
97-971-398-126,Miriam,Scholl,41.0,Koeln,Germany,Miriam.Scholl@email.com,Miriam.Scholl@corp.com,0.0,Adult,CC1
63-633-764-535,Ekkehart ,Starke,17.0,Bristol,United_Kingdom,Ekkehart .Starke@email.com,,0.0,Adolescent,CC3
79-795-806-944,Hans-Ulrich,Vaupel,32.0,Las Vegas,United_States,Hans-Ulrich .Vaupel@email.com,,0.0,Adult,CC2
33-338-393-345,Franziska,Klaus,50.0,Portland,United_States,Franziska.Klaus@email.com,,1.0,Adult,CC3
91-918-366-959,Ljubica,Baum,35.0,Chicago,United_States,Ljubica.Baum@email.com,,1.0,Adult,CC3
98-983-580-134,Irma,Schwandt,33.86,Kyiv,Ukranie,Irma.Schwandt@email.com,,1.0,Adult,CC3
56-560-312-201,Ingetraut,Katz,34.0,San Jose,United_States,Ingetraut.Katz@email.com,,1.0,Adult,CC1
13-137-235-255,Michel,Osterloh,51.0,Kryvyi Rih,Ukraine,Michel .Osterloh@email.com,,0.0,Adult,CC2
81-818-571-631,Christiane,Manthey,20.0,Luhansk,Ukraine,Christiane.Manthey@email.com,,1.0,Adult,CC1
44-444-494-647,Magdalene,Kipp,24.0,Berlin,Germany,Magdalene.Kipp@email.com,,1.0,Adult,CC3
76-762-962-445,Nurten,Kaltenbach,18.0,Munich,Germany,Nurten.Kaltenbach@email.com,,0.0,Adult,CC1
96-967-571-364,Kristina,Hirsch,38.0,Sofia,Bulgaria,Kristina.Hirsch@email.com,,1.0,Adult,CC3
99-998-529-961,Gerard ,Lübben,38.0,Philadelphia,United_States,Gerard .Lübben@corp.com,Gerard .Lübben@corp.com,1.0,Adult,CC1
43-435-782-801,Knut,Fechner,35.0,London,United_Kingdom,Knut .Fechner@email.com,,1.0,Adult,CC2
12-124-572-534,Sandro,Stefan,69.0,Wandsbek,Germany,Sandro .Stefan@email.com,,0.0,Older Adult,CC2
62-622-917-767,Siegbert,Dressler,36.0,Dublin,Ireland,Siegbert .Dressler@email.com,,1.0,Adult,CC2
56-569-375-194,Raphaela,Schäffler,19.0,Dnipro,Ukraine,Raphaela.Schäffler@email.com,,1.0,Adult,CC2
95-957-504-995,Katharine,Fath,48.0,New York,United_States,Katharine.Fath@email.com,,1.0,Adult,CC2
53-532-800-193,Edeltraut,Kammerer,19.0,Sheffield,United_Kingdom,Edeltraut.Kammerer@email.com,,1.0,Adult,CC2
69-696-416-774,Benjamin,Weichert,33.0,Antwerpen,Belgium,Benjamin.Weichert@email.com,Benjamin.Weichert@corp.com,1.0,Adult,CC3
20-205-656-646,Christin,Lanz,41.0,Bratislava,Slovakia,Christin.Lanz@email.com,,1.0,Adult,CC1
70-702-146-803,Dorothe,Brückner,18.0,Kryvyi Rih,Ukraine,Dorothe.Brückner@email.com,,1.0,Adult,CC1
81-817-984-712,Paolo,Martens,20.0,Kharkiv,Ukraine,Paolo .Martens@email.com,,1.0,Adult,CC1
42-424-918-714,Christoph,Metzler,24.0,Dresden,Germany,Christoph.Metzler@email.com,,1.0,Adult,CC1
88-889-982-859,Ramazan,Thoma,25.0,Stockholm,Sweden,Ramazan .Thoma@email.com,,1.0,Adult,CC2
99-993-199-388,Astrid,Hummel,28.0,Baltimore,United_States,Astrid.Hummel@email.com,,1.0,Adult,CC1
15-154-737-266,Karl-August,Nelles,46.0,Sofia,Bulgaria,Karl-August .Nelles@email.com,,0.0,Adult,CC1
44-444-443-175,Mercedes,Wacker,21.0,Essen,Germany,Mercedes.Wacker@email.com,,1.0,Adult,CC3
74-742-397-160,Toralf,Edel,39.0,Sevastopol,Ukraine,Toralf .Edel@email.com,,1.0,Adult,CC2
61-612-573-891,Waldtraut,Mattes,25.0,Luhansk,Ukraine,Waldtraut.Mattes@email.com,,1.0,Adult,CC1
76-762-121-515,Hildburg,Freiberg,16.0,Nashville-Davidson,United_States,Hildburg.Freiberg@corp.com,Hildburg.Freiberg@corp.com,1.0,Adolescent,CC3
28-286-329-285,Herwig,Keppler,23.0,Kyiv,Ukraine,Herwig .Keppler@email.com,,1.0,Adult,CC3
22-228-227-920,Sigmar,Ritter,39.0,Hamburg,Germany,Sigmar .Ritter@email.com,,0.0,Adult,CC3
60-604-262-200,Nuri ,Thimm,20.0,Rotterdam,Netherlands,Nuri .Thimm@email.com,,0.0,Adult,CC1
23-237-339-596,Reimar,Adolph,57.0,Toulouse,France,Reimar .Adolph@email.com,,0.0,Adult,CC1
75-756-405-575,Fritz ,Brandl,24.0,San Jose,United_States,Fritz .Brandl@email.com,,0.0,Adult,CC3
65-658-544-933,Hannchen,Staiger,45.0,Odessa,Ukraine,Hannchen.Staiger@email.com,,1.0,Adult,CC3
83-830-969-427,Dieter,Melchior,18.0,Vilnius,Lithuania,Dieter.Melchior@email.com,,0.0,Adult,CC2
10-100-416-101,Wera,Petermann,29.0,Stuttgart,Germany,Wera.Petermann@email.com,,1.0,Adult,CC3
46-460-562-381,Sandy,Wilhelmi,44.0,Las Palmas de Gran Canaria,Spain,Sandy.Wilhelmi@email.com,,1.0,Adult,CC1
73-732-675-426,Maike,Haider,42.0,Kharkiv,Ukraine,Maike.Haider@email.com,,1.0,Adult,CC1
16-169-559-596,Hans-Peter,Heumann,26.0,Bristol,United_Kingdom,Hans-Peter .Heumann@email.com,,1.0,Adult,CC1
47-479-683-307,Harold,Schurr,41.0,Kyiv,Ukraine,Harold .Schurr@email.com,,1.0,Adult,CC2
46-464-842-620,Jacqueline,Knebel,16.0,Helsinki,Finland,Jacqueline.Knebel@email.com,,1.0,Adolescent,CC2
86-865-512-362,Luka,Petersen,18.0,Naples,Italy,Luka.Petersen@email.com,Luka.Petersen@corp.com,0.0,Adult,CC1
18-180-212-623,Jessika,Wittke,33.0,Kryvyi Rih,Ukraine,Jessika.Wittke@email.com,,1.0,Adult,CC1
37-370-558-947,Carmelo ,Gutzeit,30.0,Oklahoma City,United_States,Carmelo .Gutzeit@email.com,,1.0,Adult,CC1
28-281-916-184,Waldtraut,Gräber,48.0,Kyiv,Ukranie,Waldtraut.Gräber@email.com,,0.0,Adult,CC2
64-646-517-265,Dierk,Haufe,36.0,Murcia,Spain,Dierk .Haufe@email.com,,1.0,Adult,CC3
55-553-475-898,Andrej ,Pöhlmann,27.0,Genoa,Italy,Andrej .Pöhlmann@email.com,,1.0,Adult,CC1
90-904-777-147,Lothar,Knobloch,59.0,Philadelphia,United_States,Lothar .Knobloch@email.com,,1.0,Adult,CC2
14-147-711-257,Aysel,Reimann,42.0,Sofia,Bulgaria,Aysel.Reimann@email.com,,0.0,Adult,CC1
54-540-143-192,Hans-Günter ,Neitzel,55.0,Phoenix,United_States,Hans-Günter .Neitzel@email.com,,0.0,Adult,CC2
23-230-253-261,Anneli,Grobe,57.0,Lviv,Ukraine,Anneli.Grobe@email.com,,0.0,Adult,CC1
74-741-796-965,Ann,Pietsch,22.0,Phoenix,United_States,Ann.Pietsch@email.com,,0.0,Adult,CC1
64-640-929-680,Hans-Joachim,Himmel,53.0,Antwerpen,Belgium,Hans-Joachim .Himmel@email.com,,0.0,Adult,CC1
71-719-449-668,Dittmar ,Klett,41.0,San Diego,United_States,Dittmar .Klett@email.com,,1.0,Adult,CC1
48-480-678-468,Larissa,Kohnen,50.0,Cardiff,United_Kingdom,Larissa.Kohnen@email.com,,0.0,Adult,CC3
19-196-358-410,Wilhelm,Klöckner,32.0,Duisburg,Germany,Wilhelm.Klöckner@email.com,,0.0,Adult,CC3
64-647-782-246,Cilly,Voll,56.0,Barcelona,Spain,Cilly.Voll@email.com,,0.0,Adult,CC1
64-647-953-993,Helga,Heindl,19.0,Bochum-Hordel,Germany,Helga.Heindl@email.com,,0.0,Adult,CC3
67-679-725-223,Heinz-Werner,Laue,42.0,Lviv,Ukraine,Heinz-Werner .Laue@email.com,,1.0,Adult,CC3
60-606-956-506,Lieschen,Kanzler,33.86,Minsk,Belarus,Lieschen.Kanzler@email.com,,0.0,Adult,CC2
54-544-130-708,Curt,Träger,26.0,Nuernberg,Germany,Curt .Träger@email.com,,0.0,Adult,CC1
53-531-682-365,Harri,Knapp,28.0,Duisburg,Germany,Harri .Knapp@email.com,,1.0,Adult,CC1
86-862-588-455,Carolin,Wiemer,19.0,Kyiv,Ukraine,Carolin.Wiemer@corp.com,Carolin.Wiemer@corp.com,1.0,Adult,CC3
26-263-305-165,Andy,Weniger,17.0,Copenhagen,Denmark,Andy .Weniger@email.com,,0.0,Adolescent,CC2
40-403-502-539,Anna-Luise,Meusel,29.0,The Hague,Netherlands,Anna-Luise.Meusel@email.com,,0.0,Adult,CC3
26-268-468-513,Dirk,Reichenbach,56.0,Boston,United_States,Dirk .Reichenbach@email.com,,0.0,Adult,CC1
99-991-670-643,Diedrich ,Kühnle,19.0,Cardiff,United_Kingdom,Diedrich .Kühnle@email.com,,1.0,Adult,CC1
73-736-119-941,Vitus,Rettig,46.0,Sheffield,United_Kingdom,Vitus .Rettig@email.com,,0.0,Adult,CC2
13-136-286-475,Caroline,Obermeier,27.0,Prague,Czech_Republic,Caroline.Obermeier@email.com,,0.0,Adult,CC3
49-491-769-382,Michaela,Liebl,47.0,Amsterdam,Netherlands,Michaela.Liebl@email.com,,1.0,Adult,CC3
29-299-264-614,Leila,Frings,33.0,Memphis,United_States,Leila.Frings@email.com,,1.0,Adult,CC1
87-879-490-361,Wolfram ,Köppe,26.0,Gomel,Belarus,Wolfram .Köppe@email.com,,1.0,Adult,CC3
92-926-869-335,Anna,Stöckel,34.0,Paris,France,Anna.Stöckel@email.com,,0.0,Adult,CC2
56-562-876-882,Henrik,Timmermann,26.0,Palermo,Italy,Henrik .Timmermann@email.com,,0.0,Adult,CC3
28-281-171-969,Nicolas,Böhler,41.0,El Paso,United_States,Nicolas .Böhler@email.com,,1.0,Adult,CC2
52-527-436-545,Friedo,Schroll,37.0,Dublin,Ireland,Friedo .Schroll@email.com,,0.0,Adult,CC2
60-607-485-676,Britt,Denk,26.0,Leicester,United_Kingdom,Britt.Denk@email.com,,1.0,Adult,CC1
37-370-845-810,Cäcilie,Willmann,42.0,Munich,Germany,Cäcilie.Willmann@email.com,,1.0,Adult,CC2
38-382-319-559,Ulrike,Kohlmann,45.0,Madrid,Spain,Ulrike.Kohlmann@email.com,Ulrike.Kohlmann@corp.com,1.0,Adult,CC3
57-579-168-936,Jan,Mager,34.0,Goeteborg,Sweden,Jan.Mager@email.com,,1.0,Adult,CC3
15-155-340-852,Pero,Friese,43.0,Los Angeles,United_States,Pero .Friese@email.com,,0.0,Adult,CC1
38-386-972-573,Claus-Dieter ,Kühl,23.0,Naples,Italy,Claus-Dieter .Kühl@email.com,Claus-Dieter .Kühl@corp.com,0.0,Adult,CC3
59-595-715-584,Steve,Heumann,35.0,Washington,United_States,Steve .Heumann@corp.com,Steve .Heumann@corp.com,0.0,Adult,CC2
55-559-801-209,Maxim ,Hampel,33.0,Birmingham,United_Kingdom,Maxim .Hampel@email.com,,0.0,Adult,CC2
19-199-539-213,Tülay,Heinzmann,20.0,Sevilla,Spain,Tülay.Heinzmann@email.com,,1.0,Adult,CC1
71-719-337-341,Julian ,Titze,68.0,Minsk,Belarus,Julian .Titze@email.com,,0.0,Older Adult,CC2
23-237-178-475,Dorota,Geist,24.0,Louisville/Jefferson County,United_States,Dorota.Geist@email.com,,0.0,Adult,CC1
76-768-489-545,Doris,Nielsen,16.0,Nashville-Davidson,United_States,Doris.Nielsen@email.com,,0.0,Adolescent,CC2
53-532-341-459,Frank-Peter,Wende,33.86,Mariupol,Ukraine,Frank-Peter .Wende@email.com,,1.0,Adult,CC1
15-153-267-528,Helene,Moritz,42.0,Makiyivka,Ukraine,Helene.Moritz@email.com,,1.0,Adult,CC2
83-836-218-369,Balthasar ,Middendorf,18.0,Louisville/Jefferson County,United_States,Balthasar .Middendorf@email.com,,0.0,Adult,CC1
72-724-678-494,Felizitas,Ruppert,19.0,Donetsk,Ukraine,Felizitas.Ruppert@email.com,,1.0,Adult,CC3
49-495-618-719,Hiltraud,Nitz,43.0,Lodz,Poland,Hiltraud.Nitz@email.com,,0.0,Adult,CC3
26-266-445-534,Margarete,Baumgartner,49.0,Nashville-Davidson,United_States,Margarete.Baumgartner@email.com,Margarete.Baumgartner@corp.com,1.0,Adult,CC1
52-520-603-952,Marcella,Beckert,36.0,Glasgow,United_Kingdom,Marcella.Beckert@email.com,,0.0,Adult,CC2
80-804-961-457,Helen,Eck,42.0,Rome,Italy,Helen.Eck@email.com,,1.0,Adult,CC2
66-663-102-602,Anastasia,Lutter,46.0,Munich,Germany,Anastasia.Lutter@email.com,,1.0,Adult,CC1
61-613-147-831,Marie-Therese,Rauch,25.0,Liverpool,United_Kingdom,Marie-Therese.Rauch@email.com,,1.0,Adult,CC1
31-319-647-748,Isabelle,Bösch,24.0,Dallas,United_States,Isabelle.Bösch@email.com,,0.0,Adult,CC1
23-234-975-237,Gönül,Ertl,18.0,Lisbon,Portugal,Gönül.Ertl@email.com,,1.0,Adult,CC3
98-983-936-226,Emmi,Back,41.0,Toulouse,France,Emmi.Back@email.com,Emmi.Back@corp.com,1.0,Adult,CC2
97-970-300-998,Ali,Epp,44.0,Vienna,Austria,Ali .Epp@email.com,,0.0,Adult,CC2
65-650-656-747,Maike,Seufert,37.0,Gdansk,Poland,Maike.Seufert@email.com,Maike.Seufert@corp.com,0.0,Adult,CC2
59-593-757-341,Klaus-Ulrich,Störmer,33.86,Krakow,Poland,Klaus-Ulrich .Störmer@email.com,,1.0,Adult,CC1
87-877-516-724,Lieschen,Herbst,49.0,Portland,United_States,Lieschen.Herbst@email.com,,1.0,Adult,CC2
87-873-970-163,Walter,Seelig,45.0,Copenhagen,Denmark,Walter .Seelig@email.com,,1.0,Adult,CC2
24-245-204-268,Wolfhard,Schmidbauer,21.0,Munich,Germany,Wolfhard .Schmidbauer@email.com,,1.0,Adult,CC3
45-456-631-299,Birthe,Schröder,29.0,Leicester,United_Kingdom,Birthe.Schröder@email.com,,0.0,Adult,CC3
78-781-184-376,Hannes,Meinel,34.0,Lodz,Poland,Hannes .Meinel@email.com,,0.0,Adult,CC3
16-162-535-639,Roberto ,Schäfer,40.0,Gdansk,Poland,Roberto .Schäfer@email.com,,0.0,Adult,CC3
68-686-544-132,Lilo,Joos,39.0,Sheffield,United_Kingdom,Lilo.Joos@email.com,,1.0,Adult,CC3
55-550-360-867,Wolfgang,Grote,30.0,Houston,United_States,Wolfgang .Grote@email.com,,0.0,Adult,CC3
82-820-230-939,Guido,Baumbach,29.0,Chisinau,Moldova,Guido .Baumbach@email.com,,0.0,Adult,CC3
82-823-447-798,Enrico ,Joachim,15.0,Dortmund,Germany,Enrico .Joachim@email.com,,1.0,Adolescent,CC2
59-595-536-934,Hanns ,Becht,46.0,Wandsbek,Germany,Hanns .Becht@email.com,,0.0,Adult,CC1
52-521-218-908,Guenther,Glatz,33.0,San Francisco,United_States,Guenther .Glatz@email.com,,1.0,Adult,CC3
16-163-629-940,Ralf-Peter ,Majewski,39.0,Oklahoma City,United_States,Ralf-Peter .Majewski@email.com,Ralf-Peter .Majewski@corp.com,0.0,Adult,CC3
97-975-348-979,Inken,Roos,41.0,Sarajevo,Bosnia_and_Herzegovina,Inken.Roos@email.com,,1.0,Adult,CC1
76-767-623-462,Ida,Tischler,23.0,Prague,Czech_Republic,Ida.Tischler@email.com,,1.0,Adult,CC2
36-361-287-391,Alfred,Bongartz,20.0,Mykolayiv,Ukraine,Alfred.Bongartz@email.com,,0.0,Adult,CC1
30-308-105-960,Christa,Hellwig,28.0,Liverpool,United_Kingdom,Christa.Hellwig@email.com,,1.0,Adult,CC2
80-809-723-347,Imre ,Weyers,47.0,Lodz,Poland,Imre .Weyers@email.com,,1.0,Adult,CC2
11-112-326-674,Hubertine,Valentin,33.0,Jacksonville,United_States,Hubertine.Valentin@email.com,,1.0,Adult,CC1
52-523-839-646,Cosimo ,Behrens,17.0,Lyon,France,Cosimo .Behrens@email.com,,1.0,Adolescent,CC3
54-544-916-131,Lilo,Fritzsch,45.0,Makiyivka,Ukraine,Lilo.Fritzsch@corp.com,Lilo.Fritzsch@corp.com,1.0,Adult,CC2
94-946-794-330,Ellen,Klostermann,35.0,Kyiv,Ukraine,Ellen.Klostermann@email.com,,1.0,Adult,CC3
95-957-956-828,Britt,Böhner,48.0,Indianapolis,United_States,Britt.Böhner@email.com,,0.0,Adult,CC2
41-415-713-697,Ingetraud,Hübsch,56.0,Essen,Germany,Ingetraud.Hübsch@email.com,,1.0,Adult,CC1
95-958-715-356,Ilonka,Gohlke,42.0,Malaga,Spain,Ilonka.Gohlke@corp.com,Ilonka.Gohlke@corp.com,1.0,Adult,CC2
53-533-399-805,Ioannis ,Flemming,38.0,Oslo,Norway,Ioannis .Flemming@email.com,Ioannis .Flemming@corp.com,0.0,Adult,CC1
73-736-266-322,Christopher ,Markert,25.0,Bremen,Germany,Christopher .Markert@email.com,,0.0,Adult,CC3
65-651-834-618,Mathias,Hardt,47.0,Dortmund,Germany,Mathias .Hardt@email.com,,1.0,Adult,CC2
16-169-152-220,Karsten,Volz,52.0,Chicago,United_States,Karsten.Volz@email.com,,0.0,Adult,CC2
16-167-216-668,Ernst-August,Morgenroth,32.0,Chicago,United_States,Ernst-August .Morgenroth@email.com,,1.0,Adult,CC1
26-265-611-716,Vera,Hubert,43.0,Nottingham,United_Kingdom,Vera.Hubert@email.com,,1.0,Adult,CC1
41-413-820-694,Rosemarie,Schürmann,48.0,Oklahoma City,United_States,Rosemarie.Schürmann@email.com,,1.0,Adult,CC2
99-999-201-224,Elenore,Koop,22.0,Krakow,Poland,Elenore.Koop@email.com,,0.0,Adult,CC1
21-219-761-582,Sigismund,Huck,40.0,Leipzig,Germany,Sigismund .Huck@email.com,,1.0,Adult,CC2
88-886-652-994,Simon ,Orth,24.0,Makiyivka,Ukraine,Simon .Orth@email.com,,0.0,Adult,CC1
86-863-773-624,Matthias,Jahns,57.0,Turin,Italy,Matthias.Jahns@email.com,,1.0,Adult,CC1
54-541-235-371,Lilli,Kasper,54.0,Dortmund,Germany,Lilli.Kasper@email.com,,0.0,Adult,CC2
75-750-226-716,Ljiljana,Langen,58.0,Zaporizhia,Ukraine,Ljiljana.Langen@email.com,Ljiljana.Langen@corp.com,1.0,Adult,CC3
50-505-617-708,Melanie,Kayser,63.0,Nashville-Davidson,United_States,Melanie.Kayser@email.com,,1.0,Adult,CC1
40-406-991-887,Frederike,Schneck,15.0,Marseille,France,Frederike.Schneck@email.com,,1.0,Adolescent,CC3
36-361-342-582,Yusuf,Krenz,29.0,New York,United_States,Yusuf .Krenz@email.com,Yusuf .Krenz@corp.com,1.0,Adult,CC3
13-134-983-966,Cordula,Kuhnert,64.0,Antwerpen,Belgium,Cordula.Kuhnert@email.com,,1.0,Adult,CC2
35-355-937-176,Dagmar,Gärtner,20.0,Khmelnytskyi,Ukraine,Dagmar.Gärtner@email.com,,1.0,Adult,CC2
64-641-787-863,Milena,Meinert,27.0,Oklahoma City,United_States,Milena.Meinert@email.com,,0.0,Adult,CC1
52-521-684-263,Juan,Wenig,23.0,Minsk,Belarus,Juan .Wenig@email.com,,1.0,Adult,CC2
85-859-781-737,Mareile,Oehler,22.0,Mykolayiv,Ukraine,Mareile.Oehler@email.com,,0.0,Adult,CC3
44-442-591-367,Philip,Nolte,30.0,Koeln,Germany,Philip.Nolte@email.com,,1.0,Adult,CC2
59-595-591-968,Marvin,Seubert,50.0,Koeln,Germany,Marvin .Seubert@corp.com,Marvin .Seubert@corp.com,0.0,Adult,CC2
95-950-601-470,Anna,Sturm,47.0,Bristol,United_Kingdom,Anna.Sturm@email.com,,1.0,Adult,CC3
78-788-966-950,Eric,Schillinger,34.0,Riga,Latvia,Eric .Schillinger@email.com,,1.0,Adult,CC3
18-185-574-703,Karen,Sachse,60.0,Bochum-Hordel,Germany,Karen.Sachse@email.com,,0.0,Adult,CC2
84-842-865-349,Berend ,Feldmeier,50.0,Las Vegas,United_States,Berend .Feldmeier@email.com,,1.0,Adult,CC2
51-513-580-685,Aziz,Kunert,34.0,San Antonio,United_States,Aziz .Kunert@email.com,,0.0,Adult,CC2
71-715-215-959,Raphael ,Anton,57.0,Glasgow,United_Kingdom,Raphael .Anton@email.com,Raphael .Anton@corp.com,1.0,Adult,CC2
23-230-508-576,Antoinette,Fath,44.0,Sevastopol,Ukraine,Antoinette.Fath@email.com,,1.0,Adult,CC2
35-353-991-548,Esther,Hock,52.0,El Paso,United_States,Esther.Hock@email.com,,0.0,Adult,CC1
28-283-387-673,Alice,Frühauf,33.86,Nashville-Davidson,United_States,Alice.Frühauf@email.com,,1.0,Adult,CC2
80-805-909-924,Friedbert,Kamps,19.0,Charlotte,United_States,Friedbert .Kamps@email.com,,0.0,Adult,CC3
71-717-794-720,Burkhardt ,Frey,31.0,Dnipro,Ukraine,Burkhardt .Frey@email.com,,0.0,Adult,CC3
57-576-914-123,Paola,Börger,26.0,Vienna,Austria,Paola.Börger@email.com,,1.0,Adult,CC3
17-171-832-104,Alois,Berger,47.0,Glasgow,United_Kingdom,Alois .Berger@email.com,,0.0,Adult,CC1
36-363-587-628,Ronny ,Kock,35.0,Sevastopol,Ukraine,Ronny .Kock@email.com,,0.0,Adult,CC1
16-166-498-865,Marc ,Erben,18.0,Glasgow,United_Kingdom,Marc .Erben@email.com,,1.0,Adult,CC1
48-489-819-844,Emin,Kehr,45.0,Riga,Latvia,Emin .Kehr@email.com,,0.0,Adult,CC2
62-627-721-216,Bertram,Kiesel,50.0,Zaragoza,Spain,Bertram .Kiesel@corp.com,Bertram .Kiesel@corp.com,1.0,Adult,CC2
23-239-172-766,Niko ,Hirt,49.0,Sector 3,Romania,Niko .Hirt@corp.com,Niko .Hirt@corp.com,1.0,Adult,CC3
85-859-760-370,Siegried,Panzer,44.0,San Antonio,United_States,Siegried.Panzer@email.com,,1.0,Adult,CC3
11-111-430-595,Mike,Wilken,25.0,Brussels,Belgium,Mike.Wilken@email.com,,0.0,Adult,CC3
71-713-702-701,Marion,Bosse,25.0,Columbus,United_States,Marion.Bosse@email.com,,0.0,Adult,CC3
22-223-287-826,Ester,Hannig,36.0,Krakow,Poland,Ester.Hannig@email.com,,0.0,Adult,CC2
65-654-788-949,Theodoros ,Adolf,25.0,Essen,Germany,Theodoros .Adolf@email.com,,0.0,Adult,CC2
71-712-752-500,Nevenka,Engler,33.86,Baltimore,United_States,Nevenka.Engler@corp.com,Nevenka.Engler@corp.com,1.0,Adult,CC1
92-927-695-433,Marlen,Herb,65.0,Valencia,Spain,Marlen.Herb@corp.com,Marlen.Herb@corp.com,0.0,Adult,CC1
35-357-752-387,Annemarie,Michalski,56.0,Kharkiv,Ukraine,Annemarie.Michalski@email.com,,0.0,Adult,CC1
76-769-216-127,Hinrich,Blome,40.0,Houston,United_States,Hinrich .Blome@email.com,,0.0,Adult,CC2
68-687-486-388,Jana,Lotz,37.0,Detroit,United_States,Jana.Lotz@corp.com,Jana.Lotz@corp.com,1.0,Adult,CC3
40-406-582-142,Thekla,Vollrath,51.0,Palma,Spain,Thekla.Vollrath@email.com,,1.0,Adult,CC1
91-914-326-396,Lotte,Krell,33.0,Bratislava,Slovakia,Lotte.Krell@email.com,,0.0,Adult,CC1
40-400-596-321,Axel ,Rommel,38.0,Dortmund,Germany,Axel .Rommel@email.com,,0.0,Adult,CC2
84-842-520-680,Lothar,Schönberger,62.0,Chicago,United_States,Lothar.Schönberger@email.com,,1.0,Adult,CC2
80-801-206-865,Volker,Retzlaff,32.0,El Paso,United_States,Volker .Retzlaff@email.com,,1.0,Adult,CC1
64-641-472-308,Annie,Mengel,31.0,Frankfurt am Main,Germany,Annie.Mengel@email.com,,1.0,Adult,CC2
35-354-231-990,Herma,Daniel,40.0,Memphis,United_States,Herma.Daniel@email.com,,0.0,Adult,CC1
94-940-484-392,Jessika,Schulte,28.0,Paris,France,Jessika.Schulte@email.com,,1.0,Adult,CC2
25-257-327-285,Jan,Stoll,39.0,Tallinn,Estonia,Jan.Stoll@email.com,,0.0,Adult,CC2
21-210-376-334,Abram ,Zeller,40.0,Frankfurt am Main,Germany,Abram .Zeller@email.com,,1.0,Adult,CC2
49-496-325-501,Gunnar ,Heil,20.0,Oslo,Norway,Gunnar .Heil@email.com,,0.0,Adult,CC3
43-437-660-491,Anne-Katrin,Gehlen,26.0,Sofia,Bulgaria,Anne-Katrin.Gehlen@email.com,,1.0,Adult,CC2
12-121-182-720,Hasso,Baltes,53.0,Cardiff,United_Kingdom,Hasso .Baltes@email.com,,0.0,Adult,CC3
69-695-499-279,Regina,Freund,50.0,Riga,Latvia,Regina.Freund@email.com,,1.0,Adult,CC3
69-694-501-516,Doris,Horstmann,41.0,Lodz,Poland,Doris.Horstmann@email.com,,1.0,Adult,CC3
52-521-512-555,Betina,Bäuerle,48.0,Dublin,Ireland,Betina.Bäuerle@email.com,,1.0,Adult,CC2
91-919-255-355,Goran ,Schütt,57.0,Wandsbek,Germany,Goran .Schütt@email.com,,1.0,Adult,CC1
87-877-472-491,Karl-Josef,Krawczyk,24.0,Nuernberg,Germany,Karl-Josef .Krawczyk@email.com,,1.0,Adult,CC2
57-576-774-764,Vincenzo ,Meuser,22.0,Frankfurt am Main,Germany,Vincenzo .Meuser@email.com,,0.0,Adult,CC3
79-793-772-465,Hugo,Jehle,22.0,Budapest,Hungary,Hugo .Jehle@corp.com,Hugo .Jehle@corp.com,0.0,Adult,CC3
78-786-357-977,Regina,Henrich,39.0,Donetsk,Ukraine,Regina.Henrich@email.com,,1.0,Adult,CC2
97-973-467-447,Eckart,Heide,31.0,Athens,Greece,Eckart .Heide@email.com,,1.0,Adult,CC1
71-712-350-910,Hans-Theo,Thies,19.0,Leipzig,Germany,Hans-Theo .Thies@email.com,,0.0,Adult,CC2
94-947-696-426,Goran,Weyers,34.0,Bratislava,Slovakia,Goran .Weyers@email.com,,0.0,Adult,CC3
51-515-381-698,Iwona,Klar,22.0,Krakow,Poland,Iwona.Klar@email.com,,1.0,Adult,CC3
11-115-681-276,Ramon,Ramm,52.0,Indianapolis,United_States,Ramon .Ramm@email.com,,1.0,Adult,CC3
87-874-484-391,Mario,Schaffer,40.0,Koeln,Germany,Mario.Schaffer@email.com,,1.0,Adult,CC2
58-582-135-888,Agata,Quandt,34.0,Glasgow,United_Kingdom,Agata.Quandt@email.com,,0.0,Adult,CC1
78-781-720-208,Michaela,Borgmann,22.0,Vilnius,Lithuania,Michaela.Borgmann@email.com,,0.0,Adult,CC2
73-737-449-188,Ingrid,Kögler,29.0,Bochum,Germany,Ingrid.Kögler@email.com,,0.0,Adult,CC3
76-760-227-700,Janna,Strehl,42.0,Goeteborg,Sweden,Janna.Strehl@email.com,,1.0,Adult,CC1
58-589-211-264,Imelda,Enders,34.0,Sevilla,Spain,Imelda.Enders@email.com,,1.0,Adult,CC1
63-633-625-358,Woldemar,Hohl,33.0,Liverpool,United_Kingdom,Woldemar .Hohl@email.com,,1.0,Adult,CC2
61-618-501-704,Süleyman,Hommel,25.0,Mykolayiv,Ukraine,Süleyman .Hommel@email.com,Süleyman .Hommel@corp.com,1.0,Adult,CC1
12-128-929-830,Paul,Schüßler,46.0,San Antonio,United_States,Paul .Schüßler@email.com,,0.0,Adult,CC3
10-106-319-550,Miroslawa,Lieske,33.0,Gdansk,Poland,Miroslawa.Lieske@email.com,,1.0,Adult,CC3
80-800-332-983,Inga,Menge,23.0,Stockholm,Sweden,Inga.Menge@email.com,,1.0,Adult,CC1
86-868-582-334,Franziska,Deppe,56.0,Zaragoza,Spain,Franziska.Deppe@email.com,,0.0,Adult,CC2
75-756-627-795,Zeki,Engels,21.0,Las Palmas de Gran Canaria,Spian,Zeki .Engels@email.com,,0.0,Adult,CC2
23-231-235-737,Tabea,Tiemann,25.0,Budapest,Hungary,Tabea.Tiemann@email.com,,0.0,Adult,CC1
88-888-127-531,Jorge ,Hedrich,26.0,Baltimore,United_States,Jorge .Hedrich@corp.com,Jorge .Hedrich@corp.com,1.0,Adult,CC3
74-749-575-142,Georg,Michel,28.0,Indianapolis,United_States,Georg .Michel@email.com,,1.0,Adult,CC3
70-706-458-539,Corinne,Zauner,23.0,Brussels,Belgium,Corinne.Zauner@email.com,,1.0,Adult,CC1
96-961-836-579,Doris,Bürkle,61.0,Sofia,Bulgaria,Doris.Bürkle@email.com,,1.0,Adult,CC2
87-871-328-965,Heinz-Werner,Küper,17.0,Cardiff,United_Kingdom,Heinz-Werner .Küper@email.com,,0.0,Adolescent,CC2
22-221-828-850,Sükrü,Hirth,17.0,Makiyivka,Ukraine,Sükrü .Hirth@email.com,,0.0,Adolescent,CC3
79-792-104-131,Asta,Knapp,23.0,Oklahoma City,United_States,Asta.Knapp@email.com,,0.0,Adult,CC3
66-665-185-933,Antoinette,Schulte,50.0,Lviv,Ukraine,Antoinette.Schulte@email.com,,1.0,Adult,CC3
81-814-399-517,Alwine,Titze,30.0,Munich,Germany,Alwine.Titze@email.com,,1.0,Adult,CC2
31-314-216-848,Helge,Schellenberg,64.0,Essen,Germany,Helge .Schellenberg@email.com,,1.0,Adult,CC2
26-267-878-143,Petra,Kohler,42.0,Khmelnytskyi,Ukraine,Petra.Kohler@email.com,,0.0,Adult,CC3
11-114-615-836,Gerald ,Schröder,41.0,Bremen,Germany,Gerald .Schröder@email.com,,1.0,Adult,CC3
70-700-764-914,Birgid,Rücker,26.0,San Antonio,United_States,Birgid.Rücker@email.com,,0.0,Adult,CC3
11-114-974-532,Elfi,Glatz,46.0,Wandsbek,Germany,Elfi.Glatz@email.com,,1.0,Adult,CC3
39-399-723-875,Daria,Blankenburg,15.0,Stuttgart,Germany,Daria.Blankenburg@email.com,,1.0,Adolescent,CC1
68-686-398-919,Heinz-Günter ,Heinen,34.0,New York,United_States,Heinz-Günter .Heinen@email.com,,0.0,Adult,CC1
15-156-396-157,Ditmar ,Stratmann,35.0,Malaga,Spain,Ditmar .Stratmann@email.com,,0.0,Adult,CC1
65-659-639-263,Mona,Hirschfeld,42.0,Prague,Czech_Republic,Mona.Hirschfeld@email.com,,0.0,Adult,CC3
28-287-358-438,Adolfine,Moosmann,32.0,Dublin,Ireland,Adolfine.Moosmann@email.com,,1.0,Adult,CC1
29-291-670-853,Christa,Huth,55.0,Valencia,Spain,Christa.Huth@email.com,,1.0,Adult,CC1
52-524-970-398,Elfie,Adams,37.0,Bochum,Germany,Elfie.Adams@email.com,Elfie.Adams@corp.com,0.0,Adult,CC1
87-878-829-635,Rena,Kümmel,18.0,Liverpool,United_Kingdom,Rena.Kümmel@email.com,,0.0,Adult,CC3
69-693-787-284,Stavros,Selle,22.0,Chicago,United_States,Stavros .Selle@email.com,,1.0,Adult,CC3
89-893-453-190,Theobald ,Aschenbrenner,16.0,The Hague,Netherlands,Theobald .Aschenbrenner@email.com,,0.0,Adolescent,CC2
37-376-942-182,Marga,Hansmann,34.0,Stockholm,Sweden,Marga.Hansmann@email.com,,1.0,Adult,CC2
93-930-162-858,Gerhart,Wiese,27.0,Nottingham,United_Kingdom,Gerhart .Wiese@email.com,,1.0,Adult,CC1
57-575-842-794,H.-Dieter,Görgen,53.0,Krakow,Poland,H.-Dieter .Görgen@email.com,,1.0,Adult,CC2
69-692-632-200,Angelique,Heymann,49.0,Toulouse,France,Angelique.Heymann@email.com,,0.0,Adult,CC3
21-211-120-306,Ariane,Breidenbach,34.0,Budapest,Hungary,Ariane.Breidenbach@corp.com,Ariane.Breidenbach@corp.com,1.0,Adult,CC2
19-198-179-135,Gisa,Heyn,19.0,Riga,Latvia,Gisa.Heyn@email.com,,1.0,Adult,CC3
90-906-456-519,Hagen ,Kock,23.0,Las Vegas,United_States,Hagen .Kock@email.com,,1.0,Adult,CC1
92-927-316-810,Arndt,Wittig,49.0,Helsinki,Finland,Arndt .Wittig@email.com,,1.0,Adult,CC2
62-629-644-861,Joerg,Baumeister,52.0,Sector 3,Romania,Joerg.Baumeister@email.com,,0.0,Adult,CC1
14-149-816-199,Mustafa ,Kreuz,38.0,Poznan,Poland,Mustafa .Kreuz@email.com,,1.0,Adult,CC1
61-611-865-849,Stefan,Hölzer,54.0,Naples,Italy,Stefan .Hölzer@corp.com,Stefan .Hölzer@corp.com,1.0,Adult,CC2
72-727-714-246,Carla,Beer,59.0,Austin,United_States,Carla.Beer@email.com,,0.0,Adult,CC3
30-301-380-643,Branka,Prause,52.0,Leipzig,Germany,Branka.Prause@email.com,,1.0,Adult,CC2
62-626-335-169,Mechthild,Dold,34.0,Luhansk,Ukraine,Mechthild.Dold@email.com,,0.0,Adult,CC1
93-936-246-673,Klaus ,Middendorf,54.0,Glasgow,United_Kingdom,Klaus .Middendorf@email.com,,0.0,Adult,CC3
34-349-608-959,Michaela,Tröster,18.0,Duesseldorf,Germany,Michaela.Tröster@corp.com,Michaela.Tröster@corp.com,0.0,Adult,CC2
18-188-357-929,Klaus-Werner,Bothe,51.0,Oklahoma City,United_States,Klaus-Werner .Bothe@email.com,,0.0,Adult,CC1
87-874-937-927,Edith,Heisig,56.0,Sarajevo,Bosnia_and_Herzegovina,Edith.Heisig@email.com,,0.0,Adult,CC2
29-294-432-661,Bogdan ,Krawczyk,24.0,Valencia,Spain,Bogdan .Krawczyk@email.com,,1.0,Adult,CC3
15-151-258-820,Lars ,Moosmann,53.0,Vienna,Austria,Lars .Moosmann@email.com,,0.0,Adult,CC2
76-762-304-231,Rainer,Eichinger,38.0,Bristol,United_Kingdom,Rainer.Eichinger@email.com,,1.0,Adult,CC2
12-121-984-487,Theobald ,Siemens,48.0,San Francisco,United_States,Theobald .Siemens@corp.com,Theobald .Siemens@corp.com,0.0,Adult,CC2
63-634-582-807,Dogan,Rasch,47.0,Oslo,Norway,Dogan .Rasch@email.com,,1.0,Adult,CC2
21-216-148-438,Darko,Mücke,20.0,Kharkiv,Ukraine,Darko .Mücke@email.com,,1.0,Adult,CC3
36-360-140-616,Mercedes,Fisch,43.0,Zagreb,Croatia,Mercedes.Fisch@email.com,,0.0,Adult,CC3
53-530-158-756,Edith,Holzer,33.86,Skopje,North_Macedonia,Edith.Holzer@email.com,,0.0,Adult,CC1
69-691-301-388,Gabriela,Forster,50.0,Budapest,Hungary,Gabriela.Forster@email.com,,1.0,Adult,CC1
70-706-604-483,Bodo,Stork,51.0,Charlotte,United_States,Bodo .Stork@email.com,Bodo .Stork@corp.com,1.0,Adult,CC1
32-321-630-976,Solveig,Grell,26.0,Louisville/Jefferson County,United_States,Solveig.Grell@email.com,,1.0,Adult,CC2
79-791-862-782,Gerhard,Husmann,23.0,Genoa,Italy,Gerhard .Husmann@email.com,,1.0,Adult,CC1
68-682-216-620,Jens,Klose,33.86,Washington,United_States,Jens .Klose@email.com,,0.0,Adult,CC2
69-694-620-411,Janko ,Grothe,30.0,Cardiff,United_Kingdom,Janko .Grothe@email.com,,0.0,Adult,CC1
22-224-196-356,Jutta,Junker,21.0,Liverpool,United_Kingdom,Jutta.Junker@email.com,,1.0,Adult,CC1
52-523-439-669,Gregor ,Brandt,40.0,Stockholm,Sweden,Gregor .Brandt@email.com,,1.0,Adult,CC3
76-769-134-105,Birger,Schnitzer,18.0,Mariupol,Ukraine,Birger .Schnitzer@email.com,,1.0,Adult,CC2
65-650-360-874,Francis ,Arnold,17.0,San Jose,United_States,Francis .Arnold@email.com,,1.0,Adolescent,CC3
78-789-740-690,Lisa,Hotz,18.0,Mykolayiv,Ukraine,Lisa.Hotz@email.com,,1.0,Adult,CC3
60-604-989-302,Franka,Eckert,63.0,London,United_Kingdom,Franka.Eckert@email.com,,0.0,Adult,CC3
23-232-750-402,Frederik ,Köller,46.0,Washington,United_States,Frederik .Köller@email.com,,0.0,Adult,CC2
36-365-205-196,Swantje,Höft,20.0,Tallinn,Estonia,Swantje.Höft@email.com,,0.0,Adult,CC2
75-753-472-438,Willibald ,Fromm,27.0,Nashville-Davidson,United_States,Willibald .Fromm@email.com,,0.0,Adult,CC3
21-212-520-556,Kunigunde,Arendt,65.0,Birmingham,United_Kingdom,Kunigunde.Arendt@corp.com,Kunigunde.Arendt@corp.com,1.0,Adult,CC3
11-111-839-598,Kerstin,Lohse,29.0,The Hague,Netherlands,Kerstin.Lohse@email.com,,0.0,Adult,CC1
54-542-482-241,Francoise,Dahm,21.0,Memphis,United_States,Francoise.Dahm@email.com,,1.0,Adult,CC3
58-581-933-834,Hertha,Gebhardt,48.0,Copenhagen,Denmark,Hertha.Gebhardt@email.com,,1.0,Adult,CC1
82-825-949-382,Liesbeth,Willer,48.0,Krakow,Poland,Liesbeth.Willer@email.com,,1.0,Adult,CC2
98-987-890-929,Mechthild,Weißmann,54.0,Sevastopol,Ukraine,Mechthild.Weißmann@email.com,,0.0,Adult,CC3
76-763-989-703,Flora,Wenzl,28.0,Columbus,United_States,Flora.Wenzl@email.com,Flora.Wenzl@corp.com,0.0,Adult,CC2
23-233-773-357,Eugenia,Reichenbach,30.0,Gdansk,Poland,Eugenia.Reichenbach@email.com,,1.0,Adult,CC1
43-433-247-200,Aenne,Eberlein,34.0,Dallas,United_States,Aenne.Eberlein@email.com,,0.0,Adult,CC1
51-519-466-113,Hiltraud,Dieterich,25.0,Goeteborg,Sweden,Hiltraud.Dieterich@email.com,,0.0,Adult,CC2
64-643-180-687,Jenny,Kloss,55.0,Makiyivka,Ukraine,Jenny.Kloss@email.com,,1.0,Adult,CC3
57-578-103-980,Lene,Sander,44.0,Bratislava,Slovakia,Lene.Sander@email.com,,0.0,Adult,CC1
85-851-433-681,Genoveva,Dahm,31.0,San Francisco,United_States,Genoveva.Dahm@email.com,,0.0,Adult,CC3
83-831-558-198,Adina,Tausch,52.0,Bratislava,Slovakia,Adina.Tausch@email.com,,0.0,Adult,CC3
75-755-198-806,Jerzy ,Görlich,35.0,Duesseldorf,Germany,Jerzy .Görlich@email.com,,0.0,Adult,CC3
38-389-662-895,Stjepan,Glas,34.0,Sevilla,Spain,Stjepan .Glas@email.com,,1.0,Adult,CC1
62-623-994-693,Felicia,Zahn,18.0,Sarajevo,Bosnia_and_Herzegovina,Felicia.Zahn@email.com,,0.0,Adult,CC3
82-827-558-979,Milica,Strobel,49.0,Minsk,Belarus,Milica.Strobel@email.com,Milica.Strobel@corp.com,0.0,Adult,CC3
44-441-938-841,Hassan,Claußen,60.0,Helsinki,Finland,Hassan .Claußen@email.com,,1.0,Adult,CC2
51-518-459-146,Beate,Scheuermann,22.0,Murcia,Spain,Beate.Scheuermann@email.com,,0.0,Adult,CC2
25-256-936-987,Alexandra,Bäuerle,26.0,Szczecin,Poland,Alexandra.Bäuerle@email.com,,0.0,Adult,CC2
47-475-722-336,Renata,Michel,30.0,Warsaw,Poland,Renata.Michel@email.com,Renata.Michel@corp.com,0.0,Adult,CC1
72-723-708-919,Nurettin,Brix,34.0,San Antonio,United_States,Nurettin .Brix@email.com,,0.0,Adult,CC1
27-275-855-529,Marliese,Klapper,56.0,Jacksonville,United_States,Marliese.Klapper@email.com,,0.0,Adult,CC3
61-618-430-621,Birger,Koller,26.0,Vilnius,Lithuania,Birger .Koller@email.com,,1.0,Adult,CC3
93-938-181-578,Elma,Steinke,28.0,San Francisco,United_States,Elma.Steinke@email.com,,0.0,Adult,CC2
18-181-610-562,Edeltrud,Grau,40.0,Naples,Italy,Edeltrud.Grau@email.com,,0.0,Adult,CC3
25-254-622-742,Wenzel ,George,20.0,Luhansk,Ukraine,Wenzel .George@email.com,,0.0,Adult,CC1
96-966-501-977,Bianca,Stolze,23.0,Sector 3,Romania,Bianca.Stolze@email.com,,1.0,Adult,CC3
93-939-645-523,Geert,Wünsch,28.0,London,United_Kingdom,Geert .Wünsch@email.com,Geert .Wünsch@corp.com,0.0,Adult,CC1
22-228-402-571,Notburga,Hunger,29.0,Genoa,Italy,Notburga.Hunger@corp.com,Notburga.Hunger@corp.com,1.0,Adult,CC1
26-266-269-855,Vassilios ,Bock,41.0,Kyiv,Ukraine,Vassilios .Bock@corp.com,Vassilios .Bock@corp.com,1.0,Adult,CC2
88-880-517-874,Otto,Lehnert,37.0,Brussels,Belgium,Otto.Lehnert@email.com,,1.0,Adult,CC1
48-481-379-369,Traudel,Jensen,30.0,Sevilla,Spain,Traudel.Jensen@email.com,,1.0,Adult,CC1
79-797-806-665,Alfred,Kölling,47.0,New York,United_States,Alfred.Kölling@corp.com,Alfred.Kölling@corp.com,0.0,Adult,CC3
89-893-995-307,Irmingard,Lorenzen,50.0,The Hague,Netherlands,Irmingard.Lorenzen@email.com,,1.0,Adult,CC2
38-383-945-818,Malgorzata,Metzner,19.0,Helsinki,Finland,Malgorzata.Metzner@email.com,,0.0,Adult,CC2
30-303-671-525,Liesa,Dombrowski,48.0,Milan,Italy,Liesa.Dombrowski@email.com,Liesa.Dombrowski@corp.com,1.0,Adult,CC1
77-770-273-774,Heinz-Josef,Gerhard,35.0,Indianapolis,United_States,Heinz-Josef .Gerhard@email.com,,1.0,Adult,CC2
35-353-169-781,Johan,Kutscher,17.0,Washington,United_States,Johan .Kutscher@email.com,,1.0,Adolescent,CC3
15-152-978-244,Ekkehard ,Wedekind,29.0,Dresden,Germany,Ekkehard .Wedekind@email.com,,1.0,Adult,CC2
11-110-421-578,Felicia,Oberle,19.0,Houston,United_States,Felicia.Oberle@email.com,,0.0,Adult,CC2
31-319-802-569,Annelise,Plank,41.0,Madrid,Spain,Annelise.Plank@email.com,,0.0,Adult,CC1
87-877-710-420,Domenico,Linde,40.0,Edinburgh,United_Kingdom,Domenico .Linde@email.com,,1.0,Adult,CC3
40-401-680-992,Ulla,Leonhard,46.0,Vienna,Austria,Ulla.Leonhard@email.com,,1.0,Adult,CC2
62-623-695-257,Yvonne,Glück,59.0,Lodz,Poland,Yvonne.Glück@email.com,,0.0,Adult,CC1
44-444-761-767,Bartholomäus ,Lüdecke,26.0,Gdansk,Poland,Bartholomäus .Lüdecke@email.com,,1.0,Adult,CC2
85-853-500-699,Heinz-Georg,Tews,22.0,Makiyivka,Ukraine,Heinz-Georg .Tews@email.com,,0.0,Adult,CC2
43-438-402-925,Gitte,Böhnke,47.0,Nottingham,United_Kingdom,Gitte.Böhnke@email.com,,1.0,Adult,CC2
34-349-843-643,Riza ,Herbst,40.0,Nashville-Davidson,United_States,Riza .Herbst@corp.com,Riza .Herbst@corp.com,1.0,Adult,CC1
61-616-400-329,Werner,Bauer,41.0,Zagreb,Croatia,Werner.Bauer@email.com,,1.0,Adult,CC1
18-184-988-736,Hilma,Haubold,37.0,Memphis,United_States,Hilma.Haubold@email.com,,0.0,Adult,CC2
88-887-738-892,Krzysztof ,Wörle,15.0,Sevastopol,Ukraine,Krzysztof .Wörle@email.com,,1.0,Adolescent,CC1
69-691-652-688,Sepp ,Heinisch,53.0,El Paso,United_States,Sepp .Heinisch@email.com,,0.0,Adult,CC1
75-759-524-257,Philip,Görner,23.0,Nuernberg,Germany,Philip.Görner@email.com,,1.0,Adult,CC3
56-566-181-713,Meinrad ,Fries,40.0,New York,United_States,Meinrad .Fries@email.com,,0.0,Adult,CC3
85-850-183-190,Klara,Schenk,18.0,Goeteborg,Sweden,Klara.Schenk@email.com,,1.0,Adult,CC2
92-929-586-636,Desiree,Schlüter,54.0,Antwerpen,Belgium,Desiree.Schlüter@email.com,,0.0,Adult,CC3
65-653-593-825,Maja,Wüst,39.0,Cardiff,United_Kingdom,Maja.Wüst@email.com,,1.0,Adult,CC2
60-609-179-371,Volkhard,Gerling,36.44,Kryvyi Rih,Ukraine,Volkhard .Gerling@corp.com,Volkhard .Gerling@corp.com,0,Adult,CC3
94-944-846-532,Wolfgang,Vetter,36.44,Phoenix,United_States,Wolfgang .Vetter@corp.com,Wolfgang .Vetter@corp.com,1,Adult,CC1
57-574-812-696,Jost,Baldauf,36.44,Luhansk,Ukraine,Jost .Baldauf@corp.com,Jost .Baldauf@corp.com,0,Adult,CC3
30-307-323-950,Andrzej ,Heymann,36.44,Charlotte,United_States,Andrzej .Heymann@corp.com,Andrzej .Heymann@corp.com,1,Adult,CC1
57-570-100-869,Czeslaw ,Schaal,36.44,El Paso,United_States,Czeslaw .Schaal@corp.com,Czeslaw .Schaal@corp.com,1,Adult,CC3
29-299-108-318,Trudi,Raddatz,33.0,Denver,United_States,Trudi.Raddatz@corp.com,Trudi.Raddatz@corp.com,1,Adult,CC1
66-666-272-407,Janina,Eisele,45.0,Leipzig,Germany,Janina.Eisele@corp.com,Janina.Eisele@corp.com,1,Adult,CC3
67-678-233-608,Stephanie,Nickel,20.0,New York,United_States,Stephanie.Nickel@corp.com,Stephanie.Nickel@corp.com,1,Adult,CC2
26-261-109-880,Dominik,Faust,22.0,The Hague,Netherlands,Dominik .Faust@corp.com,Dominik .Faust@corp.com,0,Adult,CC1
42-421-402-770,Edit,Heßler,29.0,Bucharest,Romania,Edit.Heßler@corp.com,Edit.Heßler@corp.com,0,Adult,CC3
98-985-423-726,Reinhild,Schenk,22.0,Charlotte,United_States,Reinhild.Schenk@corp.com,Reinhild.Schenk@corp.com,0,Adult,CC2
40-406-372-507,Rolf,Fröhlich,36.0,Palermo,Italy,Rolf.Fröhlich@corp.com,Rolf.Fröhlich@corp.com,0,Adult,CC2
29-292-164-392,Hartmuth,Linde,44.0,Glasgow,United_Kingdom,Hartmuth .Linde@corp.com,Hartmuth .Linde@corp.com,0,Adult,CC2
86-865-588-545,Christina,Sonnenberg,34.0,San Antonio,United_States,Christina.Sonnenberg@corp.com,Christina.Sonnenberg@corp.com,1,Adult,CC3
19-198-956-130,Reinhilde,Lehmann,49.0,Berlin,Germany,Reinhilde.Lehmann@corp.com,Reinhilde.Lehmann@corp.com,1,Adult,CC3
78-788-688-929,Evamaria,Werner,45.0,Sevastopol,Ukraine,Evamaria.Werner@corp.com,Evamaria.Werner@corp.com,0,Adult,CC1
19-195-830-119,Swetlana,Klinge,47.0,Las Palmas de Gran Canaria,Spain,Swetlana.Klinge@corp.com,Swetlana.Klinge@corp.com,1,Adult,CC3
22-224-133-986,Wilhelm,Junghans,26.0,Sheffield,United_Kingdom,Wilhelm .Junghans@corp.com,Wilhelm .Junghans@corp.com,0,Adult,CC2
94-944-734-297,Gundula,Rasche,38.0,Philadelphia,United_States,Gundula.Rasche@corp.com,Gundula.Rasche@corp.com,1,Adult,CC2
60-607-885-848,Rudolf,Kühnert,63.0,Koeln,Germany,Rudolf.Kühnert@corp.com,Rudolf.Kühnert@corp.com,1,Adult,CC1
96-965-654-717,Ernestine,Schilling,20.0,Phoenix,United_States,Ernestine.Schilling@corp.com,Ernestine.Schilling@corp.com,1,Adult,CC3
99-991-292-540,Ilija,Pauls,18.0,Brussels,Belgium,Ilija .Pauls@corp.com,Ilija .Pauls@corp.com,1,Adult,CC1
67-671-690-820,Hildegard,Hellmuth,17.0,Zagreb,Croatia,Hildegard.Hellmuth@corp.com,Hildegard.Hellmuth@corp.com,0,Adolescent,CC2
17-173-975-695,Corinna,Gaida,51.0,Oslo,Norway,Corinna.Gaida@corp.com,Corinna.Gaida@corp.com,0,Adult,CC1
10-100-124-969,Georgios,Schaaf,39.0,Washington,United_States,Georgios .Schaaf@corp.com,Georgios .Schaaf@corp.com,1,Adult,CC2
13-137-308-780,Rosa-Maria,Krampe,25.0,Kharkiv,Ukraine,Rosa-Maria.Krampe@corp.com,Rosa-Maria.Krampe@corp.com,1,Adult,CC2
43-433-780-251,Hülya,Harnisch,67.0,Glasgow,United_Kingdom,Hülya.Harnisch@corp.com,Hülya.Harnisch@corp.com,0,Older Adult,CC3
27-271-263-768,Paola,Eberlein,46.0,Mariupol,Ukraine,Paola.Eberlein@corp.com,Paola.Eberlein@corp.com,1,Adult,CC2
25-250-760-207,Maximilian,Mücke,51.0,Sarajevo,Bosnia_and_Herzegovina,Maximilian.Mücke@corp.com,Maximilian.Mücke@corp.com,1,Adult,CC2
90-907-236-337,Dietlinde,Kretzschmar,32.0,Marseille,France,Dietlinde.Kretzschmar@corp.com,Dietlinde.Kretzschmar@corp.com,0,Adult,CC1
27-273-385-935,René,Niehaus,16.0,Zaragoza,Spain,René.Niehaus@corp.com,René.Niehaus@corp.com,1,Adolescent,CC3
12-125-326-802,Conrad,Hampe,34.0,Milan,Italy,Conrad .Hampe@corp.com,Conrad .Hampe@corp.com,0,Adult,CC3
43-437-120-168,Meinrad,Rosenkranz,48.0,Budapest,Hungary,Meinrad .Rosenkranz@corp.com,Meinrad .Rosenkranz@corp.com,1,Adult,CC2
51-516-794-121,Kirsten,Volkmann,49.0,Bremen,Germany,Kirsten.Volkmann@corp.com,Kirsten.Volkmann@corp.com,1,Adult,CC2
79-797-831-845,Irina,Adam,30.0,Lviv,Ukraine,Irina.Adam@corp.com,Irina.Adam@corp.com,1,Adult,CC2
65-655-716-566,Eberhardt,Karcher,33.0,Baltimore,United_States,Eberhardt .Karcher@corp.com,Eberhardt .Karcher@corp.com,0,Adult,CC1
41-414-526-904,Carl,Schönfelder,22.0,Genoa,Italy,Carl .Schönfelder@corp.com,Carl .Schönfelder@corp.com,1,Adult,CC2
85-856-507-616,Aneta,Jeschke,20.0,Helsinki,Finland,Aneta.Jeschke@corp.com,Aneta.Jeschke@corp.com,1,Adult,CC3
12-122-425-656,Francoise,Hauck,51.0,Riga,Latvia,Francoise.Hauck@corp.com,Francoise.Hauck@corp.com,0,Adult,CC1
40-406-141-509,Nevenka,Schild,28.0,Riga,Latvia,Nevenka.Schild@corp.com,Nevenka.Schild@corp.com,1,Adult,CC2
60-600-916-242,Gudrun,Strohmeier,43.0,Detroit,United_States,Gudrun.Strohmeier@corp.com,Gudrun.Strohmeier@corp.com,0,Adult,CC3
16-161-146-904,Pirmin,Cremer,55.0,Chicago,United_States,Pirmin .Cremer@corp.com,Pirmin .Cremer@corp.com,1,Adult,CC3
69-699-949-862,Ilja,Lang,47.0,Denver,United_States,Ilja .Lang@corp.com,Ilja .Lang@corp.com,1,Adult,CC3
32-328-798-422,Almut,Brauer,28.0,Koeln,Germany,Almut.Brauer@corp.com,Almut.Brauer@corp.com,0,Adult,CC3
88-887-916-798,Anna,Töpfer,28.0,Genoa,Italy,Anna.Töpfer@corp.com,Anna.Töpfer@corp.com,1,Adult,CC1
42-424-475-829,Willy,Donath,20.0,Nashville-Davidson,United_States,Willy .Donath@corp.com,Willy .Donath@corp.com,1,Adult,CC3
87-877-817-614,Gisela,Langbein,42.0,Cardiff,United_Kingdom,Gisela.Langbein@corp.com,Gisela.Langbein@corp.com,0,Adult,CC1
39-392-358-845,Raphael,Röhrig,59.0,Sector 3,Romania,Raphael .Röhrig@corp.com,Raphael .Röhrig@corp.com,1,Adult,CC1
70-702-150-618,Sami,Rohloff,40.0,Phoenix,United_States,Sami .Rohloff@corp.com,Sami .Rohloff@corp.com,1,Adult,CC1
37-376-602-393,Leopoldine,Bohnert,27.0,Chicago,United_States,Leopoldine.Bohnert@corp.com,Leopoldine.Bohnert@corp.com,1,Adult,CC2
15-154-223-101,Felizitas,Eichhorn,35.0,Boston,United_States,Felizitas.Eichhorn@corp.com,Felizitas.Eichhorn@corp.com,0,Adult,CC1
63-639-172-809,Vassilios,Fritsch,24.0,Oslo,Norway,Vassilios .Fritsch@corp.com,Vassilios .Fritsch@corp.com,1,Adult,CC2
40-409-716-553,Annelene,Löffler,15.0,Lviv,Ukraine,Annelene.Löffler@corp.com,Annelene.Löffler@corp.com,1,Adolescent,CC1
51-519-208-916,Ricarda,Reinert,55.0,El Paso,United_States,Ricarda.Reinert@corp.com,Ricarda.Reinert@corp.com,1,Adult,CC3
40-403-688-951,Ehrenfried,Michels,25.0,Bochum-Hordel,Germany,Ehrenfried .Michels@corp.com,Ehrenfried .Michels@corp.com,0,Adult,CC3
31-317-495-380,Dörthe,Eichinger,46.0,Budapest,Hungary,Dörthe.Eichinger@corp.com,Dörthe.Eichinger@corp.com,1,Adult,CC1
39-390-715-656,Fanny,Pickel,36.0,Milan,Italy,Fanny.Pickel@corp.com,Fanny.Pickel@corp.com,0,Adult,CC2
18-180-696-811,Erwin,Mittelstädt,41.0,San Jose,United_States,Erwin.Mittelstädt@corp.com,Erwin.Mittelstädt@corp.com,1,Adult,CC3
78-780-609-289,Helge,Böttner,29.0,Oslo,Norway,Helge .Böttner@corp.com,Helge .Böttner@corp.com,1,Adult,CC1
68-680-937-780,Heidi,Kunath,26.0,Bochum,Germany,Heidi.Kunath@corp.com,Heidi.Kunath@corp.com,0,Adult,CC1
17-175-654-329,Sonia,Faller,35.0,Goeteborg,Sweden,Sonia.Faller@corp.com,Sonia.Faller@corp.com,1,Adult,CC1
82-820-519-146,Dina,Hass,40.0,Genoa,Italy,Dina.Hass@corp.com,Dina.Hass@corp.com,0,Adult,CC3
20-201-833-475,Krzysztof,Mehner,54.0,Washington,United_States,Krzysztof .Mehner@corp.com,Krzysztof .Mehner@corp.com,1,Adult,CC3
26-268-420-281,Siegfried,Michler,28.0,Birmingham,United_Kingdom,Siegfried.Michler@corp.com,Siegfried.Michler@corp.com,1,Adult,CC3
72-724-422-548,Senol,Schier,25.0,Wroclaw,Poland,Senol .Schier@corp.com,Senol .Schier@corp.com,0,Adult,CC1
82-823-428-965,Karl-Friedrich,Hau,38.0,Louisville/Jefferson County,United_States,Karl-Friedrich .Hau@corp.com,Karl-Friedrich .Hau@corp.com,0,Adult,CC2
83-833-339-252,Claus,Drexler,47.0,Los Angeles,United_States,Claus .Drexler@corp.com,Claus .Drexler@corp.com,1,Adult,CC2
80-804-401-652,Henny,Kauer,46.0,Cardiff,United_Kingdom,Henny.Kauer@corp.com,Henny.Kauer@corp.com,0,Adult,CC2
58-586-317-641,Miroslawa,Janssen,33.0,Valencia,Spain,Miroslawa.Janssen@corp.com,Miroslawa.Janssen@corp.com,0,Adult,CC3
37-374-906-882,Wilfried ,Blumenthal,22.0,Szczecin,Poland,Wilfried .Blumenthal@corp.com,Wilfried .Blumenthal@corp.com,1,Adult,CC3
70-701-258-834,Nuri ,Schnelle,41.0,Warsaw,Poland,Nuri .Schnelle@corp.com,Nuri .Schnelle@corp.com,1,Adult,CC3
19-192-946-214,Annelie,Dahlmann,45.0,San Francisco,United_States,Annelie.Dahlmann@corp.com,Annelie.Dahlmann@corp.com,0,Adult,CC2
89-890-963-659,Undine,Bäumer,40.0,Palermo,Italy,Undine.Bäumer@corp.com,Undine.Bäumer@corp.com,1,Adult,CC2
82-821-762-294,Jeannette,Kahlert,19.0,Palma,Spain,Jeannette.Kahlert@corp.com,Jeannette.Kahlert@corp.com,0,Adult,CC1
92-926-956-295,Kemal ,Kliem,19.0,New York,United_States,Kemal .Kliem@corp.com,Kemal .Kliem@corp.com,1,Adult,CC3
52-527-359-720,Paola,Neff,32.0,Detroit,United_States,Paola.Neff@corp.com,Paola.Neff@corp.com,0,Adult,CC1
23-235-820-767,Sebastian ,Bremer,31.0,Sarajevo,Bosnia_and_Herzegovina,Sebastian .Bremer@corp.com,Sebastian .Bremer@corp.com,1,Adult,CC1
55-552-690-320,Aldo ,Meise,27.0,Charlotte,United_States,Aldo .Meise@corp.com,Aldo .Meise@corp.com,1,Adult,CC2
26-269-577-263,Elfie,Angermann,58.0,Zagreb,Croatia,Elfie.Angermann@corp.com,Elfie.Angermann@corp.com,1,Adult,CC3
90-909-587-389,Anne-Kathrin,Holz,44.0,Bristol,United_Kingdom,Anne-Kathrin.Holz@corp.com,Anne-Kathrin.Holz@corp.com,1,Adult,CC2
61-614-639-204,Corinne,Thum,41.0,Las Vegas,United_States,Corinne.Thum@corp.com,Corinne.Thum@corp.com,1,Adult,CC1
83-837-463-756,Antoinette,Ertel,52.0,Bucharest,Romania,Antoinette.Ertel@corp.com,Antoinette.Ertel@corp.com,0,Adult,CC3
85-855-995-399,Arno ,Scheidt,41.0,Portland,United_States,Arno .Scheidt@corp.com,Arno .Scheidt@corp.com,0,Adult,CC3
87-872-570-223,Liliana,Gottschling,26.0,Charlotte,United_States,Liliana.Gottschling@corp.com,Liliana.Gottschling@corp.com,0,Adult,CC2
94-940-145-751,Isabelle,Lindenberg,45.0,Marseille,France,Isabelle.Lindenberg@corp.com,Isabelle.Lindenberg@corp.com,1,Adult,CC1
55-555-703-633,Susanne,Brandl,56.0,Warsaw,Poland,Susanne.Brandl@corp.com,Susanne.Brandl@corp.com,1,Adult,CC3
16-167-495-355,Marga,Adam,21.0,Leicester,United_Kingdom,Marga.Adam@corp.com,Marga.Adam@corp.com,0,Adult,CC3
60-609-202-752,Holger ,Großer,31.0,Minsk,Belarus,Holger .Großer@corp.com,Holger .Großer@corp.com,1,Adult,CC3
30-302-898-985,Georgia,Rödel,51.0,Bucharest,Romania,Georgia.Rödel@corp.com,Georgia.Rödel@corp.com,1,Adult,CC3
28-282-522-769,Sibel,Rothe,17.0,Seattle,United_States,Sibel.Rothe@corp.com,Sibel.Rothe@corp.com,1,Adolescent,CC2
35-356-390-771,Gerhart ,Förtsch,33.0,Charlotte,United_States,Gerhart .Förtsch@corp.com,Gerhart .Förtsch@corp.com,1,Adult,CC2
52-528-518-669,Sieghard ,Sinn,31.0,Sevastopol,Ukraine,Sieghard .Sinn@corp.com,Sieghard .Sinn@corp.com,1,Adult,CC3
76-760-909-723,Ralf-Peter ,Schwanke,23.0,Brussels,Belgium,Ralf-Peter .Schwanke@corp.com,Ralf-Peter .Schwanke@corp.com,0,Adult,CC1
86-868-956-908,Hatice,Tröger,43.0,Wroclaw,Poland,Hatice.Tröger@corp.com,Hatice.Tröger@corp.com,0,Adult,CC3
11-115-600-792,Britta,Kellner,34.0,Kryvyi Rih,Ukraine,Britta.Kellner@corp.com,Britta.Kellner@corp.com,1,Adult,CC1
32-327-338-481,Juliana,Reimann,41.0,Dresden,Germany,Juliana.Reimann@corp.com,Juliana.Reimann@corp.com,0,Adult,CC3
19-190-407-333,Vladimir ,Schreck,26.0,Boston,United_States,Vladimir .Schreck@corp.com,Vladimir .Schreck@corp.com,1,Adult,CC1
30-301-376-912,Karl-Peter ,Hannig,40.0,Warsaw,Poland,Karl-Peter .Hannig@corp.com,Karl-Peter .Hannig@corp.com,0,Adult,CC1
35-357-504-108,Guenther,Geißler,51.0,Tallinn,Estonia,Guenther.Geißler@corp.com,Guenther.Geißler@corp.com,1,Adult,CC2
22-224-162-621,Anneli,Spahn,44.0,Naples,Italy,Anneli.Spahn@corp.com,Anneli.Spahn@corp.com,0,Adult,CC3
28-281-327-281,Jurij ,Blaschke,48.0,Oslo,Norway,Jurij .Blaschke@corp.com,Jurij .Blaschke@corp.com,0,Adult,CC3
38-387-488-926,Metin ,Kohl,67.0,Szczecin,Poland,Metin .Kohl@corp.com,Metin .Kohl@corp.com,0,Older Adult,CC1
36-366-970-911,Albina,Bremer,49.0,Palermo,Italy,Albina.Bremer@corp.com,Albina.Bremer@corp.com,0,Adult,CC1
14-144-549-937,Benno ,Geiß,42.0,Washington,United_States,Benno .Geiß@corp.com,Benno .Geiß@corp.com,1,Adult,CC1
20-204-863-439,Birgitta,Lorenz,32.0,Bratislava,Slovakia,Birgitta.Lorenz@corp.com,Birgitta.Lorenz@corp.com,0,Adult,CC3
69-695-109-492,Bernard ,Schnoor,33.0,Valencia,Spain,Bernard .Schnoor@corp.com,Bernard .Schnoor@corp.com,1,Adult,CC2
43-434-883-743,Winfried ,Veit,52.0,Cardiff,United_Kingdom,Winfried .Veit@corp.com,Winfried .Veit@corp.com,1,Adult,CC1
14-146-515-345,Andrej ,Baur,18.0,Berlin,Germany,Andrej .Baur@corp.com,Andrej .Baur@corp.com,0,Adult,CC3
75-754-202-199,Raymond ,Herter,39.0,Naples,Italy,Raymond .Herter@corp.com,Raymond .Herter@corp.com,1,Adult,CC2
76-763-501-968,Magdalena,Benecke,36.0,Turin,Italy,Magdalena.Benecke@corp.com,Magdalena.Benecke@corp.com,0,Adult,CC2
42-422-985-860,Angelina,Schweizer,25.0,Lyon,France,Angelina.Schweizer@corp.com,Angelina.Schweizer@corp.com,1,Adult,CC2
10-100-984-544,Cordula,Fitz,43.0,Warsaw,Poland,Cordula.Fitz@corp.com,Cordula.Fitz@corp.com,0,Adult,CC3
44-448-920-792,Annerose,Seufert,19.0,Madrid,Spain,Annerose.Seufert@corp.com,Annerose.Seufert@corp.com,1,Adult,CC2
99-999-908-473,Herma,Nehls,36.44,Jacksonville,United_States,Herma.Nehls@email.com,Herma.Nehls@corp.com,0,Adult,CC2
48-482-232-670,Karl Heinz,Katzer,36.44,Gomel,Belarus,Karl Heinz.Katzer@email.com,Karl Heinz.Katzer@corp.com,1,Adult,CC3
24-241-372-685,Fedor,Röhm,36.44,Sarajevo,Bosnia_and_Herzegovina,Fedor .Röhm@email.com,Fedor .Röhm@corp.com,1,Adult,CC1
38-380-533-443,Kamil,Osterloh,36.44,Bucharest,Romania,Kamil .Osterloh@email.com,Kamil .Osterloh@corp.com,1,Adult,CC1
66-667-563-130,Hasan,Wittenberg,36.44,Dresden,Germany,Hasan .Wittenberg@email.com,Hasan .Wittenberg@corp.com,1,Adult,CC1
11-113-851-359,Nadeshda,Brehm,36.44,Gomel,Belarus,Nadeshda.Brehm@email.com,Nadeshda.Brehm@corp.com,1,Adult,CC3
27-270-743-182,Rotraut,Grünwald,44.0,Sheffield,United_Kingdom,Rotraut.Grünwald@email.com,Rotraut.Grünwald@corp.com,0,Adult,CC1
90-907-176-614,Athanasios,Schreck,48.0,Las Palmas de Gran Canaria,Spain,Athanasios .Schreck@email.com,Athanasios .Schreck@corp.com,0,Adult,CC1
53-535-594-966,Hilde,Wagner,22.0,Palma,Spain,Hilde.Wagner@email.com,Hilde.Wagner@corp.com,0,Adult,CC2
48-489-304-248,Susanne,Vollmer,25.0,San Jose,United_States,Susanne.Vollmer@email.com,Susanne.Vollmer@corp.com,0,Adult,CC2
15-152-817-311,Christiane,Eberl,19.0,Barcelona,Spain,Christiane.Eberl@email.com,Christiane.Eberl@corp.com,1,Adult,CC2
95-958-168-140,Sabri,Dewald,47.0,Rome,Italy,Sabri .Dewald@email.com,Sabri .Dewald@corp.com,1,Adult,CC2
64-648-799-626,Siegmund,Gleich,34.0,Dortmund,Germany,Siegmund .Gleich@email.com,Siegmund .Gleich@corp.com,0,Adult,CC3
48-481-802-434,Heinz-Peter,Rogge,60.0,Khmelnytskyi,Ukraine,Heinz-Peter .Rogge@email.com,Heinz-Peter .Rogge@corp.com,1,Adult,CC1
14-148-308-565,Hildburg,Schaller,36.0,San Jose,United_States,Hildburg.Schaller@email.com,Hildburg.Schaller@corp.com,1,Adult,CC2
58-587-246-111,Chantal,Zellner,61.0,Dnipro,Ukraine,Chantal.Zellner@email.com,Chantal.Zellner@corp.com,0,Adult,CC2
27-277-587-639,Irmtraud,Glas,28.0,Louisville/Jefferson County,United_States,Irmtraud.Glas@email.com,Irmtraud.Glas@corp.com,1,Adult,CC2
27-273-101-276,Ivo,Mücke,30.0,Bratislava,Slovakia,Ivo .Mücke@email.com,Ivo .Mücke@corp.com,0,Adult,CC1
60-605-602-948,Rolf,Bußmann,29.0,Mariupol,Ukraine,Rolf.Bußmann@email.com,Rolf.Bußmann@corp.com,0,Adult,CC1
74-743-307-399,Bernd,Sauer,38.0,Sheffield,United_Kingdom,Bernd .Sauer@email.com,Bernd .Sauer@corp.com,0,Adult,CC1
80-800-782-701,Ramona,Borchardt,32.0,Belgrade,Serbia,Ramona.Borchardt@email.com,Ramona.Borchardt@corp.com,1,Adult,CC2
37-370-459-968,Sarina,Riemer,16.0,Jacksonville,United_States,Sarina.Riemer@email.com,Sarina.Riemer@corp.com,1,Adolescent,CC1
74-749-804-851,Friedericke,Hennemann,24.0,Kyiv,Ukranie,Friedericke.Hennemann@email.com,Friedericke.Hennemann@corp.com,1,Adult,CC2
77-775-103-948,Andrea,Hörl,37.0,Kyiv,Ukraine,Andrea.Hörl@email.com,Andrea.Hörl@corp.com,1,Adult,CC3
15-159-967-428,Eckhard,Söllner,49.0,Nottingham,United_Kingdom,Eckhard .Söllner@email.com,Eckhard .Söllner@corp.com,0,Adult,CC1
42-421-118-520,Dolores,Kimmel,27.0,Odessa,Ukraine,Dolores.Kimmel@email.com,Dolores.Kimmel@corp.com,1,Adult,CC3
80-808-790-883,Lia,Kirch,16.0,Vienna,Austria,Lia.Kirch@email.com,Lia.Kirch@corp.com,0,Adolescent,CC3
85-858-237-240,Damian,Tetzlaff,19.0,Kharkiv,Ukraine,Damian .Tetzlaff@email.com,Damian .Tetzlaff@corp.com,0,Adult,CC2
89-892-859-952,Giovanni,Loibl,42.0,Helsinki,Finland,Giovanni .Loibl@email.com,Giovanni .Loibl@corp.com,1,Adult,CC3
98-984-527-579,Leopoldine,Klassen,40.0,Chisinau,Moldova,Leopoldine.Klassen@email.com,Leopoldine.Klassen@corp.com,0,Adult,CC3
86-864-444-525,Bernfried,Reger,25.0,Bratislava,Slovakia,Bernfried .Reger@email.com,Bernfried .Reger@corp.com,0,Adult,CC2
17-172-764-853,Ilka,Bergen,42.0,Glasgow,United_Kingdom,Ilka.Bergen@email.com,Ilka.Bergen@corp.com,1,Adult,CC3
46-463-531-314,Ilias,Zenker,31.0,Brussels,Belgium,Ilias .Zenker@email.com,Ilias .Zenker@corp.com,0,Adult,CC2
29-293-757-538,Kordula,Mück,17.0,Birmingham,United_Kingdom,Kordula.Mück@email.com,Kordula.Mück@corp.com,1,Adolescent,CC3
91-911-246-384,Isidor,Ewers,40.0,Bremen,Germany,Isidor .Ewers@email.com,Isidor .Ewers@corp.com,1,Adult,CC2
82-828-796-988,Holger,Weil,22.0,Bucharest,Romania,Holger.Weil@email.com,Holger.Weil@corp.com,1,Adult,CC3
53-532-157-358,Hans-Jörg,Henkel,16.0,Denver,United_States,Hans-Jörg .Henkel@email.com,Hans-Jörg .Henkel@corp.com,0,Adolescent,CC3
64-648-966-808,Ralph,Petersen,44.0,Kharkiv,Ukraine,Ralph .Petersen@email.com,Ralph .Petersen@corp.com,1,Adult,CC1
36-367-708-648,Meik,Gaida,22.0,Louisville/Jefferson County,United_States,Meik .Gaida@email.com,Meik .Gaida@corp.com,0,Adult,CC2
75-750-473-687,Hartmut,Scheck,38.0,Boston,United_States,Hartmut .Scheck@email.com,Hartmut .Scheck@corp.com,0,Adult,CC1
30-302-673-242,Heinfried,Hertlein,32.0,Palma,Spain,Heinfried .Hertlein@email.com,Heinfried .Hertlein@corp.com,1,Adult,CC3
73-733-442-247,Torben,Rickert,16.0,Bochum,Germany,Torben .Rickert@email.com,Torben .Rickert@corp.com,1,Adolescent,CC3
99-991-816-923,Claas,Büscher,20.0,Murcia,Spain,Claas .Büscher@email.com,Claas .Büscher@corp.com,0,Adult,CC1
12-124-865-420,Joana,Ney,37.0,Denver,United_States,Joana.Ney@email.com,Joana.Ney@corp.com,1,Adult,CC1
32-328-111-397,Felizitas,Kreuzer,56.0,Palermo,Italy,Felizitas.Kreuzer@email.com,Felizitas.Kreuzer@corp.com,1,Adult,CC2
52-522-637-509,Stefan,Rommel,59.0,Warsaw,Poland,Stefan.Rommel@email.com,Stefan.Rommel@corp.com,1,Adult,CC1
96-964-355-230,Patrick,Ring,41.0,New York,United_States,Patrick .Ring@email.com,Patrick .Ring@corp.com,1,Adult,CC2
41-416-554-518,Ian,Klug,26.0,Las Vegas,United_States,Ian .Klug@email.com,Ian .Klug@corp.com,0,Adult,CC2
72-721-235-780,Frank,Tamm,20.0,Vienna,Austria,Frank.Tamm@email.com,Frank.Tamm@corp.com,0,Adult,CC1
49-499-202-155,Berthold,Vogelsang,42.0,Kyiv,Ukraine,Berthold .Vogelsang@email.com,Berthold .Vogelsang@corp.com,1,Adult,CC2
80-803-159-636,Friedo,Ulbricht,36.0,Krakow,Poland,Friedo .Ulbricht@email.com,Friedo .Ulbricht@corp.com,1,Adult,CC1
14-146-204-274,Kati,Görner,51.0,Berlin,Germany,Kati.Görner@email.com,Kati.Görner@corp.com,0,Adult,CC1
39-394-148-823,Leo,Landmann,32.0,Marseille,France,Leo .Landmann@email.com,Leo .Landmann@corp.com,0,Adult,CC2
46-465-266-915,Sabine,Borchert,64.0,Phoenix,United_States,Sabine.Borchert@email.com,Sabine.Borchert@corp.com,1,Adult,CC1
39-395-861-364,Hans-Werner,Joos,37.0,Sector 3,Romania,Hans-Werner .Joos@email.com,Hans-Werner .Joos@corp.com,1,Adult,CC1
56-565-264-408,Alma,Jauch,35.0,Leipzig,Germany,Alma.Jauch@email.com,Alma.Jauch@corp.com,1,Adult,CC1
29-295-260-344,Gunter,Engelbrecht,22.0,Gomel,Belarus,Gunter .Engelbrecht@email.com,Gunter .Engelbrecht@corp.com,0,Adult,CC1
50-506-982-737,Luzia,Bär,40.0,Indianapolis,United_States,Luzia.Bär@email.com,Luzia.Bär@corp.com,1,Adult,CC3
82-828-461-300,Mina,Rost,34.0,Valencia,Spain,Mina.Rost@email.com,Mina.Rost@corp.com,1,Adult,CC3
23-236-749-886,Hans-Hinrich,Ruff,64.0,Leeds,United_Kingdom,Hans-Hinrich .Ruff@email.com,Hans-Hinrich .Ruff@corp.com,0,Adult,CC2
65-659-503-199,Friederike,Heinig,64.0,San Jose,United_States,Friederike.Heinig@email.com,Friederike.Heinig@corp.com,0,Adult,CC2
57-578-476-297,Albertine,Trost,61.0,Nottingham,United_Kingdom,Albertine.Trost@email.com,Albertine.Trost@corp.com,0,Adult,CC3
30-308-692-462,Cläre,Schülke,32.0,Tallinn,Estonia,Cläre.Schülke@email.com,Cläre.Schülke@corp.com,1,Adult,CC2
91-919-217-798,Jonas,Schalk,27.0,London,United_Kingdom,Jonas .Schalk@email.com,Jonas .Schalk@corp.com,0,Adult,CC3
65-658-906-300,Ildiko,Ehlert,36.0,Liverpool,United_Kingdom,Ildiko.Ehlert@email.com,Ildiko.Ehlert@corp.com,0,Adult,CC1
42-427-516-673,Holger,Sydow,49.0,Duisburg,Germany,Holger.Sydow@email.com,Holger.Sydow@corp.com,1,Adult,CC3
36-368-325-257,Iwona,Forster,52.0,Portland,United_States,Iwona.Forster@email.com,Iwona.Forster@corp.com,1,Adult,CC3
20-208-708-444,Leokadia,Wiegmann,34.0,Columbus,United_States,Leokadia.Wiegmann@email.com,Leokadia.Wiegmann@corp.com,0,Adult,CC3
36-362-264-834,Heinz-Gerd,Spieker,40.0,Bochum,Germany,Heinz-Gerd .Spieker@email.com,Heinz-Gerd .Spieker@corp.com,0,Adult,CC2
53-530-512-318,Ivana,Windisch,29.0,Glasgow,United_Kingdom,Ivana.Windisch@email.com,Ivana.Windisch@corp.com,1,Adult,CC1
56-562-254-643,Carmela,Kupka,37.0,Berlin,Germany,Carmela.Kupka@email.com,Carmela.Kupka@corp.com,0,Adult,CC3
19-193-567-893,Elif,Stich,18.0,Belgrade,Serbia,Elif.Stich@email.com,Elif.Stich@corp.com,1,Adult,CC2
49-494-265-301,Uschi,Tittel,27.0,Barcelona,Spain,Uschi.Tittel@email.com,Uschi.Tittel@corp.com,1,Adult,CC1
81-814-394-895,Paolo,Stelzer,26.0,Khmelnytskyi,Ukraine,Paolo .Stelzer@email.com,Paolo .Stelzer@corp.com,1,Adult,CC1
80-802-691-482,Eugenia,Schmied,32.0,Dnipro,Ukraine,Eugenia.Schmied@email.com,Eugenia.Schmied@corp.com,1,Adult,CC3
74-746-987-119,Karola,Greulich,35.0,Sevastopol,Ukraine,Karola.Greulich@email.com,Karola.Greulich@corp.com,0,Adult,CC2
99-993-341-960,Lissi,Wassermann,46.0,Stuttgart,Germany,Lissi.Wassermann@email.com,Lissi.Wassermann@corp.com,1,Adult,CC3
69-694-961-104,Gertrude,Heger,53.0,Wroclaw,Poland,Gertrude.Heger@email.com,Gertrude.Heger@corp.com,0,Adult,CC2
55-551-827-461,Gerhart ,Friebe,24.0,Palma,Spain,Gerhart .Friebe@email.com,Gerhart .Friebe@corp.com,0,Adult,CC1
71-715-817-177,Murat ,Heinicke,41.0,Stuttgart,Germany,Murat .Heinicke@email.com,Murat .Heinicke@corp.com,0,Adult,CC3
15-153-511-881,Clarissa,Melcher,33.0,Sevastopol,Ukraine,Clarissa.Melcher@email.com,Clarissa.Melcher@corp.com,0,Adult,CC3
76-768-333-953,Meryem,Geier,16.0,Bucharest,Romania,Meryem.Geier@email.com,Meryem.Geier@corp.com,1,Adolescent,CC2
55-550-418-320,Theodora,Brehm,44.0,Poznan,Poland,Theodora.Brehm@email.com,Theodora.Brehm@corp.com,0,Adult,CC1
48-482-319-168,Monja,Meinhardt,48.0,Cardiff,United_Kingdom,Monja.Meinhardt@email.com,Monja.Meinhardt@corp.com,0,Adult,CC1
28-286-812-324,Sofie,Matt,31.0,Lviv,Ukraine,Sofie.Matt@email.com,Sofie.Matt@corp.com,0,Adult,CC3
83-833-967-645,Dietrich ,Knauf,40.0,Glasgow,United_Kingdom,Dietrich .Knauf@email.com,Dietrich .Knauf@corp.com,0,Adult,CC2
52-522-349-409,Andrea,Böck,17.0,Palma,Spain,Andrea.Böck@email.com,Andrea.Böck@corp.com,0,Adolescent,CC2
92-927-785-226,James ,Steinert,52.0,Nashville-Davidson,United_States,James .Steinert@email.com,James .Steinert@corp.com,1,Adult,CC1
44-442-670-484,Mariana,Störmer,40.0,Vienna,Austria,Mariana.Störmer@email.com,Mariana.Störmer@corp.com,1,Adult,CC3
74-746-969-585,Metin ,Hügel,38.0,Szczecin,Poland,Metin .Hügel@email.com,Metin .Hügel@corp.com,1,Adult,CC2
76-765-945-773,Susi,Riegel,45.0,Leipzig,Germany,Susi.Riegel@email.com,Susi.Riegel@corp.com,1,Adult,CC2
54-540-443-551,Marlis,Heide,35.0,Szczecin,Poland,Marlis.Heide@email.com,Marlis.Heide@corp.com,0,Adult,CC1
14-141-839-619,Fritz ,Topp,41.0,Leeds,United_Kingdom,Fritz .Topp@email.com,Fritz .Topp@corp.com,1,Adult,CC3
79-793-717-716,Karl-Peter ,Busch,44.0,Athens,Greece,Karl-Peter .Busch@email.com,Karl-Peter .Busch@corp.com,1,Adult,CC1
59-596-904-106,Jacek ,Hierl,61.0,Palma,Spain,Jacek .Hierl@email.com,Jacek .Hierl@corp.com,0,Adult,CC2
82-822-153-148,Gilda,Haase,40.0,Los Angeles,United_States,Gilda.Haase@email.com,Gilda.Haase@corp.com,1,Adult,CC2
77-773-763-650,Kurt ,Schultes,35.0,Lviv,Ukraine,Kurt .Schultes@email.com,Kurt .Schultes@corp.com,0,Adult,CC1
85-859-344-392,Burkhardt ,Flach,24.0,Stuttgart,Germany,Burkhardt .Flach@email.com,Burkhardt .Flach@corp.com,0,Adult,CC1
91-911-809-863,Dieter ,Mengel,31.0,Stockholm,Sweden,Dieter .Mengel@email.com,Dieter .Mengel@corp.com,0,Adult,CC1
93-939-529-454,Lieselotte,Nolting,28.0,Valencia,Spain,Lieselotte.Nolting@email.com,Lieselotte.Nolting@corp.com,1,Adult,CC3
18-181-704-198,Abdullah ,Schirmer,25.0,Las Palmas de Gran Canaria,Spain,Abdullah .Schirmer@email.com,Abdullah .Schirmer@corp.com,0,Adult,CC3
91-911-725-284,Selim ,Kreuz,34.0,Dublin,Ireland,Selim .Kreuz@email.com,Selim .Kreuz@corp.com,1,Adult,CC2
33-330-382-845,Donata,Rist,46.0,Vienna,Austria,Donata.Rist@email.com,Donata.Rist@corp.com,1,Adult,CC3
98-981-860-205,Dogan ,Tempel,24.0,Riga,Latvia,Dogan .Tempel@email.com,Dogan .Tempel@corp.com,0,Adult,CC1
76-763-200-509,Christine,Huppertz,63.0,San Jose,United_States,Christine.Huppertz@email.com,Christine.Huppertz@corp.com,0,Adult,CC1
31-316-364-750,Isidor ,Leibold,39.0,Berlin,Germany,Isidor .Leibold@email.com,Isidor .Leibold@corp.com,1,Adult,CC2
70-709-620-444,Tillmann ,Meinel,55.0,Donetsk,Ukraine,Tillmann .Meinel@email.com,Tillmann .Meinel@corp.com,0,Adult,CC2
70-706-509-281,Reinhardt ,Thoma,37.0,Skopje,North_Macedonia,Reinhardt .Thoma@email.com,Reinhardt .Thoma@corp.com,0,Adult,CC2
53-535-978-721,Michel ,Rummel,50.0,Murcia,Spain,Michel .Rummel@email.com,Michel .Rummel@corp.com,1,Adult,CC2
73-739-962-265,Adelbert ,Heger,57.0,Portland,United_States,Adelbert .Heger@email.com,Adelbert .Heger@corp.com,1,Adult,CC3
32-322-438-416,Klaus,Keitel,17.0,Turin,Italy,Klaus.Keitel@email.com,Klaus.Keitel@corp.com,1,Adolescent,CC1
58-585-949-996,Brit,Nachtigall,31.0,London,United_Kingdom,Brit.Nachtigall@email.com,Brit.Nachtigall@corp.com,1,Adult,CC1
62-629-488-392,Johann,Diedrich,32.0,Dortmund,Germany,Johann.Diedrich@email.com,Johann.Diedrich@corp.com,1,Adult,CC3
93-938-575-443,Bastian ,Koopmann,41.0,Boston,United_States,Bastian .Koopmann@email.com,Bastian .Koopmann@corp.com,1,Adult,CC2
88-880-790-898,Sedat ,Küsters,24.0,Louisville/Jefferson County,United_States,Sedat .Küsters@email.com,Sedat .Küsters@corp.com,1,Adult,CC1
31-318-567-326,Ilias ,Bätz,55.0,Bremen,Germany,Ilias .Bätz@email.com,Ilias .Bätz@corp.com,0,Adult,CC1
23-230-711-481,Kristina,Selle,20.0,Los Angeles,United_States,Kristina.Selle@email.com,Kristina.Selle@corp.com,0,Adult,CC1
95-953-789-830,Yilmaz ,Mueller,57.0,Louisville/Jefferson County,United_States,Yilmaz .Mueller@email.com,Yilmaz .Mueller@corp.com,1,Adult,CC3
68-687-710-455,Anneliese,Knott,34.0,Chicago,United_States,Anneliese.Knott@email.com,Anneliese.Knott@corp.com,0,Adult,CC1
32-320-692-397,Willibald ,Breit,48.0,Indianapolis,United_States,Willibald .Breit@email.com,Willibald .Breit@corp.com,0,Adult,CC2
80-805-440-615,Siegmund ,Melcher,37.0,Phoenix,United_States,Siegmund .Melcher@email.com,Siegmund .Melcher@corp.com,0,Adult,CC1
20-202-373-889,Alfonso ,Nitsche,23.0,Zaporizhia,Ukraine,Alfonso .Nitsche@email.com,Alfonso .Nitsche@corp.com,1,Adult,CC1
66-663-862-531,Sebastian ,Schöner,36.0,Mariupol,Ukraine,Sebastian .Schöner@email.com,Sebastian .Schöner@corp.com,1,Adult,CC2
52-523-709-381,Ilse,Mäder,33.0,Palma,Spain,Ilse.Mäder@email.com,Ilse.Mäder@corp.com,1,Adult,CC2
51-511-380-755,Renata,Petermann,41.0,Brussels,Belgium,Renata.Petermann@email.com,Renata.Petermann@corp.com,0,Adult,CC3
14-141-299-369,Reinald ,Diener,22.0,Los Angeles,United_States,Reinald .Diener@email.com,Reinald .Diener@corp.com,0,Adult,CC3
46-466-495-535,Jost ,Ertl,34.0,San Diego,United_States,Jost .Ertl@email.com,Jost .Ertl@corp.com,1,Adult,CC2
53-532-496-177,Dierk,Mönch,36.44,Rotterdam,Netherlands,Dierk .Mönch@email.com,,0,Adult,CC1
41-416-227-843,Patrizia,Maaß,36.44,Milan,Italy,Patrizia.Maaß@email.com,,1,Adult,CC3
99-997-950-293,Ute,Schier,36.44,Houston,United_States,Ute.Schier@email.com,,0,Adult,CC3
71-712-604-214,Annegret,Meuser,36.44,Duesseldorf,Germany,Annegret.Meuser@email.com,,1,Adult,CC2
10-108-263-536,Marko,Köppl,36.44,Donetsk,Ukraine,Marko.Köppl@email.com,,0,Adult,CC2
22-220-141-312,Heribert,Epple,36.44,San Jose,United_States,Heribert .Epple@email.com,,1,Adult,CC1
28-288-577-639,Meike,Kröger,36.44,Naples,Italy,Meike.Kröger@email.com,,0,Adult,CC2
26-265-335-431,Marica,Geyer,36.44,Vilnius,Lithuania,Marica.Geyer@email.com,,0,Adult,CC1
19-194-984-542,Hellmuth,Reder,36.44,The Hague,Netherlands,Hellmuth .Reder@email.com,,0,Adult,CC2
66-664-907-968,Astrid,Hüttner,36.44,Makiyivka,Ukraine,Astrid.Hüttner@email.com,,0,Adult,CC1
72-724-187-764,Franka,Henze,36.44,Paris,France,Franka.Henze@email.com,,1,Adult,CC2
78-785-515-976,Anne,Schink,36.44,Amsterdam,Netherlands,Anne.Schink@email.com,,1,Adult,CC3
44-447-853-498,Leo,Möser,36.44,Austin,United_States,Leo .Möser@email.com,,1,Adult,CC1
14-145-266-675,Annedore,Israel,36.44,Glasgow,United_Kingdom,Annedore.Israel@email.com,,1,Adult,CC1
97-971-315-421,Mahmoud,Groll,36.44,Boston,United_States,Mahmoud .Groll@email.com,,1,Adult,CC1
35-354-307-726,Reinald,Lutz,36.44,Jacksonville,United_States,Reinald .Lutz@email.com,,0,Adult,CC2
66-663-579-620,Ljiljana,Ortmann,36.44,Wroclaw,Poland,Ljiljana.Ortmann@email.com,,1,Adult,CC1
61-614-956-653,Helmut,Borgmann,36.44,Oklahoma City,United_States,Helmut .Borgmann@email.com,,0,Adult,CC1
26-264-827-151,Karlfried,Weingärtner,36.44,Barcelona,Spain,Karlfried .Weingärtner@email.com,,0,Adult,CC3
13-130-997-268,Ekaterina,Kästner,36.44,Stockholm,Sweden,Ekaterina.Kästner@email.com,,1,Adult,CC2
25-252-356-705,Klaudia,Hau,36.44,Bochum-Hordel,Germany,Klaudia.Hau@email.com,,1,Adult,CC3
71-714-516-836,Gerd,Scheller,36.44,Oslo,Norway,Gerd.Scheller@email.com,,0,Adult,CC1
34-346-550-957,Elvira,Heinemann,36.44,Koeln,Germany,Elvira.Heinemann@email.com,,1,Adult,CC2
79-799-909-375,Siegfried,Schätzle,36.44,Donetsk,Ukraine,Siegfried.Schätzle@email.com,,1,Adult,CC3
93-934-856-165,Marko ,Mau,36.44,Odessa,Ukraine,Marko .Mau@email.com,,0,Adult,CC2
21-213-255-216,Iris,Maurer,36.44,Dortmund,Germany,Iris.Maurer@email.com,,1,Adult,CC3
27-278-361-508,Anneke,Stickel,36.44,Birmingham,United_Kingdom,Anneke.Stickel@email.com,,0,Adult,CC1
41-413-298-728,Siegrid,Beer,36.44,Donetsk,Ukraine,Siegrid.Beer@email.com,,1,Adult,CC3
12-127-168-205,Tilo ,Pötzsch,36.44,Vilnius,Lithuania,Tilo .Pötzsch@email.com,,1,Adult,CC2
44-444-509-291,Mohamed ,Hillebrand,36.44,Zagreb,Croatia,Mohamed .Hillebrand@email.com,,1,Adult,CC2
82-826-883-859,Verena,Kämpf,36.44,Duisburg,Germany,Verena.Kämpf@email.com,,0,Adult,CC1
95-952-303-610,Heinz-Werner ,Schädlich,36.44,Oklahoma City,United_States,Heinz-Werner .Schädlich@email.com,,1,Adult,CC3
16-161-966-304,Elsbeth,Sigl,36.44,Bochum,Germany,Elsbeth.Sigl@email.com,,0,Adult,CC3
35-352-706-211,Dirk,Schweizer,36.44,Stockholm,Sweden,Dirk.Schweizer@email.com,,1,Adult,CC1
84-846-821-690,Mira,Gleich,22.0,Dortmund,Germany,Mira.Gleich@email.com,,0,Adult,CC2
58-582-352-948,Joanna,Radke,24.0,Valencia,Spain,Joanna.Radke@email.com,,1,Adult,CC1
96-969-846-915,Klaus-Peter,Heinecke,56.0,Lodz,Poland,Klaus-Peter .Heinecke@email.com,,0,Adult,CC3
13-134-680-968,Ivana,Wieczorek,35.0,Sofia,Bulgaria,Ivana.Wieczorek@email.com,,0,Adult,CC3
53-539-945-540,Markus,Selle,21.0,Las Palmas de Gran Canaria,Spain,Markus .Selle@email.com,,0,Adult,CC1
62-620-680-375,Riza,Feldmann,23.0,Amsterdam,Netherlands,Riza .Feldmann@email.com,,1,Adult,CC3
67-677-950-213,Dimitri,Röhrs,51.0,Athens,Greece,Dimitri .Röhrs@email.com,,0,Adult,CC1
51-514-754-275,Frieda,Blankenburg,43.0,Prague,Czech_Republic,Frieda.Blankenburg@email.com,,0,Adult,CC2
40-408-700-551,Horst,Schultheis,16.0,Marseille,France,Horst.Schultheis@email.com,,1,Adolescent,CC2
64-645-623-892,Victor,Koll,44.0,Fort Worth,United_States,Victor .Koll@email.com,,0,Adult,CC1
28-282-934-392,Orhan,Heinen,63.0,Birmingham,United_Kingdom,Orhan .Heinen@email.com,,1,Adult,CC2
16-167-910-168,Hilmar,Lochner,36.0,Paris,France,Hilmar .Lochner@email.com,,1,Adult,CC1
68-684-275-195,Emilie,Lenzen,26.0,Gdansk,Poland,Emilie.Lenzen@email.com,,0,Adult,CC3
10-106-593-666,Bernadette,Steigerwald,57.0,Dnipro,Ukraine,Bernadette.Steigerwald@email.com,,0,Adult,CC3
28-285-871-592,Mareen,Wisniewski,31.0,San Antonio,United_States,Mareen.Wisniewski@email.com,,1,Adult,CC1
39-393-313-343,Julie,Liese,39.0,Cardiff,United_Kingdom,Julie.Liese@email.com,,1,Adult,CC3
81-814-631-982,Antoinette,Hake,22.0,Hannover,Germany,Antoinette.Hake@email.com,,0,Adult,CC2
36-365-161-757,Marit,Lange,65.0,Paris,France,Marit.Lange@email.com,,1,Adult,CC3
25-255-450-130,Kornelia,Schultes,45.0,Denver,United_States,Kornelia.Schultes@email.com,,1,Adult,CC2
47-474-666-473,Udo,Kühne,35.0,Glasgow,United_Kingdom,Udo .Kühne@email.com,,1,Adult,CC2
19-190-235-120,Marek,Hey,45.0,Boston,United_States,Marek .Hey@email.com,,0,Adult,CC3
18-183-750-518,Anna,Wieland,41.0,Berlin,Germany,Anna.Wieland@email.com,,1,Adult,CC1
14-146-132-252,Elsbeth,Krieg,41.0,Szczecin,Poland,Elsbeth.Krieg@email.com,,0,Adult,CC3
98-986-854-154,Wigbert,Augustin,48.0,Koeln,Germany,Wigbert .Augustin@email.com,,0,Adult,CC2
94-947-182-301,Melanie,Falke,31.0,Bratislava,Slovakia,Melanie.Falke@email.com,,1,Adult,CC1
92-926-988-308,Katharine,Stöckl,22.0,Bochum-Hordel,Germany,Katharine.Stöckl@email.com,,0,Adult,CC2
68-682-750-412,Sibylla,Alles,31.0,Dallas,United_States,Sibylla.Alles@email.com,,1,Adult,CC2
19-195-520-659,Judith,Schepers,35.0,Khmelnytskyi,Ukraine,Judith.Schepers@email.com,,0,Adult,CC3
52-525-897-534,Manja,Joseph,34.0,Stockholm,Sweden,Manja.Joseph@email.com,,1,Adult,CC3
60-608-770-390,Roy,Langbein,57.0,Jacksonville,United_States,Roy .Langbein@email.com,,0,Adult,CC2
77-773-269-545,Beate,Kloth,37.0,Donetsk,Ukraine,Beate.Kloth@email.com,,0,Adult,CC1
98-989-499-265,Wladimir,Kuhnert,43.0,Bremen,Germany,Wladimir .Kuhnert@email.com,,1,Adult,CC3
13-131-942-113,Hans-Adolf,Rohleder,28.0,Las Palmas de Gran Canaria,Spain,Hans-Adolf .Rohleder@email.com,,1,Adult,CC3
52-520-160-768,Simone,Dirks,22.0,Sector 3,Romania,Simone.Dirks@email.com,,0,Adult,CC2
10-105-877-665,Mijo,Burk,48.0,Los Angeles,United_States,Mijo .Burk@email.com,,0,Adult,CC1
25-250-106-452,Cemil,Burghardt,28.0,Minsk,Belarus,Cemil .Burghardt@email.com,,1,Adult,CC2
35-350-706-303,Dorothea,Bruder,18.0,Khmelnytskyi,Ukraine,Dorothea.Bruder@email.com,,1,Adult,CC3
98-989-360-138,Uli,Ahlers,24.0,Hamburg,Germany,Uli .Ahlers@email.com,,1,Adult,CC2
79-798-384-813,Klaus-Ulrich,Burger,48.0,Nottingham,United_Kingdom,Klaus-Ulrich .Burger@email.com,,0,Adult,CC2
50-508-261-450,Dariusz,Schöning,33.0,Skopje,North_Macedonia,Dariusz .Schöning@email.com,,0,Adult,CC3
26-261-284-762,Carola,Siegel,26.0,Philadelphia,United_States,Carola.Siegel@email.com,,1,Adult,CC3
67-672-396-861,Irma,Kost,763.0,Philadelphia,United_States,Irma.Kost@email.com,,1,Older Adult,CC3
33-335-335-543,Francoise,Gruber,40.0,Sector 3,Romania,Francoise.Gruber@email.com,,1,Adult,CC1
51-515-811-694,Annett,Olbrich,31.0,Szczecin,Poland,Annett.Olbrich@email.com,,1,Adult,CC1
30-307-672-206,Undine,Franz,30.0,Hannover,Germany,Undine.Franz@email.com,,1,Adult,CC1
14-148-404-133,Gilbert,Quast,40.0,Hannover,Germany,Gilbert .Quast@email.com,,1,Adult,CC1
52-529-817-690,Helma,Krieger,41.0,Donetsk,Ukraine,Helma.Krieger@email.com,,0,Adult,CC3
33-333-936-824,Ira,Laufer,33.0,Leeds,United_Kingdom,Ira.Laufer@email.com,,0,Adult,CC1
51-514-909-574,Brita,Eckardt,24.0,Sarajevo,Bosnia_and_Herzegovina,Brita.Eckardt@email.com,,1,Adult,CC3
73-734-870-592,Gundel,Kerscher,39.0,San Diego,United_States,Gundel.Kerscher@email.com,,0,Adult,CC2
44-447-811-166,Edwin,Kleiner,32.0,Portland,United_States,Edwin .Kleiner@email.com,,1,Adult,CC1
24-249-361-487,Gerhard,Haarmann,52.0,The Hague,Netherlands,Gerhard.Haarmann@email.com,,1,Adult,CC3
61-614-826-971,Ignaz,Adrian,40.0,Copenhagen,Denmark,Ignaz .Adrian@email.com,,1,Adult,CC1
82-821-618-720,Wiebke,Rother,37.0,Palermo,Italy,Wiebke.Rother@email.com,,0,Adult,CC2
83-837-542-965,Martine,Höpfner,33.0,Zaporizhia,Ukraine,Martine.Höpfner@email.com,,1,Adult,CC3
25-254-105-616,Gülsen,Schultes,41.0,Rotterdam,Netherlands,Gülsen.Schultes@email.com,,0,Adult,CC3
38-387-560-647,Adelgunde,Fiebig,56.0,Denver,United_States,Adelgunde.Fiebig@email.com,,1,Adult,CC3
71-712-237-777,Freddy,Hegemann,18.0,Belgrade,Serbia,Freddy .Hegemann@email.com,,0,Adult,CC2
31-310-130-281,Frederic,Mende,36.0,Kryvyi Rih,Ukraine,Frederic .Mende@email.com,,0,Adult,CC3
34-344-152-265,Dan,Hallmann,31.0,Austin,United_States,Dan .Hallmann@email.com,,0,Adult,CC1
58-588-144-826,Wolfram,Rosenkranz,33.0,Oslo,Norway,Wolfram .Rosenkranz@email.com,,1,Adult,CC1
62-624-515-811,Reiner,Wittmann,58.0,Duesseldorf,Germany,Reiner .Wittmann@email.com,,1,Adult,CC2
48-487-103-413,Alice,Gessner,51.0,New York,United_States,Alice.Gessner@email.com,,0,Adult,CC2
68-689-931-170,Rico,Sänger,40.0,Fort Worth,United_States,Rico .Sänger@email.com,,1,Adult,CC2
15-157-218-836,Elfi,Stich,46.0,Khmelnytskyi,Ukraine,Elfi.Stich@email.com,,1,Adult,CC1
90-905-184-249,Mirjana,Buschmann,37.0,Belgrade,Serbia,Mirjana.Buschmann@email.com,,0,Adult,CC2
10-108-292-880,Gundi,Mühlbauer,56.0,Makiyivka,Ukraine,Gundi.Mühlbauer@email.com,,1,Adult,CC1
33-333-806-153,Bartholomäus,Niklas,42.0,Barcelona,Spain,Bartholomäus .Niklas@email.com,,1,Adult,CC3
18-186-976-873,Franca,Benning,44.0,Stuttgart,Germany,Franca.Benning@email.com,,1,Adult,CC2
61-613-128-143,Gerlinde,Milde,67.0,London,United_Kingdom,Gerlinde.Milde@email.com,,0,Older Adult,CC3
43-435-290-710,Bogdan,Grünewald,21.0,Wroclaw,Poland,Bogdan .Grünewald@email.com,,1,Adult,CC2
98-985-598-619,Jasmin,Strunz,35.0,Kryvyi Rih,Ukraine,Jasmin.Strunz@email.com,,0,Adult,CC1
99-993-457-615,Gabriela,Esser,31.0,Koeln,Germany,Gabriela.Esser@email.com,,0,Adult,CC2
52-526-228-160,Valentine,Münch,64.0,Nottingham,United_Kingdom,Valentine.Münch@email.com,,0,Adult,CC1
67-670-928-870,Alida,Back,52.0,Munich,Germany,Alida.Back@email.com,,1,Adult,CC2
88-887-410-846,Dörte,Selzer,42.0,Wroclaw,Poland,Dörte.Selzer@email.com,,1,Adult,CC2
26-260-796-813,Rose,Brummer,34.0,Nottingham,United_Kingdom,Rose.Brummer@email.com,,0,Adult,CC3
80-800-225-810,Dora,Rickert,27.0,Khmelnytskyi,Ukraine,Dora.Rickert@email.com,,0,Adult,CC1
79-796-862-391,Klaus-Ulrich,Dittrich,63.0,El Paso,United_States,Klaus-Ulrich .Dittrich@email.com,,1,Adult,CC2
79-799-774-200,Marga,Volk,31.0,Lyon,France,Marga.Volk@email.com,,0,Adult,CC3
38-386-863-998,Edmund,Krieger,55.0,Los Angeles,United_States,Edmund .Krieger@email.com,,1,Adult,CC2
28-287-185-950,Maren,Jentsch,30.0,Sevilla,Spain,Maren.Jentsch@email.com,,1,Adult,CC1
38-389-170-489,Songül,Thiemann,43.0,Detroit,United_States,Songül.Thiemann@email.com,,1,Adult,CC3
62-621-616-975,Harry,Gabriel,59.0,Nottingham,United_Kingdom,Harry .Gabriel@email.com,,0,Adult,CC2
87-875-285-720,Heribert,Mühl,38.0,The Hague,Netherlands,Heribert .Mühl@email.com,,0,Adult,CC3
61-611-164-788,Olaf,Augustin,47.0,Detroit,United_States,Olaf.Augustin@email.com,,1,Adult,CC2
21-212-480-468,Svetlana,Ertl,60.0,Houston,United_States,Svetlana.Ertl@email.com,,0,Adult,CC1
60-607-165-347,Monika,Meiners,36.0,Nuernberg,Germany,Monika.Meiners@email.com,,1,Adult,CC2
92-929-463-633,Dietlinde,Brendel,29.0,Marseille,France,Dietlinde.Brendel@email.com,,1,Adult,CC1
54-546-666-681,Zofia,Wöhrle,41.0,Lisbon,Portugal,Zofia.Wöhrle@email.com,,1,Adult,CC3
50-505-493-925,Walter,Holzer,31.0,Stuttgart,Germany,Walter .Holzer@email.com,,0,Adult,CC3
67-671-946-733,Miroslaw,Hess,41.0,Chisinau,Moldova,Miroslaw .Hess@email.com,,0,Adult,CC3
98-981-130-130,Hüseyin,Reitz,50.0,Gdansk,Poland,Hüseyin .Reitz@email.com,,0,Adult,CC1
59-590-599-640,Daniel,John,27.0,Sevilla,Spain,Daniel.John@email.com,,0,Adult,CC3
76-764-458-622,Sibel,Buchmann,50.0,Washington,United_States,Sibel.Buchmann@email.com,,1,Adult,CC3
49-496-778-220,Luzie,Wesemann,39.0,Austin,United_States,Luzie.Wesemann@email.com,,0,Adult,CC3
47-470-309-717,Jonas,Rosendahl,54.0,Amsterdam,Netherlands,Jonas .Rosendahl@email.com,,0,Adult,CC3
42-423-692-120,Annerose,Bickel,22.0,Sofia,Bulgaria,Annerose.Bickel@email.com,,1,Adult,CC1
96-964-829-753,Danilo,Koppe,18.0,Glasgow,United_Kingdom,Danilo .Koppe@email.com,,1,Adult,CC1
16-166-793-123,Heiner,Adam,21.0,Las Vegas,United_States,Heiner .Adam@email.com,,1,Adult,CC1
69-692-988-109,Gertrud,Käfer,56.0,Goeteborg,Sweden,Gertrud.Käfer@email.com,,1,Adult,CC3
16-166-929-417,Theobald,Kempf,32.0,Bratislava,Slovakia,Theobald .Kempf@email.com,,0,Adult,CC2
70-704-466-182,Zenta,Heck,50.0,Oslo,Norway,Zenta.Heck@email.com,,0,Adult,CC3
62-625-120-694,Hermann-Josef,Breitenbach,47.0,Zaporizhia,Ukraine,Hermann-Josef .Breitenbach@email.com,,1,Adult,CC3
42-425-458-188,Alexej,Piel,50.0,Dortmund,Germany,Alexej .Piel@email.com,,1,Adult,CC2
28-288-855-475,Reingard,Meister,56.0,Antwerpen,Belgium,Reingard.Meister@email.com,,0,Adult,CC1
71-712-844-756,Cosimo,Rosenberger,48.0,London,United_Kingdom,Cosimo .Rosenberger@email.com,,0,Adult,CC1
14-141-310-693,Gülay,Albert,46.0,Frankfurt am Main,Germany,Gülay.Albert@email.com,,1,Adult,CC1
33-338-358-745,Wladimir,Bock,42.0,Sofia,Bulgaria,Wladimir .Bock@email.com,,0,Adult,CC1
47-477-466-208,Marcel,Burkhard,19.0,Kyiv,Ukraine,Marcel .Burkhard@email.com,,1,Adult,CC1
49-495-265-967,Suzanne,Lüdecke,50.0,Paris,France,Suzanne.Lüdecke@email.com,,1,Adult,CC1
61-617-287-613,Zoltan,Habel,24.0,Birmingham,United_Kingdom,Zoltan .Habel@email.com,,0,Adult,CC2
69-697-874-408,Martin,Schanz,49.0,Baltimore,United_States,Martin .Schanz@email.com,,1,Adult,CC3
31-319-858-494,Erkan,Eichhorn,65.0,Chisinau,Moldova,Erkan .Eichhorn@email.com,,1,Adult,CC2
56-568-267-330,Gertraude,Reichenbach,40.0,Lyon,France,Gertraude.Reichenbach@email.com,,1,Adult,CC3
91-918-579-171,Oswin,Diemer,22.0,Gdansk,Poland,Oswin .Diemer@email.com,,0,Adult,CC1
41-412-766-818,Eduard,Wehrle,19.0,Kyiv,Ukranie,Eduard .Wehrle@email.com,,0,Adult,CC3
37-374-201-848,Engelbert,Härtel,44.0,Houston,United_States,Engelbert .Härtel@email.com,,0,Adult,CC3
73-739-534-537,Hugo,Stange,18.0,Los Angeles,United_States,Hugo .Stange@email.com,,0,Adult,CC2
68-680-847-692,Hulda,Zeitler,59.0,Bucharest,Romania,Hulda.Zeitler@email.com,,1,Adult,CC3
72-722-268-559,Phillip,Kleemann,22.0,San Antonio,United_States,Phillip .Kleemann@email.com,,1,Adult,CC2
26-269-979-414,Dorothea,Kelm,27.0,Austin,United_States,Dorothea.Kelm@email.com,,1,Adult,CC3
67-675-616-740,Karlfried,Cornelius,26.0,Toulouse,France,Karlfried .Cornelius@email.com,,0,Adult,CC2
69-698-719-748,Gertraude,Eichler,62.0,Seattle,United_States,Gertraude.Eichler@email.com,,1,Adult,CC3
40-409-965-200,Hans-Otto,Ahrens,54.0,Jacksonville,United_States,Hans-Otto .Ahrens@email.com,,0,Adult,CC3
73-736-696-602,Klothilde,Korte,22.0,Philadelphia,United_States,Klothilde.Korte@email.com,,0,Adult,CC1
49-492-854-662,Mario,Schlenker,20.0,Lviv,Ukraine,Mario.Schlenker@email.com,,1,Adult,CC3
43-436-788-298,Clarissa,Eisner,44.0,Palermo,Italy,Clarissa.Eisner@email.com,,1,Adult,CC3
61-617-574-330,Luigi,Brüggemann,50.0,The Hague,Netherlands,Luigi .Brüggemann@email.com,,1,Adult,CC2
69-697-927-836,Jürgen,Kölling,64.0,Naples,Italy,Jürgen .Kölling@email.com,,1,Adult,CC3
10-109-575-155,Burghard,Spiegel,27.0,Copenhagen,Denmark,Burghard .Spiegel@email.com,,1,Adult,CC1
89-896-742-115,Katrin,Schreiner,18.0,Nashville-Davidson,United_States,Katrin.Schreiner@email.com,,0,Adult,CC3
94-946-881-726,Ralf,Topp,23.0,Denver,United_States,Ralf.Topp@email.com,,1,Adult,CC2
67-674-801-248,Paul,Bartsch,69.0,Indianapolis,United_States,Paul.Bartsch@email.com,,1,Older Adult,CC2
74-746-587-357,Gabi,Wildner,50.0,Brussels,Belgium,Gabi.Wildner@email.com,,1,Adult,CC2
85-853-235-984,Hans-Helmut,Tietjen,52.0,London,United_Kingdom,Hans-Helmut .Tietjen@email.com,,0,Adult,CC1
58-588-306-850,Hans-Karl,Schlichting,41.0,Berlin,Germany,Hans-Karl .Schlichting@email.com,,0,Adult,CC3
98-983-933-896,Ivanka,Schönemann,17.0,Duesseldorf,Germany,Ivanka.Schönemann@email.com,,1,Adolescent,CC3
10-109-189-880,Emmerich,Grimm,46.0,Antwerpen,Belgium,Emmerich .Grimm@email.com,,0,Adult,CC2
73-731-947-909,Jadwiga,Herrmann,22.0,Charlotte,United_States,Jadwiga.Herrmann@email.com,,0,Adult,CC1
60-609-543-463,Sabina,Dengler,22.0,Louisville/Jefferson County,United_States,Sabina.Dengler@email.com,,0,Adult,CC2
42-420-746-344,Miodrag,Hannemann,59.0,Oklahoma City,United_States,Miodrag .Hannemann@email.com,,0,Adult,CC1
41-419-774-490,Ingeborg,Mühle,31.0,Phoenix,United_States,Ingeborg.Mühle@email.com,,0,Adult,CC3
85-859-953-115,Gerdi,Holzinger,60.0,Frankfurt am Main,Germany,Gerdi.Holzinger@email.com,,0,Adult,CC3
39-393-177-235,Bert,Knappe,24.0,Palma,Spain,Bert .Knappe@email.com,,1,Adult,CC3
84-849-614-464,Norma,Adrian,43.0,Essen,Germany,Norma.Adrian@email.com,,1,Adult,CC2
90-907-294-384,Krystyna,Wolter,55.0,Amsterdam,Netherlands,Krystyna.Wolter@email.com,,0,Adult,CC2
78-782-462-283,Emmerich,Licht,29.0,Zaragoza,Spain,Emmerich .Licht@email.com,,1,Adult,CC2
21-214-185-610,Cetin,Friedrichs,52.0,Dresden,Germany,Cetin .Friedrichs@email.com,,1,Adult,CC1
75-758-292-313,Joanna,Raabe,27.0,Prague,Czech_Republic,Joanna.Raabe@email.com,,0,Adult,CC3
67-677-234-263,Sandro,Ulbricht,18.0,Makiyivka,Ukraine,Sandro .Ulbricht@email.com,,0,Adult,CC1
71-718-991-413,Francoise,Heyer,26.0,Washington,United_States,Francoise.Heyer@email.com,,0,Adult,CC1
53-530-241-468,Romana,Reinhardt,35.0,Jacksonville,United_States,Romana.Reinhardt@email.com,,1,Adult,CC2
88-888-806-810,Maya,Meindl,36.0,Skopje,North_Macedonia,Maya.Meindl@email.com,,0,Adult,CC1
17-176-439-208,Eveline,Großmann,30.0,Goeteborg,Sweden,Eveline.Großmann@email.com,,0,Adult,CC3
81-810-104-902,Denis,Kunde,54.0,Detroit,United_States,Denis .Kunde@email.com,,1,Adult,CC3
83-830-771-396,Emilie,Lüdtke,42.0,Copenhagen,Denmark,Emilie.Lüdtke@email.com,,1,Adult,CC2
19-191-106-574,Carina,Uhlemann,26.0,Essen,Germany,Carina.Uhlemann@email.com,,0,Adult,CC3
79-792-821-434,Wilhelm,Thielemann,38.0,Nottingham,United_Kingdom,Wilhelm.Thielemann@email.com,,1,Adult,CC2
62-624-871-955,Heini,Kast,49.0,Copenhagen,Denmark,Heini .Kast@email.com,,1,Adult,CC2
44-449-514-174,Alexandra,Uhlig,30.0,Munich,Germany,Alexandra.Uhlig@email.com,,0,Adult,CC1
46-464-935-566,Hans-Ulrich,Dippel,52.0,Marseille,France,Hans-Ulrich .Dippel@email.com,,0,Adult,CC2
63-637-364-363,Kerstin,Alber,30.0,Poznan,Poland,Kerstin.Alber@email.com,,1,Adult,CC1
66-664-279-852,Babette,Gröger,37.0,Zaragoza,Spain,Babette.Gröger@email.com,,1,Adult,CC1
80-809-457-223,Luzia,Kehr,39.0,Tallinn,Estonia,Luzia.Kehr@email.com,,0,Adult,CC3
46-464-992-801,Elif,Schwinn,46.0,Munich,Germany,Elif.Schwinn@email.com,,1,Adult,CC1
34-340-557-326,Ercan,Stiller,28.0,Murcia,Spain,Ercan .Stiller@email.com,,0,Adult,CC3
34-342-177-355,Raik,Bertram,27.0,Frankfurt am Main,Germany,Raik .Bertram@email.com,,1,Adult,CC2
71-714-205-430,Natalija,Bohl,40.0,Prague,Czech_Republic,Natalija.Bohl@email.com,,1,Adult,CC3
65-656-263-548,Trudel,Greif,35.0,Oslo,Norway,Trudel.Greif@email.com,,0,Adult,CC1
87-875-866-359,Ehrhard,Assmann,32.0,Bremen,Germany,Ehrhard .Assmann@email.com,,1,Adult,CC2
47-470-270-518,Leyla,Glaß,22.0,Glasgow,United_Kingdom,Leyla.Glaß@email.com,,0,Adult,CC3
14-146-967-983,Steve,Ulbrich,37.0,Birmingham,United_Kingdom,Steve .Ulbrich@email.com,,1,Adult,CC2
72-727-658-457,Tibor,Schimmelpfennig,54.0,Poznan,Poland,Tibor .Schimmelpfennig@email.com,,0,Adult,CC2
28-285-606-594,Frithjof,Yildirim,44.0,Glasgow,United_Kingdom,Frithjof .Yildirim@email.com,,0,Adult,CC3
45-459-604-367,Kirsten,Wurm,20.0,Hamburg,Germany,Kirsten.Wurm@email.com,,0,Adult,CC1
92-922-964-639,Hans-Joachim,Brüning,22.0,Gomel,Belarus,Hans-Joachim .Brüning@email.com,,0,Adult,CC1
13-134-105-467,Hildegard,Paulus,26.0,Dublin,Ireland,Hildegard.Paulus@email.com,,0,Adult,CC1
92-929-460-176,Curt,Yildiz,32.0,Lyon,France,Curt .Yildiz@email.com,,0,Adult,CC1
96-964-500-473,Roderich,Stotz,26.0,Koeln,Germany,Roderich .Stotz@email.com,,1,Adult,CC3
72-720-144-113,Karlfried,Tetzlaff,51.0,Lyon,France,Karlfried .Tetzlaff@email.com,,1,Adult,CC1
83-835-829-993,Gerdi,Thielemann,58.0,Khmelnytskyi,Ukraine,Gerdi.Thielemann@email.com,,0,Adult,CC1
34-349-412-496,Lucia,Dierks,42.0,Duesseldorf,Germany,Lucia.Dierks@email.com,,0,Adult,CC1
17-176-381-808,Charles,Walter,46.0,Koeln,Germany,Charles .Walter@email.com,,0,Adult,CC2
20-209-912-332,Dörthe,Hauser,67.0,Phoenix,United_States,Dörthe.Hauser@email.com,,1,Older Adult,CC3
57-576-942-987,Kuno,Heppner,39.0,Dresden,Germany,Kuno .Heppner@email.com,,1,Adult,CC2
52-526-112-629,Nick,Rüger,35.0,Milan,Italy,Nick .Rüger@email.com,,0,Adult,CC2
92-927-156-592,Sibel,Weyers,37.0,Dortmund,Germany,Sibel.Weyers@email.com,,1,Adult,CC2
55-555-594-689,Marie,Breuer,44.0,Bochum-Hordel,Germany,Marie.Breuer@email.com,,1,Adult,CC3
58-589-793-631,Mato,Arslan,55.0,Lodz,Poland,Mato .Arslan@email.com,,1,Adult,CC2
87-879-582-760,Ramona,Heizmann,41.0,Duisburg,Germany,Ramona.Heizmann@email.com,,1,Adult,CC3
43-431-530-574,Ingeborg,Hollmann,45.0,Kryvyi Rih,Ukraine,Ingeborg.Hollmann@email.com,,0,Adult,CC2
93-937-554-510,Heidelinde,Jung,34.0,Jacksonville,United_States,Heidelinde.Jung@email.com,,1,Adult,CC2
62-625-590-154,Harry,Heckmann,37.0,Sheffield,United_Kingdom,Harry .Heckmann@email.com,,0,Adult,CC3
57-572-679-863,Sandra,Hohl,34.0,Malaga,Spain,Sandra.Hohl@email.com,,0,Adult,CC3
56-564-581-420,Johanne,Zielke,15.0,Krakow,Poland,Johanne.Zielke@email.com,,0,Adolescent,CC3
63-636-205-809,Emilia,Harth,60.0,Chisinau,Moldova,Emilia.Harth@email.com,,1,Adult,CC1
94-945-371-973,Stefanie,Kliem,27.0,Rome,Italy,Stefanie.Kliem@email.com,,1,Adult,CC2
76-765-850-808,Gitte,Krapp,16.0,Athens,Greece,Gitte.Krapp@email.com,,1,Adolescent,CC1
35-351-169-534,Caroline,Wahl,49.0,Kyiv,Ukraine,Caroline.Wahl@email.com,,1,Adult,CC1
88-883-520-751,Ben,Thiel,53.0,Portland,United_States,Ben .Thiel@email.com,,1,Adult,CC1
18-186-682-814,Viktoria,Weishaupt,48.0,Washington,United_States,Viktoria.Weishaupt@email.com,,1,Adult,CC1
61-618-760-872,Richard,Stöckl,32.0,Bremen,Germany,Richard.Stöckl@email.com,,1,Adult,CC3
21-219-616-501,David,Nagler,47.0,Naples,Italy,David .Nagler@email.com,,1,Adult,CC3
84-840-203-538,Natalja,Escher,18.0,Duesseldorf,Germany,Natalja.Escher@email.com,,1,Adult,CC1
79-795-851-745,Andree,Klostermann,32.0,San Diego,United_States,Andree .Klostermann@email.com,,1,Adult,CC1
11-116-413-311,Ute,Himmel,24.0,Cardiff,United_Kingdom,Ute.Himmel@email.com,,0,Adult,CC2
83-834-843-666,Marianne,Klaas,34.0,Vilnius,Lithuania,Marianne.Klaas@email.com,,0,Adult,CC1
72-725-747-217,Alfredo,Plum,35.0,Dallas,United_States,Alfredo .Plum@email.com,,0,Adult,CC3
27-272-102-487,Stanislav,Kilian,43.0,Wandsbek,Germany,Stanislav .Kilian@email.com,,1,Adult,CC3
25-253-571-593,Patrick,Bopp,40.0,Krakow,Poland,Patrick.Bopp@email.com,,1,Adult,CC1
51-512-426-253,Gönül,Sternberg,25.0,Lodz,Poland,Gönül.Sternberg@email.com,,1,Adult,CC1
54-546-472-736,Franca,Görgen,64.0,Austin,United_States,Franca.Görgen@email.com,,1,Adult,CC3
90-901-804-598,Ewald,Schröter,42.0,Manchester,United_Kingdom,Ewald .Schröter@email.com,,1,Adult,CC2
12-121-851-310,Carsten,Schuller,23.0,Gomel,Belarus,Carsten .Schuller@email.com,,1,Adult,CC1
26-269-163-712,Ilhan,Diel,40.0,Jacksonville,United_States,Ilhan .Diel@email.com,,1,Adult,CC1
22-220-487-636,Cäcilie,Eifler,25.0,Bratislava,Slovakia,Cäcilie.Eifler@email.com,,0,Adult,CC3
92-929-664-476,Rigo,Grafe,24.0,Malaga,Spain,Rigo .Grafe@email.com,,0,Adult,CC3
25-257-312-156,Ernst,Stenger,28.0,Barcelona,Spain,Ernst.Stenger@email.com,,0,Adult,CC1
58-581-303-312,Gabi,Volkmann,34.0,Columbus,United_States,Gabi.Volkmann@email.com,,0,Adult,CC3
92-928-505-371,Frauke,Tewes,21.0,Fort Worth,United_States,Frauke.Tewes@email.com,,1,Adult,CC3
49-492-296-174,Klara,Späth,45.0,Marseille,France,Klara.Späth@email.com,,0,Adult,CC1
91-911-828-815,Alwina,Sautter,32.0,Bratislava,Slovakia,Alwina.Sautter@email.com,,0,Adult,CC1
98-981-234-125,Aldo,Hahn,31.0,Memphis,United_States,Aldo .Hahn@email.com,,0,Adult,CC3
94-940-844-137,Mirko,Menke,39.0,Chicago,United_States,Mirko .Menke@email.com,,1,Adult,CC2
12-123-115-367,Franziska,Ruß,57.0,Memphis,United_States,Franziska.Ruß@email.com,,0,Adult,CC3
32-329-170-231,Janine,Brunke,48.0,Bristol,United_Kingdom,Janine.Brunke@email.com,,1,Adult,CC2
36-367-285-368,Maximilian,Ewert,37.0,Los Angeles,United_States,Maximilian .Ewert@email.com,,1,Adult,CC3
84-844-584-853,James,Hinrichs,47.0,Glasgow,United_Kingdom,James .Hinrichs@email.com,,1,Adult,CC2
61-612-761-748,Antonietta,Meise,45.0,Memphis,United_States,Antonietta.Meise@email.com,,0,Adult,CC1
25-258-772-981,Stanislav,Kayser,26.0,Naples,Italy,Stanislav .Kayser@email.com,,0,Adult,CC2
47-473-685-175,Babette,Stratmann,37.0,Dnipro,Ukraine,Babette.Stratmann@email.com,,0,Adult,CC2
27-276-704-328,Hermann Josef,Brandt,42.0,Columbus,United_States,Hermann Josef.Brandt@email.com,,1,Adult,CC2
30-301-676-215,Viktoria,Diekmann,40.0,Memphis,United_States,Viktoria.Diekmann@email.com,,1,Adult,CC1
53-534-856-207,Burkard,Freudenberg,35.0,Bratislava,Slovakia,Burkard .Freudenberg@email.com,,1,Adult,CC2
71-715-160-206,Marliese,Schaffner,21.0,Birmingham,United_Kingdom,Marliese.Schaffner@email.com,,0,Adult,CC2
86-866-232-431,Margot,Schaper,25.0,Kharkiv,Ukraine,Margot.Schaper@email.com,,1,Adult,CC2
78-785-342-258,Silvana,Wirth,25.0,Munich,Germany,Silvana.Wirth@email.com,,1,Adult,CC1
22-220-153-879,Mijo,Celik,20.0,Poznan,Poland,Mijo .Celik@email.com,,1,Adult,CC2
76-760-612-698,Ulrich,Guhl,30.0,Nottingham,United_Kingdom,Ulrich .Guhl@email.com,,0,Adult,CC3
38-388-160-535,Mariola,Eckel,21.0,Columbus,United_States,Mariola.Eckel@email.com,,1,Adult,CC1
86-867-747-952,Martha,Laube,48.0,Phoenix,United_States,Martha.Laube@email.com,,1,Adult,CC1
61-614-919-646,Krzysztof,Christiansen,22.0,Sheffield,United_Kingdom,Krzysztof .Christiansen@email.com,,1,Adult,CC1
58-588-709-904,Anton,Keßler,31.0,Bochum-Hordel,Germany,Anton.Keßler@email.com,,1,Adult,CC2
34-347-945-148,Emin,Lauterbach,43.0,Kharkiv,Ukraine,Emin .Lauterbach@email.com,,0,Adult,CC1
21-216-239-869,Cemal,Schultze,36.0,Prague,Czech_Republic,Cemal .Schultze@email.com,,1,Adult,CC1
59-599-491-874,Marliese,Brandt,26.0,Munich,Germany,Marliese.Brandt@email.com,,1,Adult,CC1
74-745-821-373,Fredo,Acker,36.0,Genoa,Italy,Fredo .Acker@email.com,,0,Adult,CC2
13-131-527-615,Artur,Junghans,49.0,Philadelphia,United_States,Artur .Junghans@email.com,,1,Adult,CC3
73-736-219-845,Jacqueline,Lambertz,27.0,Liverpool,United_Kingdom,Jacqueline.Lambertz@email.com,,0,Adult,CC1
47-470-860-776,Jonas,Haider,62.0,Luhansk,Ukraine,Jonas .Haider@email.com,,0,Adult,CC1
65-654-336-926,Rolf-Dieter,Heumann,45.0,Malaga,Spain,Rolf-Dieter .Heumann@email.com,,0,Adult,CC3
83-831-656-364,Adelgunde,Kromer,58.0,Milan,Italy,Adelgunde.Kromer@email.com,,1,Adult,CC3
11-113-169-705,Katalin,Pingel,24.0,Wroclaw,Poland,Katalin.Pingel@email.com,,1,Adult,CC1
40-404-519-555,Abraham,Hantke,28.0,Las Palmas de Gran Canaria,Spain,Abraham .Hantke@email.com,,1,Adult,CC2
25-253-294-719,Arnim,Bracht,36.0,Makiyivka,Ukraine,Arnim .Bracht@email.com,,1,Adult,CC2
38-388-293-623,Marlies,Pfaff,54.0,Frankfurt am Main,Germany,Marlies.Pfaff@email.com,,0,Adult,CC1
26-261-741-645,Alina,Vaupel,18.0,Brussels,Belgium,Alina.Vaupel@email.com,,1,Adult,CC1
78-782-130-608,Melita,Schaffrath,39.0,Sarajevo,Bosnia_and_Herzegovina,Melita.Schaffrath@email.com,,0,Adult,CC2
77-777-629-361,Ferdinand,Kolodziej,48.0,Odessa,Ukraine,Ferdinand .Kolodziej@email.com,,0,Adult,CC2
98-983-415-245,Carl-Heinz,Kistner,49.0,Duesseldorf,Germany,Carl-Heinz .Kistner@email.com,,0,Adult,CC2
19-192-623-356,Stefani,Steffen,60.0,Mariupol,Ukraine,Stefani.Steffen@email.com,,0,Adult,CC3
71-719-232-289,Walentina,Spiekermann,15.0,Chisinau,Moldova,Walentina.Spiekermann@email.com,,1,Adolescent,CC1
90-901-891-541,Roberto,Sauer,64.0,Warsaw,Poland,Roberto .Sauer@email.com,,0,Adult,CC1
52-521-231-857,Gretl,Ruhl,32.0,Belgrade,Serbia,Gretl.Ruhl@email.com,,1,Adult,CC1
46-467-462-231,Inge,Westermann,39.0,Szczecin,Poland,Inge.Westermann@email.com,,0,Adult,CC1
76-766-911-589,Ursula,Sänger,35.0,Mariupol,Ukraine,Ursula.Sänger@email.com,,1,Adult,CC2
32-320-750-523,Mikhail,Nitz,19.0,Paris,France,Mikhail .Nitz@email.com,,1,Adult,CC2
89-895-274-179,Bastian,Herzberg,45.0,Murcia,Spain,Bastian .Herzberg@email.com,,0,Adult,CC1
16-165-773-996,Dörthe,Raith,37.0,Wroclaw,Poland,Dörthe.Raith@email.com,,1,Adult,CC2
10-106-523-618,Hans-Hermann,Greb,45.0,Stuttgart,Germany,Hans-Hermann .Greb@email.com,,0,Adult,CC1
74-743-131-209,Sigrid,Stroh,20.0,Sector 3,Romania,Sigrid.Stroh@email.com,,1,Adult,CC3
58-587-857-835,Traude,Lübke,50.0,Brussels,Belgium,Traude.Lübke@email.com,,0,Adult,CC1
93-938-524-984,Leonore,Thiel,16.0,Sevilla,Spain,Leonore.Thiel@email.com,,1,Adolescent,CC1
79-794-467-735,Anastasia,Jahns,40.0,Athens,Greece,Anastasia.Jahns@email.com,,0,Adult,CC2
44-448-581-299,Marina,Jacobsen,62.0,Amsterdam,Netherlands,Marina.Jacobsen@email.com,,1,Adult,CC1
97-971-209-706,Grazyna,Leber,40.0,Sheffield,United_Kingdom,Grazyna.Leber@email.com,,1,Adult,CC3
60-607-894-514,Manja,Gruner,16.0,Indianapolis,United_States,Manja.Gruner@email.com,,0,Adolescent,CC1
65-652-743-270,Melanie,Christ,60.0,London,United_Kingdom,Melanie.Christ@email.com,,1,Adult,CC2
98-987-176-311,Heinz-Günther,Dettmann,31.0,Nottingham,United_Kingdom,Heinz-Günther .Dettmann@email.com,,1,Adult,CC2
21-211-528-522,Thorsten,Geissler,42.0,Sevilla,Spain,Thorsten .Geissler@email.com,,0,Adult,CC1
62-628-845-565,Wulf,Schlösser,34.0,London,United_Kingdom,Wulf .Schlösser@email.com,,1,Adult,CC3
45-459-576-226,Jane,Seidl,25.0,Milan,Italy,Jane.Seidl@email.com,,1,Adult,CC3
51-518-218-729,Evamaria,Gessner,15.0,Duesseldorf,Germany,Evamaria.Gessner@email.com,,0,Adolescent,CC3
62-624-770-445,Eric,Gehring,44.0,Columbus,United_States,Eric .Gehring@email.com,,1,Adult,CC3
38-385-742-286,Benita,Dahlke,39.0,Poznan,Poland,Benita.Dahlke@email.com,,0,Adult,CC1
89-896-391-347,Gudrun,Peetz,21.0,Valencia,Spain,Gudrun.Peetz@email.com,,1,Adult,CC3
53-539-346-803,Tino,Hug,28.0,Sector 3,Romania,Tino .Hug@email.com,,1,Adult,CC2
56-561-124-185,Maria,Hilgers,49.0,Bristol,United_Kingdom,Maria.Hilgers@email.com,,0,Adult,CC1
64-642-349-991,Ralph,Frenzel,44.0,Manchester,United_Kingdom,Ralph .Frenzel@email.com,,0,Adult,CC2
47-476-993-228,Lioba,Hübner,40.0,Luhansk,Ukraine,Lioba.Hübner@email.com,,0,Adult,CC3
11-111-270-105,Helga,Tolksdorf,17.0,Fort Worth,United_States,Helga.Tolksdorf@email.com,,0,Adolescent,CC3
43-433-926-713,Heiderose,Scheffel,19.0,Stockholm,Sweden,Heiderose.Scheffel@email.com,,0,Adult,CC2
91-914-257-442,Horst,Abel,27.0,Wroclaw,Poland,Horst .Abel@email.com,,1,Adult,CC2
28-280-223-547,Helen,Dressler,24.0,Szczecin,Poland,Helen.Dressler@email.com,,1,Adult,CC2
53-535-743-958,Ali,Hagel,44.0,Donetsk,Ukraine,Ali .Hagel@email.com,,1,Adult,CC1
70-704-210-129,Eva-Maria,Bongartz,55.0,Skopje,North_Macedonia,Eva-Maria.Bongartz@email.com,,0,Adult,CC3
71-712-834-979,Steven,Jürgensen,55.0,Las Palmas de Gran Canaria,Spian,Steven .Jürgensen@email.com,,1,Adult,CC1
87-872-362-612,Katy,Hannig,24.0,Sarajevo,Bosnia_and_Herzegovina,Katy.Hannig@email.com,,1,Adult,CC2
49-491-897-832,Fred,Pongratz,26.0,Wandsbek,Germany,Fred .Pongratz@email.com,,1,Adult,CC2
11-111-543-332,Claudius,Fries,27.0,Sarajevo,Bosnia_and_Herzegovina,Claudius .Fries@email.com,,1,Adult,CC1
57-574-771-824,Filippo,Goerke,39.0,Los Angeles,United_States,Filippo .Goerke@email.com,,1,Adult,CC1
18-187-750-999,Gretchen,Budde,24.0,Washington,United_States,Gretchen.Budde@email.com,,1,Adult,CC3
12-126-298-535,Nicole,Pfisterer,24.0,Antwerpen,Belgium,Nicole.Pfisterer@email.com,,0,Adult,CC2
20-208-958-212,Maike,Strecker,41.0,Bristol,United_Kingdom,Maike.Strecker@email.com,,1,Adult,CC3
30-303-578-600,Vincent,Scheffer,33.0,Cardiff,United_Kingdom,Vincent .Scheffer@email.com,,1,Adult,CC1
43-431-155-378,Reginald,Drexler,29.0,Austin,United_States,Reginald .Drexler@email.com,,0,Adult,CC2
16-165-402-268,Herta,Kübler,24.0,Murcia,Spain,Herta.Kübler@email.com,,1,Adult,CC3
59-591-693-148,Jens,Hopf,22.0,San Jose,United_States,Jens.Hopf@email.com,,1,Adult,CC1
28-285-681-786,Urs,Hofmann,40.0,Krakow,Poland,Urs .Hofmann@email.com,,1,Adult,CC2
66-669-259-617,Roderich,Kuschel,15.0,The Hague,Netherlands,Roderich .Kuschel@email.com,,1,Adolescent,CC3
45-456-974-156,Leo,Exner,51.0,Edinburgh,United_Kingdom,Leo .Exner@email.com,,1,Adult,CC3
62-625-430-324,Theobald,Scheuermann,17.0,Sheffield,United_Kingdom,Theobald .Scheuermann@email.com,,0,Adolescent,CC1
30-307-582-230,Hugo,Strohmeier,47.0,London,United_Kingdom,Hugo .Strohmeier@email.com,,1,Adult,CC1
38-383-746-193,Jaqueline,Stratmann,23.0,Detroit,United_States,Jaqueline.Stratmann@email.com,,0,Adult,CC3
85-854-435-610,Zlatko,Reimers,31.0,Louisville/Jefferson County,United_States,Zlatko .Reimers@email.com,,1,Adult,CC3
36-360-557-408,Nikolaus,Merk,40.0,Malaga,Spain,Nikolaus .Merk@email.com,,1,Adult,CC3
23-236-511-346,Vadim,Ewert,58.0,Milan,Italy,Vadim .Ewert@email.com,,0,Adult,CC1
37-371-225-299,Annette,Gottschlich,63.0,Skopje,North_Macedonia,Annette.Gottschlich@email.com,,0,Adult,CC3
92-923-627-793,Reinhard,Zabel,64.0,Palermo,Italy,Reinhard.Zabel@email.com,,1,Adult,CC1
35-355-135-382,Anke,Gottwald,30.0,Dnipro,Ukraine,Anke.Gottwald@email.com,,1,Adult,CC2
67-671-612-749,Katarina,Meinhardt,52.0,Columbus,United_States,Katarina.Meinhardt@email.com,,1,Adult,CC1
75-750-205-662,Johannes,Peitz,31.0,Sheffield,United_Kingdom,Johannes.Peitz@email.com,,0,Adult,CC2
99-994-240-836,Hans-Dietrich,Jacobs,18.0,Mariupol,Ukraine,Hans-Dietrich .Jacobs@email.com,,1,Adult,CC3
61-613-416-751,Vanessa,Wende,64.0,Vienna,Austria,Vanessa.Wende@email.com,,1,Adult,CC1
35-359-667-215,Ismet,Scheid,23.0,Sheffield,United_Kingdom,Ismet .Scheid@email.com,,1,Adult,CC1
72-721-463-685,Florence,Thamm,42.0,Palma,Spain,Florence.Thamm@email.com,,1,Adult,CC2
71-717-169-391,Margarethe,Petri,52.0,Austin,United_States,Margarethe.Petri@email.com,,1,Adult,CC3
90-909-997-501,Traute,Klose,40.0,Bratislava,Slovakia,Traute.Klose@email.com,,0,Adult,CC3
42-422-500-373,Ottokar,Lang,32.0,Vienna,Austria,Ottokar .Lang@email.com,,0,Adult,CC3
45-453-934-917,Tamara,Flügge,43.0,Toulouse,France,Tamara.Flügge@email.com,,0,Adult,CC3
75-753-613-901,Anatol,Thoms,57.0,Las Palmas de Gran Canaria,Spain,Anatol .Thoms@email.com,,0,Adult,CC3
13-136-287-780,Pamela,Steinhauer,37.0,Portland,United_States,Pamela.Steinhauer@email.com,,1,Adult,CC2
36-362-170-262,Sandor,Streich,52.0,San Francisco,United_States,Sandor .Streich@email.com,,0,Adult,CC1
20-205-540-814,Ramona,Jäger,46.0,Bristol,United_Kingdom,Ramona.Jäger@email.com,,1,Adult,CC3
63-637-314-747,Georg,Meisel,15.0,Stockholm,Sweden,Georg .Meisel@email.com,,0,Adolescent,CC3
17-172-829-911,Severin,Eichler,20.0,Philadelphia,United_States,Severin .Eichler@email.com,,0,Adult,CC1
71-719-518-603,Karl-Georg,Eckert,40.0,Nottingham,United_Kingdom,Karl-Georg .Eckert@email.com,,1,Adult,CC3
42-426-866-361,Eckart,Schimmel,45.0,Riga,Latvia,Eckart .Schimmel@email.com,,1,Adult,CC1
52-524-698-679,Patrick,Fritze,44.0,Belgrade,Serbia,Patrick .Fritze@email.com,,0,Adult,CC3
36-367-817-467,Joern,Jäger,18.0,San Diego,United_States,Joern.Jäger@email.com,,1,Adult,CC1
22-227-103-685,Hassan,Reiche,29.0,Fort Worth,United_States,Hassan .Reiche@email.com,,1,Adult,CC1
97-978-410-908,Solveig,Hochmuth,53.0,Fort Worth,United_States,Solveig.Hochmuth@email.com,,0,Adult,CC1
28-287-286-538,Fabienne,Stock,52.0,Dublin,Ireland,Fabienne.Stock@email.com,,1,Adult,CC2
97-977-697-332,Nikolaj,Friedrichs,55.0,Nashville-Davidson,United_States,Nikolaj .Friedrichs@email.com,,0,Adult,CC2
83-838-528-328,Istvan,Kretzer,49.0,Mykolayiv,Ukraine,Istvan .Kretzer@email.com,,1,Adult,CC2
94-944-367-333,Jacqueline,Grimm,44.0,Bochum,Germany,Jacqueline.Grimm@email.com,,0,Adult,CC2
24-244-578-868,Hans-Wolfgang,Rinke,26.0,The Hague,Netherlands,Hans-Wolfgang .Rinke@email.com,,0,Adult,CC2
41-417-930-643,Carla,Menges,29.0,Turin,Italy,Carla.Menges@email.com,,0,Adult,CC2
31-311-565-526,Anja,Gronau,44.0,Sheffield,United_Kingdom,Anja.Gronau@email.com,,1,Adult,CC3
24-246-799-939,Sükrü,Gericke,48.0,Dallas,United_States,Sükrü .Gericke@email.com,,1,Adult,CC1
47-471-930-309,Hellmut,Wiedmann,63.0,Dallas,United_States,Hellmut .Wiedmann@email.com,,1,Adult,CC1
68-683-948-717,Elise,Lambertz,25.0,Seattle,United_States,Elise.Lambertz@email.com,,1,Adult,CC2
94-949-296-653,Kevin,Bischof,39.0,Minsk,Belarus,Kevin .Bischof@email.com,,0,Adult,CC2
95-955-977-899,Telse,Nagler,23.0,Indianapolis,United_States,Telse.Nagler@email.com,,0,Adult,CC3
92-929-480-994,Ingeburg,Hanisch,49.0,Vienna,Austria,Ingeburg.Hanisch@email.com,,1,Adult,CC3
51-518-206-844,Jaqueline,Gilles,42.0,Tallinn,Estonia,Jaqueline.Gilles@email.com,,1,Adult,CC3
80-804-225-660,Wenke,Moor,30.0,Amsterdam,Netherlands,Wenke.Moor@email.com,,0,Adult,CC3
76-761-754-254,Otto,Weißenborn,40.0,Zaragoza,Spain,Otto .Weißenborn@email.com,,1,Adult,CC2
50-503-345-931,Ida,Heider,45.0,Koeln,Germany,Ida.Heider@email.com,,1,Adult,CC1
80-803-558-358,Eggert,Ehrlich,19.0,Murcia,Spain,Eggert .Ehrlich@email.com,,0,Adult,CC3
78-786-562-335,Vincenzo,Ackermann,36.0,Bucharest,Romania,Vincenzo .Ackermann@email.com,,0,Adult,CC1
89-893-996-117,Alberto,Neuber,28.0,Louisville/Jefferson County,United_States,Alberto .Neuber@email.com,,1,Adult,CC3
75-757-916-699,Heimo,Moldenhauer,22.0,Palermo,Italy,Heimo .Moldenhauer@email.com,,1,Adult,CC2
62-625-542-726,Alberto,Leistner,35.0,Nottingham,United_Kingdom,Alberto .Leistner@email.com,,0,Adult,CC2
67-679-298-514,Remo,Peetz,24.0,Warsaw,Poland,Remo .Peetz@email.com,,1,Adult,CC2
61-612-748-446,Matthias,Schönberg,15.0,Memphis,United_States,Matthias.Schönberg@email.com,,0,Adolescent,CC2
92-924-439-847,Irmtraut,Pfeiffer,40.0,Portland,United_States,Irmtraut.Pfeiffer@email.com,,1,Adult,CC3
60-600-924-361,Elias,Specht,40.0,Jacksonville,United_States,Elias .Specht@email.com,,0,Adult,CC3
95-958-231-539,Virginia,Korth,62.0,Oklahoma City,United_States,Virginia.Korth@email.com,,1,Adult,CC3
92-921-204-410,Nuri,Holm,50.0,Lyon,France,Nuri .Holm@email.com,,1,Adult,CC1
64-640-831-379,Irmingard,Schiefer,58.0,Austin,United_States,Irmingard.Schiefer@email.com,,1,Adult,CC1
86-869-102-318,Christin,Kirchhoff,37.0,Bochum-Hordel,Germany,Christin.Kirchhoff@email.com,,0,Adult,CC3
46-467-505-801,Bayram,Wunderlich,48.0,Lyon,France,Bayram .Wunderlich@email.com,,1,Adult,CC3
67-677-563-150,Christopher,Polzin,30.0,Paris,France,Christopher .Polzin@email.com,,1,Adult,CC2
39-393-309-807,Knut,Bichler,57.0,Chicago,United_States,Knut .Bichler@email.com,,1,Adult,CC1
37-372-193-697,Florence,Hüttner,27.0,Rome,Italy,Florence.Hüttner@email.com,,1,Adult,CC1
10-106-373-427,Thorsten,Luft,34.0,Milan,Italy,Thorsten.Luft@email.com,,0,Adult,CC2
59-599-415-355,Frank,Derksen,38.0,Kyiv,Ukranie,Frank .Derksen@email.com,,1,Adult,CC2
25-257-240-577,Walli,Winkler,33.0,Belgrade,Serbia,Walli.Winkler@email.com,,0,Adult,CC1
60-602-112-913,Margarethe,Reichmann,39.0,Riga,Latvia,Margarethe.Reichmann@email.com,,1,Adult,CC3
28-284-927-987,Anneli,Horn,45.0,Las Vegas,United_States,Anneli.Horn@email.com,,1,Adult,CC3
61-611-231-531,Annette,Laux,20.0,Sevilla,Spain,Annette.Laux@email.com,,1,Adult,CC2
49-494-677-157,Nevenka,Kerner,21.0,Kryvyi Rih,Ukraine,Nevenka.Kerner@email.com,,1,Adult,CC3
31-311-171-899,Markus,Rauh,26.0,Toulouse,France,Markus .Rauh@email.com,,1,Adult,CC2
25-256-306-101,Elsa,Bähr,35.0,Palma,Spain,Elsa.Bähr@email.com,,0,Adult,CC1
98-980-808-285,Hugo,Sebastian,42.0,Mykolayiv,Ukraine,Hugo .Sebastian@email.com,,1,Adult,CC2
55-552-520-440,Maximilian,Ackermann,27.0,Chicago,United_States,Maximilian .Ackermann@email.com,,0,Adult,CC1
80-809-737-138,Ilse,Rüther,26.0,Edinburgh,United_Kingdom,Ilse.Rüther@email.com,,1,Adult,CC3
68-682-115-795,Marianna,Baumgart,25.0,Dublin,Ireland,Marianna.Baumgart@email.com,,1,Adult,CC2
12-127-624-555,Torsten,Arndt,28.0,Sector 3,Romania,Torsten .Arndt@email.com,,0,Adult,CC1
72-725-348-735,Helmar,Risch,34.0,Fort Worth,United_States,Helmar .Risch@email.com,,0,Adult,CC2
79-799-831-349,Hildegard,Schultheiß,36.0,Vienna,Austria,Hildegard.Schultheiß@email.com,,1,Adult,CC2
42-425-436-682,Hans-Karl,Janßen,54.0,Glasgow,United_Kingdom,Hans-Karl .Janßen@email.com,,0,Adult,CC3
43-434-986-863,Wilhelm,Pauls,39.0,Leipzig,Germany,Wilhelm .Pauls@email.com,,0,Adult,CC2
67-672-847-840,Undine,Klöckner,43.0,Paris,France,Undine.Klöckner@email.com,,1,Adult,CC1
53-535-832-401,Bernfried,Sell,33.0,Duesseldorf,Germany,Bernfried .Sell@email.com,,1,Adult,CC3
71-717-119-866,Harry,Amann,47.0,Luhansk,Ukraine,Harry .Amann@email.com,,0,Adult,CC2
88-884-713-703,Drago,Wieland,48.0,Essen,Germany,Drago .Wieland@email.com,,1,Adult,CC2
25-258-808-691,Hasso,Beckmann,16.0,Kyiv,Ukraine,Hasso .Beckmann@email.com,,0,Adolescent,CC2
75-756-888-163,Werner,Käfer,26.0,Fort Worth,United_States,Werner .Käfer@email.com,,1,Adult,CC3
15-155-423-773,Edda,Führer,40.0,Skopje,North_Macedonia,Edda.Führer@email.com,,1,Adult,CC3
99-998-534-484,Ingeborg,Steffens,45.0,Sarajevo,Bosnia_and_Herzegovina,Ingeborg.Steffens@email.com,,0,Adult,CC1
74-749-731-845,Elfi,Ulbricht,54.0,Dnipro,Ukraine,Elfi.Ulbricht@email.com,,0,Adult,CC3
68-689-325-778,Anne-Marie,Adolph,27.0,Phoenix,United_States,Anne-Marie.Adolph@email.com,,1,Adult,CC3
71-710-753-728,Arnim,Baumgärtner,26.0,Columbus,United_States,Arnim .Baumgärtner@email.com,,1,Adult,CC2
78-784-337-417,Frederik,Struck,32.0,Washington,United_States,Frederik .Struck@email.com,,1,Adult,CC3
74-746-225-271,Bogdan,Träger,43.0,Warsaw,Poland,Bogdan .Träger@email.com,,0,Adult,CC1
47-470-786-782,Celal,Schurr,33.0,Dallas,United_States,Celal .Schurr@email.com,,0,Adult,CC2
19-194-205-351,Anika,Griese,33.0,Houston,United_States,Anika.Griese@email.com,,1,Adult,CC2
72-720-219-480,Hans-Otto,Hilbert,55.0,New York,United_States,Hans-Otto .Hilbert@email.com,,1,Adult,CC2
33-333-534-254,Florence,Meyer,42.0,Budapest,Hungary,Florence.Meyer@email.com,,0,Adult,CC2
91-911-662-228,Necati,Langbein,23.0,Koeln,Germany,Necati .Langbein@email.com,,0,Adult,CC3
77-777-390-491,Otfried,Bachmann,67.0,Bochum,Germany,Otfried .Bachmann@email.com,,1,Older Adult,CC2
68-683-668-670,Klaudia,Pohlmann,23.0,Genoa,Italy,Klaudia.Pohlmann@email.com,,0,Adult,CC1
68-689-626-421,Frederike,Schöttler,15.0,Essen,Germany,Frederike.Schöttler@email.com,,1,Adolescent,CC2
50-504-111-847,Gertraud,Emrich,25.0,Denver,United_States,Gertraud.Emrich@email.com,,0,Adult,CC3
49-499-159-107,Clara,Ackermann,23.0,Dnipro,Ukraine,Clara.Ackermann@email.com,,0,Adult,CC1
99-995-594-196,Sonja,Koch,18.0,Wroclaw,Poland,Sonja.Koch@email.com,,1,Adult,CC1
90-902-113-623,Mariechen,May,29.0,Lisbon,Portugal,Mariechen.May@email.com,,1,Adult,CC2
76-769-520-543,Pasquale,Gentner,68.0,Warsaw,Poland,Pasquale .Gentner@email.com,,1,Older Adult,CC1
67-676-495-729,Gunther,Wolfram,46.0,Denver,United_States,Gunther .Wolfram@email.com,,1,Adult,CC1
81-812-761-423,Henning,Utz,33.0,Lodz,Poland,Henning .Utz@email.com,,0,Adult,CC1
14-145-301-750,Anton,Bischof,40.0,Milan,Italy,Anton .Bischof@email.com,,0,Adult,CC3
33-335-212-759,Dana,Riedel,35.0,Lviv,Ukraine,Dana.Riedel@email.com,,0,Adult,CC2
37-378-425-820,Alan,Engelhardt,54.0,Barcelona,Spain,Alan .Engelhardt@email.com,,1,Adult,CC3
72-725-614-889,David,Niehues,26.0,Louisville/Jefferson County,United_States,David .Niehues@email.com,,1,Adult,CC1
24-247-744-831,Erik,Herbert,23.0,Gomel,Belarus,Erik .Herbert@email.com,,0,Adult,CC2
77-773-470-380,Türkan,Frings,28.0,Dortmund,Germany,Türkan.Frings@email.com,,0,Adult,CC3
81-811-400-343,Ingbert,Pöhlmann,29.0,Rome,Italy,Ingbert .Pöhlmann@email.com,,0,Adult,CC3
67-673-509-990,Luzia,Menne,25.0,Las Palmas de Gran Canaria,Spain,Luzia.Menne@email.com,,1,Adult,CC1
55-550-928-309,Berndt,Lind,35.0,Berlin,Germany,Berndt .Lind@email.com,,1,Adult,CC1
85-859-650-605,Thorben,Aigner,24.0,Bochum-Hordel,Germany,Thorben .Aigner@email.com,,0,Adult,CC1
40-408-894-559,Dajana,Kolberg,46.0,Kharkiv,Ukraine,Dajana.Kolberg@email.com,,0,Adult,CC2
25-259-740-971,Gundolf,Hemmer,32.0,Warsaw,Poland,Gundolf .Hemmer@email.com,,1,Adult,CC2
35-355-652-778,Stephanie,Götte,26.0,Dnipro,Ukraine,Stephanie.Götte@email.com,,1,Adult,CC2
14-148-642-485,Jurij,Hinzmann,22.0,Makiyivka,Ukraine,Jurij .Hinzmann@email.com,,0,Adult,CC2
25-255-664-627,Nina,Nielsen,41.0,Glasgow,United_Kingdom,Nina.Nielsen@email.com,,1,Adult,CC3
66-669-120-543,Marie,Köhne,28.0,Edinburgh,United_Kingdom,Marie.Köhne@email.com,,0,Adult,CC2
98-985-511-661,Hans-Martin,Haustein,27.0,Leeds,United_Kingdom,Hans-Martin .Haustein@email.com,,1,Adult,CC3
48-487-507-665,Rosalia,Garbe,32.0,Malaga,Spain,Rosalia.Garbe@email.com,,1,Adult,CC2
98-982-572-403,Patrick,Domke,45.0,Zaragoza,Spain,Patrick .Domke@email.com,,0,Adult,CC2
19-198-645-344,Dagmar,Kerber,22.0,Sevilla,Spain,Dagmar.Kerber@email.com,,0,Adult,CC1
69-694-396-889,Resi,Grimmer,31.0,Hamburg,Germany,Resi.Grimmer@email.com,,0,Adult,CC1
32-328-125-366,Marietta,Wedel,37.0,Copenhagen,Denmark,Marietta.Wedel@email.com,,0,Adult,CC1
23-232-360-212,Helmtrud,Henning,31.0,Turin,Italy,Helmtrud.Henning@email.com,,1,Adult,CC3
34-344-153-740,Arnim,Fiedler,37.0,Hamburg,Germany,Arnim .Fiedler@email.com,,0,Adult,CC2
74-748-321-335,Edmund,Haller,21.0,Krakow,Poland,Edmund .Haller@email.com,,1,Adult,CC2
90-901-829-758,Mikhail,Schön,21.0,Memphis,United_States,Mikhail .Schön@email.com,,1,Adult,CC3
94-944-359-705,Gertrude,Kirsch,41.0,Genoa,Italy,Gertrude.Kirsch@email.com,,0,Adult,CC1
91-917-904-109,Antonina,Holler,23.0,Donetsk,Ukraine,Antonina.Holler@email.com,,0,Adult,CC2
48-487-127-952,Meinhard,Ilg,32.0,Sector 3,Romania,Meinhard .Ilg@email.com,,1,Adult,CC2
96-968-646-623,Harro,Schiffer,19.0,Poznan,Poland,Harro .Schiffer@email.com,,0,Adult,CC3
41-414-358-899,Aysel,Volk,22.0,Odessa,Ukraine,Aysel.Volk@email.com,,1,Adult,CC2
90-905-964-398,Bernd-Dieter,Siegel,64.0,San Francisco,United_States,Bernd-Dieter .Siegel@email.com,,1,Adult,CC2
34-348-386-846,Karlfried,Evers,25.0,Goeteborg,Sweden,Karlfried .Evers@email.com,,0,Adult,CC3
75-759-727-449,Hans-Rainer,Windisch,38.0,Chisinau,Moldova,Hans-Rainer .Windisch@email.com,,0,Adult,CC2
58-582-418-107,Jessika,Grützner,36.0,Barcelona,Spain,Jessika.Grützner@email.com,,0,Adult,CC2
99-995-600-271,Willi,Kanzler,17.0,Sarajevo,Bosnia_and_Herzegovina,Willi .Kanzler@email.com,,1,Adolescent,CC3
63-630-386-938,Ilka,Nienhaus,30.0,Genoa,Iatly,Ilka.Nienhaus@email.com,,1,Adult,CC1
80-804-141-824,Baerbel,Breier,44.0,Phoenix,United_States,Baerbel.Breier@email.com,,0,Adult,CC2
92-925-342-391,Florian,Falke,49.0,Cardiff,United_Kingdom,Florian .Falke@email.com,,1,Adult,CC1
21-210-364-863,Fernando,Seufert,28.0,Riga,Latvia,Fernando .Seufert@email.com,,0,Adult,CC1
10-101-964-690,Wieland,Schnelle,43.0,Lyon,France,Wieland .Schnelle@email.com,,1,Adult,CC2
50-506-177-729,Janin,Böhler,18.0,Kyiv,Ukraine,Janin.Böhler@email.com,,1,Adult,CC3
46-469-118-897,Margitta,Königs,22.0,Liverpool,United_Kingdom,Margitta.Königs@email.com,,0,Adult,CC1
79-798-772-686,Aneta,Giesen,17.0,San Antonio,United_States,Aneta.Giesen@email.com,,1,Adolescent,CC2
75-750-623-368,Kläre,Friedel,64.0,Dnipro,Ukraine,Kläre.Friedel@email.com,,1,Adult,CC2
10-108-626-309,Adelbert,Brix,39.0,Skopje,North_Macedonia,Adelbert .Brix@email.com,,0,Adult,CC3
40-403-542-970,Mareike,Henschel,29.0,Gdansk,Poland,Mareike.Henschel@email.com,,0,Adult,CC1
49-495-636-805,Britta,Nienhaus,65.0,Vilnius,Lithuania,Britta.Nienhaus@email.com,,1,Adult,CC3
29-291-361-814,Gülten,Michalski,33.0,The Hague,Netherlands,Gülten.Michalski@email.com,,1,Adult,CC2
17-179-823-102,Dennis,Bechtel,35.0,Bratislava,Slovakia,Dennis.Bechtel@email.com,,1,Adult,CC3
45-456-428-821,Hildegard,Jacob,23.0,San Diego,United_States,Hildegard.Jacob@email.com,,0,Adult,CC1
33-330-896-141,Dominic,Stolle,16.0,Kharkiv,Ukraine,Dominic .Stolle@email.com,,0,Adolescent,CC2
23-230-669-404,Giuseppina,Henke,50.0,Los Angeles,United_States,Giuseppina.Henke@email.com,,0,Adult,CC1
16-166-433-814,Luis,Rosenberger,35.0,Duesseldorf,Germany,Luis .Rosenberger@email.com,,0,Adult,CC1
75-754-294-685,Milka,Flügge,39.0,Palermo,Italy,Milka.Flügge@email.com,,1,Adult,CC1
20-208-442-545,Aline,Grobe,30.0,San Jose,United_States,Aline.Grobe@email.com,,0,Adult,CC1
79-796-983-412,Silke,Beer,29.0,Szczecin,Poland,Silke.Beer@email.com,,1,Adult,CC2
27-276-583-690,Evi,Hilgers,55.0,Oslo,Norway,Evi.Hilgers@email.com,,0,Adult,CC3
78-789-134-976,Olga,Glatz,20.0,Paris,France,Olga.Glatz@email.com,,1,Adult,CC2
87-875-869-486,Heino,Traut,45.0,Naples,Italy,Heino .Traut@email.com,,1,Adult,CC2
40-405-724-483,Danielle,Rotter,36.0,Barcelona,Spain,Danielle.Rotter@email.com,,1,Adult,CC2
51-512-823-918,Ladislaus,Gerdes,29.0,Turin,Italy,Ladislaus .Gerdes@email.com,,0,Adult,CC2
91-913-275-335,Walli,Mucha,56.0,Amsterdam,Netherlands,Walli.Mucha@email.com,,0,Adult,CC1
50-507-645-432,Mesut,Wenger,35.0,Nuernberg,Germany,Mesut .Wenger@email.com,,1,Adult,CC3
35-351-233-401,Marie,Luther,42.0,Louisville/Jefferson County,United_States,Marie.Luther@email.com,,1,Adult,CC2
96-963-134-748,Hartmut,Linder,22.0,Louisville/Jefferson County,United_States,Hartmut.Linder@email.com,,1,Adult,CC1
44-445-831-390,Francoise,Bauer,25.0,Vienna,Austria,Francoise.Bauer@email.com,,0,Adult,CC1
75-751-202-903,Friedhelm,Riese,56.0,Vienna,Austria,Friedhelm .Riese@email.com,,0,Adult,CC2
48-484-318-274,Frida,Schlesinger,65.0,San Diego,United_States,Frida.Schlesinger@email.com,,1,Adult,CC1
59-592-140-530,Mohammad,Langner,26.0,Vilnius,Lithuania,Mohammad .Langner@email.com,,0,Adult,CC2
95-956-135-852,Christof,Görgen,28.0,Krakow,Poland,Christof .Görgen@email.com,,1,Adult,CC2
54-543-493-576,Othmar,Falkenberg,40.0,Brussels,Belgium,Othmar .Falkenberg@email.com,,0,Adult,CC2
72-728-738-212,Katarina,Höft,65.0,Nuernberg,Germany,Katarina.Höft@email.com,,1,Adult,CC1
27-271-160-770,Vladimir,Schmiedel,42.0,Barcelona,Spain,Vladimir .Schmiedel@email.com,,0,Adult,CC3
71-712-973-155,Horst-Günter,Birk,33.0,Birmingham,United_Kingdom,Horst-Günter .Birk@email.com,,1,Adult,CC2
92-920-575-342,Rita,Bender,29.0,Skopje,North_Macedonia,Rita.Bender@email.com,,0,Adult,CC2
51-519-948-621,Christian,Heitmann,17.0,Athens,Greece,Christian .Heitmann@email.com,,0,Adolescent,CC1
82-822-715-409,Rocco,Eberhard,57.0,Palma,Spain,Rocco .Eberhard@email.com,,0,Adult,CC3
62-620-477-329,Henner,Lenk,24.0,Duisburg,Germany,Henner .Lenk@email.com,,1,Adult,CC3
42-420-854-457,Sophia,Schenkel,48.0,Lisbon,Portugal,Sophia.Schenkel@email.com,,0,Adult,CC1
82-825-549-474,Jorge,Kehr,27.0,Memphis,United_States,Jorge .Kehr@email.com,,1,Adult,CC2
85-854-726-777,Heini,Huppertz,29.0,Philadelphia,United_States,Heini .Huppertz@email.com,,0,Adult,CC2
99-998-483-594,Hildburg,Breidenbach,45.0,Gomel,Belarus,Hildburg.Breidenbach@email.com,,1,Adult,CC3
20-206-615-480,Philomena,Lorenzen,46.0,Glasgow,United_Kingdom,Philomena.Lorenzen@email.com,,0,Adult,CC1
96-962-151-777,Cordula,Dirks,23.0,Memphis,United_States,Cordula.Dirks@email.com,,0,Adult,CC1
26-263-703-680,Ortrun,Franzen,21.0,Baltimore,United_States,Ortrun.Franzen@email.com,,0,Adult,CC1
60-600-986-535,Ludwina,Laskowski,57.0,Sheffield,United_Kingdom,Ludwina.Laskowski@email.com,,1,Adult,CC2
35-350-967-701,Hans-Wolfgang,Hampel,18.0,Detroit,United_States,Hans-Wolfgang .Hampel@email.com,,1,Adult,CC3
21-219-737-201,Enver,Lorenz,27.0,Szczecin,Poland,Enver .Lorenz@email.com,,0,Adult,CC3
58-586-114-734,Erol,Lüdemann,33.0,Marseille,France,Erol .Lüdemann@email.com,,1,Adult,CC2
90-901-720-304,Jolanta,Bauer,36.0,Palma,Spain,Jolanta.Bauer@email.com,,0,Adult,CC1
64-648-825-440,Maritta,Noe,35.0,Donetsk,Ukraine,Maritta.Noe@email.com,,1,Adult,CC2
13-137-324-239,Hans-Christian,Taube,18.0,Stockholm,Sweden,Hans-Christian .Taube@email.com,,0,Adult,CC2
75-756-700-981,Tilmann,Petzold,32.0,Bochum-Hordel,Germany,Tilmann .Petzold@email.com,,1,Adult,CC1
66-667-722-650,Ante,Gölz,43.0,Boston,United_States,Ante .Gölz@email.com,,0,Adult,CC2
60-601-324-364,Irmingard,Mast,23.0,The Hague,Netherlands,Irmingard.Mast@email.com,,0,Adult,CC2
44-448-580-288,Donald,Kaiser,36.0,Mariupol,Ukraine,Donald .Kaiser@email.com,,1,Adult,CC3
15-153-165-447,Edelgard,Grobe,24.0,Vilnius,Lithuania,Edelgard.Grobe@email.com,,1,Adult,CC2
62-623-704-875,Hartmut,Schaub,39.0,Berlin,Germany,Hartmut.Schaub@email.com,,1,Adult,CC2
34-345-639-678,Francesca,Feldhaus,32.0,Poznan,Poland,Francesca.Feldhaus@email.com,,0,Adult,CC3
18-186-656-727,Gundolf,Olbrich,28.0,Murcia,Spain,Gundolf .Olbrich@email.com,,1,Adult,CC1
44-448-461-162,Engin,Strunk,39.0,Cardiff,United_Kingdom,Engin .Strunk@email.com,,1,Adult,CC3
87-879-957-726,Karla,Holzapfel,46.0,Lisbon,Portugal,Karla.Holzapfel@email.com,,1,Adult,CC3
14-142-686-254,Margarete,Puschmann,65.0,Columbus,United_States,Margarete.Puschmann@email.com,,1,Adult,CC1
37-371-703-936,Hildegart,Schneck,24.0,Denver,United_States,Hildegart.Schneck@email.com,,1,Adult,CC2
93-935-706-718,Erhard,Gebauer,25.0,Nashville-Davidson,United_States,Erhard .Gebauer@email.com,,0,Adult,CC3
17-173-268-330,Raymund,Thelen,20.0,Donetsk,Ukraine,Raymund .Thelen@email.com,,0,Adult,CC2
81-813-263-392,Katharine,Pfisterer,26.0,Lviv,Ukraine,Katharine.Pfisterer@email.com,,1,Adult,CC2
80-806-892-638,Mercedes,Schwind,23.0,Antwerpen,Belgium,Mercedes.Schwind@email.com,,1,Adult,CC2
26-269-296-614,Albert,Schley,57.0,Oklahoma City,United_States,Albert .Schley@email.com,,1,Adult,CC3
26-264-473-858,Ullrich,Buhl,25.0,Dallas,United_States,Ullrich .Buhl@email.com,,1,Adult,CC3
99-995-981-283,Andre,Bäcker,30.0,Los Angeles,United_States,Andre .Bäcker@email.com,,0,Adult,CC3
17-179-818-501,Elias,Pietsch,29.0,Lodz,Poland,Elias .Pietsch@email.com,,0,Adult,CC1
49-494-454-362,Burkhard,Zink,67.0,Dallas,United_States,Burkhard .Zink@email.com,,0,Older Adult,CC1
52-527-486-520,Siegmar,Kromer,24.0,Chisinau,Moldova,Siegmar .Kromer@email.com,,1,Adult,CC3
52-522-116-435,Irina,Schiebel,43.0,Bremen,Germany,Irina.Schiebel@email.com,,1,Adult,CC1
26-266-417-943,Robin,Buchholz,31.0,Marseille,France,Robin .Buchholz@email.com,,0,Adult,CC2
43-431-812-452,Jacob,Schwind,56.0,Memphis,United_States,Jacob .Schwind@email.com,,0,Adult,CC1
14-141-364-662,Ralf-Peter,Plöger,16.0,Chicago,United_States,Ralf-Peter .Plöger@email.com,,0,Adolescent,CC2
87-872-623-174,Dariusz,Wiens,30.0,Bristol,United_Kingdom,Dariusz .Wiens@email.com,,1,Adult,CC2
46-460-486-681,Gerda,Hinkel,20.0,Antwerpen,Belgium,Gerda.Hinkel@email.com,,0,Adult,CC1
94-942-581-909,Alexandros,Hinrichs,52.0,Boston,United_States,Alexandros .Hinrichs@email.com,,1,Adult,CC1
58-584-162-965,Ana,Böning,17.0,Dortmund,Germany,Ana.Böning@email.com,,0,Adolescent,CC2
43-434-838-547,Hans-Ludwig,Horn,29.0,Amsterdam,Netherlands,Hans-Ludwig .Horn@email.com,,0,Adult,CC3
68-682-983-778,Pero,Käfer,30.0,Mykolayiv,Ukraine,Pero .Käfer@email.com,,1,Adult,CC2
21-217-305-174,Nurten,Ender,34.0,Krakow,Poland,Nurten.Ender@email.com,,0,Adult,CC2
19-197-381-689,Irmi,Uhl,66.0,San Diego,United_States,Irmi.Uhl@email.com,,0,Older Adult,CC1
20-203-327-970,Dragan,Hausner,41.0,Belgrade,Serbia,Dragan .Hausner@email.com,,0,Adult,CC3
36-365-221-433,Ivana,Bohr,34.0,Barcelona,Spain,Ivana.Bohr@email.com,,1,Adult,CC2
93-931-272-502,Vlado,Herwig,49.0,Paris,France,Vlado .Herwig@email.com,,1,Adult,CC1
16-160-748-561,Adelbert,Kahl,23.0,Sofia,Bulgaria,Adelbert .Kahl@email.com,,0,Adult,CC1
46-464-406-123,Hedy,Sacher,39.0,Leicester,United_Kingdom,Hedy.Sacher@email.com,,1,Adult,CC2
76-760-197-831,Tadeusz,Flach,43.0,Bucharest,Romania,Tadeusz .Flach@email.com,,0,Adult,CC2
11-112-143-485,Klaus,Jörg,47.0,Stockholm,Sweden,Klaus .Jörg@email.com,,0,Adult,CC1
40-401-564-636,Isolde,Kloth,26.0,Liverpool,United_Kingdom,Isolde.Kloth@email.com,,1,Adult,CC1
87-877-499-340,Antonina,Großkopf,50.0,Prague,Czech_Republic,Antonina.Großkopf@email.com,,1,Adult,CC2
12-124-625-248,Gerta,Roßbach,19.0,Washington,United_States,Gerta.Roßbach@email.com,,0,Adult,CC1
34-348-419-454,Angelica,Kretzschmar,43.0,Valencia,Spain,Angelica.Kretzschmar@email.com,,1,Adult,CC1
65-652-966-757,Klaus-Günter,Velten,29.0,Vilnius,Lithuania,Klaus-Günter .Velten@email.com,,1,Adult,CC2
22-226-584-521,Karla,Schönfeld,66.0,Hannover,Germany,Karla.Schönfeld@email.com,,1,Older Adult,CC3
97-974-167-438,Marika,Kliem,35.0,Essen,Germany,Marika.Kliem@email.com,,1,Adult,CC3
79-793-644-598,Florian,Eichinger,29.0,Madrid,Spain,Florian .Eichinger@email.com,,1,Adult,CC3
20-208-821-864,Gloria,Reuter,24.0,Denver,United_States,Gloria.Reuter@email.com,,1,Adult,CC3
22-226-566-340,Gunar,Faller,34.0,The Hague,Netherlands,Gunar .Faller@email.com,,0,Adult,CC1
16-165-550-406,Alice,Kromer,36.0,Hamburg,Germany,Alice.Kromer@email.com,,1,Adult,CC3
63-632-957-914,Brian,Grimm,22.0,Makiyivka,Ukraine,Brian .Grimm@email.com,,0,Adult,CC1
22-221-550-171,Viktoria,Fick,38.0,Makiyivka,Ukraine,Viktoria.Fick@email.com,,1,Adult,CC1
84-841-727-766,Wolf-Rüdiger,Freitag,50.0,Hannover,Germany,Wolf-Rüdiger .Freitag@email.com,,1,Adult,CC1
63-637-414-747,Daniel,Brenner,38.0,Fort Worth,United_States,Daniel .Brenner@email.com,,0,Adult,CC1
86-868-481-919,Ricarda,Mang,47.0,Sarajevo,Bosnia_and_Herzegovina,Ricarda.Mang@email.com,,1,Adult,CC1
11-115-769-135,Robin,Markgraf,30.0,Toulouse,France,Robin .Markgraf@email.com,,1,Adult,CC3
10-109-825-189,Rosmarie,Sauter,26.0,Skopje,North_Macedonia,Rosmarie.Sauter@email.com,,1,Adult,CC1
55-557-988-538,Günter,Behrendt,30.0,Berlin,Germany,Günter .Behrendt@email.com,,1,Adult,CC2
79-797-302-195,Irmingard,Held,43.0,Glasgow,United_Kingdom,Irmingard.Held@email.com,,1,Adult,CC2
79-796-245-649,Asta,Donner,48.0,Berlin,Germany,Asta.Donner@email.com,,1,Adult,CC1
70-703-299-809,Wolfram,Heid,27.0,Brussels,Belgium,Wolfram .Heid@email.com,,0,Adult,CC1
36-366-307-300,Igor,Kempe,41.0,Las Vegas,United_States,Igor .Kempe@email.com,,1,Adult,CC1
57-572-109-666,Emil,Schultheis,39.0,Wroclaw,Poland,Emil .Schultheis@email.com,,0,Adult,CC3
74-748-345-898,Klemens,Dahlke,47.0,The Hague,Netherlands,Klemens .Dahlke@email.com,,1,Adult,CC2
31-312-578-276,Gerhart,Herzig,36.0,Warsaw,Poland,Gerhart .Herzig@email.com,,1,Adult,CC3
23-238-512-579,Bettina,Möllers,23.0,Bristol,United_Kingdom,Bettina.Möllers@email.com,,1,Adult,CC3
22-222-660-245,Sibylle,Knebel,21.0,Duesseldorf,Germany,Sibylle.Knebel@email.com,,1,Adult,CC3
79-799-171-350,Jaroslav,Mahnke,35.0,Sarajevo,Bosnia_and_Herzegovina,Jaroslav .Mahnke@email.com,,0,Adult,CC3
11-119-957-246,Klaudia,Wendler,15.0,Bochum-Hordel,Germany,Klaudia.Wendler@email.com,,0,Adolescent,CC2
84-845-634-799,Juan,Mahnke,18.0,Milan,Italy,Juan .Mahnke@email.com,,0,Adult,CC3
62-622-742-437,Alberto,Adolph,37.0,San Francisco,United_States,Alberto .Adolph@email.com,,0,Adult,CC2
73-734-839-307,Eggert,Gräber,29.0,Leicester,United_Kingdom,Eggert .Gräber@email.com,,0,Adult,CC1
94-949-209-917,Rosel,Niehaus,30.0,Bochum-Hordel,Germany,Rosel.Niehaus@email.com,,0,Adult,CC3
92-927-367-631,Ingolf,Feige,21.0,Lodz,Poland,Ingolf .Feige@email.com,,1,Adult,CC1
92-928-620-276,Telse,Weimann,41.0,Lodz,Poland,Telse.Weimann@email.com,,1,Adult,CC2
99-991-843-886,Lina,Steinbach,18.0,Barcelona,Spain,Lina.Steinbach@email.com,,0,Adult,CC1
79-795-368-859,Sven,Göllner,36.0,Marseille,France,Sven.Göllner@email.com,,1,Adult,CC3
20-201-774-996,Karolin,Seufert,20.0,Donetsk,Ukraine,Karolin.Seufert@email.com,,1,Adult,CC1
45-456-786-624,Insa,Grenz,29.0,Khmelnytskyi,Ukraine,Insa.Grenz@email.com,,0,Adult,CC2
16-163-612-948,Gerold,Heppner,34.0,Sevilla,Spain,Gerold .Heppner@email.com,,1,Adult,CC2
62-626-812-850,Elwira,Christian,34.0,Columbus,United_States,Elwira.Christian@email.com,,1,Adult,CC1
11-118-660-497,Felicia,Tamm,40.0,Dresden,Germany,Felicia.Tamm@email.com,,1,Adult,CC3
96-961-738-269,Gundel,Aust,61.0,Poznan,Poland,Gundel.Aust@email.com,,1,Adult,CC3
66-662-242-554,Christa,Schaub,26.0,Minsk,Belarus,Christa.Schaub@email.com,,1,Adult,CC2
31-319-654-111,Eva,Drews,42.0,Warsaw,Poland,Eva.Drews@email.com,,0,Adult,CC3
87-878-597-986,Horst,Stüber,46.0,Dortmund,Germany,Horst.Stüber@email.com,,1,Adult,CC1
90-902-854-102,Baptist,Geissler,16.0,Lisbon,Portugal,Baptist .Geissler@email.com,,0,Adolescent,CC1
13-137-814-977,Beate,Kerner,18.0,Bratislava,Slovakia,Beate.Kerner@email.com,,1,Adult,CC3
45-458-344-688,Fredo,Vogel,28.0,Leeds,United_Kingdom,Fredo .Vogel@email.com,,1,Adult,CC2
14-146-574-813,Nikolaos,Holl,44.0,Sofia,Bulgaria,Nikolaos .Holl@email.com,,1,Adult,CC1
15-150-361-474,Ria,Kramp,32.0,Austin,United_States,Ria.Kramp@email.com,,0,Adult,CC2
58-589-513-147,Zdenka,Köppe,68.0,Seattle,United_States,Zdenka.Köppe@email.com,,1,Older Adult,CC2
23-232-858-484,Anka,Schillinger,22.0,Cardiff,United_Kingdom,Anka.Schillinger@email.com,,0,Adult,CC2
34-346-665-771,Renate,Kämmerer,24.0,Baltimore,United_States,Renate.Kämmerer@email.com,,0,Adult,CC3
24-245-736-924,Mario,Ober,54.0,Sarajevo,Bosnia_and_Herzegovina,Mario .Ober@email.com,,1,Adult,CC1
42-425-337-662,Gesa,Saur,18.0,Krakow,Poland,Gesa.Saur@email.com,,1,Adult,CC3
79-794-396-745,Walburga,Jobst,27.0,Munich,Germany,Walburga.Jobst@email.com,,1,Adult,CC2
26-264-536-184,Wolfhard,Dettmer,40.0,Leeds,United_Kingdom,Wolfhard .Dettmer@email.com,,1,Adult,CC2
61-613-571-961,Dieter,Käser,29.0,Los Angeles,United_States,Dieter .Käser@email.com,,0,Adult,CC1
26-260-177-309,Hugo,Freudenberg,36.0,Malaga,Spain,Hugo .Freudenberg@email.com,,1,Adult,CC1
61-610-720-439,Johann,Mucha,41.0,Wroclaw,Poland,Johann.Mucha@email.com,,0,Adult,CC3
11-111-111-594,Aziz,Recktenwald,19.0,Glasgow,United_Kingdom,Aziz .Recktenwald@email.com,,0,Adult,CC2
81-813-692-595,Christa,Wehrle,31.0,Portland,United_States,Christa.Wehrle@email.com,,0,Adult,CC3
12-122-958-568,Branka,Saur,19.0,Bochum,Germany,Branka.Saur@email.com,,1,Adult,CC1
63-631-654-222,Leopoldine,Eberle,36.0,Gdansk,Poland,Leopoldine.Eberle@email.com,,1,Adult,CC2
68-686-680-416,Alicja,Hager,16.0,Milan,Italy,Alicja.Hager@email.com,,1,Adolescent,CC3
89-893-178-492,Ingmar,Altmeyer,33.0,Hamburg,Germany,Ingmar .Altmeyer@email.com,,1,Adult,CC1
75-759-849-326,Angela,Husmann,39.0,Madrid,Spain,Angela.Husmann@email.com,,0,Adult,CC3
23-237-998-244,Edward,Rödiger,61.0,Nashville-Davidson,United_States,Edward .Rödiger@email.com,,0,Adult,CC2
85-850-978-626,Gerlind,Flemming,43.0,Minsk,Belarus,Gerlind.Flemming@email.com,,1,Adult,CC1
44-447-496-797,Leonie,Bruder,31.0,Dresden,Germany,Leonie.Bruder@email.com,,1,Adult,CC3
41-415-991-659,Ricarda,Frick,34.0,Krakow,Poland,Ricarda.Frick@email.com,,1,Adult,CC3
32-327-386-896,Michael,Pätzold,26.0,Rome,Italy,Michael.Pätzold@email.com,,0,Adult,CC1
76-767-298-197,Marica,Schaal,50.0,Vienna,Austria,Marica.Schaal@email.com,,0,Adult,CC1
92-927-110-335,Cilli,Klingler,22.0,Bochum-Hordel,Germany,Cilli.Klingler@email.com,,1,Adult,CC2
77-770-186-489,Solveig,Schuldt,45.0,Charlotte,United_States,Solveig.Schuldt@email.com,,0,Adult,CC1
11-114-572-931,Jozef,Stegemann,31.0,Stockholm,Sweden,Jozef .Stegemann@email.com,,1,Adult,CC3
59-597-203-465,Wolfram,Nehring,38.0,Riga,Latvia,Wolfram .Nehring@email.com,,1,Adult,CC3
56-569-239-620,Stefania,Stefan,56.0,Las Vegas,United_States,Stefania.Stefan@email.com,,0,Adult,CC2
87-879-542-585,Alma,Kirsch,18.0,Boston,United_States,Alma.Kirsch@email.com,,0,Adult,CC3
32-323-402-583,Paul-Heinz,Horstmann,15.0,Goeteborg,Sweden,Paul-Heinz .Horstmann@email.com,,0,Adolescent,CC2
50-506-671-445,Claudio,Kirchhoff,40.0,Las Palmas de Gran Canaria,Spain,Claudio .Kirchhoff@email.com,,0,Adult,CC3
46-468-674-440,Lisa,Stolle,31.0,Makiyivka,Ukraine,Lisa.Stolle@email.com,,0,Adult,CC2
31-317-353-299,Engelbert,Holler,56.0,Marseille,France,Engelbert .Holler@email.com,,1,Adult,CC1
40-401-158-349,Irmela,Klaus,33.0,Leeds,United_Kingdom,Irmela.Klaus@email.com,,0,Adult,CC1
22-220-638-918,Jochem,Jehle,45.0,Munich,Germany,Jochem .Jehle@email.com,,0,Adult,CC1
21-212-993-513,Wenke,Kowalewski,26.0,Cardiff,United_Kingdom,Wenke.Kowalewski@email.com,,0,Adult,CC1
21-211-540-633,Alexander,Dietl,39.0,Rome,Italy,Alexander .Dietl@email.com,,1,Adult,CC1
43-432-485-144,Trudel,Junk,29.0,Bremen,Germany,Trudel.Junk@email.com,,0,Adult,CC2
31-316-584-489,Ingried,Ganser,51.0,Sofia,Bulgaria,Ingried.Ganser@email.com,,0,Adult,CC3
54-544-125-614,Claus,Kolbe,62.0,Stuttgart,Germany,Claus .Kolbe@email.com,,0,Adult,CC2
63-634-942-746,Rainer,Lindemann,69.0,Lviv,Ukraine,Rainer .Lindemann@email.com,,0,Older Adult,CC3
88-881-680-966,Czeslaw,Schroll,36.0,Skopje,North_Macedonia,Czeslaw .Schroll@email.com,,1,Adult,CC3
26-262-708-371,Erich,Franken,26.0,Warsaw,Poland,Erich .Franken@email.com,,0,Adult,CC3
73-733-871-226,Mareike,Bormann,18.0,Oklahoma City,United_States,Mareike.Bormann@email.com,,0,Adult,CC2
29-290-400-543,Stefanie,Roßmann,18.0,Gomel,Belarus,Stefanie.Roßmann@email.com,,0,Adult,CC1
93-938-644-590,Reni,Schweitzer,17.0,Belgrade,Serbia,Reni.Schweitzer@email.com,,0,Adolescent,CC1
47-476-783-845,Tülay,Helms,36.0,Nottingham,United_Kingdom,Tülay.Helms@email.com,,1,Adult,CC1
27-273-823-825,Günter,Nitsch,58.0,Nashville-Davidson,United_States,Günter .Nitsch@email.com,,1,Adult,CC2
17-172-108-908,Simon,Eberhard,34.0,Khmelnytskyi,Ukraine,Simon .Eberhard@email.com,,0,Adult,CC1
73-739-133-475,Wanda,Lauber,54.0,Amsterdam,Netherlands,Wanda.Lauber@email.com,,1,Adult,CC1
48-480-564-313,Annedore,Seeliger,33.0,Hannover,Germany,Annedore.Seeliger@email.com,,1,Adult,CC3
89-897-909-795,Lissy,Heinz,28.0,Las Palmas de Gran Canaria,Spain,Lissy.Heinz@email.com,,1,Adult,CC1
50-500-883-313,Swen,Krauße,40.0,Donetsk,Ukraine,Swen .Krauße@email.com,,1,Adult,CC2
55-556-414-778,Blanka,Jakob,15.0,Liverpool,United_Kingdom,Blanka.Jakob@email.com,,1,Adolescent,CC3
67-670-438-949,Andreas,Heinke,48.0,Berlin,Germany,Andreas.Heinke@email.com,,0,Adult,CC3
61-614-301-367,Freddy,Leipold,43.0,Columbus,United_States,Freddy .Leipold@email.com,,1,Adult,CC2
82-823-952-440,Henryk,Höll,35.0,Houston,United_States,Henryk .Höll@email.com,,1,Adult,CC1
79-790-599-800,Beate,Bräutigam,21.0,Vilnius,Lithuania,Beate.Bräutigam@email.com,,0,Adult,CC3
62-627-982-763,Helmut,Schreiber,20.0,The Hague,Netherlands,Helmut .Schreiber@email.com,,0,Adult,CC2
55-554-219-605,Christof,Krafft,45.0,Bochum-Hordel,Germany,Christof .Krafft@email.com,,0,Adult,CC2
76-762-915-299,Sabine,Dorn,28.0,Amsterdam,Netherlands,Sabine.Dorn@email.com,,0,Adult,CC3
85-852-373-396,Franjo,Nagel,35.0,Hannover,Germany,Franjo .Nagel@email.com,,1,Adult,CC3
39-392-710-723,Andre,Störmer,50.0,Zaragoza,Spain,Andre.Störmer@email.com,,0,Adult,CC2
72-726-727-213,Arndt,Laube,31.0,Nashville-Davidson,United_States,Arndt .Laube@email.com,,1,Adult,CC1
56-568-918-493,Heinz-Walter,Garbe,18.0,San Jose,United_States,Heinz-Walter .Garbe@email.com,,1,Adult,CC1
46-464-454-788,Aziz,Lehnert,45.0,Dallas,United_States,Aziz .Lehnert@email.com,,1,Adult,CC3
93-937-135-678,Meik,Bienert,21.0,Indianapolis,United_States,Meik .Bienert@email.com,,1,Adult,CC3
41-417-697-501,Danuta,Pollak,32.0,Frankfurt am Main,Germany,Danuta.Pollak@email.com,,1,Adult,CC1
32-326-943-638,Rita,Schrader,33.0,Nottingham,United_Kingdom,Rita.Schrader@email.com,,0,Adult,CC3
87-878-168-768,Erna,Ruck,31.0,Dresden,Germany,Erna.Ruck@email.com,,0,Adult,CC2
19-199-601-557,Adrian,Harter,30.0,Chicago,United_States,Adrian .Harter@email.com,,1,Adult,CC3
45-459-480-869,Carina,Giesecke,41.0,Valencia,Spain,Carina.Giesecke@email.com,,1,Adult,CC3
56-563-198-726,Sonia,Pecher,28.0,Leeds,United_Kingdom,Sonia.Pecher@email.com,,0,Adult,CC1
74-746-257-512,Maike,Heim,49.0,Memphis,United_States,Maike.Heim@email.com,,1,Adult,CC3
58-588-574-462,Marlies,Dittrich,59.0,Gdansk,Poland,Marlies.Dittrich@email.com,,0,Adult,CC1
18-182-816-988,Augusta,Kolb,35.0,Brussels,Belgium,Augusta.Kolb@email.com,,1,Adult,CC3
55-552-147-291,Katy,Beyer,24.0,Khmelnytskyi,Ukraine,Katy.Beyer@email.com,,0,Adult,CC2
68-683-441-301,Kunibert,Brandner,28.0,Dnipro,Ukraine,Kunibert .Brandner@email.com,,1,Adult,CC1
57-576-277-125,Ruth,Stiller,44.0,Lyon,France,Ruth.Stiller@email.com,,0,Adult,CC3
17-178-634-316,Nikolaos,Kober,46.0,Amsterdam,Netherlands,Nikolaos .Kober@email.com,,0,Adult,CC1
31-312-703-892,Margrit,Bunge,67.0,Kharkiv,Ukraine,Margrit.Bunge@email.com,,1,Older Adult,CC3
14-147-551-600,Marko,Stegmann,49.0,Louisville/Jefferson County,United_States,Marko.Stegmann@email.com,,0,Adult,CC2
52-523-235-842,Blanka,Neufeld,30.0,San Francisco,United_States,Blanka.Neufeld@email.com,,0,Adult,CC2
39-395-363-760,Nurten,Herget,38.0,Palma,Spain,Nurten.Herget@email.com,,0,Adult,CC2
20-208-688-468,Hans-Uwe,Neubauer,33.0,Lyon,France,Hans-Uwe .Neubauer@email.com,,0,Adult,CC3
65-657-951-942,Bertold,Rosemann,28.0,Wroclaw,Poland,Bertold .Rosemann@email.com,,1,Adult,CC1
26-265-504-533,Marika,Wahl,53.0,San Antonio,United_States,Marika.Wahl@email.com,,1,Adult,CC2
14-147-978-905,Monica,Wiemer,15.0,Louisville/Jefferson County,United_States,Monica.Wiemer@email.com,,0,Adolescent,CC2
94-940-622-975,Valerij,Thamm,33.0,Indianapolis,United_States,Valerij .Thamm@email.com,,0,Adult,CC3
90-905-428-447,Luis,Schwalbe,40.0,Las Vegas,United_States,Luis .Schwalbe@email.com,,1,Adult,CC1
30-307-336-267,Wolf,Goldbach,35.0,The Hague,Netherlands,Wolf .Goldbach@email.com,,1,Adult,CC1
57-578-992-958,Elzbieta,Hillebrand,56.0,Indianapolis,United_States,Elzbieta.Hillebrand@email.com,,1,Adult,CC2
94-945-380-280,Ursula,Keim,33.0,Wroclaw,Poland,Ursula.Keim@email.com,,0,Adult,CC3
29-292-901-955,Juergen,Westermann,20.0,Wroclaw,Poland,Juergen.Westermann@email.com,,1,Adult,CC1
77-774-816-764,Tim,Wiesmann,15.0,Vienna,Austria,Tim .Wiesmann@email.com,,0,Adolescent,CC1
88-887-657-338,Christina,Englert,32.0,Sofia,Bulgaria,Christina.Englert@email.com,,1,Adult,CC1
77-773-932-444,Elvira,Mühle,64.0,Sofia,Bulgaria,Elvira.Mühle@email.com,,0,Adult,CC1
19-195-618-950,Anna,Fritzsch,34.0,Dnipro,Ukraine,Anna.Fritzsch@email.com,,0,Adult,CC3
21-213-953-733,Klaus-Jürgen,Matthies,46.0,San Jose,United_States,Klaus-Jürgen .Matthies@email.com,,1,Adult,CC1
48-486-347-567,Violetta,Schöner,23.0,San Francisco,United_States,Violetta.Schöner@email.com,,0,Adult,CC3
95-952-543-558,Lissy,Keßler,16.0,Goeteborg,Sweden,Lissy.Keßler@email.com,,0,Adolescent,CC1
26-269-476-678,Sigrid,Büchner,39.0,Hannover,Germany,Sigrid.Büchner@email.com,,0,Adult,CC2
24-240-562-705,Hendrik,Derksen,55.0,Vilnius,Lithuania,Hendrik .Derksen@email.com,,0,Adult,CC2
19-199-275-379,Mercedes,Kreis,22.0,Glasgow,United_Kingdom,Mercedes.Kreis@email.com,,0,Adult,CC2
65-659-324-768,Ernst,Leis,48.0,Glasgow,United_Kingdom,Ernst .Leis@email.com,,0,Adult,CC3
53-539-919-592,Telse,Römer,21.0,Mariupol,Ukraine,Telse.Römer@email.com,,1,Adult,CC1
20-206-625-296,Dorina,Schumann,34.0,Munich,Germany,Dorina.Schumann@email.com,,1,Adult,CC1
59-590-148-600,Hans-Hinrich,Völkel,28.0,New York,United_States,Hans-Hinrich .Völkel@email.com,,0,Adult,CC2
71-718-790-978,Kornelius,Wittich,33.0,Turin,Italy,Kornelius .Wittich@email.com,,0,Adult,CC1
81-814-533-585,Abdul,Heßler,28.0,Edinburgh,United_Kingdom,Abdul .Heßler@email.com,,0,Adult,CC1
34-345-423-829,Marta,Ilg,25.0,Vilnius,Lithuania,Marta.Ilg@email.com,,0,Adult,CC1
28-288-382-743,Friedemann,Jensen,57.0,Milan,Italy,Friedemann .Jensen@email.com,,0,Adult,CC2
25-253-475-234,Corinna,Schüle,67.0,Sheffield,United_Kingdom,Corinna.Schüle@email.com,,1,Older Adult,CC1
27-273-982-790,Annemarie,Bell,36.0,Zagreb,Croatia,Annemarie.Bell@email.com,,1,Adult,CC1
19-199-800-367,Aleksej,Ladwig,29.0,Stockholm,Sweden,Aleksej .Ladwig@email.com,,1,Adult,CC3
93-935-197-195,Martin,Harter,43.0,Lisbon,Portugal,Martin.Harter@email.com,,1,Adult,CC3
20-207-261-902,Arnd,Rauh,17.0,Stockholm,Sweden,Arnd .Rauh@email.com,,0,Adolescent,CC2
92-924-759-650,Gerd,Trautwein,41.0,Bristol,United_Kingdom,Gerd.Trautwein@email.com,,1,Adult,CC1
48-489-220-904,Belinda,Niebuhr,44.0,Stockholm,Sweden,Belinda.Niebuhr@email.com,,0,Adult,CC1
85-853-704-943,Cathleen,Emmerich,30.0,Leipzig,Germany,Cathleen.Emmerich@email.com,,1,Adult,CC3
50-502-587-866,Gerlind,Kersten,41.0,San Jose,United_States,Gerlind.Kersten@email.com,,0,Adult,CC3
76-769-121-639,Denise,Rohe,25.0,Tallinn,Estonia,Denise.Rohe@email.com,,1,Adult,CC1
63-635-734-941,Antonino,Klingbeil,15.0,Oslo,Norway,Antonino .Klingbeil@email.com,,1,Adolescent,CC3
89-893-393-714,Regina,Holzner,15.0,Murcia,Spain,Regina.Holzner@email.com,,0,Adolescent,CC2
75-752-507-667,Maximilian,Pick,36.0,Donetsk,Ukraine,Maximilian.Pick@email.com,,0,Adult,CC3
26-265-142-584,Leyla,Kutzner,27.0,Las Vegas,United_States,Leyla.Kutzner@email.com,,1,Adult,CC3
10-102-263-545,Konstantinos,Meurer,36.0,Marseille,France,Konstantinos .Meurer@email.com,,1,Adult,CC2
80-807-425-831,Thaddäus,Voll,17.0,Kharkiv,Ukraine,Thaddäus .Voll@email.com,,0,Adolescent,CC3
30-304-148-831,Oscar,Heuer,32.0,Las Vegas,United_States,Oscar .Heuer@email.com,,1,Adult,CC3
56-561-979-675,Myriam,Lukas,29.0,Lodz,Poland,Myriam.Lukas@email.com,,1,Adult,CC2
89-896-800-708,Beata,Johannsen,52.0,Chicago,United_States,Beata.Johannsen@email.com,,1,Adult,CC1
25-257-304-581,Milos,Krawczyk,27.0,Los Angeles,United_States,Milos .Krawczyk@email.com,,1,Adult,CC3
55-559-373-858,Lidija,Kiel,30.0,Tallinn,Estonia,Lidija.Kiel@email.com,,1,Adult,CC1
21-218-518-258,Maike,Langenbach,32.0,Nuernberg,Germany,Maike.Langenbach@email.com,,1,Adult,CC3
10-106-720-871,Guenther,Epple,26.0,Vilnius,Lithuania,Guenther.Epple@email.com,,1,Adult,CC2
37-372-369-311,Henny,Happel,30.0,Valencia,Spain,Henny.Happel@email.com,,1,Adult,CC2
21-212-601-760,Patrick,Nägele,19.0,Toulouse,France,Patrick .Nägele@email.com,,1,Adult,CC1
11-117-204-127,Hans-J.,Hey,28.0,Memphis,United_States,Hans-J. .Hey@email.com,,0,Adult,CC3
59-599-498-184,Felicia,Neuber,37.0,Zaporizhia,Ukraine,Felicia.Neuber@email.com,,0,Adult,CC2
39-399-409-276,Theresa,Barth,32.0,London,United_Kingdom,Theresa.Barth@email.com,,0,Adult,CC2
88-884-561-992,Urs,Heinrich,31.0,Szczecin,Poland,Urs .Heinrich@email.com,,1,Adult,CC3
48-485-101-233,Ortrud,Fey,33.0,Columbus,United_States,Ortrud.Fey@email.com,,0,Adult,CC3
31-311-597-921,Amanda,Wesemann,34.0,Lyon,France,Amanda.Wesemann@email.com,,0,Adult,CC1
59-596-722-516,Dietrich,Kirchner,18.0,Belgrade,Serbia,Dietrich .Kirchner@email.com,,0,Adult,CC3
59-598-523-951,Eric,Höfer,36.0,Manchester,United_Kingdom,Eric .Höfer@email.com,,1,Adult,CC1
21-212-144-437,Uli,Wunder,41.0,Liverpool,United_Kingdom,Uli .Wunder@email.com,,1,Adult,CC3
58-589-404-165,Anne-Kathrin,Thiel,15.0,Szczecin,Poland,Anne-Kathrin.Thiel@email.com,,1,Adolescent,CC2
87-879-743-888,Fritz,Wilhelmi,39.0,Murcia,Spain,Fritz.Wilhelmi@email.com,,0,Adult,CC3
92-922-800-422,Susan,Stadler,33.0,Palermo,Italy,Susan.Stadler@email.com,,0,Adult,CC1
77-773-673-707,Charlotte,Eichler,16.0,Vienna,Austria,Charlotte.Eichler@email.com,,1,Adolescent,CC3
54-543-893-197,Egbert,Fritzsche,28.0,Detroit,United_States,Egbert .Fritzsche@email.com,,1,Adult,CC3
63-635-452-678,Hans-Karl,Heim,32.0,Las Palmas de Gran Canaria,Spain,Hans-Karl .Heim@email.com,,1,Adult,CC2
88-889-583-941,Josephine,Hügel,29.0,Zagreb,Croatia,Josephine.Hügel@email.com,,0,Adult,CC3
12-123-560-723,Angelika,Maus,43.0,Odessa,Ukraine,Angelika.Maus@email.com,,0,Adult,CC1
79-794-535-500,Kläre,Lemm,34.0,Leipzig,Germany,Kläre.Lemm@email.com,,1,Adult,CC1
95-957-578-429,Julie,Kögel,60.0,Marseille,France,Julie.Kögel@email.com,,1,Adult,CC2
19-193-409-963,Gerolf,Lemmer,34.0,Stuttgart,Germany,Gerolf .Lemmer@email.com,,1,Adult,CC2
38-385-625-966,Dieter,Hinkel,36.0,Szczecin,Poland,Dieter.Hinkel@email.com,,0,Adult,CC3
32-326-320-257,Walentina,Kretz,30.0,Berlin,Germany,Walentina.Kretz@email.com,,1,Adult,CC1
40-407-435-992,Ullrich,Dietel,27.0,Denver,United_States,Ullrich .Dietel@email.com,,0,Adult,CC3
98-981-270-589,Christin,Knorr,43.0,Valencia,Spain,Christin.Knorr@email.com,,1,Adult,CC3
96-966-959-714,Lieselotte,Knuth,47.0,Krakow,Poland,Lieselotte.Knuth@email.com,,0,Adult,CC1
28-289-333-784,Randolf,Naujoks,20.0,Gomel,Belarus,Randolf .Naujoks@email.com,,1,Adult,CC1
53-539-677-570,Walfried,Stehr,58.0,Belgrade,Serbia,Walfried .Stehr@email.com,,1,Adult,CC1
75-752-300-459,Ryszard,Reinert,34.0,Duisburg,Germany,Ryszard .Reinert@email.com,,0,Adult,CC3
45-450-536-913,Ellinor,Reiners,29.0,Turin,Italy,Ellinor.Reiners@email.com,,1,Adult,CC2
46-464-293-721,Priska,Focke,50.0,Munich,Germany,Priska.Focke@email.com,,0,Adult,CC3
31-313-144-101,Leni,Reim,39.0,Zaporizhia,Ukraine,Leni.Reim@email.com,,1,Adult,CC3
99-995-610-191,Holger,Heßler,19.0,Glasgow,United_Kingdom,Holger.Heßler@email.com,,0,Adult,CC1
87-876-535-748,Eugenie,Auer,35.0,San Francisco,United_States,Eugenie.Auer@email.com,,1,Adult,CC2
71-711-652-349,Chantal,Rieder,56.0,Memphis,United_States,Chantal.Rieder@email.com,,1,Adult,CC2
92-926-302-730,Enno ,Stöcker,49.0,Munich,Germany,Enno .Stöcker@email.com,,0,Adult,CC3
37-375-606-513,Franco ,Engels,48.0,Koeln,Germany,Franco .Engels@email.com,,1,Adult,CC2
30-305-223-812,Torben ,Wachsmuth,45.0,Vienna,Austria,Torben .Wachsmuth@email.com,,1,Adult,CC2
26-269-426-526,Karl-Ludwig ,Haustein,62.0,Skopje,North_Macedonia,Karl-Ludwig .Haustein@email.com,,1,Adult,CC3
60-606-126-948,Walburga,Deppe,36.0,Skopje,North_Macedonia,Walburga.Deppe@email.com,,1,Adult,CC2
81-818-135-967,Sina,Schüttler,44.0,Baltimore,United_States,Sina.Schüttler@email.com,,1,Adult,CC1
62-621-829-198,Gert ,Henke,48.0,Detroit,United_States,Gert .Henke@email.com,,0,Adult,CC3
43-434-606-372,Irene,Lucht,22.0,Stuttgart,Germany,Irene.Lucht@email.com,,0,Adult,CC3
95-954-295-449,Tabea,Edelmann,16.0,Essen,Germany,Tabea.Edelmann@email.com,,1,Adolescent,CC2
71-715-707-172,Kazim ,Wöhrle,39.0,Lyon,France,Kazim .Wöhrle@email.com,,1,Adult,CC1
53-534-837-378,Erkan ,Dudek,22.0,Las Vegas,United_States,Erkan .Dudek@email.com,,1,Adult,CC1
20-205-594-111,Diether ,Heger,25.0,Riga,Latvia,Diether .Heger@email.com,,1,Adult,CC2
34-349-618-436,Sybilla,Stiller,29.0,Cardiff,United_Kingdom,Sybilla.Stiller@email.com,,1,Adult,CC3
90-907-239-830,Bayram ,Hüther,28.0,Palermo,Italy,Bayram .Hüther@email.com,,1,Adult,CC1
85-856-803-480,Lieselotte,Knobloch,46.0,Sofia,Bulgaria,Lieselotte.Knobloch@email.com,,0,Adult,CC2
77-774-565-455,Natalija,Schmitz,54.0,Dresden,Germany,Natalija.Schmitz@email.com,,0,Adult,CC1
34-342-952-735,Ilias ,Cornelius,36.0,Rome,Italy,Ilias .Cornelius@email.com,,0,Adult,CC1
10-100-418-208,Undine,Schiffmann,19.0,Denver,United_States,Undine.Schiffmann@email.com,,1,Adult,CC1
24-249-628-715,Baerbel,Saur,35.0,Rotterdam,Netherlands,Baerbel.Saur@email.com,,1,Adult,CC2
98-982-435-102,Chantal,Kaczmarek,37.0,The Hague,Netherlands,Chantal.Kaczmarek@email.com,,0,Adult,CC2
19-192-583-831,Arnd ,Schaible,60.0,Makiyivka,Ukraine,Arnd .Schaible@email.com,,1,Adult,CC1
90-900-285-836,Rebecca,Nitzsche,36.0,Milan,Italy,Rebecca.Nitzsche@email.com,,1,Adult,CC3
38-380-588-730,Mariana,Theiß,29.0,New York,United_States,Mariana.Theiß@email.com,,0,Adult,CC2
87-874-348-561,Fredo ,Hirschmann,41.0,Lisbon,Portugal,Fredo .Hirschmann@email.com,,1,Adult,CC3
29-296-129-617,Veronique,Wedekind,32.0,Koeln,Germany,Veronique.Wedekind@email.com,,1,Adult,CC3
43-432-451-280,Max ,List,39.0,Valencia,Spain,Max .List@email.com,,1,Adult,CC1
84-849-458-936,Vincent ,Schweiger,27.0,Chisinau,Moldova,Vincent .Schweiger@email.com,,1,Adult,CC3
30-303-354-857,Gerhild,Gottschling,16.0,Kryvyi Rih,Ukraine,Gerhild.Gottschling@email.com,,0,Adolescent,CC2
48-486-925-136,Christoph,Holtkamp,20.0,Edinburgh,United_Kingdom,Christoph.Holtkamp@email.com,,1,Adult,CC2
68-680-231-467,Dorit,Meusel,43.0,Stockholm,Sweden,Dorit.Meusel@email.com,,0,Adult,CC1
52-524-488-492,Birgid,Rohrer,17.0,Hannover,Germany,Birgid.Rohrer@email.com,,1,Adolescent,CC1
84-840-306-458,Alena,Schroth,52.0,Lodz,Poland,Alena.Schroth@email.com,,0,Adult,CC3
21-212-651-273,Ehrhard ,Heid,19.0,Rotterdam,Netherlands,Ehrhard .Heid@email.com,,0,Adult,CC1
63-632-956-629,Hanns ,Schaarschmidt,39.0,Vilnius,Lithuania,Hanns .Schaarschmidt@email.com,,1,Adult,CC3
64-640-697-683,Friedemann ,Walther,42.0,Marseille,France,Friedemann .Walther@email.com,,0,Adult,CC2
56-566-303-212,Götz ,Meiser,28.0,Indianapolis,United_States,Götz .Meiser@email.com,,1,Adult,CC1
46-469-647-535,Helene,Holzner,28.0,Makiyivka,Ukraine,Helene.Holzner@email.com,,1,Adult,CC1
15-154-486-719,Urs ,Kelm,23.0,Mariupol,Ukraine,Urs .Kelm@email.com,,0,Adult,CC3
55-557-745-997,Ortrud,Knuth,26.0,Budapest,Hungary,Ortrud.Knuth@email.com,,0,Adult,CC1
69-692-504-229,Roy ,Wild,30.0,Athens,Greece,Roy .Wild@email.com,,1,Adult,CC3
22-229-214-520,Olivia,Bartelt,59.0,Skopje,North_Macedonia,Olivia.Bartelt@email.com,,1,Adult,CC3
88-883-330-500,Andreas,Heyn,32.0,Bratislava,Slovakia,Andreas.Heyn@email.com,,0,Adult,CC1
30-303-740-200,Annelies,Stehle,33.0,Washington,United_States,Annelies.Stehle@email.com,,1,Adult,CC1
63-634-239-994,Erika,Käfer,56.0,Liverpool,United_Kingdom,Erika.Käfer@email.com,,1,Adult,CC2
54-547-105-719,Dagobert ,Naujoks,28.0,Berlin,Germany,Dagobert .Naujoks@email.com,,1,Adult,CC3
24-241-198-388,Erna,Schätzle,40.0,Sevastopol,Ukraine,Erna.Schätzle@email.com,,1,Adult,CC3
88-886-980-756,Ole ,Kupfer,37.0,Detroit,United_States,Ole .Kupfer@email.com,,1,Adult,CC1
86-861-789-937,Eggert ,Gerber,62.0,Wandsbek,Germany,Eggert .Gerber@email.com,,0,Adult,CC1
82-821-889-751,Hans-Jochen ,Wrede,15.0,Bratislava,Slovakia,Hans-Jochen .Wrede@email.com,,0,Adolescent,CC1
90-907-871-638,Rudolph,Flaig,25.0,Naples,Italy,Rudolph.Flaig@email.com,,1,Adult,CC2
93-931-378-347,Jozef ,Sauter,51.0,Stuttgart,Germany,Jozef .Sauter@email.com,,0,Adult,CC1
45-450-123-347,Arndt ,Thoma,24.0,Gomel,Belarus,Arndt .Thoma@email.com,,0,Adult,CC2
29-290-428-217,Sibilla,Michl,57.0,Hannover,Germany,Sibilla.Michl@email.com,,1,Adult,CC2
47-470-671-651,Edeltrud,Karle,58.0,Baltimore,United_States,Edeltrud.Karle@email.com,,1,Adult,CC2
46-461-784-426,Jörg ,Wiemer,39.0,Seattle,United_States,Jörg .Wiemer@email.com,,0,Adult,CC2
19-193-453-478,Ulrich ,Heiland,21.0,Marseille,France,Ulrich .Heiland@email.com,,1,Adult,CC1
33-333-103-964,Ricardo ,Ney,45.0,Leipzig,Germany,Ricardo .Ney@email.com,,0,Adult,CC1
91-910-116-915,Hans-Gerd ,Vetter,47.0,Turin,Italy,Hans-Gerd .Vetter@email.com,,0,Adult,CC3
87-879-237-217,Conny,Stoiber,24.0,Skopje,North_Macedonia,Conny.Stoiber@email.com,,1,Adult,CC1
47-470-380-208,Pero ,März,27.0,Nuernberg,Germany,Pero .März@email.com,,0,Adult,CC2
61-616-155-329,Hedda,Leis,56.0,Nuernberg,Germany,Hedda.Leis@email.com,,0,Adult,CC2
33-331-332-442,Nikolas ,Ruge,52.0,Dortmund,Germany,Nikolas .Ruge@email.com,,1,Adult,CC1
10-103-760-791,André ,Ferstl,18.0,Mariupol,Ukraine,André .Ferstl@email.com,,1,Adult,CC2
84-842-535-537,Susi,Zahn,47.0,Jacksonville,United_States,Susi.Zahn@email.com,,1,Adult,CC2
34-345-468-283,Irmgard,Hahne,26.0,Malaga,Spain,Irmgard.Hahne@email.com,,0,Adult,CC3
17-170-271-189,Sylvester ,Schwinn,30.0,Vilnius,Lithuania,Sylvester .Schwinn@email.com,,1,Adult,CC3
87-878-419-154,Thomas,Mair,45.0,Duisburg,Germany,Thomas.Mair@email.com,,0,Adult,CC1
99-995-472-690,Lars ,Clemens,20.0,Goeteborg,Sweden,Lars .Clemens@email.com,,0,Adult,CC2
41-418-960-293,Nicolas ,Mayr,46.0,Mykolayiv,Ukraine,Nicolas .Mayr@email.com,,1,Adult,CC2
44-444-936-909,Gino ,Pohl,21.0,Indianapolis,United_States,Gino .Pohl@email.com,,1,Adult,CC2
36-362-593-468,Friedrich-Karl ,Rath,49.0,Mariupol,Ukraine,Friedrich-Karl .Rath@email.com,,1,Adult,CC3
39-395-947-149,Heinz-Georg ,Rohrer,22.0,Nuernberg,Germany,Heinz-Georg .Rohrer@email.com,,0,Adult,CC3
13-137-684-656,Leif ,Laskowski,18.0,Sheffield,United_Kingdom,Leif .Laskowski@email.com,,0,Adult,CC3
44-445-523-714,André ,Hilger,16.0,Leeds,United_Kingdom,André .Hilger@email.com,,0,Adolescent,CC3
58-587-825-597,Marius ,Bolz,29.0,Bochum-Hordel,Germany,Marius .Bolz@email.com,,0,Adult,CC3
30-300-602-971,Leander ,Rauh,23.0,Minsk,Belarus,Leander .Rauh@email.com,,1,Adult,CC3
60-601-512-694,Nicolaus ,Fröhlich,29.0,Sevastopol,Ukraine,Nicolaus .Fröhlich@email.com,,0,Adult,CC1
32-326-353-442,Carola,Goller,16.0,Vilnius,Lithuania,Carola.Goller@email.com,,0,Adolescent,CC3
21-213-739-818,Annie,Fleischhauer,61.0,Bratislava,Slovakia,Annie.Fleischhauer@email.com,,1,Adult,CC1
88-882-921-997,Matthias ,Brinker,32.0,Memphis,United_States,Matthias .Brinker@email.com,,0,Adult,CC3
10-101-817-683,Patrick,Behringer,35.0,Bucharest,Romania,Patrick.Behringer@email.com,,1,Adult,CC1
16-160-941-815,Fritz ,Lautenschläger,18.0,Tallinn,Estonia,Fritz .Lautenschläger@email.com,,1,Adult,CC1
55-559-631-101,Kerstin,Grimm,56.0,Zagreb,Croatia,Kerstin.Grimm@email.com,,1,Adult,CC3
21-210-990-904,Utz ,Heyne,31.0,Leipzig,Germany,Utz .Heyne@email.com,,0,Adult,CC3
73-730-371-653,Grete,Demuth,19.0,Madrid,Spain,Grete.Demuth@email.com,,0,Adult,CC1
63-634-381-193,Siegfried ,Rempel,59.0,Marseille,France,Siegfried .Rempel@email.com,,1,Adult,CC1
70-704-531-664,Klaus Peter,Diedrich,41.0,Copenhagen,Denmark,Klaus Peter.Diedrich@email.com,,1,Adult,CC1
50-509-157-529,Ryszard ,Jablonski,21.0,Boston,United_States,Ryszard .Jablonski@email.com,,1,Adult,CC1
20-209-389-458,Burkhard ,Sonnenberg,57.0,Boston,United_States,Burkhard .Sonnenberg@email.com,,1,Adult,CC1
52-522-279-253,Türkan,Mittag,20.0,Chisinau,Moldova,Türkan.Mittag@email.com,,1,Adult,CC3
60-600-846-736,Bettina,Fritzsche,50.0,Hamburg,Germany,Bettina.Fritzsche@email.com,,1,Adult,CC1
94-942-409-397,Walter ,Krieger,38.0,Zaragoza,Spain,Walter .Krieger@email.com,,0,Adult,CC2
21-217-311-518,Ann,Roscher,31.0,Leeds,United_Kingdom,Ann.Roscher@email.com,,0,Adult,CC1
19-198-517-341,Angelo ,Weiland,41.0,Austin,United_States,Angelo .Weiland@email.com,,0,Adult,CC2
61-612-437-966,Ignaz ,Topp,36.0,Dublin,Ireland,Ignaz .Topp@email.com,,0,Adult,CC1
74-741-177-407,Ferenc ,Häberle,32.0,Antwerpen,Belgium,Ferenc .Häberle@email.com,,0,Adult,CC1
98-986-816-576,Benedikt ,Riedel,24.0,Brussels,Belgium,Benedikt .Riedel@email.com,,1,Adult,CC1
29-296-112-359,Margret,Rosin,16.0,Riga,Latvia,Margret.Rosin@email.com,,1,Adolescent,CC1
26-261-813-548,Ulf ,Willems,24.0,Sevastopol,Ukraine,Ulf .Willems@email.com,,0,Adult,CC2
21-215-265-786,Auguste,Kaya,49.0,Milan,Italy,Auguste.Kaya@email.com,,1,Adult,CC1
23-238-228-383,Yilmaz ,Büsing,35.0,Manchester,United_Kingdom,Yilmaz .Büsing@email.com,,0,Adult,CC1
17-179-641-725,Andreas,Düring,24.0,Dortmund,Germany,Andreas.Düring@email.com,,1,Adult,CC1
29-293-648-694,Maria,Köhl,42.0,Nashville-Davidson,United_States,Maria.Köhl@email.com,,0,Adult,CC2
56-566-653-616,Donata,Lampe,16.0,Oklahoma City,United_States,Donata.Lampe@email.com,,0,Adolescent,CC2
75-759-152-529,Lilly,Großkopf,17.0,San Diego,United_States,Lilly.Großkopf@email.com,,1,Adolescent,CC1
43-432-472-147,Karlheinz ,Ewers,58.0,Koeln,Germany,Karlheinz .Ewers@email.com,,0,Adult,CC1
62-622-830-393,Ingmar ,Mühl,60.0,Indianapolis,United_States,Ingmar .Mühl@email.com,,0,Adult,CC1
52-527-246-364,Gerlinde,Häußler,51.0,Chisinau,Moldova,Gerlinde.Häußler@email.com,,0,Adult,CC1
38-384-338-258,Mirko ,Nehring,48.0,Milan,Italy,Mirko .Nehring@email.com,,0,Adult,CC1
50-501-544-651,Mark,Höfler,16.0,Riga,Latvia,Mark.Höfler@email.com,,1,Adolescent,CC2
60-608-265-751,Denise,Melchior,58.0,Las Palmas de Gran Canaria,Spian,Denise.Melchior@email.com,,1,Adult,CC2
48-486-665-739,Sören ,Flohr,16.0,Sheffield,United_Kingdom,Sören .Flohr@email.com,,1,Adolescent,CC1
68-684-542-241,Johanna,Reinhardt,49.0,Dnipro,Ukraine,Johanna.Reinhardt@email.com,,0,Adult,CC3
96-967-377-722,Felix ,Lauber,32.0,Portland,United_States,Felix .Lauber@email.com,,1,Adult,CC3
21-210-904-119,Dittmar ,Schätzle,35.0,Bochum-Hordel,Germany,Dittmar .Schätzle@email.com,,1,Adult,CC1
71-718-122-950,Jovan ,Jensen,31.0,San Diego,United_States,Jovan .Jensen@email.com,,0,Adult,CC3
44-447-419-673,Phillip ,Kuschel,58.0,Zagreb,Croatia,Phillip .Kuschel@email.com,,0,Adult,CC3
64-645-367-738,Walfried ,Holm,57.0,Sevilla,Spain,Walfried .Holm@email.com,,0,Adult,CC2
31-319-910-839,Alexander,Kaminski,29.0,Sheffield,United_Kingdom,Alexander.Kaminski@email.com,,1,Adult,CC2
76-766-821-747,Nikolas ,Haake,31.0,Zagreb,Croatia,Nikolas .Haake@email.com,,1,Adult,CC1
19-190-160-652,Konstantin ,Göring,40.0,Gomel,Belarus,Konstantin .Göring@email.com,,0,Adult,CC1
23-234-428-757,Margit,Rottmann,32.0,Stuttgart,Germany,Margit.Rottmann@email.com,,0,Adult,CC2
27-271-429-603,Dennis ,Anger,38.0,Vilnius,Lithuania,Dennis .Anger@email.com,,0,Adult,CC1
78-783-540-409,Evangelos ,Jung,40.0,Lodz,Poland,Evangelos .Jung@email.com,,0,Adult,CC3
54-543-836-132,Gudrun,Spieker,48.0,Prague,Czech_Republic,Gudrun.Spieker@email.com,,1,Adult,CC3
57-572-242-726,Maximilian,Eckart,20.0,Milan,Italy,Maximilian.Eckart@email.com,,1,Adult,CC1
54-549-484-855,Burkhardt ,Hey,50.0,London,United_Kingdom,Burkhardt .Hey@email.com,,1,Adult,CC3
17-175-586-709,Hanife,Popp,60.0,Bratislava,Slovakia,Hanife.Popp@email.com,,0,Adult,CC1
33-336-112-720,Liliana,Hänsch,51.0,Munich,Germany,Liliana.Hänsch@email.com,,1,Adult,CC2
29-296-620-220,Sylvie,Spiekermann,29.0,Bochum,Germany,Sylvie.Spiekermann@email.com,,0,Adult,CC2
43-439-460-654,Eleonore,Georgi,24.0,Brussels,Belgium,Eleonore.Georgi@email.com,,0,Adult,CC1
19-198-189-934,Hans-Gerhard ,Rühl,51.0,Amsterdam,Netherlands,Hans-Gerhard .Rühl@email.com,,1,Adult,CC1
23-238-251-430,Natalia,Köppl,29.0,Lisbon,Portugal,Natalia.Köppl@email.com,,1,Adult,CC1
22-228-331-107,Isabella,Eichinger,33.0,Malaga,Spain,Isabella.Eichinger@email.com,,1,Adult,CC2
51-516-240-602,Tobias ,Bartz,66.0,Donetsk,Ukraine,Tobias .Bartz@email.com,,1,Older Adult,CC1
86-860-566-436,Hans-Heinrich ,Gerken,25.0,Leicester,United_Kingdom,Hans-Heinrich .Gerken@email.com,,0,Adult,CC2
59-590-463-607,Mehdi ,Rapp,37.0,Warsaw,Poland,Mehdi .Rapp@email.com,,0,Adult,CC2
76-760-680-130,Gudrun,Ehrich,48.0,San Jose,United_States,Gudrun.Ehrich@email.com,,1,Adult,CC2
57-572-462-703,Hans-Jürgen ,Scheele,17.0,Paris,France,Hans-Jürgen .Scheele@email.com,,1,Adolescent,CC1
62-620-515-958,Jost ,Baumgärtner,45.0,Dresden,Germany,Jost .Baumgärtner@email.com,,0,Adult,CC2
49-495-725-645,Xenia,Rolf,16.0,Dublin,Ireland,Xenia.Rolf@email.com,,0,Adolescent,CC3
55-554-506-898,Hakan ,Schober,48.0,Athens,Greece,Hakan .Schober@email.com,,1,Adult,CC2
58-589-731-222,Veronique,Hübner,64.0,Odessa,Ukraine,Veronique.Hübner@email.com,,1,Adult,CC3
85-859-643-265,Arnulf ,Friedemann,27.0,The Hague,Netherlands,Arnulf .Friedemann@email.com,,1,Adult,CC1
18-185-107-257,Ingeburg,Neumeister,43.0,Las Vegas,United_States,Ingeburg.Neumeister@email.com,,1,Adult,CC2
31-317-261-978,Henner ,Griebel,15.0,Houston,United_States,Henner .Griebel@email.com,,1,Adolescent,CC1
53-533-617-836,Jessica,Eggert,16.0,Warsaw,Poland,Jessica.Eggert@email.com,,1,Adolescent,CC3
16-169-835-518,Ehrhard ,Heim,33.0,Rome,Italy,Ehrhard .Heim@email.com,,0,Adult,CC1
53-535-306-892,Gerhild,Altmann,36.0,Manchester,United_Kingdom,Gerhild.Altmann@email.com,,1,Adult,CC2
49-496-176-422,Heike,Felber,55.0,Oslo,Norway,Heike.Felber@email.com,,0,Adult,CC2
38-384-305-548,Ruben ,Zeitler,35.0,Dresden,Germany,Ruben .Zeitler@email.com,,1,Adult,CC2
40-402-627-220,Nils,Spörl,43.0,Zaragoza,Spain,Nils.Spörl@email.com,,1,Adult,CC1
98-984-798-810,Stanislaus ,Findeisen,36.0,Poznan,Poland,Stanislaus .Findeisen@email.com,,1,Adult,CC3
56-563-642-195,Helmut,Aschenbrenner,18.0,Skopje,North_Macedonia,Helmut.Aschenbrenner@email.com,,1,Adult,CC2
86-860-634-902,Silja,Ruß,19.0,Glasgow,United_Kingdom,Silja.Ruß@email.com,,0,Adult,CC3
81-811-405-232,Albertine,Roos,37.0,Brussels,Belgium,Albertine.Roos@email.com,,1,Adult,CC1
53-530-982-653,Franziska,Tempel,57.0,Wroclaw,Poland,Franziska.Tempel@email.com,,1,Adult,CC3
10-105-705-438,Undine,Weiss,38.0,Dnipro,Ukraine,Undine.Weiss@email.com,,0,Adult,CC1
36-364-240-476,Helene,Sohn,42.0,Seattle,United_States,Helene.Sohn@email.com,,1,Adult,CC3
88-880-914-785,Ottomar ,Utz,50.0,Las Palmas de Gran Canaria,Spian,Ottomar .Utz@email.com,,0,Adult,CC1
67-672-296-188,Annamaria,Tappe,27.0,Kharkiv,Ukraine,Annamaria.Tappe@email.com,,1,Adult,CC2
67-674-631-545,Lilija,Jakob,46.0,Edinburgh,United_Kingdom,Lilija.Jakob@email.com,,0,Adult,CC1
70-702-837-336,Sonja,Scheibel,45.0,Phoenix,United_States,Sonja.Scheibel@email.com,,0,Adult,CC2
23-238-350-829,Siegfried ,Matthies,40.0,Sevilla,Spain,Siegfried .Matthies@email.com,,1,Adult,CC3
46-466-907-766,Henrike,Schindler,38.0,Sarajevo,Bosnia_and_Herzegovina,Henrike.Schindler@email.com,,0,Adult,CC1
90-909-934-452,Almuth,Kling,69.0,Stockholm,Sweden,Almuth.Kling@email.com,,1,Older Adult,CC2
73-733-248-110,Otto,Liebscher,23.0,Milan,Italy,Otto.Liebscher@email.com,,0,Adult,CC1
78-787-583-388,Georgia,Peter,27.0,Sevastopol,Ukraine,Georgia.Peter@email.com,,1,Adult,CC2
17-170-444-780,Angela,Abels,32.0,Detroit,United_States,Angela.Abels@email.com,,1,Adult,CC2
18-182-796-975,Janet,Reimers,51.0,Gomel,Belarus,Janet.Reimers@email.com,,1,Adult,CC3
27-279-624-480,Susanne,Feist,25.0,Dublin,Ireland,Susanne.Feist@email.com,,0,Adult,CC3
54-544-429-617,Augusta,Sippel,34.0,Palma,Spain,Augusta.Sippel@email.com,,0,Adult,CC1
78-782-683-418,Luis ,Auer,31.0,Washington,United_States,Luis .Auer@email.com,,0,Adult,CC1
98-981-341-693,Christoph,Bielefeld,45.0,Boston,United_States,Christoph.Bielefeld@email.com,,1,Adult,CC2
75-755-339-163,Ricarda,Ziegler,19.0,Sofia,Bulgaria,Ricarda.Ziegler@email.com,,0,Adult,CC1
76-760-372-148,Abbas ,Stenzel,30.0,Zaragoza,Spain,Abbas .Stenzel@email.com,,0,Adult,CC2
27-279-559-316,Jennifer,Wiegel,29.0,Lodz,Poland,Jennifer.Wiegel@email.com,,1,Adult,CC1
53-537-112-624,Gerolf ,Speicher,46.0,Columbus,United_States,Gerolf .Speicher@email.com,,1,Adult,CC1
61-610-508-802,Matteo ,Liebscher,34.0,Paris,France,Matteo .Liebscher@email.com,,0,Adult,CC2
52-524-296-578,Marleen,Peukert,36.0,Gomel,Belarus,Marleen.Peukert@email.com,,0,Adult,CC2
11-111-882-787,Irmgard,Balzer,23.0,Donetsk,Ukraine,Irmgard.Balzer@email.com,,0,Adult,CC1
94-943-276-560,Falk ,Kloss,26.0,Tallinn,Estonia,Falk .Kloss@email.com,,1,Adult,CC1
52-521-797-614,Madeleine,Kirchner,60.0,Duisburg,Germany,Madeleine.Kirchner@email.com,,0,Adult,CC3
82-823-543-677,Johanne,Stengel,57.0,Goeteborg,Sweden,Johanne.Stengel@email.com,,0,Adult,CC3
46-469-927-447,Gisela,Rauer,64.0,Kyiv,Ukraine,Gisela.Rauer@email.com,,1,Adult,CC2
57-575-447-525,Natascha,Strunk,28.0,Denver,United_States,Natascha.Strunk@email.com,,1,Adult,CC3
23-238-382-912,Augustin ,Dorsch,28.0,Kryvyi Rih,Ukraine,Augustin .Dorsch@email.com,,1,Adult,CC3
16-162-212-875,Ellinor,Groll,41.0,Duesseldorf,Germany,Ellinor.Groll@email.com,,0,Adult,CC1
23-235-901-856,Maria,Oestreich,44.0,Bratislava,Slovakia,Maria.Oestreich@email.com,,0,Adult,CC3
67-673-583-346,Alfons ,May,57.0,Gomel,Belarus,Alfons .May@email.com,,1,Adult,CC1
10-109-450-243,Thoralf ,Merkel,50.0,Skopje,North_Macedonia,Thoralf .Merkel@email.com,,0,Adult,CC1
65-657-607-318,Jovan ,Stange,39.0,Lyon,France,Jovan .Stange@email.com,,1,Adult,CC3
71-711-520-862,Gunda,Reichert,49.0,Valencia,Spain,Gunda.Reichert@email.com,,0,Adult,CC2
28-285-776-186,Antoinette,Gericke,57.0,San Jose,United_States,Antoinette.Gericke@email.com,,0,Adult,CC2
34-340-180-346,Marion,Helfrich,17.0,Boston,United_States,Marion.Helfrich@email.com,,1,Adolescent,CC2
61-610-699-376,Ella,Zinn,33.0,Donetsk,Ukraine,Ella.Zinn@email.com,,1,Adult,CC2
90-906-210-806,Yvette,Klostermann,53.0,Fort Worth,United_States,Yvette.Klostermann@email.com,,1,Adult,CC1
73-733-245-854,Florian,Lüders,21.0,Birmingham,United_Kingdom,Florian.Lüders@email.com,,1,Adult,CC2
27-279-887-533,Bert ,Grothe,27.0,Bochum,Germany,Bert .Grothe@email.com,,0,Adult,CC1
22-227-395-502,Kristina,Krone,26.0,Riga,Latvia,Kristina.Krone@email.com,,1,Adult,CC1
30-308-144-663,Hannes ,Radtke,18.0,Frankfurt am Main,Germany,Hannes .Radtke@email.com,,1,Adult,CC1
27-271-983-899,Lorenz ,Wilczek,60.0,San Diego,United_States,Lorenz .Wilczek@email.com,,0,Adult,CC1
94-949-204-699,Marika,Lieder,35.0,Liverpool,United_Kingdom,Marika.Lieder@email.com,,0,Adult,CC2
53-532-233-984,Andrea,Kollmann,30.0,Duesseldorf,Germany,Andrea.Kollmann@email.com,,0,Adult,CC1
32-327-290-374,Isabel,Hafner,48.0,Rotterdam,Netherlands,Isabel.Hafner@email.com,,0,Adult,CC2
84-846-993-950,Hans-Jochen ,Feldhaus,25.0,Lyon,France,Hans-Jochen .Feldhaus@email.com,,1,Adult,CC3
71-714-638-285,Meinrad ,Olschewski,18.0,Madrid,Spain,Meinrad .Olschewski@email.com,,0,Adult,CC2
98-980-399-251,Raymund ,Schreck,17.0,Sarajevo,Bosnia_and_Herzegovina,Raymund .Schreck@email.com,,0,Adolescent,CC3
49-496-696-166,Dan ,Michel,30.0,Khmelnytskyi,Ukraine,Dan .Michel@email.com,,0,Adult,CC2
41-415-878-748,Stephen ,Raschke,19.0,Barcelona,Spain,Stephen .Raschke@email.com,,1,Adult,CC2
86-864-996-389,Elisabeth,Lamm,22.0,Luhansk,Ukraine,Elisabeth.Lamm@email.com,,1,Adult,CC1
89-899-347-183,Betti,Gödecke,20.0,Oslo,Norway,Betti.Gödecke@email.com,,0,Adult,CC1
95-958-510-933,Annegret,Kuntz,33.0,Goeteborg,Sweden,Annegret.Kuntz@email.com,,0,Adult,CC2
36-365-740-782,Sinaida,Mielke,39.0,Phoenix,United_States,Sinaida.Mielke@email.com,,1,Adult,CC2
84-848-868-414,Corina,Hofmeister,54.0,Barcelona,Spain,Corina.Hofmeister@email.com,,1,Adult,CC1
10-108-846-676,Johann ,Fischer,39.0,The Hague,Netherlands,Johann .Fischer@email.com,,0,Adult,CC2
44-444-158-166,Malte ,Saathoff,32.0,Wandsbek,Germany,Malte .Saathoff@email.com,,0,Adult,CC3
13-138-397-646,Hildegunde,Bergen,44.0,Lyon,France,Hildegunde.Bergen@email.com,,0,Adult,CC3
43-433-186-269,Anna-Luise,Kunath,29.0,Athens,Greece,Anna-Luise.Kunath@email.com,,1,Adult,CC1
34-341-371-168,Kurt,Scheid,33.0,New York,United_States,Kurt.Scheid@email.com,,1,Adult,CC3
57-570-968-783,Wilhelm,Biermann,16.0,Dnipro,Ukraine,Wilhelm.Biermann@email.com,,0,Adolescent,CC3
91-917-521-326,Daria,Toth,29.0,Palma,Spain,Daria.Toth@email.com,,1,Adult,CC2
66-664-995-530,Ayten,Pape,27.0,Sevastopol,Ukraine,Ayten.Pape@email.com,,1,Adult,CC1
94-945-161-567,Gert ,Seiffert,39.0,Sheffield,United_Kingdom,Gert .Seiffert@email.com,,1,Adult,CC2
70-708-187-206,Justus ,Blanke,48.0,Philadelphia,United_States,Justus .Blanke@email.com,,0,Adult,CC2
10-106-823-234,Magrit,Lesch,55.0,Bucharest,Romania,Magrit.Lesch@email.com,,0,Adult,CC3
83-837-319-990,Osman ,Mahr,47.0,Dublin,Ireland,Osman .Mahr@email.com,,1,Adult,CC3
90-904-789-686,Cosimo ,Barz,33.0,Lyon,France,Cosimo .Barz@email.com,,1,Adult,CC1
60-605-108-465,Wilfriede,Tiedemann,28.0,Duesseldorf,Germany,Wilfriede.Tiedemann@email.com,,0,Adult,CC2
90-908-929-998,Janine,Blau,35.0,Vilnius,Lithuania,Janine.Blau@email.com,,1,Adult,CC3
42-420-604-270,Karlheinz ,Klos,17.0,Murcia,Spain,Karlheinz .Klos@email.com,,1,Adolescent,CC3
61-610-651-181,Valerie,Weirich,53.0,Duisburg,Germany,Valerie.Weirich@email.com,,0,Adult,CC1
34-349-130-871,Gottfried ,Eger,39.0,Madrid,Spain,Gottfried .Eger@email.com,,1,Adult,CC2
48-484-979-879,Gunda,Scheffer,55.0,Lyon,France,Gunda.Scheffer@email.com,,0,Adult,CC3
48-480-440-726,Hartmuth ,Böhler,20.0,Lodz,Poland,Hartmuth .Böhler@email.com,,1,Adult,CC3
29-299-129-438,Katarzyna,Mahler,38.0,Indianapolis,United_States,Katarzyna.Mahler@email.com,,1,Adult,CC3
11-119-791-687,Daria,Röhrig,45.0,Belgrade,Serbia,Daria.Röhrig@email.com,,1,Adult,CC2
96-963-851-241,Karl-Wilhelm ,Bender,38.0,Copenhagen,Denmark,Karl-Wilhelm .Bender@email.com,,1,Adult,CC1
36-362-178-966,Nikolas ,Köllner,28.0,Nottingham,Unitde_Kingdom,Nikolas .Köllner@email.com,,1,Adult,CC3
92-920-276-668,Raimund ,Rumpf,29.0,Stuttgart,Germany,Raimund .Rumpf@email.com,,0,Adult,CC2
21-213-279-531,Karsten ,Harms,58.0,Nashville-Davidson,United_States,Karsten .Harms@email.com,,0,Adult,CC2
94-940-670-443,Ehrentraud,Böckmann,23.0,Frankfurt am Main,Germany,Ehrentraud.Böckmann@email.com,,1,Adult,CC3
12-126-991-534,Ahmet ,Rommel,45.0,Nuernberg,Germany,Ahmet .Rommel@email.com,,1,Adult,CC3
25-254-764-978,Josip ,Abele,47.0,Krakow,Poland,Josip .Abele@email.com,,1,Adult,CC2
56-564-485-706,Gloria,Helbing,35.0,Minsk,Belarus,Gloria.Helbing@email.com,,1,Adult,CC2
45-453-357-546,Leonhard ,Kuschel,37.0,Essen,Germany,Leonhard .Kuschel@email.com,,0,Adult,CC3
61-619-530-902,Hülya,Liedtke,57.0,Lyon,France,Hülya.Liedtke@email.com,,1,Adult,CC3
75-753-821-690,Elfriede,Dorsch,24.0,Hamburg,Germany,Elfriede.Dorsch@email.com,,1,Adult,CC3
48-486-190-938,Dierk ,Strohmeier,57.0,Poznan,Poland,Dierk .Strohmeier@email.com,,1,Adult,CC3
99-995-815-359,Diethard ,Rohrer,43.0,Oklahoma City,United_States,Diethard .Rohrer@email.com,,0,Adult,CC1
15-151-633-963,Anna-Lena,Meuser,50.0,Rotterdam,Netherlands,Anna-Lena.Meuser@email.com,,0,Adult,CC1
31-311-261-240,Sina,Bätz,18.0,Zaporizhia,Ukraine,Sina.Bätz@email.com,,0,Adult,CC3
81-810-236-395,Gretchen,Haufe,33.0,Vienna,Austria,Gretchen.Haufe@email.com,,1,Adult,CC2
90-900-111-787,Ali ,Klug,38.0,Chisinau,Moldova,Ali .Klug@email.com,,1,Adult,CC3
59-593-553-958,Annemarie,Kratz,19.0,Paris,France,Annemarie.Kratz@email.com,,0,Adult,CC2
20-204-256-640,Ali ,Krebs,42.0,Bremen,Germany,Ali .Krebs@email.com,,0,Adult,CC1
51-511-284-412,Irmtraut,Leitner,50.0,Dnipro,Ukraine,Irmtraut.Leitner@email.com,,0,Adult,CC1
64-649-194-984,Balthasar ,Staab,23.0,Leicester,United_Kingdom,Balthasar .Staab@email.com,,1,Adult,CC1
83-834-245-167,Fernando ,Eich,27.0,Kyiv,Ukraine,Fernando .Eich@email.com,,1,Adult,CC1
20-201-874-315,Sandor ,Gerke,45.0,Duesseldorf,Germany,Sandor .Gerke@email.com,,0,Adult,CC3
96-967-708-491,Olena,Reis,27.0,Duisburg,Germany,Olena.Reis@email.com,,0,Adult,CC1
82-827-794-945,Ingetraut,Schupp,33.0,Genoa,Italy,Ingetraut.Schupp@email.com,,0,Adult,CC3
31-310-157-403,Hans-Willi ,Gröne,36.0,Luhansk,Ukraine,Hans-Willi .Gröne@email.com,,1,Adult,CC2
58-582-232-290,Marijan ,Klee,47.0,Chisinau,Moldova,Marijan .Klee@email.com,,0,Adult,CC1
32-323-235-981,Carmela,Steinbach,52.0,Malaga,Spain,Carmela.Steinbach@email.com,,1,Adult,CC2
56-560-457-335,Pascale,Kracht,58.0,Wroclaw,Poland,Pascale.Kracht@email.com,,1,Adult,CC2
38-381-731-339,Maria,Barz,44.0,Bochum,Germany,Maria.Barz@email.com,,0,Adult,CC3
19-192-546-163,Galina,Bachmeier,48.0,Riga,Latvia,Galina.Bachmeier@email.com,,1,Adult,CC3
61-611-473-395,Magdalene,Marquardt,20.0,Mariupol,Ukraine,Magdalene.Marquardt@email.com,,0,Adult,CC3
64-647-373-263,Annette,Scheel,47.0,Nottingham,United_Kingdom,Annette.Scheel@email.com,,1,Adult,CC2
89-891-199-804,Frank,Cramer,19.0,Szczecin,Poland,Frank.Cramer@email.com,,1,Adult,CC2
20-202-949-987,Krista,Salomon,20.0,Dallas,United_States,Krista.Salomon@email.com,,1,Adult,CC3
90-908-812-991,Arndt ,Baumgarten,55.0,Rome,Italy,Arndt .Baumgarten@email.com,,1,Adult,CC1
58-588-150-390,Dajana,Zach,20.0,Lyon,France,Dajana.Zach@email.com,,0,Adult,CC3
91-914-585-863,Antje,Wille,30.0,New York,United_States,Antje.Wille@email.com,,1,Adult,CC1
66-665-237-612,Gabriel ,Rohr,46.0,Murcia,Spain,Gabriel .Rohr@email.com,,0,Adult,CC2
42-422-864-384,Margarita,Hild,43.0,Makiyivka,Ukraine,Margarita.Hild@email.com,,1,Adult,CC1
22-229-871-132,Patrick ,Kullmann,38.0,Turin,Italy,Patrick .Kullmann@email.com,,1,Adult,CC1
79-793-642-289,Kemal ,Reinhard,16.0,Kharkiv,Ukraine,Kemal .Reinhard@email.com,,0,Adolescent,CC1
85-855-898-654,Tilmann ,Ertl,17.0,Milan,Italy,Tilmann .Ertl@email.com,,1,Adolescent,CC3
87-877-391-334,Rüdiger ,Fisch,23.0,Athens,Greece,Rüdiger .Fisch@email.com,,1,Adult,CC1
63-630-710-585,Bela ,Kremser,57.0,Madrid,Spain,Bela .Kremser@email.com,,0,Adult,CC2
88-880-445-615,Miriam,Fritzsch,27.0,Birmingham,United_Kingdom,Miriam.Fritzsch@email.com,,0,Adult,CC1
31-317-245-923,Toni ,Korte,35.0,San Jose,United_States,Toni .Korte@email.com,,0,Adult,CC1
98-984-364-897,Michel ,Schnell,35.0,Manchester,United_Kingdom,Michel .Schnell@email.com,,0,Adult,CC3
27-275-372-363,Bianka,Lang,38.0,Glasgow,United_Kingdom,Bianka.Lang@email.com,,0,Adult,CC2
79-791-785-604,Beatrix,Scheffel,20.0,Sector 3,Romania,Beatrix.Scheffel@email.com,,0,Adult,CC3
64-648-837-363,Martine,Radermacher,42.0,Chicago,United_States,Martine.Radermacher@email.com,,1,Adult,CC2
29-292-240-551,Olena,Hoyer,47.0,Memphis,United_States,Olena.Hoyer@email.com,,0,Adult,CC3
96-961-769-486,Hans-Günter ,Sommer,29.0,Riga,Latvia,Hans-Günter .Sommer@email.com,,1,Adult,CC2
95-958-975-533,Manfred,Cohrs,53.0,Portland,United_States,Manfred.Cohrs@email.com,,1,Adult,CC3
53-539-587-171,Hellmuth ,Staudt,48.0,Murcia,Spain,Hellmuth .Staudt@email.com,,0,Adult,CC1
95-953-606-903,Daniela,Tischer,28.0,Sevastopol,Ukraine,Daniela.Tischer@email.com,,1,Adult,CC2
87-872-740-873,Maria,Thöne,47.0,Barcelona,Spain,Maria.Thöne@email.com,,1,Adult,CC1
19-195-539-680,Eva,Schiller,27.0,Philadelphia,United_States,Eva.Schiller@email.com,,1,Adult,CC3
56-562-699-833,Barbara,Petzold,25.0,Leeds,United_Kingdom,Barbara.Petzold@email.com,,1,Adult,CC2
65-658-497-769,Hilda,Bohne,40.0,Bucharest,Romania,Hilda.Bohne@email.com,,0,Adult,CC1
79-797-472-592,Sabina,Heidt,-203.0,El Paso,United_States,Sabina.Heidt@email.com,,1,Adolescent,CC3
36-366-848-127,Margot,Bauch,41.0,Szczecin,Poland,Margot.Bauch@email.com,,0,Adult,CC1
85-850-603-649,Jost ,Stutz,43.0,Zagreb,Croatia,Jost .Stutz@email.com,,1,Adult,CC2
38-384-994-983,Isabell,Rüther,31.0,Barcelona,Spain,Isabell.Rüther@email.com,,1,Adult,CC2
66-665-508-604,Sergio ,Rücker,49.0,Birmingham,United_Kingdom,Sergio .Rücker@email.com,,0,Adult,CC1
93-935-714-165,Heike,Scheidt,24.0,Bucharest,Romania,Heike.Scheidt@email.com,,0,Adult,CC1
64-643-652-968,Natali,Diehl,49.0,Zagreb,Croatia,Natali.Diehl@email.com,,1,Adult,CC1
31-316-212-695,Meike,Plum,25.0,Naples,Italy,Meike.Plum@email.com,,1,Adult,CC1
20-200-888-436,Joseph ,Mertes,43.0,Dnipro,Ukraine,Joseph .Mertes@email.com,,0,Adult,CC2
90-907-405-968,Alena,Dohrmann,44.0,Sevastopol,Ukraine,Alena.Dohrmann@email.com,,0,Adult,CC2
72-727-546-581,Edit,Guth,48.0,Indianapolis,United_States,Edit.Guth@email.com,,1,Adult,CC1
41-418-294-110,Edith,Keller,17.0,Bucharest,Romania,Edith.Keller@email.com,,1,Adolescent,CC3
90-909-416-486,Nurettin ,Roch,57.0,Sevilla,Spain,Nurettin .Roch@email.com,,1,Adult,CC3
69-698-688-291,Sonja,Böck,29.0,Sevilla,Spain,Sonja.Böck@email.com,,1,Adult,CC1
77-779-417-389,Ottokar ,Lüth,25.0,Khmelnytskyi,Ukraine,Ottokar .Lüth@email.com,,0,Adult,CC2
23-234-571-253,Pamela,Schillinger,34.0,Bratislava,Slovakia,Pamela.Schillinger@email.com,,1,Adult,CC3
20-205-710-979,Edeltrud,Rohrbach,43.0,Columbus,United_States,Edeltrud.Rohrbach@email.com,,1,Adult,CC3
23-237-472-890,Paolo ,Hölzer,16.0,Bucharest,Romania,Paolo .Hölzer@email.com,,0,Adolescent,CC3
56-566-226-840,Melitta,Jost,54.0,Brussels,Belgium,Melitta.Jost@email.com,,0,Adult,CC1
46-464-317-609,Michael,Schreck,37.0,Las Palmas de Gran Canaria,Spian,Michael.Schreck@email.com,,0,Adult,CC1
68-682-716-506,Mario ,Jänicke,29.0,Leipzig,Germany,Mario .Jänicke@email.com,,1,Adult,CC3
63-630-358-823,Ariane,Grunert,41.0,The Hague,Netherlands,Ariane.Grunert@email.com,,1,Adult,CC2
67-670-517-795,Nelli,Frese,66.0,Indianapolis,United_States,Nelli.Frese@email.com,,1,Older Adult,CC3
49-493-726-958,Janette,Staudt,57.0,Dresden,Germany,Janette.Staudt@email.com,,0,Adult,CC2
29-291-982-693,Bernadette,Meister,32.0,Munich,Germany,Bernadette.Meister@email.com,,0,Adult,CC3
30-303-753-167,Hardy ,Bächle,62.0,San Jose,United_States,Hardy .Bächle@email.com,,1,Adult,CC3
25-258-780-238,Pawel ,Siebert,17.0,Athens,Greece,Pawel .Siebert@email.com,,1,Adolescent,CC3
88-885-724-884,Zenta,Kahle,17.0,Tallinn,Estonia,Zenta.Kahle@email.com,,1,Adolescent,CC1
77-770-432-800,Kristian ,Saß,23.0,Bochum,Germany,Kristian .Saß@email.com,,1,Adult,CC3
78-781-174-349,Elmar ,Göhring,34.0,Seattle,United_States,Elmar .Göhring@email.com,,0,Adult,CC1
64-648-130-746,Otto ,Bauer,30.0,Valencia,Spain,Otto .Bauer@email.com,,0,Adult,CC1
23-235-711-465,Walburga,Stephan,16.0,Kyiv,Ukraine,Walburga.Stephan@email.com,,0,Adolescent,CC1
25-257-782-776,Hatice,Weiler,16.0,Rotterdam,Netherlands,Hatice.Weiler@email.com,,0,Adolescent,CC2
17-175-936-363,Mercedes,Exner,32.0,Rome,Italy,Mercedes.Exner@email.com,,0,Adult,CC1
55-550-418-453,Joanna,Jasper,36.0,Gdansk,Poland,Joanna.Jasper@email.com,,0,Adult,CC3
70-709-229-415,Burkard ,Laube,26.0,Philadelphia,United_States,Burkard .Laube@email.com,,1,Adult,CC1
49-495-574-716,Helmut ,Römer,28.0,Seattle,United_States,Helmut .Römer@email.com,,0,Adult,CC2
98-985-339-511,Isabel,Belz,26.0,Hannover,Germany,Isabel.Belz@email.com,,0,Adult,CC3
69-696-370-255,Heiko ,Sowa,41.0,Krakow,Poland,Heiko .Sowa@email.com,,0,Adult,CC3
47-474-860-682,Waltraud,Behling,26.0,Boston,United_States,Waltraud.Behling@email.com,,1,Adult,CC3
50-500-531-944,Rose-Marie,Rösch,18.0,Denver,United_States,Rose-Marie.Rösch@email.com,,1,Adult,CC1
83-838-398-187,Marianna,Frings,30.0,Gomel,Belarus,Marianna.Frings@email.com,,0,Adult,CC3
65-657-590-291,Katharina,Würfel,32.0,Las Palmas de Gran Canaria,Spain,Katharina.Würfel@email.com,,1,Adult,CC2
23-234-542-456,Jozef ,Dück,19.0,Nashville-Davidson,United_States,Jozef .Dück@email.com,,1,Adult,CC2
77-776-299-517,Gaby,Fett,43.0,Wroclaw,Poland,Gaby.Fett@email.com,,1,Adult,CC1
40-402-629-763,Heinz,Waldmann,36.0,Mariupol,Ukraine,Heinz.Waldmann@email.com,,0,Adult,CC1
55-558-742-315,Liliane,Zieger,18.0,Belgrade,Serbia,Liliane.Zieger@email.com,,0,Adult,CC2
20-202-852-690,Siegfried,Junk,39.0,Manchester,United_Kingdom,Siegfried.Junk@email.com,,0,Adult,CC1
92-925-840-380,Anton ,Ganser,50.0,Seattle,United_States,Anton .Ganser@email.com,,0,Adult,CC1
55-559-212-375,Bozena,Alex,47.0,Rome,Italy,Bozena.Alex@email.com,,1,Adult,CC1
38-382-367-556,Francis ,Heimann,23.0,Palermo,Italy,Francis .Heimann@email.com,,0,Adult,CC2
49-496-417-600,Maren,Dogan,30.0,Kryvyi Rih,Ukraine,Maren.Dogan@email.com,,0,Adult,CC1
66-669-198-492,Ernst,Pfitzner,45.0,Bratislava,Slovakia,Ernst.Pfitzner@email.com,,1,Adult,CC2
34-341-933-549,Jeannette,Funk,53.0,Genoa,Italy,Jeannette.Funk@email.com,,0,Adult,CC3
20-208-104-405,Willibert ,Göhler,24.0,Mykolayiv,Ukraine,Willibert .Göhler@email.com,,1,Adult,CC3
83-833-636-890,Marietta,Kaltenbach,47.0,Minsk,Belarus,Marietta.Kaltenbach@email.com,,1,Adult,CC2
59-592-335-320,Burkhard ,Straub,57.0,Memphis,United_States,Burkhard .Straub@email.com,,0,Adult,CC2
60-602-146-561,Hans D.,Schacht,21.0,Kryvyi Rih,Ukraine,Hans D..Schacht@email.com,,0,Adult,CC2
76-761-819-393,Tomasz ,Bohne,26.0,Skopje,North_Macedonia,Tomasz .Bohne@email.com,,0,Adult,CC1
43-436-711-421,Gottlieb ,Baumgartner,24.0,Donetsk,Ukraine,Gottlieb .Baumgartner@email.com,,0,Adult,CC1
55-553-738-805,Danuta,Gölz,57.0,Dortmund,Germany,Danuta.Gölz@email.com,,0,Adult,CC1
58-581-879-116,Jens-Peter ,Schwanke,52.0,Leipzig,Germany,Jens-Peter .Schwanke@email.com,,1,Adult,CC1
39-393-409-349,Henri,Franck,51.0,Edinburgh,United_Kingdom,Henri.Franck@email.com,,0,Adult,CC1
69-692-371-827,Sonja,Möllmann,36.0,Marseille,France,Sonja.Möllmann@email.com,,1,Adult,CC2
72-722-336-149,Canan,Moos,51.0,Rotterdam,Netherlands,Canan.Moos@email.com,,0,Adult,CC3
37-372-864-866,Linus ,Gunkel,33.0,Gomel,Belarus,Linus .Gunkel@email.com,,0,Adult,CC3
73-733-669-688,Lieschen,Schäffler,25.0,Memphis,United_States,Lieschen.Schäffler@email.com,,1,Adult,CC2
74-743-275-558,Xaver ,Husmann,29.0,Edinburgh,United_Kingdom,Xaver .Husmann@email.com,,1,Adult,CC3
80-802-188-696,Elizabeth,Eberle,25.0,Brussels,Belgium,Elizabeth.Eberle@email.com,,1,Adult,CC3
76-765-946-891,Susanne,Hofstetter,36.0,Rome,Italy,Susanne.Hofstetter@email.com,,0,Adult,CC2
56-561-907-289,Friedemann ,Kindermann,34.0,Sheffield,United_Kingdom,Friedemann .Kindermann@email.com,,1,Adult,CC1
99-996-300-701,Nelly,Warnecke,30.0,Stockholm,Sweden,Nelly.Warnecke@email.com,,1,Adult,CC2
68-688-338-407,Kristina,Roch,18.0,Koeln,Germany,Kristina.Roch@email.com,,0,Adult,CC2
78-785-553-264,Laszlo ,Oberle,68.0,Sofia,Bulgaria,Laszlo .Oberle@email.com,,0,Older Adult,CC3
17-177-878-702,Anatolij ,Benner,48.0,Bratislava,Slovakia,Anatolij .Benner@email.com,,1,Adult,CC3
14-140-747-302,Viktor ,Gunkel,30.0,Hannover,Germany,Viktor .Gunkel@email.com,,1,Adult,CC3
17-178-747-239,Wilma,Breidenbach,39.0,Barcelona,Spain,Wilma.Breidenbach@email.com,,0,Adult,CC3
64-644-216-619,Kirsten,Gramlich,50.0,Zagreb,Croatia,Kirsten.Gramlich@email.com,,1,Adult,CC3
16-162-736-492,Henny,Hubert,27.0,Philadelphia,United_States,Henny.Hubert@email.com,,0,Adult,CC1
35-355-576-532,Amanda,Hügel,28.0,Duesseldorf,Germany,Amanda.Hügel@email.com,,1,Adult,CC3
33-331-236-858,Katharine,Dickmann,33.0,San Jose,United_States,Katharine.Dickmann@email.com,,1,Adult,CC2
57-576-665-798,Ingmar ,Niehoff,40.0,Sector 3,Romania,Ingmar .Niehoff@email.com,,1,Adult,CC3
95-950-758-458,Justus ,Bluhm,29.0,Duisburg,Germany,Justus .Bluhm@email.com,,0,Adult,CC1
28-284-131-620,Katarzyna,Pott,20.0,Antwerpen,Belgium,Katarzyna.Pott@email.com,,1,Adult,CC2
31-319-648-419,Marion,Lackner,17.0,Sector 3,Romania,Marion.Lackner@email.com,,0,Adolescent,CC1
10-106-740-881,Silke,Winkel,29.0,Khmelnytskyi,Ukraine,Silke.Winkel@email.com,,1,Adult,CC2
89-899-380-363,Josef,Stellmacher,28.0,Paris,France,Josef.Stellmacher@email.com,,0,Adult,CC2
45-459-771-768,Immo ,Gabriel,48.0,Duisburg,Germany,Immo .Gabriel@email.com,,1,Adult,CC1
83-831-935-545,Grazyna,Böhmer,34.0,Sheffield,United_Kingdom,Grazyna.Böhmer@email.com,,0,Adult,CC2
70-709-275-888,Gesche,Wolter,25.0,Copenhagen,Denmark,Gesche.Wolter@email.com,,0,Adult,CC1
30-309-900-249,Margret,Mahler,39.0,Oslo,Norway,Margret.Mahler@email.com,,1,Adult,CC1
87-871-809-733,Emanuel ,Sieben,19.0,Turin,Italy,Emanuel .Sieben@email.com,,0,Adult,CC3
29-292-156-255,Romy,Stickel,33.0,Frankfurt am Main,Germany,Romy.Stickel@email.com,,1,Adult,CC2
82-826-165-234,Guido ,Göbel,34.0,Skopje,North_Macedonia,Guido .Göbel@email.com,,1,Adult,CC1
56-568-417-243,Stefano ,Helm,16.0,Gdansk,Poland,Stefano .Helm@email.com,,0,Adolescent,CC1
58-589-170-978,Jochem ,Wenig,32.0,Liverpool,United_Kingdom,Jochem .Wenig@email.com,,1,Adult,CC2
38-382-730-187,Elenore,Meinecke,34.0,Minsk,Belarus,Elenore.Meinecke@email.com,,0,Adult,CC2
65-655-272-751,Cecilia,Sippel,16.0,Nashville-Davidson,United_States,Cecilia.Sippel@email.com,,1,Adolescent,CC1
98-984-443-688,Doris,Eich,56.0,Hannover,Germany,Doris.Eich@email.com,,0,Adult,CC2
53-534-787-183,Heiner ,Spahn,59.0,Palma,Spain,Heiner .Spahn@email.com,,0,Adult,CC3
25-256-843-254,Romy,Gehrig,22.0,Makiyivka,Ukraine,Romy.Gehrig@email.com,,0,Adult,CC3
78-782-346-795,Birgit,Hagemann,41.0,Dnipro,Ukraine,Birgit.Hagemann@email.com,,1,Adult,CC3
34-341-365-379,Detlef ,Weitz,22.0,Amsterdam,Netherlands,Detlef .Weitz@email.com,,1,Adult,CC3
12-124-699-325,Hanspeter ,Laue,30.0,Berlin,Germany,Hanspeter .Laue@email.com,,1,Adult,CC1
46-464-305-788,Eveline,Riedl,40.0,Koeln,Germany,Eveline.Riedl@email.com,,0,Adult,CC1
46-461-830-178,Hans-Jörg ,Teufel,17.0,Memphis,United_States,Hans-Jörg .Teufel@email.com,,1,Adolescent,CC2
36-365-256-981,Darius ,Mehner,45.0,Chicago,United_States,Darius .Mehner@email.com,,0,Adult,CC3
73-731-720-477,Ismail ,Köllner,54.0,Los Angeles,United_States,Ismail .Köllner@email.com,,1,Adult,CC2
28-282-866-923,Björn,Droste,18.0,Mariupol,Ukraine,Björn.Droste@email.com,,0,Adult,CC2
60-601-532-773,Willi,Schmidtke,34.0,Marseille,France,Willi.Schmidtke@email.com,,0,Adult,CC2
89-898-591-403,Ann-Kathrin,Rahn,29.0,Duisburg,Germany,Ann-Kathrin.Rahn@email.com,,0,Adult,CC3
52-522-878-452,Roswitha,Merkel,50.0,Jacksonville,United_States,Roswitha.Merkel@email.com,,1,Adult,CC2
30-307-789-515,Michaela,Reinsch,39.0,Rome,Italy,Michaela.Reinsch@email.com,,0,Adult,CC2
98-981-147-778,Valentine,Hölzer,63.0,Dublin,Ireland,Valentine.Hölzer@email.com,,1,Adult,CC2
96-961-159-123,Gudrun,Bohr,27.0,London,United_Kingdom,Gudrun.Bohr@email.com,,0,Adult,CC3
57-571-130-276,Rainer ,Leonhardt,25.0,Helsinki,Finland,Rainer .Leonhardt@email.com,,1,Adult,CC1
32-327-118-733,Wilhelm ,Meissner,22.0,Dublin,Ireland,Wilhelm .Meissner@email.com,,0,Adult,CC3
89-897-986-200,Kreszenz,Lechner,46.0,Leeds,United_Kingdom,Kreszenz.Lechner@email.com,,1,Adult,CC3
22-220-636-192,Halina,Nitsche,28.0,Mykolayiv,Ukraine,Halina.Nitsche@email.com,,0,Adult,CC2
39-391-653-429,Rudolf,Köller,21.0,Rotterdam,Netherlands,Rudolf.Köller@email.com,,1,Adult,CC3
52-523-115-970,Uli ,Mucha,22.0,London,United_Kingdom,Uli .Mucha@email.com,,1,Adult,CC3
64-649-980-342,Andree ,Karle,48.0,Denver,United_States,Andree .Karle@email.com,,1,Adult,CC3
93-930-140-622,Roberto ,Hauber,17.0,Las Palmas de Gran Canaria,Spian,Roberto .Hauber@email.com,,0,Adolescent,CC2
95-957-611-121,Amir ,Trapp,27.0,Rotterdam,Netherlands,Amir .Trapp@email.com,,0,Adult,CC2
20-207-179-334,Carolin,Zenker,18.0,Stuttgart,Germany,Carolin.Zenker@email.com,,0,Adult,CC3
81-817-393-138,Frank ,Henschel,57.0,Palermo,Italy,Frank .Henschel@email.com,,1,Adult,CC1
62-621-559-701,Roy ,Baumgärtel,53.0,Berlin,Germany,Roy .Baumgärtel@email.com,,0,Adult,CC3
88-886-621-903,Helfried ,Baumer,22.0,Leicester,United_Kingdom,Helfried .Baumer@email.com,,1,Adult,CC3
31-319-443-366,Eileen,Thomsen,38.0,Antwerpen,Belgium,Eileen.Thomsen@email.com,,0,Adult,CC1
20-206-997-115,Nevenka,Kick,30.0,Dortmund,Germany,Nevenka.Kick@email.com,,1,Adult,CC2
44-449-480-633,Simon ,Siemers,33.0,Naples,Italy,Simon .Siemers@email.com,,0,Adult,CC1
66-669-316-596,Simona,Möbus,23.0,Luhansk,Ukraine,Simona.Möbus@email.com,,0,Adult,CC3
67-679-595-346,Jonas ,Hug,48.0,Chicago,United_States,Jonas .Hug@email.com,,0,Adult,CC3
65-651-164-573,Henner ,Jörg,41.0,Chisinau,Moldova,Henner .Jörg@email.com,,1,Adult,CC2
80-808-230-861,Christina,Mandel,58.0,Berlin,Germany,Christina.Mandel@email.com,,1,Adult,CC3
12-121-988-227,Hasso ,Schink,33.0,Nuernberg,Germany,Hasso .Schink@email.com,,0,Adult,CC3
68-685-379-327,Marko,Voll,60.0,Munich,Germany,Marko.Voll@email.com,,1,Adult,CC2
83-839-927-540,Hans-Adolf ,Pusch,35.0,Kharkiv,Ukraine,Hans-Adolf .Pusch@email.com,,1,Adult,CC3
67-673-799-148,Herta,Eger,20.0,Stuttgart,Germany,Herta.Eger@email.com,,0,Adult,CC3
59-597-314-805,Marion,Wölfel,48.0,Hannover,Germany,Marion.Wölfel@email.com,,1,Adult,CC3
16-168-498-968,Ingelore,Escher,27.0,Marseille,France,Ingelore.Escher@email.com,,0,Adult,CC1
68-687-125-231,Wolf-Dietrich ,Wein,21.0,Lodz,Poland,Wolf-Dietrich .Wein@email.com,,1,Adult,CC2
71-710-181-421,Boris ,Strunk,50.0,Sevilla,Spain,Boris .Strunk@email.com,,1,Adult,CC3
44-441-308-785,Maurizio ,Schoch,21.0,Copenhagen,Denmark,Maurizio .Schoch@email.com,,1,Adult,CC3
55-552-945-842,Gertrud,Scheck,17.0,Warsaw,Poland,Gertrud.Scheck@email.com,,1,Adolescent,CC1
94-945-859-542,Hanne-Lore,Sohn,40.0,Antwerpen,Belgium,Hanne-Lore.Sohn@email.com,,1,Adult,CC3
19-193-479-529,Tanja,Amend,30.0,Gomel,Belarus,Tanja.Amend@email.com,,0,Adult,CC2
41-410-148-388,Sepp ,Liebe,40.0,Poznan,Poland,Sepp .Liebe@email.com,,1,Adult,CC3
47-470-152-587,Pascale,Moldenhauer,22.0,Hannover,Germany,Pascale.Moldenhauer@email.com,,0,Adult,CC2
89-899-180-821,Hermann,Meise,62.0,Duesseldorf,Germany,Hermann.Meise@email.com,,1,Adult,CC3
26-263-479-202,Traudel,Abt,51.0,Birmingham,United_Kingdom,Traudel.Abt@email.com,,1,Adult,CC1
34-343-963-939,Geert ,Hermanns,51.0,Detroit,United_States,Geert .Hermanns@email.com,,1,Adult,CC1
92-922-132-581,Elsa,Pfennig,28.0,Madrid,Spain,Elsa.Pfennig@email.com,,1,Adult,CC2
23-230-867-330,Christian,Ferstl,39.0,Stuttgart,Germany,Christian.Ferstl@email.com,,1,Adult,CC2
58-586-715-418,Ian ,Freund,22.0,Los Angeles,United_States,Ian .Freund@email.com,,1,Adult,CC2
23-235-938-410,Sieghard ,Bätz,35.0,Edinburgh,United_Kingdom,Sieghard .Bätz@email.com,,1,Adult,CC3
32-327-972-587,Suzanne,Stegemann,56.0,San Francisco,United_States,Suzanne.Stegemann@email.com,,1,Adult,CC3
56-568-440-237,Kristian ,Hennings,27.0,Philadelphia,United_States,Kristian .Hennings@email.com,,0,Adult,CC1
79-791-118-851,Zoran ,Rebmann,28.0,Birmingham,United_Kingdom,Zoran .Rebmann@email.com,,1,Adult,CC2
96-968-942-121,Enno ,Munz,41.0,Prague,Czech_Republic,Enno .Munz@email.com,,1,Adult,CC1
40-401-360-715,Bertold ,Baumgart,19.0,Birmingham,United_Kingdom,Bertold .Baumgart@email.com,,0,Adult,CC1
35-350-715-163,Rudi ,Senf,66.0,Dortmund,Germany,Rudi .Senf@email.com,,0,Older Adult,CC2
96-960-507-169,Gertraude,Schlemmer,40.0,Essen,Germany,Gertraude.Schlemmer@email.com,,0,Adult,CC2
18-184-176-918,Karl-Heinz ,Feist,38.0,Krakow,Poland,Karl-Heinz .Feist@email.com,,0,Adult,CC2
96-965-305-559,Tobias,Just,37.0,Columbus,United_States,Tobias.Just@email.com,,0,Adult,CC2
94-949-949-650,Marcel,Reuter,19.0,Birmingham,United_Kingdom,Marcel.Reuter@email.com,,1,Adult,CC2
70-700-826-103,Gerta,Sippel,18.0,Hannover,Germany,Gerta.Sippel@email.com,,1,Adult,CC1
68-685-937-628,Enno ,Hundertmark,53.0,Mykolayiv,Ukraine,Enno .Hundertmark@email.com,,0,Adult,CC1
93-931-448-228,Luise,Fritze,47.0,Sheffield,United_Kingdom,Luise.Fritze@email.com,,1,Adult,CC1
54-540-967-248,Hans-Herbert ,Hepp,59.0,Berlin,Germany,Hans-Herbert .Hepp@email.com,,1,Adult,CC3
40-409-748-575,Karl-Ernst ,Drews,65.0,Nashville-Davidson,United_States,Karl-Ernst .Drews@email.com,,0,Adult,CC1
93-931-669-548,Bertold ,Huth,49.0,Las Palmas de Gran Canaria,Spain,Bertold .Huth@email.com,,1,Adult,CC1
56-568-138-743,Walfried ,Augustin,46.0,San Antonio,United_States,Walfried .Augustin@email.com,,0,Adult,CC3
34-349-603-543,Helfried ,Kayser,40.0,Goeteborg,Sweden,Helfried .Kayser@email.com,,1,Adult,CC2
37-371-350-325,Irmela,Kölling,37.0,Essen,Germany,Irmela.Kölling@email.com,,1,Adult,CC2
11-117-328-159,Falk ,Schimmelpfennig,38.0,Kryvyi Rih,Ukraine,Falk .Schimmelpfennig@email.com,,1,Adult,CC3
92-929-438-794,Dominic ,Fuß,55.0,Leicester,United_Kingdom,Dominic .Fuß@email.com,,1,Adult,CC3
90-901-859-663,Jan ,Kohn,51.0,Nuernberg,Germany,Jan .Kohn@email.com,,0,Adult,CC1
11-116-350-384,Marion,Ganter,47.0,Genoa,Italy,Marion.Ganter@email.com,,1,Adult,CC3
43-435-505-769,Jeanette,Hauck,31.0,Indianapolis,United_States,Jeanette.Hauck@email.com,,1,Adult,CC2
55-550-983-248,Hiltrud,Ebert,27.0,Malaga,Spain,Hiltrud.Ebert@email.com,,0,Adult,CC1
26-261-938-447,Edit,Falke,50.0,Milan,Italy,Edit.Falke@email.com,,0,Adult,CC1
63-631-271-336,Sylvie,Althoff,31.0,San Francisco,United_States,Sylvie.Althoff@email.com,,1,Adult,CC3
45-451-966-726,Gilbert ,Koll,19.0,Bochum-Hordel,Germany,Gilbert .Koll@email.com,,1,Adult,CC1
40-403-363-190,Hans,Kretzer,18.0,Odessa,Ukraine,Hans.Kretzer@email.com,,0,Adult,CC2
38-386-394-826,Chantal,Reinsch,47.0,Houston,United_States,Chantal.Reinsch@email.com,,0,Adult,CC3
35-351-677-165,Athanasios ,Middendorf,45.0,Dortmund,Germany,Athanasios .Middendorf@email.com,,0,Adult,CC1
74-742-647-678,Paulo ,Butz,23.0,Vienna,Austria,Paulo .Butz@email.com,,1,Adult,CC3
74-744-804-132,Annemie,Keppler,45.0,Naples,Italy,Annemie.Keppler@email.com,,1,Adult,CC3
31-314-216-552,Theda,Engelhardt,18.0,Turin,Italy,Theda.Engelhardt@email.com,,0,Adult,CC1
85-859-837-697,Sebastian,Wege,17.0,Dublin,Ireland,Sebastian.Wege@email.com,,0,Adolescent,CC2
48-484-103-172,Drago ,Niehoff,41.0,Baltimore,United_States,Drago .Niehoff@email.com,,0,Adult,CC2
97-977-212-554,Maike,Ohl,34.0,Duisburg,Germany,Maike.Ohl@email.com,,1,Adult,CC3
79-797-886-824,Siegrun,Buse,34.0,Rome,Italy,Siegrun.Buse@email.com,,0,Adult,CC3
34-342-645-221,Jasmin,Keim,31.0,Sarajevo,Bosnia_and_Herzegovina,Jasmin.Keim@email.com,,1,Adult,CC1
75-759-118-884,Ayse,Löffler,22.0,Charlotte,United_States,Ayse.Löffler@email.com,,0,Adult,CC2
56-567-837-986,René,Hennings,22.0,Zaporizhia,Ukraine,René.Hennings@email.com,,1,Adult,CC2
39-396-176-959,Mattias ,Janßen,31.0,San Diego,United_States,Mattias .Janßen@email.com,,0,Adult,CC1
99-998-281-974,Ira,Mayerhofer,41.0,Vilnius,Lithuania,Ira.Mayerhofer@email.com,,1,Adult,CC3
22-228-780-760,Louise,Bechtel,16.0,Genoa,Italy,Louise.Bechtel@email.com,,1,Adolescent,CC2
94-945-860-659,Sieglinde,Sedlmeier,23.0,Leicester,United_Kingdom,Sieglinde.Sedlmeier@email.com,,0,Adult,CC2
27-271-589-383,Antonios ,Stehr,27.0,Louisville/Jefferson County,United_States,Antonios .Stehr@email.com,,0,Adult,CC3
54-544-825-558,Vassilios ,Behrens,69.0,Palma,Spain,Vassilios .Behrens@email.com,,0,Older Adult,CC1
47-472-967-817,Emmi,Kretschmann,30.0,Lyon,France,Emmi.Kretschmann@email.com,,1,Adult,CC2
99-996-296-243,Wolf ,Fehrenbach,29.0,Madrid,Spain,Wolf .Fehrenbach@email.com,,1,Adult,CC1
66-660-178-975,Ute,Rieder,48.0,Budapest,Hungary,Ute.Rieder@email.com,,0,Adult,CC2
11-114-549-845,Miroslawa,Strauss,37.0,Makiyivka,Ukraine,Miroslawa.Strauss@email.com,,0,Adult,CC1
29-291-462-243,Rita,Heger,44.0,Bremen,Germany,Rita.Heger@email.com,,0,Adult,CC3
58-586-167-934,Resi,Jentsch,52.0,Odessa,Ukraine,Resi.Jentsch@email.com,,0,Adult,CC3
29-297-412-567,Wencke,Bäumer,56.0,Rotterdam,Netherlands,Wencke.Bäumer@email.com,,1,Adult,CC3
74-742-455-637,Felizitas,Blume,33.0,Dresden,Germany,Felizitas.Blume@email.com,,0,Adult,CC1
75-758-977-776,Steven ,Zach,34.0,Copenhagen,Denmark,Steven .Zach@email.com,,0,Adult,CC2
17-173-101-122,Norma,Heidrich,15.0,Barcelona,Spain,Norma.Heidrich@email.com,,0,Adolescent,CC3
79-797-118-878,Thorsten ,Franzke,55.0,Sarajevo,Bosnia_and_Herzegovina,Thorsten .Franzke@email.com,,0,Adult,CC1
46-468-418-978,Marie-Luise,Thiele,57.0,Memphis,United_States,Marie-Luise.Thiele@email.com,,0,Adult,CC1
69-696-820-387,Grzegorz ,Andersen,38.0,Kryvyi Rih,Ukraine,Grzegorz .Andersen@email.com,,0,Adult,CC2
73-737-405-929,Zeljko ,Schanz,26.0,Berlin,Germany,Zeljko .Schanz@email.com,,0,Adult,CC2
30-304-487-428,Jens-Uwe ,Köppel,56.0,El Paso,United_States,Jens-Uwe .Köppel@email.com,,0,Adult,CC3
81-819-266-883,Rochus ,Erbe,27.0,Tallinn,Estonia,Rochus .Erbe@email.com,,1,Adult,CC3
87-871-592-872,Patrick ,Sedlmeier,16.0,Gdansk,Poland,Patrick .Sedlmeier@email.com,,0,Adolescent,CC1
76-762-119-116,Hulda,Tietze,29.0,Rome,Italy,Hulda.Tietze@email.com,,1,Adult,CC1
21-214-404-939,Elisa,Sandmann,17.0,Kyiv,Ukraine,Elisa.Sandmann@email.com,,0,Adolescent,CC1
56-560-805-925,Heidelinde,Prause,31.0,Stuttgart,Germany,Heidelinde.Prause@email.com,,0,Adult,CC1
82-821-407-850,Janette,Sperl,36.0,Manchester,United_Kingdom,Janette.Sperl@email.com,,1,Adult,CC1
62-627-678-414,Egbert ,Hörmann,39.0,Luhansk,Ukraine,Egbert .Hörmann@email.com,,1,Adult,CC2
92-923-187-501,Simona,Schrage,49.0,Bochum-Hordel,Germany,Simona.Schrage@email.com,,0,Adult,CC3
47-471-888-663,Margarethe,Bünger,31.0,Dnipro,Ukraine,Margarethe.Bünger@email.com,,0,Adult,CC3
45-459-130-622,Gunar ,Hornung,42.0,Austin,United_States,Gunar .Hornung@email.com,,0,Adult,CC3
50-505-371-442,Sabrina,Welker,27.0,Gdansk,Poland,Sabrina.Welker@email.com,,1,Adult,CC2
88-887-359-749,Volkhard ,Seliger,38.0,Essen,Germany,Volkhard .Seliger@email.com,,0,Adult,CC1
88-884-846-794,Myriam,Ulbrich,18.0,Poznan,Poland,Myriam.Ulbrich@email.com,,0,Adult,CC1
66-665-895-892,Jochen ,Gessner,26.0,Copenhagen,Denmark,Jochen .Gessner@email.com,,1,Adult,CC3
91-911-884-403,Ismail ,Braune,20.0,Birmingham,United_Kingdom,Ismail .Braune@email.com,,1,Adult,CC3
