OrderNumber,CustomerID,ProductNr,StoreID,Date,StoreType,Price
23893756,69-695-442-229,I-163-2017,Store_2394,2018-08-28,Online Store,12.99
23893756,69-695-442-229,B-172-2005,Store_2394,2018-08-28,Online Store,58.99
23893756,69-695-442-229,W-181-2003,Store_2394,2018-08-28,Online Store,75.59
23893756,69-695-442-229,F-055-2017,Store_2394,2018-08-28,Online Store,111.99
23893756,69-695-442-229,F-289-2008,Store_2394,2018-08-28,Online Store,37.59
23893756,69-695-442-229,F-289-1990,Store_2394,2018-08-28,Online Store,47.99
23893756,69-695-442-229,F-007-1986,Store_2394,2018-08-28,Online Store,55.59
23893756,69-695-442-229,A-211-2010,Store_2394,2018-08-28,Online Store,34.59
23893756,69-695-442-229,G-208-1984,Store_2394,2018-08-28,Online Store,117.99
23893756,69-695-442-229,G-196-2010,Store_2394,2018-08-28,Online Store,42.59
23893756,69-695-442-229,I-166-1981,Store_2394,2018-08-28,Online Store,96.99
23893757,69-695-442-229,Q-184-2006,Store_2410,2018-03-28,Onsite Store,116.59
23893757,69-695-442-229,W-118-1980,Store_2410,2018-03-28,Onsite Store,101.99
23893757,69-695-442-229,A-004-1983,Store_2410,2018-03-28,Onsite Store,86.59
23893757,69-695-442-229,I-016-1998,Store_2410,2018-03-28,Onsite Store,87.59
23893757,69-695-442-229,V-163-1983,Store_2410,2018-03-28,Onsite Store,96.99
23893757,69-695-442-229,G-091-1998,Store_2410,2018-03-28,Onsite Store,46.99
23893757,69-695-442-229,Z-121-2010,Store_2410,2018-03-28,Onsite Store,89.59
23893757,69-695-442-229,I-214-2013,Store_2410,2018-03-28,Onsite Store,36.59
23893757,69-695-442-229,I-109-2013,Store_2410,2018-03-28,Onsite Store,60.99
23893757,69-695-442-229,J-202-1981,Store_2410,2018-03-28,Onsite Store,60.99
23893757,69-695-442-229,G-073-1981,Store_2410,2018-03-28,Onsite Store,94.59
23893757,69-695-442-229,F-109-2015,Store_2410,2018-03-28,Onsite Store,106.99
23893757,69-695-442-229,V-091-1995,Store_2410,2018-03-28,Onsite Store,80.59
23893757,69-695-442-229,C-064-2011,Store_2410,2018-03-28,Onsite Store,70.59
23893758,69-695-442-229,A-298-2012,Store_2380,2018-03-08,Online Store,99.59
23893759,69-695-442-229,Q-058-1987,Store_2448,2018-04-09,Onsite Store,57.59
23893759,69-695-442-229,N-151-2016,Store_2448,2018-04-09,Onsite Store,65.99
23893759,69-695-442-229,W-151-2004,Store_2448,2018-04-09,Onsite Store,67.99
23893760,69-695-442-229,G-067-1999,Store_2427,2018-04-11,Onsite Store,108.99
23893760,69-695-442-229,H-088-2017,Store_2427,2018-04-11,Onsite Store,54.99
23893760,69-695-442-229,W-067-1999,Store_2427,2018-04-11,Onsite Store,76.99
23893761,69-695-442-229,Z-163-2015,Store_2441,2018-01-18,Onsite Store,67.99
23893761,69-695-442-229,Q-082-1994,Store_2441,2018-01-18,Onsite Store,78.99
23893761,69-695-442-229,V-286-1998,Store_2441,2018-01-18,Onsite Store,85.99
23893761,69-695-442-229,J-097-1998,Store_2441,2018-01-18,Onsite Store,65.99
23893761,69-695-442-229,N-187-2006,Store_2441,2018-01-18,Onsite Store,59.99
23893761,69-695-442-229,V-088-1995,Store_2441,2018-01-18,Onsite Store,56.99
23893761,69-695-442-229,Q-109-1998,Store_2441,2018-01-18,Onsite Store,69.59
23893762,69-695-442-229,N-121-2010,Store_2393,2018-04-23,Online Store,49.59
23893762,69-695-442-229,I-214-1981,Store_2393,2018-04-23,Online Store,74.99
23893762,69-695-442-229,V-196-2012,Store_2393,2018-04-23,Online Store,94.99
23893762,69-695-442-229,B-058-2013,Store_2393,2018-04-23,Online Store,16.99
23893762,69-695-442-229,Z-298-1983,Store_2393,2018-04-23,Online Store,104.59
23893762,69-695-442-229,G-298-2003,Store_2393,2018-04-23,Online Store,95.99
23893762,69-695-442-229,A-055-1994,Store_2393,2018-04-23,Online Store,86.99
23893763,69-695-442-229,J-262-2016,Store_2440,2018-05-20,Onsite Store,97.59
23893763,69-695-442-229,W-244-1992,Store_2440,2018-05-20,Onsite Store,32.59
23893763,69-695-442-229,B-154-1989,Store_2440,2018-05-20,Onsite Store,58.59
23893763,69-695-442-229,F-160-2018,Store_2440,2018-05-20,Onsite Store,106.99
23893764,69-695-442-229,H-148-1984,Store_2372,2018-07-09,Online Store,61.59
23893764,69-695-442-229,C-181-2013,Store_2372,2018-07-09,Online Store,81.59
23893764,69-695-442-229,A-148-1997,Store_2372,2018-07-09,Online Store,28.59
23893764,69-695-442-229,I-064-1992,Store_2372,2018-07-09,Online Store,59.59
23893764,69-695-442-229,Q-010-2012,Store_2372,2018-07-09,Online Store,87.59
23893765,68-686-398-919,F-124-1993,Store_2446,2018-10-04,Onsite Store,78.59
23893766,68-686-398-919,Z-145-2008,Store_2459,2018-07-18,Onsite Store,50.59
23893766,68-686-398-919,A-016-2007,Store_2459,2018-07-18,Onsite Store,27.59
23893766,68-686-398-919,B-034-1998,Store_2459,2018-07-18,Onsite Store,58.59
23893766,68-686-398-919,N-148-2003,Store_2459,2018-07-18,Onsite Store,110.59
23893766,68-686-398-919,Z-289-1995,Store_2459,2018-07-18,Onsite Store,60.99
23893766,68-686-398-919,H-229-2013,Store_2459,2018-07-18,Onsite Store,90.99
23893766,68-686-398-919,B-058-2010,Store_2459,2018-07-18,Onsite Store,72.99
23893766,68-686-398-919,J-253-2017,Store_2459,2018-07-18,Onsite Store,42.59
23893766,68-686-398-919,N-073-2008,Store_2459,2018-07-18,Onsite Store,76.59
23893767,68-686-398-919,H-169-1997,Store_2368,2018-11-27,Online Store,96.99
23893767,68-686-398-919,Q-139-1987,Store_2368,2018-11-27,Online Store,75.99
23893767,68-686-398-919,G-040-1987,Store_2368,2018-11-27,Online Store,122.59
23893767,68-686-398-919,I-211-2011,Store_2368,2018-11-27,Online Store,68.59
23893767,68-686-398-919,I-262-1989,Store_2368,2018-11-27,Online Store,49.59
23893767,68-686-398-919,J-073-2016,Store_2368,2018-11-27,Online Store,56.59
23893767,68-686-398-919,G-058-1992,Store_2368,2018-11-27,Online Store,13.59
23893767,68-686-398-919,J-067-1988,Store_2368,2018-11-27,Online Store,83.59
23893768,68-686-398-919,C-256-2004,Store_2364,2018-02-24,Online Store,45.99
23893768,68-686-398-919,I-277-1992,Store_2364,2018-02-24,Online Store,96.59
23893768,68-686-398-919,A-286-2013,Store_2364,2018-02-24,Online Store,103.59
23893768,68-686-398-919,I-178-2017,Store_2364,2018-02-24,Online Store,48.59
23893768,68-686-398-919,I-130-2009,Store_2364,2018-02-24,Online Store,32.99
23893768,68-686-398-919,J-223-1982,Store_2364,2018-02-24,Online Store,74.59
23893768,68-686-398-919,B-031-2011,Store_2364,2018-02-24,Online Store,31.59
23893768,68-686-398-919,H-226-1993,Store_2364,2018-02-24,Online Store,42.59
23893769,68-686-398-919,H-049-1989,Store_2458,2018-10-26,Onsite Store,72.99
23893770,68-686-398-919,J-016-2007,Store_2420,2018-12-17,Onsite Store,78.59
23893770,68-686-398-919,N-238-1990,Store_2420,2018-12-17,Onsite Store,77.59
23893770,68-686-398-919,Q-118-2007,Store_2420,2018-12-17,Onsite Store,58.59
23893771,68-686-398-919,F-079-1986,Store_2406,2018-06-10,Onsite Store,16.99
23893771,68-686-398-919,A-181-1998,Store_2406,2018-06-10,Onsite Store,71.59
23893771,68-686-398-919,J-109-1984,Store_2406,2018-06-10,Onsite Store,85.99
23893771,68-686-398-919,Z-226-2007,Store_2406,2018-06-10,Onsite Store,13.59
23893771,68-686-398-919,Z-121-2007,Store_2406,2018-06-10,Onsite Store,29.99
23893771,68-686-398-919,C-109-1995,Store_2406,2018-06-10,Onsite Store,105.59
23893771,68-686-398-919,G-244-1990,Store_2406,2018-06-10,Onsite Store,38.59
23893771,68-686-398-919,W-274-2007,Store_2406,2018-06-10,Onsite Store,28.59
23893772,68-686-398-919,I-190-2009,Store_2408,2018-01-20,Onsite Store,51.99
23893772,68-686-398-919,W-265-2015,Store_2408,2018-01-20,Onsite Store,126.99
23893773,68-686-398-919,V-016-1987,Store_2361,2018-01-05,Online Store,103.99
23893773,68-686-398-919,G-085-1991,Store_2361,2018-01-05,Online Store,90.99
23893774,76-768-727-334,J-124-2012,Store_2453,2018-07-26,Onsite Store,67.99
23893774,76-768-727-334,G-049-2015,Store_2453,2018-07-26,Onsite Store,46.99
23893774,76-768-727-334,Z-175-2008,Store_2453,2018-07-26,Onsite Store,66.99
23893775,76-768-727-334,Q-037-2008,Store_2396,2018-05-07,Online Store,64.59
23893775,76-768-727-334,J-016-1995,Store_2396,2018-05-07,Online Store,58.99
23893775,76-768-727-334,Z-082-2015,Store_2396,2018-05-07,Online Store,46.59
23893776,76-768-727-334,N-208-2013,Store_2454,2018-06-04,Onsite Store,46.59
23893776,76-768-727-334,I-265-1986,Store_2454,2018-06-04,Onsite Store,97.99
23893776,76-768-727-334,G-109-1992,Store_2454,2018-06-04,Onsite Store,40.99
23893777,76-768-727-334,H-178-1982,Store_2463,2018-11-26,Onsite Store,97.99
23893777,76-768-727-334,W-136-2005,Store_2463,2018-11-26,Onsite Store,97.99
23893777,76-768-727-334,I-037-1992,Store_2463,2018-11-26,Onsite Store,87.59
23893777,76-768-727-334,Q-160-1991,Store_2463,2018-11-26,Onsite Store,88.59
23893777,76-768-727-334,V-031-2002,Store_2463,2018-11-26,Onsite Store,61.59
23893777,76-768-727-334,Q-184-1992,Store_2463,2018-11-26,Onsite Store,48.99
23893777,76-768-727-334,I-199-1986,Store_2463,2018-11-26,Onsite Store,69.99
23893778,76-768-727-334,I-187-2007,Store_2466,2018-02-23,Onsite Store,96.59
23893778,76-768-727-334,A-259-2018,Store_2466,2018-02-23,Onsite Store,37.59
23893778,76-768-727-334,F-217-2006,Store_2466,2018-02-23,Onsite Store,106.59
23893778,76-768-727-334,V-265-2003,Store_2466,2018-02-23,Onsite Store,117.99
23893779,76-768-727-334,G-007-1982,Store_2405,2018-06-29,Onsite Store,42.59
23893779,76-768-727-334,F-226-1980,Store_2405,2018-06-29,Onsite Store,54.99
23893779,76-768-727-334,I-013-2006,Store_2405,2018-06-29,Onsite Store,12.99
23893779,76-768-727-334,Z-199-2000,Store_2405,2018-06-29,Onsite Store,50.59
23893779,76-768-727-334,J-211-2017,Store_2405,2018-06-29,Onsite Store,20.99
23893779,76-768-727-334,F-154-1987,Store_2405,2018-06-29,Onsite Store,10.59
23893779,76-768-727-334,B-271-2014,Store_2405,2018-06-29,Onsite Store,64.99
23893779,76-768-727-334,F-190-2003,Store_2405,2018-06-29,Onsite Store,109.59
23893780,76-768-727-334,A-262-1989,Store_2360,2018-07-21,Online Store,91.59
23893780,76-768-727-334,Z-022-1994,Store_2360,2018-07-21,Online Store,37.99
23893780,76-768-727-334,F-043-1997,Store_2360,2018-07-21,Online Store,81.59
23893780,76-768-727-334,V-277-1997,Store_2360,2018-07-21,Online Store,60.59
23893780,76-768-727-334,W-271-2013,Store_2360,2018-07-21,Online Store,66.99
23893781,76-768-727-334,F-250-2013,Store_2452,2018-10-02,Onsite Store,89.99
23893781,76-768-727-334,F-139-2004,Store_2452,2018-10-02,Onsite Store,77.99
23893781,76-768-727-334,J-199-1988,Store_2452,2018-10-02,Onsite Store,66.59
23893781,76-768-727-334,F-169-2001,Store_2452,2018-10-02,Onsite Store,78.59
23893781,76-768-727-334,G-229-1990,Store_2452,2018-10-02,Onsite Store,24.59
23893781,76-768-727-334,N-004-2002,Store_2452,2018-10-02,Onsite Store,72.59
23893781,76-768-727-334,Z-106-1998,Store_2452,2018-10-02,Onsite Store,92.99
23893781,76-768-727-334,C-199-1989,Store_2452,2018-10-02,Onsite Store,58.59
23893782,76-768-727-334,B-163-1985,Store_2357,2018-08-29,Online Store,63.99
23893782,76-768-727-334,B-286-1990,Store_2357,2018-08-29,Online Store,74.59
23893782,76-768-727-334,Q-034-2006,Store_2357,2018-08-29,Online Store,53.59
23893782,76-768-727-334,A-139-1996,Store_2357,2018-08-29,Online Store,87.99
23893783,64-645-752-219,N-088-1992,Store_2475,2018-09-11,Onsite Store,66.59
23893783,64-645-752-219,F-229-1984,Store_2475,2018-09-11,Onsite Store,97.99
23893783,64-645-752-219,A-097-2008,Store_2475,2018-09-11,Onsite Store,68.59
23893783,64-645-752-219,H-253-2006,Store_2475,2018-09-11,Onsite Store,53.59
23893783,64-645-752-219,W-115-1994,Store_2475,2018-09-11,Onsite Store,42.59
23893784,64-645-752-219,N-124-2008,Store_2385,2018-09-18,Online Store,73.99
23893784,64-645-752-219,A-229-2002,Store_2385,2018-09-18,Online Store,83.99
23893784,64-645-752-219,W-010-2012,Store_2385,2018-09-18,Online Store,33.59
23893785,64-645-752-219,F-169-2003,Store_2443,2018-04-02,Onsite Store,84.99
23893785,64-645-752-219,V-061-2014,Store_2443,2018-04-02,Onsite Store,68.99
23893785,64-645-752-219,A-046-1998,Store_2443,2018-04-02,Onsite Store,120.99
23893785,64-645-752-219,H-148-2002,Store_2443,2018-04-02,Onsite Store,55.99
23893785,64-645-752-219,G-082-1994,Store_2443,2018-04-02,Onsite Store,69.59
23893785,64-645-752-219,G-169-2006,Store_2443,2018-04-02,Onsite Store,81.59
23893785,64-645-752-219,A-277-1983,Store_2443,2018-04-02,Onsite Store,41.59
23893786,64-645-752-219,I-181-1993,Store_2450,2018-06-26,Onsite Store,38.59
23893786,64-645-752-219,F-019-1980,Store_2450,2018-06-26,Onsite Store,105.99
23893786,64-645-752-219,F-187-1984,Store_2450,2018-06-26,Onsite Store,51.59
23893786,64-645-752-219,F-196-2004,Store_2450,2018-06-26,Onsite Store,43.59
23893786,64-645-752-219,Z-061-2003,Store_2450,2018-06-26,Onsite Store,93.99
23893787,64-645-752-219,I-004-2018,Store_2477,2018-01-22,Onsite Store,73.59
23893787,64-645-752-219,Z-139-2005,Store_2477,2018-01-22,Onsite Store,59.99
23893787,64-645-752-219,G-085-1994,Store_2477,2018-01-22,Onsite Store,32.99
23893787,64-645-752-219,F-253-2002,Store_2477,2018-01-22,Onsite Store,97.99
23893787,64-645-752-219,F-079-1982,Store_2477,2018-01-22,Onsite Store,54.99
23893787,64-645-752-219,I-016-2009,Store_2477,2018-01-22,Onsite Store,49.99
23893787,64-645-752-219,F-160-1993,Store_2477,2018-01-22,Onsite Store,65.59
23893787,64-645-752-219,V-031-1992,Store_2477,2018-01-22,Onsite Store,97.59
23893787,64-645-752-219,N-070-1985,Store_2477,2018-01-22,Onsite Store,41.99
23893787,64-645-752-219,A-082-1986,Store_2477,2018-01-22,Onsite Store,88.59
23893788,64-645-752-219,F-013-2010,Store_2451,2018-04-28,Onsite Store,77.59
23893788,64-645-752-219,Z-130-1985,Store_2451,2018-04-28,Onsite Store,87.99
23893788,64-645-752-219,B-100-2002,Store_2451,2018-04-28,Onsite Store,81.59
23893788,64-645-752-219,B-271-2009,Store_2451,2018-04-28,Onsite Store,109.59
23893788,64-645-752-219,V-049-1998,Store_2451,2018-04-28,Onsite Store,79.99
23893788,64-645-752-219,H-259-1998,Store_2451,2018-04-28,Onsite Store,66.59
23893788,64-645-752-219,J-127-1989,Store_2451,2018-04-28,Onsite Store,97.59
23893789,64-645-752-219,C-211-2015,Store_2419,2018-12-18,Onsite Store,105.99
23893789,64-645-752-219,J-103-2006,Store_2419,2018-12-18,Onsite Store,36.59
23893789,64-645-752-219,Z-229-2011,Store_2419,2018-12-18,Onsite Store,84.59
23893789,64-645-752-219,G-238-2009,Store_2419,2018-12-18,Onsite Store,117.59
23893789,64-645-752-219,Q-253-2014,Store_2419,2018-12-18,Onsite Store,78.59
23893789,64-645-752-219,V-172-2005,Store_2419,2018-12-18,Onsite Store,36.99
23893790,64-645-752-219,I-100-2007,Store_2402,2018-03-04,Onsite Store,63.99
23893790,64-645-752-219,H-274-1986,Store_2402,2018-03-04,Onsite Store,125.99
23893790,64-645-752-219,C-130-1982,Store_2402,2018-03-04,Onsite Store,61.99
23893790,64-645-752-219,J-175-1985,Store_2402,2018-03-04,Onsite Store,56.99
23893791,64-645-752-219,B-187-1988,Store_2438,2018-02-22,Onsite Store,116.99
23893791,64-645-752-219,J-271-1987,Store_2438,2018-02-22,Onsite Store,56.59
23893791,64-645-752-219,G-256-2007,Store_2438,2018-02-22,Onsite Store,85.99
23893791,64-645-752-219,V-217-1981,Store_2438,2018-02-22,Onsite Store,42.59
23893792,24-242-727-573,W-232-2006,Store_2388,2018-01-27,Online Store,73.99
23893792,24-242-727-573,V-235-1983,Store_2388,2018-01-27,Online Store,74.59
23893792,24-242-727-573,H-289-2004,Store_2388,2018-01-27,Online Store,57.99
23893793,24-242-727-573,C-268-2013,Store_2418,2018-10-12,Onsite Store,82.59
23893793,24-242-727-573,B-016-2001,Store_2418,2018-10-12,Onsite Store,77.99
23893793,24-242-727-573,V-226-1988,Store_2418,2018-10-12,Onsite Store,119.99
23893793,24-242-727-573,B-175-2005,Store_2418,2018-10-12,Onsite Store,109.59
23893794,24-242-727-573,I-289-2000,Store_2473,2018-09-01,Onsite Store,28.59
23893794,24-242-727-573,F-043-2017,Store_2473,2018-09-01,Onsite Store,85.59
23893794,24-242-727-573,N-124-1991,Store_2473,2018-09-01,Onsite Store,71.99
23893794,24-242-727-573,I-145-2016,Store_2473,2018-09-01,Onsite Store,80.99
23893794,24-242-727-573,A-052-1985,Store_2473,2018-09-01,Onsite Store,39.59
23893795,24-242-727-573,I-022-1981,Store_2391,2018-03-14,Online Store,67.59
23893795,24-242-727-573,A-226-1986,Store_2391,2018-03-14,Online Store,73.59
23893795,24-242-727-573,A-247-1981,Store_2391,2018-03-14,Online Store,64.99
23893795,24-242-727-573,G-211-2015,Store_2391,2018-03-14,Online Store,61.99
23893795,24-242-727-573,V-271-1980,Store_2391,2018-03-14,Online Store,88.59
23893795,24-242-727-573,J-193-2014,Store_2391,2018-03-14,Online Store,32.59
23893796,24-242-727-573,Z-070-2012,Store_2413,2018-05-24,Onsite Store,76.59
23893796,24-242-727-573,J-232-1982,Store_2413,2018-05-24,Onsite Store,95.99
23893796,24-242-727-573,F-118-1998,Store_2413,2018-05-24,Onsite Store,33.99
23893796,24-242-727-573,J-220-2016,Store_2413,2018-05-24,Onsite Store,131.59
23893796,24-242-727-573,F-052-1986,Store_2413,2018-05-24,Onsite Store,61.99
23893796,24-242-727-573,G-214-2016,Store_2413,2018-05-24,Onsite Store,90.59
23893797,24-242-727-573,Z-022-2008,Store_2367,2018-03-12,Online Store,90.59
23893797,24-242-727-573,B-079-2017,Store_2367,2018-03-12,Online Store,59.99
23893797,24-242-727-573,I-142-2018,Store_2367,2018-03-12,Online Store,48.99
23893798,24-242-727-573,G-073-2011,Store_2430,2018-01-28,Onsite Store,87.99
23893799,24-242-727-573,H-256-1984,Store_2464,2018-11-08,Onsite Store,55.99
23893799,24-242-727-573,H-028-1997,Store_2464,2018-11-08,Onsite Store,39.99
23893800,24-242-727-573,W-241-1995,Store_2355,2018-09-23,Online Store,27.59
23893800,24-242-727-573,W-202-2013,Store_2355,2018-09-23,Online Store,64.99
23893800,24-242-727-573,N-199-2015,Store_2355,2018-09-23,Online Store,120.99
23893800,24-242-727-573,Z-298-2011,Store_2355,2018-09-23,Online Store,68.99
23893801,59-594-164-957,N-079-2004,Store_2432,2018-10-22,Onsite Store,71.59
23893802,59-594-164-957,W-220-2003,Store_2363,2018-05-06,Online Store,51.99
23893802,59-594-164-957,I-217-1988,Store_2363,2018-05-06,Online Store,84.99
23893802,59-594-164-957,I-043-1981,Store_2363,2018-05-06,Online Store,65.59
23893802,59-594-164-957,C-175-2017,Store_2363,2018-05-06,Online Store,85.99
23893802,59-594-164-957,Z-055-1998,Store_2363,2018-05-06,Online Store,44.99
23893803,59-594-164-957,V-040-1983,Store_2411,2018-02-28,Onsite Store,69.99
23893803,59-594-164-957,C-289-1998,Store_2411,2018-02-28,Onsite Store,41.59
23893803,59-594-164-957,A-031-2005,Store_2411,2018-02-28,Onsite Store,83.99
23893803,59-594-164-957,Z-193-2004,Store_2411,2018-02-28,Onsite Store,44.59
23893804,59-594-164-957,Q-031-2007,Store_2387,2018-01-11,Online Store,79.99
23893804,59-594-164-957,N-166-2018,Store_2387,2018-01-11,Online Store,97.99
23893804,59-594-164-957,J-241-1999,Store_2387,2018-01-11,Online Store,40.59
23893804,59-594-164-957,W-265-1987,Store_2387,2018-01-11,Online Store,32.59
23893804,59-594-164-957,C-283-2003,Store_2387,2018-01-11,Online Store,33.99
23893804,59-594-164-957,F-292-2007,Store_2387,2018-01-11,Online Store,100.59
23893805,59-594-164-957,J-028-2017,Store_2456,2018-03-08,Onsite Store,115.99
23893805,59-594-164-957,H-070-2017,Store_2456,2018-03-08,Onsite Store,73.59
23893805,59-594-164-957,V-172-1994,Store_2456,2018-03-08,Onsite Store,107.59
23893806,59-594-164-957,H-268-1992,Store_2349,2018-12-25,Online Store,96.59
23893806,59-594-164-957,W-151-2006,Store_2349,2018-12-25,Online Store,13.99
23893806,59-594-164-957,N-076-1993,Store_2349,2018-12-25,Online Store,77.99
23893806,59-594-164-957,B-106-2009,Store_2349,2018-12-25,Online Store,88.59
23893806,59-594-164-957,B-082-1993,Store_2349,2018-12-25,Online Store,93.59
23893806,59-594-164-957,Q-262-2004,Store_2349,2018-12-25,Online Store,47.99
23893806,59-594-164-957,G-262-1992,Store_2349,2018-12-25,Online Store,132.99
23893806,59-594-164-957,Q-154-1986,Store_2349,2018-12-25,Online Store,90.99
23893806,59-594-164-957,F-193-2012,Store_2349,2018-12-25,Online Store,69.99
23893806,59-594-164-957,N-037-2004,Store_2349,2018-12-25,Online Store,51.59
23893806,59-594-164-957,A-085-1993,Store_2349,2018-12-25,Online Store,115.99
23893807,59-594-164-957,H-196-1998,Store_2398,2018-08-20,Onsite Store,53.99
23893807,59-594-164-957,B-268-2002,Store_2398,2018-08-20,Onsite Store,74.99
23893807,59-594-164-957,G-100-2015,Store_2398,2018-08-20,Onsite Store,21.99
23893807,59-594-164-957,Z-115-1993,Store_2398,2018-08-20,Onsite Store,65.99
23893807,59-594-164-957,C-274-2010,Store_2398,2018-08-20,Onsite Store,41.99
23893808,59-594-164-957,Z-028-2008,Store_2465,2018-02-13,Onsite Store,95.59
23893808,59-594-164-957,Z-298-1996,Store_2465,2018-02-13,Onsite Store,60.99
23893808,59-594-164-957,Q-211-2015,Store_2465,2018-02-13,Onsite Store,113.99
23893809,59-594-164-957,Z-079-1985,Store_2455,2018-11-20,Onsite Store,75.59
23893809,59-594-164-957,Q-277-1993,Store_2455,2018-11-20,Onsite Store,122.59
23893809,59-594-164-957,Q-064-1985,Store_2455,2018-11-20,Onsite Store,99.99
23893809,59-594-164-957,B-007-1989,Store_2455,2018-11-20,Onsite Store,37.59
23893809,59-594-164-957,H-280-2014,Store_2455,2018-11-20,Onsite Store,68.59
23893809,59-594-164-957,B-244-2010,Store_2455,2018-11-20,Onsite Store,94.59
23893810,79-797-806-665,F-232-1997,Store_2414,2018-12-11,Onsite Store,109.59
23893811,79-797-806-665,B-208-1991,Store_2429,2018-06-17,Onsite Store,65.99
23893811,79-797-806-665,G-118-1989,Store_2429,2018-06-17,Onsite Store,65.59
23893811,79-797-806-665,I-034-2008,Store_2429,2018-06-17,Onsite Store,84.59
23893811,79-797-806-665,A-022-1984,Store_2429,2018-06-17,Onsite Store,64.99
23893812,79-797-806-665,F-136-2004,Store_2471,2018-05-15,Onsite Store,70.99
23893812,79-797-806-665,B-112-1999,Store_2471,2018-05-15,Onsite Store,62.99
23893812,79-797-806-665,V-136-1985,Store_2471,2018-05-15,Onsite Store,43.59
23893812,79-797-806-665,V-166-1994,Store_2471,2018-05-15,Onsite Store,71.99
23893812,79-797-806-665,G-034-1981,Store_2471,2018-05-15,Onsite Store,60.99
23893813,79-797-806-665,C-052-2013,Store_2436,2018-01-23,Onsite Store,69.59
23893813,79-797-806-665,N-202-2015,Store_2436,2018-01-23,Onsite Store,107.99
23893813,79-797-806-665,I-118-1998,Store_2436,2018-01-23,Onsite Store,79.59
23893813,79-797-806-665,F-073-1980,Store_2436,2018-01-23,Onsite Store,90.59
23893813,79-797-806-665,I-292-2015,Store_2436,2018-01-23,Onsite Store,106.99
23893813,79-797-806-665,J-151-1995,Store_2436,2018-01-23,Onsite Store,60.59
23893813,79-797-806-665,F-097-2003,Store_2436,2018-01-23,Onsite Store,61.99
23893813,79-797-806-665,Q-238-2013,Store_2436,2018-01-23,Onsite Store,60.99
23893814,79-797-806-665,Z-235-2001,Store_2399,2018-07-01,Onsite Store,95.99
23893814,79-797-806-665,F-121-1991,Store_2399,2018-07-01,Onsite Store,77.59
23893814,79-797-806-665,Q-124-1983,Store_2399,2018-07-01,Onsite Store,44.99
23893814,79-797-806-665,A-262-2001,Store_2399,2018-07-01,Onsite Store,85.99
23893814,79-797-806-665,V-154-2003,Store_2399,2018-07-01,Onsite Store,56.59
23893814,79-797-806-665,Q-100-1987,Store_2399,2018-07-01,Onsite Store,61.59
23893814,79-797-806-665,Z-103-1984,Store_2399,2018-07-01,Onsite Store,37.59
23893815,79-797-806-665,F-187-1994,Store_2386,2018-01-17,Online Store,69.99
23893815,79-797-806-665,V-274-2011,Store_2386,2018-01-17,Online Store,52.99
23893815,79-797-806-665,Q-205-2005,Store_2386,2018-01-17,Online Store,39.99
23893815,79-797-806-665,B-025-2010,Store_2386,2018-01-17,Online Store,55.99
23893815,79-797-806-665,G-001-2004,Store_2386,2018-01-17,Online Store,76.59
23893816,79-797-806-665,B-235-2002,Store_2474,2018-01-04,Onsite Store,85.59
23893816,79-797-806-665,I-088-2012,Store_2474,2018-01-04,Onsite Store,56.59
23893816,79-797-806-665,F-202-1987,Store_2474,2018-01-04,Onsite Store,34.59
23893817,79-797-806-665,I-091-1983,Store_2379,2018-03-19,Online Store,61.59
23893817,79-797-806-665,W-013-1989,Store_2379,2018-03-19,Online Store,52.59
23893817,79-797-806-665,H-181-2016,Store_2379,2018-03-19,Online Store,39.99
23893817,79-797-806-665,A-016-1998,Store_2379,2018-03-19,Online Store,70.99
23893817,79-797-806-665,V-208-2008,Store_2379,2018-03-19,Online Store,54.99
23893817,79-797-806-665,Q-238-1985,Store_2379,2018-03-19,Online Store,88.59
23893818,79-797-806-665,N-085-1993,Store_2416,2018-07-30,Onsite Store,104.99
23893818,79-797-806-665,I-184-1986,Store_2416,2018-07-30,Onsite Store,97.59
23893818,79-797-806-665,F-298-1992,Store_2416,2018-07-30,Onsite Store,96.59
23893818,79-797-806-665,B-076-1982,Store_2416,2018-07-30,Onsite Store,14.99
23893818,79-797-806-665,A-208-1995,Store_2416,2018-07-30,Onsite Store,110.99
23893818,79-797-806-665,F-109-2004,Store_2416,2018-07-30,Onsite Store,73.59
23893818,79-797-806-665,Z-043-2004,Store_2416,2018-07-30,Onsite Store,89.99
23893818,79-797-806-665,J-280-1980,Store_2416,2018-07-30,Onsite Store,92.99
23893819,81-811-561-448,A-088-1986,Store_2351,2018-06-03,Online Store,65.99
23893820,81-811-561-448,N-145-2004,Store_2415,2018-05-23,Onsite Store,59.59
23893820,81-811-561-448,A-121-2004,Store_2415,2018-05-23,Onsite Store,55.99
23893820,81-811-561-448,V-292-2011,Store_2415,2018-05-23,Onsite Store,88.99
23893820,81-811-561-448,C-073-2016,Store_2415,2018-05-23,Onsite Store,106.59
23893820,81-811-561-448,Q-190-2008,Store_2415,2018-05-23,Onsite Store,41.59
23893820,81-811-561-448,N-238-1984,Store_2415,2018-05-23,Onsite Store,94.59
23893821,81-811-561-448,J-133-1988,Store_2424,2018-11-03,Onsite Store,94.99
23893821,81-811-561-448,Q-241-1981,Store_2424,2018-11-03,Onsite Store,56.99
23893821,81-811-561-448,J-043-2014,Store_2424,2018-11-03,Onsite Store,80.59
23893821,81-811-561-448,W-295-2007,Store_2424,2018-11-03,Onsite Store,93.59
23893821,81-811-561-448,V-085-1998,Store_2424,2018-11-03,Onsite Store,85.99
23893821,81-811-561-448,B-106-1988,Store_2424,2018-11-03,Onsite Store,41.59
23893821,81-811-561-448,H-127-1982,Store_2424,2018-11-03,Onsite Store,26.99
23893821,81-811-561-448,B-052-1997,Store_2424,2018-11-03,Onsite Store,50.99
23893822,81-811-561-448,Z-121-1994,Store_2373,2018-05-22,Online Store,65.59
23893822,81-811-561-448,V-088-1997,Store_2373,2018-05-22,Online Store,30.99
23893822,81-811-561-448,Q-046-1998,Store_2373,2018-05-22,Online Store,64.99
23893822,81-811-561-448,G-007-1984,Store_2373,2018-05-22,Online Store,105.59
23893822,81-811-561-448,I-055-2001,Store_2373,2018-05-22,Online Store,77.59
23893822,81-811-561-448,Q-229-1988,Store_2373,2018-05-22,Online Store,119.59
23893822,81-811-561-448,B-187-1984,Store_2373,2018-05-22,Online Store,82.99
23893822,81-811-561-448,N-013-1990,Store_2373,2018-05-22,Online Store,83.59
23893822,81-811-561-448,J-274-2010,Store_2373,2018-05-22,Online Store,121.99
23893823,81-811-561-448,H-121-1993,Store_2384,2019-06-10,Online Store,74.99
23893823,81-811-561-448,Q-271-1986,Store_2384,2019-06-10,Online Store,20.99
23893823,81-811-561-448,B-172-1997,Store_2384,2019-06-10,Online Store,42.99
23893823,81-811-561-448,A-214-2016,Store_2384,2019-06-10,Online Store,50.59
23893823,81-811-561-448,W-031-1991,Store_2384,2019-06-10,Online Store,48.99
23893824,81-811-561-448,G-262-2009,Store_2468,2019-06-05,Onsite Store,67.59
23893824,81-811-561-448,N-133-2007,Store_2468,2019-06-05,Onsite Store,38.99
23893824,81-811-561-448,J-178-2017,Store_2468,2019-06-05,Onsite Store,71.59
23893824,81-811-561-448,Z-010-2011,Store_2468,2019-06-05,Onsite Store,59.59
23893825,81-811-561-448,N-094-1997,Store_2444,2019-12-04,Onsite Store,120.99
23893825,81-811-561-448,I-013-1981,Store_2444,2019-12-04,Onsite Store,103.99
23893825,81-811-561-448,B-124-1984,Store_2444,2019-12-04,Onsite Store,43.59
23893825,81-811-561-448,F-205-1985,Store_2444,2019-12-04,Onsite Store,48.59
23893825,81-811-561-448,F-202-2018,Store_2444,2019-12-04,Onsite Store,77.99
23893826,81-811-561-448,W-187-1992,Store_2354,2019-12-02,Online Store,93.59
23893826,81-811-561-448,N-220-1985,Store_2354,2019-12-02,Online Store,39.99
23893826,81-811-561-448,C-106-1999,Store_2354,2019-12-02,Online Store,80.59
23893826,81-811-561-448,C-088-1991,Store_2354,2019-12-02,Online Store,124.59
23893826,81-811-561-448,F-100-2002,Store_2354,2019-12-02,Online Store,89.99
23893826,81-811-561-448,G-028-1988,Store_2354,2019-12-02,Online Store,82.59
23893827,81-811-561-448,W-058-1998,Store_2431,2019-06-12,Onsite Store,63.99
23893827,81-811-561-448,B-250-1995,Store_2431,2019-06-12,Onsite Store,81.99
23893827,81-811-561-448,H-034-2003,Store_2431,2019-06-12,Onsite Store,82.59
23893827,81-811-561-448,H-205-2017,Store_2431,2019-06-12,Onsite Store,38.59
23893827,81-811-561-448,Z-298-1995,Store_2431,2019-06-12,Onsite Store,73.99
23893828,72-720-219-480,Q-034-2001,Store_2469,2019-12-16,Onsite Store,90.59
23893829,72-720-219-480,G-205-2003,Store_2407,2019-02-02,Onsite Store,42.99
23893829,72-720-219-480,I-037-2009,Store_2407,2019-02-02,Onsite Store,50.99
23893829,72-720-219-480,W-199-2018,Store_2407,2019-02-02,Onsite Store,89.59
23893829,72-720-219-480,C-286-1989,Store_2407,2019-02-02,Onsite Store,69.59
23893830,72-720-219-480,Z-133-1987,Store_2476,2019-11-06,Onsite Store,69.59
23893830,72-720-219-480,W-109-1989,Store_2476,2019-11-06,Onsite Store,89.59
23893830,72-720-219-480,Z-088-1981,Store_2476,2019-11-06,Onsite Store,63.99
23893830,72-720-219-480,F-235-1989,Store_2476,2019-11-06,Onsite Store,65.59
23893830,72-720-219-480,A-001-1990,Store_2476,2019-11-06,Onsite Store,129.99
23893830,72-720-219-480,I-100-2011,Store_2476,2019-11-06,Onsite Store,90.59
23893830,72-720-219-480,V-001-1985,Store_2476,2019-11-06,Onsite Store,19.59
23893830,72-720-219-480,V-085-2004,Store_2476,2019-11-06,Onsite Store,63.99
23893830,72-720-219-480,A-085-1995,Store_2476,2019-11-06,Onsite Store,28.99
23893831,72-720-219-480,J-016-2018,Store_2383,2019-04-05,Online Store,91.59
23893831,72-720-219-480,Q-211-2004,Store_2383,2019-04-05,Online Store,48.59
23893831,72-720-219-480,F-226-1992,Store_2383,2019-04-05,Online Store,20.59
23893831,72-720-219-480,J-259-2006,Store_2383,2019-04-05,Online Store,94.99
23893832,72-720-219-480,Z-229-1998,Store_2374,2019-09-16,Online Store,63.59
23893832,72-720-219-480,H-016-1985,Store_2374,2019-09-16,Online Store,54.59
23893832,72-720-219-480,G-271-2017,Store_2374,2019-09-16,Online Store,64.99
23893832,72-720-219-480,N-181-1998,Store_2374,2019-09-16,Online Store,69.99
23893833,72-720-219-480,V-040-1999,Store_2447,2019-04-21,Onsite Store,49.99
23893833,72-720-219-480,N-067-2001,Store_2447,2019-04-21,Onsite Store,55.99
23893833,72-720-219-480,F-124-1993,Store_2447,2019-04-21,Onsite Store,78.59
23893834,72-720-219-480,I-109-2016,Store_2425,2019-05-17,Onsite Store,44.99
23893834,72-720-219-480,Q-064-2009,Store_2425,2019-05-17,Onsite Store,75.99
23893835,72-720-219-480,B-295-1980,Store_2370,2019-03-03,Online Store,85.99
23893835,72-720-219-480,H-160-1992,Store_2370,2019-03-03,Online Store,25.99
23893835,72-720-219-480,W-280-1990,Store_2370,2019-03-03,Online Store,38.59
23893835,72-720-219-480,F-079-2008,Store_2370,2019-03-03,Online Store,83.59
23893835,72-720-219-480,F-157-1987,Store_2370,2019-03-03,Online Store,77.59
23893835,72-720-219-480,N-169-1986,Store_2370,2019-03-03,Online Store,32.99
23893836,72-720-219-480,Z-115-1997,Store_2412,2019-08-31,Onsite Store,60.99
23893836,72-720-219-480,Z-007-1986,Store_2412,2019-08-31,Onsite Store,48.59
23893836,72-720-219-480,A-142-2009,Store_2412,2019-08-31,Onsite Store,97.99
23893836,72-720-219-480,A-247-2015,Store_2412,2019-08-31,Onsite Store,62.59
23893836,72-720-219-480,G-247-1984,Store_2412,2019-08-31,Onsite Store,116.59
23893836,72-720-219-480,Q-148-2004,Store_2412,2019-08-31,Onsite Store,134.59
23893837,25-250-129-102,W-034-2005,Store_2403,2019-11-13,Onsite Store,42.99
23893838,25-250-129-102,H-007-2006,Store_2377,2019-07-07,Online Store,106.59
23893838,25-250-129-102,A-088-2013,Store_2377,2019-07-07,Online Store,138.59
23893838,25-250-129-102,G-187-1983,Store_2377,2019-07-07,Online Store,80.59
23893838,25-250-129-102,A-211-2017,Store_2377,2019-07-07,Online Store,62.99
23893838,25-250-129-102,C-154-1992,Store_2377,2019-07-07,Online Store,100.99
23893838,25-250-129-102,W-250-2002,Store_2377,2019-07-07,Online Store,106.99
23893838,25-250-129-102,I-007-2003,Store_2377,2019-07-07,Online Store,53.59
23893839,25-250-129-102,W-142-1993,Store_2376,2019-08-03,Online Store,51.59
23893839,25-250-129-102,C-040-2001,Store_2376,2019-08-03,Online Store,28.99
23893839,25-250-129-102,Q-241-2011,Store_2376,2019-08-03,Online Store,76.99
23893839,25-250-129-102,N-058-1997,Store_2376,2019-08-03,Online Store,80.99
23893839,25-250-129-102,N-172-1982,Store_2376,2019-08-03,Online Store,68.99
23893839,25-250-129-102,N-001-1981,Store_2376,2019-08-03,Online Store,95.59
23893839,25-250-129-102,N-091-2005,Store_2376,2019-08-03,Online Store,90.59
23893839,25-250-129-102,H-157-2012,Store_2376,2019-08-03,Online Store,138.59
23893839,25-250-129-102,C-067-1991,Store_2376,2019-08-03,Online Store,69.59
23893839,25-250-129-102,V-040-2014,Store_2376,2019-08-03,Online Store,67.99
23893839,25-250-129-102,N-157-1982,Store_2376,2019-08-03,Online Store,29.99
23893840,25-250-129-102,Q-214-1997,Store_2439,2019-01-05,Onsite Store,22.99
23893840,25-250-129-102,G-277-2005,Store_2439,2019-01-05,Onsite Store,41.99
23893841,25-250-129-102,I-127-1985,Store_2460,2019-11-04,Onsite Store,60.99
23893841,25-250-129-102,Q-205-2001,Store_2460,2019-11-04,Onsite Store,72.59
23893841,25-250-129-102,J-262-2016,Store_2460,2019-11-04,Onsite Store,97.59
23893841,25-250-129-102,A-046-1986,Store_2460,2019-11-04,Onsite Store,56.99
23893841,25-250-129-102,F-253-1990,Store_2460,2019-11-04,Onsite Store,129.59
23893841,25-250-129-102,C-064-2017,Store_2460,2019-11-04,Onsite Store,76.59
23893841,25-250-129-102,F-094-2000,Store_2460,2019-11-04,Onsite Store,46.99
23893842,25-250-129-102,B-052-1993,Store_2369,2019-04-05,Online Store,27.59
23893842,25-250-129-102,A-121-1980,Store_2369,2019-04-05,Online Store,96.99
23893842,25-250-129-102,F-007-2011,Store_2369,2019-04-05,Online Store,59.59
23893842,25-250-129-102,V-187-1997,Store_2369,2019-04-05,Online Store,48.59
23893842,25-250-129-102,F-118-2000,Store_2369,2019-04-05,Online Store,90.59
23893842,25-250-129-102,A-277-2003,Store_2369,2019-04-05,Online Store,27.99
23893842,25-250-129-102,B-142-1986,Store_2369,2019-04-05,Online Store,90.59
23893842,25-250-129-102,Z-055-2005,Store_2369,2019-04-05,Online Store,83.59
23893843,25-250-129-102,G-292-2009,Store_2365,2019-02-13,Online Store,67.59
23893843,25-250-129-102,B-124-1987,Store_2365,2019-02-13,Online Store,89.99
23893843,25-250-129-102,F-106-1984,Store_2365,2019-02-13,Online Store,138.99
23893844,25-250-129-102,I-025-2018,Store_2422,2019-10-15,Onsite Store,86.59
23893844,25-250-129-102,F-151-2015,Store_2422,2019-10-15,Onsite Store,101.59
23893844,25-250-129-102,G-268-1989,Store_2422,2019-10-15,Onsite Store,80.59
23893844,25-250-129-102,V-211-2016,Store_2422,2019-10-15,Onsite Store,73.59
23893844,25-250-129-102,A-118-2001,Store_2422,2019-10-15,Onsite Store,32.99
23893844,25-250-129-102,F-106-1995,Store_2422,2019-10-15,Onsite Store,108.59
23893844,25-250-129-102,W-070-2012,Store_2422,2019-10-15,Onsite Store,47.99
23893844,25-250-129-102,W-052-1996,Store_2422,2019-10-15,Onsite Store,53.99
23893844,25-250-129-102,J-004-2011,Store_2422,2019-10-15,Onsite Store,56.99
23893844,25-250-129-102,J-265-1992,Store_2422,2019-10-15,Onsite Store,73.99
23893845,25-250-129-102,V-043-1997,Store_2421,2019-03-27,Onsite Store,81.99
23893845,25-250-129-102,B-106-2005,Store_2421,2019-03-27,Onsite Store,17.59
23893845,25-250-129-102,H-163-2016,Store_2421,2019-03-27,Onsite Store,73.59
23893846,29-298-881-174,B-214-1994,Store_2381,2019-09-01,Online Store,53.99
23893846,29-298-881-174,J-253-1989,Store_2381,2019-09-01,Online Store,79.59
23893846,29-298-881-174,A-130-2009,Store_2381,2019-09-01,Online Store,50.59
23893846,29-298-881-174,W-067-1982,Store_2381,2019-09-01,Online Store,27.59
23893846,29-298-881-174,A-265-1983,Store_2381,2019-09-01,Online Store,66.59
23893846,29-298-881-174,B-055-1981,Store_2381,2019-09-01,Online Store,84.59
23893846,29-298-881-174,G-250-1985,Store_2381,2019-09-01,Online Store,54.59
23893846,29-298-881-174,J-244-1994,Store_2381,2019-09-01,Online Store,86.99
23893846,29-298-881-174,B-298-1991,Store_2381,2019-09-01,Online Store,94.59
23893846,29-298-881-174,B-136-2008,Store_2381,2019-09-01,Online Store,29.99
23893847,29-298-881-174,I-028-1995,Store_2442,2019-08-19,Onsite Store,95.99
23893847,29-298-881-174,W-160-1991,Store_2442,2019-08-19,Onsite Store,81.99
23893847,29-298-881-174,C-103-1994,Store_2442,2019-08-19,Onsite Store,89.99
23893847,29-298-881-174,N-046-2004,Store_2442,2019-08-19,Onsite Store,19.99
23893848,29-298-881-174,C-142-2018,Store_2449,2019-04-29,Onsite Store,78.59
23893848,29-298-881-174,F-118-1981,Store_2449,2019-04-29,Onsite Store,108.59
23893848,29-298-881-174,A-010-1995,Store_2449,2019-04-29,Onsite Store,69.59
23893848,29-298-881-174,G-193-2008,Store_2449,2019-04-29,Onsite Store,90.99
23893848,29-298-881-174,H-259-1983,Store_2449,2019-04-29,Onsite Store,83.99
23893848,29-298-881-174,F-121-1997,Store_2449,2019-04-29,Onsite Store,52.99
23893848,29-298-881-174,J-157-2002,Store_2449,2019-04-29,Onsite Store,124.59
23893848,29-298-881-174,H-211-2016,Store_2449,2019-04-29,Onsite Store,75.59
23893848,29-298-881-174,I-073-1998,Store_2449,2019-04-29,Onsite Store,65.59
23893848,29-298-881-174,W-241-2016,Store_2449,2019-04-29,Onsite Store,40.99
23893848,29-298-881-174,V-274-2005,Store_2449,2019-04-29,Onsite Store,78.99
23893848,29-298-881-174,C-277-1990,Store_2449,2019-04-29,Onsite Store,64.59
23893848,29-298-881-174,Z-196-1994,Store_2449,2019-04-29,Onsite Store,53.59
23893849,29-298-881-174,G-259-1994,Store_2358,2019-10-03,Online Store,62.99
23893849,29-298-881-174,H-202-1982,Store_2358,2019-10-03,Online Store,44.59
23893849,29-298-881-174,Q-022-1985,Store_2358,2019-10-03,Online Store,34.59
23893850,29-298-881-174,Q-145-2014,Store_2366,2019-06-03,Online Store,70.59
23893850,29-298-881-174,A-055-1988,Store_2366,2019-06-03,Online Store,60.59
23893850,29-298-881-174,W-109-2015,Store_2366,2019-06-03,Online Store,51.59
23893850,29-298-881-174,V-205-2004,Store_2366,2019-06-03,Online Store,26.99
23893850,29-298-881-174,W-169-2013,Store_2366,2019-06-03,Online Store,64.99
23893851,29-298-881-174,B-280-1985,Store_2378,2019-10-08,Online Store,32.59
23893851,29-298-881-174,G-154-1990,Store_2378,2019-10-08,Online Store,78.99
23893851,29-298-881-174,J-001-2007,Store_2378,2019-10-08,Online Store,50.99
23893851,29-298-881-174,I-241-2003,Store_2378,2019-10-08,Online Store,71.59
23893851,29-298-881-174,Q-286-2017,Store_2378,2019-10-08,Online Store,78.59
23893852,29-298-881-174,N-133-1997,Store_2423,2019-10-30,Onsite Store,49.99
23893852,29-298-881-174,F-115-2009,Store_2423,2019-10-30,Onsite Store,82.99
23893852,29-298-881-174,B-028-2001,Store_2423,2019-10-30,Onsite Store,108.59
23893852,29-298-881-174,F-274-1980,Store_2423,2019-10-30,Onsite Store,111.59
23893852,29-298-881-174,C-196-1985,Store_2423,2019-10-30,Onsite Store,114.59
23893852,29-298-881-174,Q-211-1986,Store_2423,2019-10-30,Onsite Store,133.99
23893853,29-298-881-174,G-202-1985,Store_2467,2019-05-18,Onsite Store,70.99
23893854,29-298-881-174,J-178-2017,Store_2426,2019-12-18,Onsite Store,71.59
23893854,29-298-881-174,I-046-1996,Store_2426,2019-12-18,Onsite Store,52.59
23893855,73-731-264-771,N-211-1999,Store_2392,2019-10-04,Online Store,110.99
23893855,73-731-264-771,N-295-2009,Store_2392,2019-10-04,Online Store,93.59
23893855,73-731-264-771,J-019-1988,Store_2392,2019-10-04,Online Store,43.59
23893855,73-731-264-771,W-181-2003,Store_2392,2019-10-04,Online Store,75.59
23893856,73-731-264-771,N-289-1998,Store_2375,2019-12-29,Online Store,71.59
23893856,73-731-264-771,I-154-2000,Store_2375,2019-12-29,Online Store,116.59
23893856,73-731-264-771,G-046-1990,Store_2375,2019-12-29,Online Store,81.99
23893856,73-731-264-771,I-070-2003,Store_2375,2019-12-29,Online Store,70.99
23893857,73-731-264-771,H-094-1983,Store_2350,2019-10-09,Online Store,73.59
23893857,73-731-264-771,Z-166-2015,Store_2350,2019-10-09,Online Store,72.59
23893857,73-731-264-771,Q-298-1987,Store_2350,2019-10-09,Online Store,69.99
23893857,73-731-264-771,V-073-1994,Store_2350,2019-10-09,Online Store,84.59
23893857,73-731-264-771,V-169-2000,Store_2350,2019-10-09,Online Store,58.59
23893857,73-731-264-771,F-199-2015,Store_2350,2019-10-09,Online Store,43.59
23893858,73-731-264-771,J-109-2008,Store_2400,2019-08-04,Onsite Store,49.99
23893858,73-731-264-771,C-121-2009,Store_2400,2019-08-04,Onsite Store,36.99
23893858,73-731-264-771,Q-169-2005,Store_2400,2019-08-04,Onsite Store,61.59
23893858,73-731-264-771,C-184-1982,Store_2400,2019-08-04,Onsite Store,65.99
23893858,73-731-264-771,Z-148-2005,Store_2400,2019-08-04,Onsite Store,62.99
23893858,73-731-264-771,A-109-2018,Store_2400,2019-08-04,Onsite Store,51.99
23893858,73-731-264-771,V-268-1992,Store_2400,2019-08-04,Onsite Store,36.99
23893858,73-731-264-771,B-100-2005,Store_2400,2019-08-04,Onsite Store,18.99
23893859,73-731-264-771,W-013-2009,Store_2356,2019-08-25,Online Store,46.59
23893859,73-731-264-771,A-055-1980,Store_2356,2019-08-25,Online Store,36.99
23893859,73-731-264-771,F-061-1989,Store_2356,2019-08-25,Online Store,81.59
23893859,73-731-264-771,F-151-1985,Store_2356,2019-08-25,Online Store,78.99
23893859,73-731-264-771,F-280-2012,Store_2356,2019-08-25,Online Store,43.59
23893859,73-731-264-771,J-196-1982,Store_2356,2019-08-25,Online Store,60.59
23893859,73-731-264-771,F-178-1999,Store_2356,2019-08-25,Online Store,54.59
23893860,73-731-264-771,Q-064-1988,Store_2409,2019-09-13,Onsite Store,49.99
23893860,73-731-264-771,A-091-1998,Store_2409,2019-09-13,Onsite Store,73.59
23893860,73-731-264-771,B-004-1988,Store_2409,2019-09-13,Onsite Store,82.99
23893860,73-731-264-771,Z-022-2004,Store_2409,2019-09-13,Onsite Store,75.59
23893860,73-731-264-771,A-124-1989,Store_2409,2019-09-13,Onsite Store,110.59
23893861,73-731-264-771,V-049-1996,Store_2371,2019-05-14,Online Store,42.59
23893861,73-731-264-771,B-235-1993,Store_2371,2019-05-14,Online Store,29.59
23893861,73-731-264-771,Z-244-1989,Store_2371,2019-05-14,Online Store,51.99
23893861,73-731-264-771,B-136-2015,Store_2371,2019-05-14,Online Store,46.59
23893861,73-731-264-771,I-184-1999,Store_2371,2019-05-14,Online Store,34.59
23893861,73-731-264-771,C-298-2002,Store_2371,2019-05-14,Online Store,35.99
23893861,73-731-264-771,Q-049-1987,Store_2371,2019-05-14,Online Store,73.99
23893862,73-731-264-771,V-097-1990,Store_2433,2019-02-07,Onsite Store,115.59
23893863,73-731-264-771,B-202-2015,Store_2389,2019-10-22,Online Store,29.99
23893863,73-731-264-771,N-226-1980,Store_2389,2019-10-22,Online Store,90.99
23893863,73-731-264-771,A-151-2003,Store_2389,2019-10-22,Online Store,119.99
23893863,73-731-264-771,W-223-2005,Store_2389,2019-10-22,Online Store,110.99
23893863,73-731-264-771,C-097-1985,Store_2389,2019-10-22,Online Store,45.59
23893863,73-731-264-771,G-010-2003,Store_2389,2019-10-22,Online Store,38.99
23893863,73-731-264-771,I-256-2013,Store_2389,2019-10-22,Online Store,100.99
23893864,96-964-355-230,C-160-2018,Store_2435,2019-03-09,Onsite Store,49.59
23893864,96-964-355-230,H-205-1999,Store_2435,2019-03-09,Onsite Store,49.59
23893864,96-964-355-230,Z-298-2010,Store_2435,2019-03-09,Onsite Store,63.59
23893864,96-964-355-230,F-142-2003,Store_2435,2019-03-09,Onsite Store,48.59
23893865,96-964-355-230,J-043-1980,Store_2352,2019-07-09,Online Store,70.59
23893865,96-964-355-230,G-187-2002,Store_2352,2019-07-09,Online Store,82.59
23893865,96-964-355-230,C-061-1988,Store_2352,2019-07-09,Online Store,12.99
23893865,96-964-355-230,Q-298-2002,Store_2352,2019-07-09,Online Store,37.99
23893865,96-964-355-230,C-262-2008,Store_2352,2019-07-09,Online Store,27.99
23893865,96-964-355-230,I-220-1989,Store_2352,2019-07-09,Online Store,64.59
23893865,96-964-355-230,A-289-1992,Store_2352,2019-07-09,Online Store,62.99
23893866,96-964-355-230,I-205-1997,Store_2404,2019-01-01,Onsite Store,91.99
23893866,96-964-355-230,G-247-2000,Store_2404,2019-01-01,Onsite Store,73.99
23893866,96-964-355-230,J-094-1986,Store_2404,2019-01-01,Onsite Store,73.99
23893866,96-964-355-230,Z-130-1981,Store_2404,2019-01-01,Onsite Store,44.59
23893866,96-964-355-230,A-040-1983,Store_2404,2019-01-01,Onsite Store,30.59
23893867,96-964-355-230,F-295-1995,Store_2362,2019-06-11,Online Store,76.59
23893868,96-964-355-230,V-106-2007,Store_2461,2019-02-07,Onsite Store,53.99
23893868,96-964-355-230,B-139-1989,Store_2461,2019-02-07,Onsite Store,67.99
23893868,96-964-355-230,W-154-1989,Store_2461,2019-02-07,Onsite Store,82.99
23893869,96-964-355-230,V-142-1998,Store_2397,2019-06-16,Online Store,43.59
23893869,96-964-355-230,N-016-1981,Store_2397,2019-06-16,Online Store,42.59
23893869,96-964-355-230,C-169-2004,Store_2397,2019-06-16,Online Store,60.99
23893869,96-964-355-230,V-208-1993,Store_2397,2019-06-16,Online Store,104.59
23893869,96-964-355-230,Z-178-2014,Store_2397,2019-06-16,Online Store,72.99
23893869,96-964-355-230,A-154-2012,Store_2397,2019-06-16,Online Store,60.99
23893869,96-964-355-230,C-055-2002,Store_2397,2019-06-16,Online Store,38.99
23893870,96-964-355-230,N-034-2007,Store_2359,2019-05-19,Online Store,44.59
23893870,96-964-355-230,I-055-1980,Store_2359,2019-05-19,Online Store,32.59
23893870,96-964-355-230,J-127-2012,Store_2359,2019-05-19,Online Store,86.59
23893870,96-964-355-230,F-058-1989,Store_2359,2019-05-19,Online Store,46.99
23893870,96-964-355-230,G-223-2004,Store_2359,2019-05-19,Online Store,75.99
23893871,96-964-355-230,Q-265-2011,Store_2462,2019-12-30,Onsite Store,63.99
23893871,96-964-355-230,Q-295-1999,Store_2462,2019-12-30,Onsite Store,55.59
23893871,96-964-355-230,I-175-2002,Store_2462,2019-12-30,Onsite Store,8.99
23893872,96-964-355-230,Q-058-2011,Store_2437,2019-06-30,Onsite Store,59.59
23893872,96-964-355-230,Z-070-2018,Store_2437,2019-06-30,Onsite Store,47.59
23893872,96-964-355-230,W-277-2004,Store_2437,2019-06-30,Onsite Store,52.59
23893873,59-590-148-600,G-280-2009,Store_2445,2019-09-28,Onsite Store,17.99
23893873,59-590-148-600,J-154-2015,Store_2445,2019-09-28,Onsite Store,110.59
23893873,59-590-148-600,N-175-2015,Store_2445,2019-09-28,Onsite Store,56.99
23893873,59-590-148-600,N-190-2009,Store_2445,2019-09-28,Onsite Store,113.99
23893873,59-590-148-600,A-274-2004,Store_2445,2019-09-28,Onsite Store,67.59
23893873,59-590-148-600,F-058-2014,Store_2445,2019-09-28,Onsite Store,72.59
23893874,59-590-148-600,A-187-1987,Store_2395,2019-06-30,Online Store,87.99
23893874,59-590-148-600,B-106-1983,Store_2395,2019-06-30,Online Store,108.99
23893874,59-590-148-600,Z-199-1999,Store_2395,2019-06-30,Online Store,65.99
23893874,59-590-148-600,J-193-2009,Store_2395,2019-06-30,Online Store,77.59
23893874,59-590-148-600,Z-013-2012,Store_2395,2019-06-30,Online Store,64.99
23893874,59-590-148-600,F-250-1985,Store_2395,2019-06-30,Online Store,38.59
23893874,59-590-148-600,W-202-2001,Store_2395,2019-06-30,Online Store,100.59
23893875,59-590-148-600,H-007-2006,Store_2434,2019-10-25,Onsite Store,106.59
23893875,59-590-148-600,V-160-1983,Store_2434,2019-10-25,Onsite Store,62.59
23893876,59-590-148-600,B-247-1992,Store_2401,2019-03-23,Onsite Store,101.59
23893876,59-590-148-600,B-040-1981,Store_2401,2019-03-23,Onsite Store,61.99
23893876,59-590-148-600,W-112-2008,Store_2401,2019-03-23,Onsite Store,89.59
23893876,59-590-148-600,H-052-1997,Store_2401,2019-03-23,Onsite Store,108.99
23893877,59-590-148-600,H-061-1991,Store_2382,2019-06-25,Online Store,70.59
23893877,59-590-148-600,H-043-1987,Store_2382,2019-06-25,Online Store,47.59
23893878,59-590-148-600,V-085-1995,Store_2457,2019-06-23,Onsite Store,84.99
23893878,59-590-148-600,N-241-2014,Store_2457,2019-06-23,Onsite Store,73.99
23893878,59-590-148-600,A-097-2011,Store_2457,2019-06-23,Onsite Store,70.99
23893879,59-590-148-600,F-127-1984,Store_2417,2019-08-08,Onsite Store,41.99
23893879,59-590-148-600,G-265-2002,Store_2417,2019-08-08,Onsite Store,73.99
23893879,59-590-148-600,V-148-2011,Store_2417,2019-08-08,Onsite Store,37.99
23893879,59-590-148-600,V-085-2014,Store_2417,2019-08-08,Onsite Store,73.99
23893879,59-590-148-600,C-142-2018,Store_2417,2019-08-08,Onsite Store,78.59
23893879,59-590-148-600,W-205-1991,Store_2417,2019-08-08,Onsite Store,50.59
23893880,59-590-148-600,W-175-1984,Store_2390,2019-06-20,Online Store,61.99
23893880,59-590-148-600,N-088-1993,Store_2390,2019-06-20,Online Store,95.99
23893880,59-590-148-600,B-040-1998,Store_2390,2019-06-20,Online Store,74.99
23893880,59-590-148-600,B-208-1992,Store_2390,2019-06-20,Online Store,61.99
23893881,59-590-148-600,A-235-2008,Store_2428,2019-06-11,Onsite Store,92.59
23893881,59-590-148-600,C-085-1994,Store_2428,2019-06-11,Onsite Store,54.99
23893881,59-590-148-600,C-277-1980,Store_2428,2019-06-11,Onsite Store,72.99
23893881,59-590-148-600,J-244-1982,Store_2428,2019-06-11,Onsite Store,41.99
23893881,59-590-148-600,Q-040-1994,Store_2428,2019-06-11,Onsite Store,63.59
23893881,59-590-148-600,V-235-2017,Store_2428,2019-06-11,Onsite Store,64.59
23893881,59-590-148-600,H-067-1987,Store_2428,2019-06-11,Onsite Store,87.99
23893881,59-590-148-600,W-013-1988,Store_2428,2019-06-11,Onsite Store,3.99
23893881,59-590-148-600,W-172-1999,Store_2428,2019-06-11,Onsite Store,69.59
23893881,59-590-148-600,H-148-2016,Store_2428,2019-06-11,Onsite Store,41.59
23893881,59-590-148-600,V-274-2006,Store_2428,2019-06-11,Onsite Store,60.59
23893882,38-380-588-730,G-052-2002,Store_2348,2019-06-01,Online Store,67.59
23893882,38-380-588-730,W-001-2016,Store_2348,2019-06-01,Online Store,125.59
23893882,38-380-588-730,A-214-1994,Store_2348,2019-06-01,Online Store,35.99
23893882,38-380-588-730,G-217-2015,Store_2348,2019-06-01,Online Store,91.59
23893882,38-380-588-730,G-070-2008,Store_2348,2019-06-01,Online Store,54.59
23893882,38-380-588-730,N-061-2007,Store_2348,2019-06-01,Online Store,20.99
23893882,38-380-588-730,G-151-1989,Store_2348,2019-06-01,Online Store,82.99
23893883,38-380-588-730,B-136-2007,Store_2472,2019-11-15,Onsite Store,43.59
23893884,38-380-588-730,N-256-1980,Store_2353,2019-03-17,Online Store,68.59
23893884,38-380-588-730,A-190-2008,Store_2353,2019-03-17,Online Store,49.59
23893884,38-380-588-730,Z-295-1996,Store_2353,2019-03-17,Online Store,54.99
23893884,38-380-588-730,J-130-1997,Store_2353,2019-03-17,Online Store,106.59
23893884,38-380-588-730,Q-079-1983,Store_2353,2019-03-17,Online Store,51.99
23893885,38-380-588-730,H-016-1989,Store_2470,2019-06-22,Onsite Store,105.59
23893885,38-380-588-730,W-094-2002,Store_2470,2019-06-22,Onsite Store,103.99
23893886,38-380-588-730,N-142-1995,Store_2430,2019-08-19,Onsite Store,39.59
23893886,38-380-588-730,Q-094-1984,Store_2430,2019-08-19,Onsite Store,58.59
23893886,38-380-588-730,Q-169-2012,Store_2430,2019-08-19,Onsite Store,66.59
23893886,38-380-588-730,A-100-2009,Store_2430,2019-08-19,Onsite Store,66.59
23893886,38-380-588-730,F-262-2012,Store_2430,2019-08-19,Onsite Store,24.59
23893887,38-380-588-730,H-070-1988,Store_2447,2019-10-06,Onsite Store,10.59
23893887,38-380-588-730,A-091-2006,Store_2447,2019-10-06,Onsite Store,48.99
23893887,38-380-588-730,F-100-1983,Store_2447,2019-10-06,Onsite Store,103.59
23893887,38-380-588-730,A-232-1983,Store_2447,2019-10-06,Onsite Store,56.99
23893887,38-380-588-730,G-232-2000,Store_2447,2019-10-06,Onsite Store,75.59
23893887,38-380-588-730,Q-244-1981,Store_2447,2019-10-06,Onsite Store,35.99
23893887,38-380-588-730,N-184-2003,Store_2447,2019-10-06,Onsite Store,60.99
23893888,38-380-588-730,A-238-1999,Store_2366,2019-04-28,Online Store,61.59
23893888,38-380-588-730,A-271-2016,Store_2366,2019-04-28,Online Store,66.59
23893888,38-380-588-730,A-010-1984,Store_2366,2019-04-28,Online Store,44.59
23893888,38-380-588-730,C-073-2017,Store_2366,2019-04-28,Online Store,41.99
23893889,38-380-588-730,C-112-1988,Store_2458,2019-02-25,Onsite Store,30.99
23893889,38-380-588-730,Q-208-2007,Store_2458,2019-02-25,Onsite Store,51.59
23893889,38-380-588-730,A-034-2005,Store_2458,2019-02-25,Onsite Store,34.59
23893889,38-380-588-730,W-091-2007,Store_2458,2019-02-25,Onsite Store,60.59
23893889,38-380-588-730,Z-028-1999,Store_2458,2019-02-25,Onsite Store,19.99
23893889,38-380-588-730,N-280-1986,Store_2458,2019-02-25,Onsite Store,95.99
23893889,38-380-588-730,H-259-2001,Store_2458,2019-02-25,Onsite Store,16.59
23893889,38-380-588-730,N-214-1999,Store_2458,2019-02-25,Onsite Store,21.59
23893889,38-380-588-730,H-139-2010,Store_2458,2019-02-25,Onsite Store,74.99
23893889,38-380-588-730,Q-169-2004,Store_2458,2019-02-25,Onsite Store,52.99
23893889,38-380-588-730,G-124-1990,Store_2458,2019-02-25,Onsite Store,67.99
23893890,38-380-588-730,H-052-1993,Store_2431,2019-02-08,Onsite Store,100.59
23893890,38-380-588-730,Q-265-2010,Store_2431,2019-02-08,Onsite Store,96.59
23893890,38-380-588-730,Q-172-2008,Store_2431,2019-02-08,Onsite Store,73.99
23893890,38-380-588-730,F-226-2001,Store_2431,2019-02-08,Onsite Store,83.99
23893890,38-380-588-730,G-133-2015,Store_2431,2019-02-08,Onsite Store,45.99
23893890,38-380-588-730,G-160-2005,Store_2431,2019-02-08,Onsite Store,46.59
23893890,38-380-588-730,N-262-1984,Store_2431,2019-02-08,Onsite Store,45.59
23893890,38-380-588-730,F-037-2006,Store_2431,2019-02-08,Onsite Store,47.59
23893890,38-380-588-730,J-133-1983,Store_2431,2019-02-08,Onsite Store,17.59
23893891,83-830-429-290,G-286-2007,Store_2356,2019-12-06,Online Store,67.59
23893891,83-830-429-290,G-211-2013,Store_2356,2019-12-06,Online Store,56.59
23893891,83-830-429-290,C-148-2010,Store_2356,2019-12-06,Online Store,71.59
23893891,83-830-429-290,G-046-2003,Store_2356,2019-12-06,Online Store,40.99
23893891,83-830-429-290,Z-025-1994,Store_2356,2019-12-06,Online Store,90.99
23893891,83-830-429-290,N-040-1989,Store_2356,2019-12-06,Online Store,59.59
23893891,83-830-429-290,I-220-1994,Store_2356,2019-12-06,Online Store,84.59
23893891,83-830-429-290,Z-184-2004,Store_2356,2019-12-06,Online Store,53.99
23893891,83-830-429-290,H-040-2001,Store_2356,2019-12-06,Online Store,96.99
23893891,83-830-429-290,N-277-2014,Store_2356,2019-12-06,Online Store,102.59
23893891,83-830-429-290,V-157-1983,Store_2356,2019-12-06,Online Store,47.99
23893891,83-830-429-290,A-088-1984,Store_2356,2019-12-06,Online Store,63.99
23893891,83-830-429-290,Q-229-1990,Store_2356,2019-12-06,Online Store,73.59
23893892,83-830-429-290,V-268-2010,Store_2430,2019-09-15,Onsite Store,61.99
23893892,83-830-429-290,W-106-1991,Store_2430,2019-09-15,Onsite Store,85.59
23893892,83-830-429-290,J-289-1994,Store_2430,2019-09-15,Onsite Store,95.99
23893892,83-830-429-290,J-049-2000,Store_2430,2019-09-15,Onsite Store,54.99
23893892,83-830-429-290,W-256-2005,Store_2430,2019-09-15,Onsite Store,108.99
23893893,83-830-429-290,A-265-2004,Store_2388,2019-07-09,Online Store,57.99
23893893,83-830-429-290,G-286-1994,Store_2388,2019-07-09,Online Store,71.59
23893893,83-830-429-290,N-205-2009,Store_2388,2019-07-09,Online Store,87.59
23893893,83-830-429-290,V-241-1995,Store_2388,2019-07-09,Online Store,88.99
23893894,83-830-429-290,A-028-1998,Store_2463,2019-06-18,Onsite Store,56.59
23893894,83-830-429-290,C-199-1998,Store_2463,2019-06-18,Onsite Store,59.99
23893894,83-830-429-290,W-013-2004,Store_2463,2019-06-18,Onsite Store,39.59
23893894,83-830-429-290,N-247-1995,Store_2463,2019-06-18,Onsite Store,57.59
23893894,83-830-429-290,Q-040-2003,Store_2463,2019-06-18,Onsite Store,41.99
23893894,83-830-429-290,H-253-2000,Store_2463,2019-06-18,Onsite Store,80.99
23893894,83-830-429-290,A-037-1999,Store_2463,2019-06-18,Onsite Store,97.59
23893894,83-830-429-290,W-277-2015,Store_2463,2019-06-18,Onsite Store,99.59
23893894,83-830-429-290,G-013-1990,Store_2463,2019-06-18,Onsite Store,72.99
23893894,83-830-429-290,F-214-2016,Store_2463,2019-06-18,Onsite Store,56.99
23893894,83-830-429-290,A-052-2011,Store_2463,2019-06-18,Onsite Store,78.99
23893894,83-830-429-290,N-178-2010,Store_2463,2019-06-18,Onsite Store,97.99
23893894,83-830-429-290,W-076-2007,Store_2463,2019-06-18,Onsite Store,62.99
23893895,83-830-429-290,A-286-1983,Store_2421,2019-08-17,Onsite Store,94.99
23893895,83-830-429-290,N-100-1989,Store_2421,2019-08-17,Onsite Store,56.99
23893895,83-830-429-290,W-037-1991,Store_2421,2019-08-17,Onsite Store,31.59
23893896,83-830-429-290,W-160-2003,Store_2348,2019-04-08,Online Store,59.59
23893896,83-830-429-290,B-127-2003,Store_2348,2019-04-08,Online Store,89.59
23893896,83-830-429-290,V-058-2002,Store_2348,2019-04-08,Online Store,69.99
23893896,83-830-429-290,G-085-1980,Store_2348,2019-04-08,Online Store,60.59
23893896,83-830-429-290,F-295-2009,Store_2348,2019-04-08,Online Store,48.99
23893896,83-830-429-290,I-121-1984,Store_2348,2019-04-08,Online Store,92.99
23893897,83-830-429-290,F-076-1981,Store_2392,2019-02-12,Online Store,16.99
23893897,83-830-429-290,B-124-1987,Store_2392,2019-02-12,Online Store,89.99
23893897,83-830-429-290,J-067-1996,Store_2392,2019-02-12,Online Store,56.99
23893897,83-830-429-290,V-139-1980,Store_2392,2019-02-12,Online Store,98.99
23893897,83-830-429-290,H-166-1985,Store_2392,2019-02-12,Online Store,39.59
23893898,83-830-429-290,W-289-1999,Store_2366,2019-03-13,Online Store,43.59
23893898,83-830-429-290,W-205-2010,Store_2366,2019-03-13,Online Store,53.99
23893898,83-830-429-290,J-163-1995,Store_2366,2019-03-13,Online Store,112.99
23893898,83-830-429-290,V-124-1981,Store_2366,2019-03-13,Online Store,19.99
23893898,83-830-429-290,A-055-2003,Store_2366,2019-03-13,Online Store,58.59
23893899,83-830-429-290,N-055-2015,Store_2420,2019-06-03,Onsite Store,73.59
23893899,83-830-429-290,Q-187-1996,Store_2420,2019-06-03,Onsite Store,48.59
23893899,83-830-429-290,B-019-2006,Store_2420,2019-06-03,Onsite Store,71.59
23893899,83-830-429-290,H-208-2013,Store_2420,2019-06-03,Onsite Store,79.59
23893899,83-830-429-290,W-232-1985,Store_2420,2019-06-03,Onsite Store,32.59
23893899,83-830-429-290,B-037-2012,Store_2420,2019-06-03,Onsite Store,69.99
23893899,83-830-429-290,H-022-1998,Store_2420,2019-06-03,Onsite Store,72.99
23893899,83-830-429-290,Z-058-2015,Store_2420,2019-06-03,Onsite Store,107.59
23893899,83-830-429-290,F-082-1994,Store_2420,2019-06-03,Onsite Store,84.99
23893899,83-830-429-290,V-016-1987,Store_2420,2019-06-03,Onsite Store,103.99
23893899,83-830-429-290,I-004-1984,Store_2420,2019-06-03,Onsite Store,86.59
23893900,34-341-371-168,I-280-2006,Store_2411,2019-08-16,Onsite Store,78.99
23893900,34-341-371-168,N-001-2008,Store_2411,2019-08-16,Onsite Store,96.59
23893900,34-341-371-168,A-268-1983,Store_2411,2019-08-16,Onsite Store,98.59
23893900,34-341-371-168,W-097-2006,Store_2411,2019-08-16,Onsite Store,50.59
23893900,34-341-371-168,I-136-2002,Store_2411,2019-08-16,Onsite Store,96.99
23893901,34-341-371-168,C-295-1990,Store_2398,2019-07-20,Onsite Store,61.99
23893901,34-341-371-168,Q-283-1996,Store_2398,2019-07-20,Onsite Store,88.59
23893902,34-341-371-168,Q-250-2017,Store_2438,2019-03-21,Onsite Store,107.99
23893902,34-341-371-168,J-247-2000,Store_2438,2019-03-21,Onsite Store,4.59
23893902,34-341-371-168,C-064-1986,Store_2438,2019-03-21,Onsite Store,154.59
23893903,34-341-371-168,H-220-1982,Store_2361,2019-07-10,Online Store,28.99
23893903,34-341-371-168,Z-253-2008,Store_2361,2019-07-10,Online Store,44.99
23893903,34-341-371-168,Z-199-2017,Store_2361,2019-07-10,Online Store,54.59
23893903,34-341-371-168,B-298-2010,Store_2361,2019-07-10,Online Store,68.99
23893903,34-341-371-168,W-022-2017,Store_2361,2019-07-10,Online Store,74.59
23893903,34-341-371-168,G-100-1994,Store_2361,2019-07-10,Online Store,75.59
23893903,34-341-371-168,Q-265-2000,Store_2361,2019-07-10,Online Store,47.99
23893904,34-341-371-168,A-247-2010,Store_2471,2019-06-01,Onsite Store,76.59
23893904,34-341-371-168,F-274-1998,Store_2471,2019-06-01,Onsite Store,88.59
23893904,34-341-371-168,W-190-2016,Store_2471,2019-06-01,Onsite Store,98.99
23893904,34-341-371-168,Q-274-1999,Store_2471,2019-06-01,Onsite Store,32.99
23893904,34-341-371-168,F-094-1996,Store_2471,2019-06-01,Onsite Store,78.59
23893904,34-341-371-168,B-112-1991,Store_2471,2019-06-01,Onsite Store,77.99
23893904,34-341-371-168,N-175-2010,Store_2471,2019-06-01,Onsite Store,81.59
23893905,34-341-371-168,W-070-2006,Store_2392,2019-06-11,Online Store,89.99
23893905,34-341-371-168,Z-217-1988,Store_2392,2019-06-11,Online Store,63.59
23893905,34-341-371-168,H-280-1983,Store_2392,2019-06-11,Online Store,63.99
23893905,34-341-371-168,A-115-1989,Store_2392,2019-06-11,Online Store,63.59
23893905,34-341-371-168,F-007-1996,Store_2392,2019-06-11,Online Store,77.59
23893905,34-341-371-168,H-190-1998,Store_2392,2019-06-11,Online Store,108.59
23893906,34-341-371-168,G-001-2016,Store_2380,2019-02-01,Online Store,67.99
23893906,34-341-371-168,N-085-2013,Store_2380,2019-02-01,Online Store,97.99
23893906,34-341-371-168,W-139-2001,Store_2380,2019-02-01,Online Store,127.99
23893906,34-341-371-168,F-256-2014,Store_2380,2019-02-01,Online Store,44.59
23893906,34-341-371-168,Q-196-1982,Store_2380,2019-02-01,Online Store,33.99
23893906,34-341-371-168,V-262-2007,Store_2380,2019-02-01,Online Store,55.99
23893906,34-341-371-168,G-166-1982,Store_2380,2019-02-01,Online Store,67.59
23893906,34-341-371-168,W-130-2009,Store_2380,2019-02-01,Online Store,79.59
23893907,34-341-371-168,Z-256-1991,Store_2436,2019-03-13,Onsite Store,71.59
23893907,34-341-371-168,F-112-1987,Store_2436,2019-03-13,Onsite Store,120.99
23893907,34-341-371-168,Q-184-2016,Store_2436,2019-03-13,Onsite Store,94.99
23893908,34-341-371-168,I-193-2011,Store_2366,2019-08-17,Online Store,37.59
23893908,34-341-371-168,G-037-2002,Store_2366,2019-08-17,Online Store,35.59
23893908,34-341-371-168,J-004-1980,Store_2366,2019-08-17,Online Store,60.59
23893908,34-341-371-168,I-061-2002,Store_2366,2019-08-17,Online Store,39.59
23893908,34-341-371-168,A-205-1994,Store_2366,2019-08-17,Online Store,95.99
23893908,34-341-371-168,C-193-1986,Store_2366,2019-08-17,Online Store,56.59
23893908,34-341-371-168,G-238-2013,Store_2366,2019-08-17,Online Store,93.59
23893908,34-341-371-168,H-139-1991,Store_2366,2019-08-17,Online Store,29.59
23893908,34-341-371-168,N-079-2013,Store_2366,2019-08-17,Online Store,44.99
23893909,91-914-585-863,C-166-2010,Store_2412,2019-11-30,Onsite Store,39.59
23893909,91-914-585-863,G-157-1990,Store_2412,2019-11-30,Onsite Store,114.99
23893909,91-914-585-863,A-094-2018,Store_2412,2019-11-30,Onsite Store,47.99
23893909,91-914-585-863,J-019-2003,Store_2412,2019-11-30,Onsite Store,31.99
23893909,91-914-585-863,J-016-1992,Store_2412,2019-11-30,Onsite Store,69.59
23893909,91-914-585-863,Z-160-1989,Store_2412,2019-11-30,Onsite Store,91.99
23893909,91-914-585-863,J-040-1988,Store_2412,2019-11-30,Onsite Store,85.99
23893909,91-914-585-863,V-016-2017,Store_2412,2019-11-30,Onsite Store,61.59
23893910,91-914-585-863,V-268-1986,Store_2453,2019-12-03,Onsite Store,15.99
23893910,91-914-585-863,Q-091-1996,Store_2453,2019-12-03,Onsite Store,82.59
23893910,91-914-585-863,I-145-1988,Store_2453,2019-12-03,Onsite Store,36.99
23893910,91-914-585-863,A-268-2010,Store_2453,2019-12-03,Onsite Store,15.99
23893910,91-914-585-863,G-286-1999,Store_2453,2019-12-03,Onsite Store,50.99
23893911,91-914-585-863,Q-016-1999,Store_2415,2019-12-07,Onsite Store,56.59
23893911,91-914-585-863,G-169-2009,Store_2415,2019-12-07,Onsite Store,17.99
23893911,91-914-585-863,I-271-2012,Store_2415,2019-12-07,Onsite Store,43.99
23893911,91-914-585-863,B-262-2017,Store_2415,2019-12-07,Onsite Store,93.59
23893911,91-914-585-863,J-016-1991,Store_2415,2019-12-07,Onsite Store,32.99
23893911,91-914-585-863,Q-046-2003,Store_2415,2019-12-07,Onsite Store,80.99
23893911,91-914-585-863,A-190-1984,Store_2415,2019-12-07,Onsite Store,48.99
23893912,91-914-585-863,F-136-2011,Store_2390,2019-08-30,Online Store,76.59
23893912,91-914-585-863,V-091-2011,Store_2390,2019-08-30,Online Store,49.99
23893912,91-914-585-863,I-142-1994,Store_2390,2019-08-30,Online Store,74.59
23893912,91-914-585-863,B-145-1982,Store_2390,2019-08-30,Online Store,96.59
23893912,91-914-585-863,H-145-2013,Store_2390,2019-08-30,Online Store,63.99
23893912,91-914-585-863,F-091-2011,Store_2390,2019-08-30,Online Store,37.99
23893912,91-914-585-863,I-205-1988,Store_2390,2019-08-30,Online Store,50.99
23893912,91-914-585-863,Z-238-1982,Store_2390,2019-08-30,Online Store,47.99
23893913,91-914-585-863,I-049-2003,Store_2453,2019-10-28,Onsite Store,62.59
23893913,91-914-585-863,A-022-2002,Store_2453,2019-10-28,Onsite Store,99.99
23893913,91-914-585-863,C-265-1983,Store_2453,2019-10-28,Onsite Store,85.99
23893913,91-914-585-863,N-181-2001,Store_2453,2019-10-28,Onsite Store,109.99
23893913,91-914-585-863,V-049-1996,Store_2453,2019-10-28,Onsite Store,42.59
23893913,91-914-585-863,J-274-1998,Store_2453,2019-10-28,Onsite Store,19.99
23893913,91-914-585-863,A-235-2001,Store_2453,2019-10-28,Onsite Store,87.59
23893913,91-914-585-863,F-166-2013,Store_2453,2019-10-28,Onsite Store,32.99
23893913,91-914-585-863,N-277-1990,Store_2453,2019-10-28,Onsite Store,69.59
23893914,91-914-585-863,V-094-2002,Store_2477,2019-06-01,Onsite Store,99.59
23893914,91-914-585-863,F-142-1994,Store_2477,2019-06-01,Onsite Store,72.59
23893915,91-914-585-863,Z-283-2007,Store_2445,2019-01-08,Onsite Store,67.99
23893915,91-914-585-863,Q-085-1985,Store_2445,2019-01-08,Onsite Store,118.99
23893915,91-914-585-863,I-007-1985,Store_2445,2019-01-08,Onsite Store,67.99
23893915,91-914-585-863,I-067-1991,Store_2445,2019-01-08,Onsite Store,59.59
23893915,91-914-585-863,I-022-1998,Store_2445,2019-01-08,Onsite Store,82.99
23893915,91-914-585-863,A-220-1993,Store_2445,2019-01-08,Onsite Store,80.59
23893915,91-914-585-863,F-160-1998,Store_2445,2019-01-08,Onsite Store,86.59
23893915,91-914-585-863,A-034-2016,Store_2445,2019-01-08,Onsite Store,102.99
23893915,91-914-585-863,I-196-2009,Store_2445,2019-01-08,Onsite Store,54.59
23893915,91-914-585-863,Z-037-2005,Store_2445,2019-01-08,Onsite Store,122.99
23893916,91-914-585-863,Q-283-2003,Store_2450,2019-07-23,Onsite Store,57.59
23893916,91-914-585-863,G-271-1987,Store_2450,2019-07-23,Onsite Store,45.59
23893916,91-914-585-863,V-187-2004,Store_2450,2019-07-23,Onsite Store,63.99
23893916,91-914-585-863,B-127-2003,Store_2450,2019-07-23,Onsite Store,89.59
23893916,91-914-585-863,W-046-2009,Store_2450,2019-07-23,Onsite Store,37.99
23893917,91-914-585-863,F-118-1997,Store_2387,2019-05-06,Online Store,43.59
23893917,91-914-585-863,Z-178-2018,Store_2387,2019-05-06,Online Store,89.99
23893917,91-914-585-863,Z-160-1990,Store_2387,2019-05-06,Online Store,42.59
23893918,95-957-504-995,B-043-1999,Store_2462,2019-09-06,Onsite Store,79.59
23893918,95-957-504-995,C-139-1993,Store_2462,2019-09-06,Onsite Store,63.99
23893918,95-957-504-995,W-067-1990,Store_2462,2019-09-06,Onsite Store,35.59
23893918,95-957-504-995,G-145-2002,Store_2462,2019-09-06,Onsite Store,91.99
23893918,95-957-504-995,Q-235-1990,Store_2462,2019-09-06,Onsite Store,67.59
23893918,95-957-504-995,H-157-1998,Store_2462,2019-09-06,Onsite Store,95.59
23893918,95-957-504-995,W-247-2003,Store_2462,2019-09-06,Onsite Store,26.99
23893918,95-957-504-995,V-034-2015,Store_2462,2019-09-06,Onsite Store,49.59
23893919,95-957-504-995,H-280-1997,Store_2461,2019-04-25,Onsite Store,118.99
23893919,95-957-504-995,I-256-1994,Store_2461,2019-04-25,Onsite Store,52.99
23893919,95-957-504-995,F-280-2011,Store_2461,2019-04-25,Onsite Store,65.59
23893919,95-957-504-995,N-241-2017,Store_2461,2019-04-25,Onsite Store,95.99
23893919,95-957-504-995,H-031-2013,Store_2461,2019-04-25,Onsite Store,34.99
23893919,95-957-504-995,H-013-1981,Store_2461,2019-04-25,Onsite Store,98.59
23893919,95-957-504-995,B-178-1981,Store_2461,2019-04-25,Onsite Store,50.99
23893919,95-957-504-995,C-061-2008,Store_2461,2019-04-25,Onsite Store,37.99
23893919,95-957-504-995,N-181-2011,Store_2461,2019-04-25,Onsite Store,56.59
23893920,95-957-504-995,A-091-1996,Store_2427,2019-10-28,Onsite Store,12.99
23893920,95-957-504-995,H-262-2000,Store_2427,2019-10-28,Onsite Store,43.59
23893920,95-957-504-995,Z-250-1997,Store_2427,2019-10-28,Onsite Store,90.59
23893920,95-957-504-995,J-034-2007,Store_2427,2019-10-28,Onsite Store,77.59
23893920,95-957-504-995,W-196-1995,Store_2427,2019-10-28,Onsite Store,71.99
23893920,95-957-504-995,N-013-1982,Store_2427,2019-10-28,Onsite Store,36.59
23893920,95-957-504-995,V-103-1986,Store_2427,2019-10-28,Onsite Store,52.59
23893920,95-957-504-995,V-001-1992,Store_2427,2019-10-28,Onsite Store,88.99
23893920,95-957-504-995,I-100-1991,Store_2427,2019-10-28,Onsite Store,99.99
23893920,95-957-504-995,B-004-2005,Store_2427,2019-10-28,Onsite Store,64.99
23893920,95-957-504-995,C-298-1993,Store_2427,2019-10-28,Onsite Store,35.59
23893920,95-957-504-995,J-076-2001,Store_2427,2019-10-28,Onsite Store,128.59
23893921,95-957-504-995,Q-070-2018,Store_2399,2019-11-29,Onsite Store,33.99
23893921,95-957-504-995,C-055-1983,Store_2399,2019-11-29,Onsite Store,51.59
23893921,95-957-504-995,Q-205-2015,Store_2399,2019-11-29,Onsite Store,88.99
23893921,95-957-504-995,J-271-1998,Store_2399,2019-11-29,Onsite Store,38.99
23893921,95-957-504-995,Z-073-2000,Store_2399,2019-11-29,Onsite Store,32.59
23893921,95-957-504-995,B-172-2018,Store_2399,2019-11-29,Onsite Store,62.59
23893921,95-957-504-995,N-253-2007,Store_2399,2019-11-29,Onsite Store,56.99
23893921,95-957-504-995,G-148-2006,Store_2399,2019-11-29,Onsite Store,95.99
23893921,95-957-504-995,F-181-1994,Store_2399,2019-11-29,Onsite Store,84.59
23893921,95-957-504-995,W-199-2011,Store_2399,2019-11-29,Onsite Store,85.99
23893921,95-957-504-995,A-025-2002,Store_2399,2019-11-29,Onsite Store,15.59
23893921,95-957-504-995,Z-001-2001,Store_2399,2019-11-29,Onsite Store,87.99
23893921,95-957-504-995,Z-178-1994,Store_2399,2019-11-29,Onsite Store,31.99
23893922,95-957-504-995,C-034-1986,Store_2425,2019-12-30,Onsite Store,77.59
23893922,95-957-504-995,V-175-1985,Store_2425,2019-12-30,Onsite Store,30.59
23893922,95-957-504-995,G-058-2001,Store_2425,2019-12-30,Onsite Store,45.99
23893922,95-957-504-995,V-184-2003,Store_2425,2019-12-30,Onsite Store,34.99
23893922,95-957-504-995,H-052-1996,Store_2425,2019-12-30,Onsite Store,93.59
23893922,95-957-504-995,F-199-2001,Store_2425,2019-12-30,Onsite Store,48.99
23893922,95-957-504-995,N-241-2014,Store_2425,2019-12-30,Onsite Store,73.99
23893922,95-957-504-995,N-034-1997,Store_2425,2019-12-30,Onsite Store,70.59
23893922,95-957-504-995,F-160-1983,Store_2425,2019-12-30,Onsite Store,53.59
23893923,95-957-504-995,B-142-1991,Store_2463,2019-03-12,Onsite Store,102.59
23893923,95-957-504-995,A-181-1986,Store_2463,2019-03-12,Onsite Store,82.99
23893923,95-957-504-995,Z-244-2010,Store_2463,2019-03-12,Onsite Store,46.99
23893923,95-957-504-995,N-163-1988,Store_2463,2019-03-12,Onsite Store,107.99
23893924,95-957-504-995,J-265-2014,Store_2357,2019-05-22,Online Store,58.59
23893924,95-957-504-995,H-019-2018,Store_2357,2019-05-22,Online Store,63.99
23893925,95-957-504-995,Q-130-1996,Store_2470,2019-11-08,Onsite Store,103.59
23893925,95-957-504-995,H-124-2015,Store_2470,2019-11-08,Onsite Store,41.99
23893925,95-957-504-995,Z-058-1992,Store_2470,2019-11-08,Onsite Store,31.99
23893925,95-957-504-995,W-280-2000,Store_2470,2019-11-08,Onsite Store,61.59
23893925,95-957-504-995,B-286-2014,Store_2470,2019-11-08,Onsite Store,123.99
23893926,95-957-504-995,G-007-2007,Store_2419,2019-05-30,Onsite Store,70.99
23893926,95-957-504-995,J-160-1995,Store_2419,2019-05-30,Onsite Store,84.59
23893926,95-957-504-995,H-034-2015,Store_2419,2019-05-30,Onsite Store,69.99
23893926,95-957-504-995,Z-049-2001,Store_2419,2019-05-30,Onsite Store,82.99
23893926,95-957-504-995,G-253-2009,Store_2419,2019-05-30,Onsite Store,54.99
23893927,16-161-793-897,V-292-2003,Store_2397,2019-06-23,Online Store,75.59
23893927,16-161-793-897,B-244-2018,Store_2397,2019-06-23,Online Store,82.99
23893927,16-161-793-897,V-163-1994,Store_2397,2019-06-23,Online Store,76.99
23893927,16-161-793-897,N-283-2006,Store_2397,2019-06-23,Online Store,103.59
23893927,16-161-793-897,C-001-1983,Store_2397,2019-06-23,Online Store,110.59
23893927,16-161-793-897,V-232-1986,Store_2397,2019-06-23,Online Store,71.99
23893927,16-161-793-897,F-226-1983,Store_2397,2019-06-23,Online Store,99.99
23893927,16-161-793-897,H-040-2016,Store_2397,2019-06-23,Online Store,85.99
23893927,16-161-793-897,B-172-1995,Store_2397,2019-06-23,Online Store,72.59
23893927,16-161-793-897,G-115-1990,Store_2397,2019-06-23,Online Store,120.59
23893928,16-161-793-897,J-124-1983,Store_2404,2019-03-28,Onsite Store,38.59
23893928,16-161-793-897,I-037-1991,Store_2404,2019-03-28,Onsite Store,96.99
23893928,16-161-793-897,Z-295-1987,Store_2404,2019-03-28,Onsite Store,99.59
23893928,16-161-793-897,J-286-1997,Store_2404,2019-03-28,Onsite Store,58.59
23893928,16-161-793-897,A-193-1984,Store_2404,2019-03-28,Onsite Store,56.59
23893928,16-161-793-897,G-151-2013,Store_2404,2019-03-28,Onsite Store,130.99
23893928,16-161-793-897,Z-124-2016,Store_2404,2019-03-28,Onsite Store,25.59
23893928,16-161-793-897,V-199-2002,Store_2404,2019-03-28,Onsite Store,41.59
23893929,16-161-793-897,F-115-2010,Store_2440,2019-05-16,Onsite Store,69.59
23893929,16-161-793-897,G-112-1986,Store_2440,2019-05-16,Onsite Store,44.99
23893929,16-161-793-897,B-163-1980,Store_2440,2019-05-16,Onsite Store,36.99
23893929,16-161-793-897,J-100-1995,Store_2440,2019-05-16,Onsite Store,26.99
23893929,16-161-793-897,Q-085-2009,Store_2440,2019-05-16,Onsite Store,70.59
23893929,16-161-793-897,F-187-1987,Store_2440,2019-05-16,Onsite Store,85.59
23893929,16-161-793-897,B-181-1984,Store_2440,2019-05-16,Onsite Store,22.59
23893930,16-161-793-897,G-235-1986,Store_2418,2019-03-23,Onsite Store,88.99
23893930,16-161-793-897,I-004-1988,Store_2418,2019-03-23,Onsite Store,108.99
23893930,16-161-793-897,H-088-2007,Store_2418,2019-03-23,Onsite Store,75.59
23893930,16-161-793-897,I-292-2017,Store_2418,2019-03-23,Onsite Store,74.59
23893930,16-161-793-897,F-280-1980,Store_2418,2019-03-23,Onsite Store,47.59
23893930,16-161-793-897,V-154-2014,Store_2418,2019-03-23,Onsite Store,20.59
23893930,16-161-793-897,J-058-1989,Store_2418,2019-03-23,Onsite Store,68.59
23893931,16-161-793-897,H-292-1990,Store_2449,2019-08-17,Onsite Store,84.99
23893931,16-161-793-897,H-088-1993,Store_2449,2019-08-17,Onsite Store,51.99
23893931,16-161-793-897,A-262-1986,Store_2449,2019-08-17,Onsite Store,86.59
23893931,16-161-793-897,C-112-2014,Store_2449,2019-08-17,Onsite Store,89.59
23893931,16-161-793-897,H-124-1988,Store_2449,2019-08-17,Onsite Store,98.99
23893931,16-161-793-897,Z-091-2008,Store_2449,2019-08-17,Onsite Store,102.59
23893932,16-161-793-897,F-046-2005,Store_2405,2019-08-30,Onsite Store,51.99
23893932,16-161-793-897,V-091-2000,Store_2405,2019-08-30,Onsite Store,82.99
23893932,16-161-793-897,A-007-1984,Store_2405,2019-08-30,Onsite Store,44.99
23893932,16-161-793-897,Z-181-1980,Store_2405,2019-08-30,Onsite Store,60.99
23893933,16-161-793-897,W-025-2015,Store_2448,2019-01-20,Onsite Store,88.59
23893933,16-161-793-897,N-055-1981,Store_2448,2019-01-20,Onsite Store,41.59
23893933,16-161-793-897,G-298-1992,Store_2448,2019-01-20,Onsite Store,62.99
23893933,16-161-793-897,J-253-1980,Store_2448,2019-01-20,Onsite Store,56.99
23893933,16-161-793-897,B-184-1988,Store_2448,2019-01-20,Onsite Store,63.99
23893933,16-161-793-897,Z-052-1986,Store_2448,2019-01-20,Onsite Store,22.99
23893934,16-161-793-897,F-061-1988,Store_2379,2019-07-28,Online Store,29.99
23893934,16-161-793-897,F-097-1988,Store_2379,2019-07-28,Online Store,68.59
23893934,16-161-793-897,Z-211-1992,Store_2379,2019-07-28,Online Store,74.99
23893934,16-161-793-897,A-214-2015,Store_2379,2019-07-28,Online Store,56.59
23893934,16-161-793-897,N-115-1996,Store_2379,2019-07-28,Online Store,33.59
23893934,16-161-793-897,V-040-1997,Store_2379,2019-07-28,Online Store,56.59
23893934,16-161-793-897,I-277-1996,Store_2379,2019-07-28,Online Store,42.99
23893935,16-161-793-897,Z-232-2002,Store_2368,2019-06-20,Online Store,113.59
23893935,16-161-793-897,A-277-1983,Store_2368,2019-06-20,Online Store,41.59
23893935,16-161-793-897,I-118-1993,Store_2368,2019-06-20,Online Store,67.99
23893935,16-161-793-897,V-043-2003,Store_2368,2019-06-20,Online Store,59.99
23893935,16-161-793-897,V-226-2004,Store_2368,2019-06-20,Online Store,83.59
23893935,16-161-793-897,H-286-1999,Store_2368,2019-06-20,Online Store,33.99
23893935,16-161-793-897,J-055-2017,Store_2368,2019-06-20,Online Store,50.59
23893936,10-105-877-665,Z-187-2007,Store_2398,2019-08-13,Onsite Store,43.59
23893936,10-105-877-665,A-073-2016,Store_2398,2019-08-13,Onsite Store,97.99
23893936,10-105-877-665,C-004-2015,Store_2398,2019-08-13,Onsite Store,106.59
23893936,10-105-877-665,Q-037-1980,Store_2398,2019-08-13,Onsite Store,78.59
23893937,10-105-877-665,W-052-1983,Store_2379,2019-07-19,Online Store,46.59
23893937,10-105-877-665,F-046-1997,Store_2379,2019-07-19,Online Store,96.59
23893937,10-105-877-665,A-232-2007,Store_2379,2019-07-19,Online Store,49.59
23893937,10-105-877-665,Q-091-1986,Store_2379,2019-07-19,Online Store,14.59
23893937,10-105-877-665,C-025-2011,Store_2379,2019-07-19,Online Store,65.99
23893937,10-105-877-665,G-091-1986,Store_2379,2019-07-19,Online Store,100.59
23893938,10-105-877-665,G-268-2015,Store_2416,2019-05-28,Onsite Store,59.99
23893938,10-105-877-665,W-151-2005,Store_2416,2019-05-28,Onsite Store,55.99
23893939,10-105-877-665,N-085-1985,Store_2473,2019-11-11,Onsite Store,61.59
23893939,10-105-877-665,N-142-2009,Store_2473,2019-11-11,Onsite Store,76.99
23893939,10-105-877-665,A-073-1993,Store_2473,2019-11-11,Onsite Store,66.59
23893939,10-105-877-665,Z-187-2012,Store_2473,2019-11-11,Onsite Store,61.99
23893940,10-105-877-665,J-280-2005,Store_2474,2019-09-26,Onsite Store,90.59
23893940,10-105-877-665,C-298-1983,Store_2474,2019-09-26,Onsite Store,93.59
23893940,10-105-877-665,V-049-1983,Store_2474,2019-09-26,Onsite Store,103.99
23893941,10-105-877-665,H-091-2018,Store_2393,2019-04-08,Online Store,72.59
23893941,10-105-877-665,Z-205-2010,Store_2393,2019-04-08,Online Store,66.59
23893941,10-105-877-665,Z-148-2004,Store_2393,2019-04-08,Online Store,50.59
23893941,10-105-877-665,H-058-1994,Store_2393,2019-04-08,Online Store,52.59
23893941,10-105-877-665,J-154-2008,Store_2393,2019-04-08,Online Store,63.99
23893942,10-105-877-665,Q-190-1991,Store_2438,2019-07-13,Onsite Store,87.59
23893942,10-105-877-665,B-202-2000,Store_2438,2019-07-13,Onsite Store,74.59
23893942,10-105-877-665,C-286-1984,Store_2438,2019-07-13,Onsite Store,62.59
23893942,10-105-877-665,Q-004-1985,Store_2438,2019-07-13,Onsite Store,62.59
23893942,10-105-877-665,H-043-1990,Store_2438,2019-07-13,Onsite Store,36.59
23893942,10-105-877-665,W-061-1999,Store_2438,2019-07-13,Onsite Store,21.59
23893942,10-105-877-665,J-100-1988,Store_2438,2019-07-13,Onsite Store,86.99
23893942,10-105-877-665,H-076-1984,Store_2438,2019-07-13,Onsite Store,46.59
23893942,10-105-877-665,W-010-1986,Store_2438,2019-07-13,Onsite Store,73.99
23893942,10-105-877-665,C-205-2017,Store_2438,2019-07-13,Onsite Store,43.59
23893942,10-105-877-665,Q-010-2013,Store_2438,2019-07-13,Onsite Store,36.59
23893943,10-105-877-665,C-175-2004,Store_2410,2019-01-31,Onsite Store,35.59
23893943,10-105-877-665,Z-091-1983,Store_2410,2019-01-31,Onsite Store,58.59
23893943,10-105-877-665,B-274-2009,Store_2410,2019-01-31,Onsite Store,37.59
23893943,10-105-877-665,H-016-1981,Store_2410,2019-01-31,Onsite Store,63.99
23893943,10-105-877-665,H-184-1995,Store_2410,2019-01-31,Onsite Store,61.99
23893944,10-105-877-665,Z-223-2004,Store_2376,2019-03-17,Online Store,77.59
23893944,10-105-877-665,V-274-1982,Store_2376,2019-03-17,Online Store,97.99
23893944,10-105-877-665,H-082-2017,Store_2376,2019-03-17,Online Store,61.59
23893944,10-105-877-665,J-223-2003,Store_2376,2019-03-17,Online Store,99.99
23893944,10-105-877-665,I-256-1996,Store_2376,2019-03-17,Online Store,86.59
23893945,16-160-351-620,B-016-2008,Store_2429,2019-01-27,Onsite Store,134.99
23893945,16-160-351-620,G-235-2000,Store_2429,2019-01-27,Onsite Store,49.59
23893945,16-160-351-620,I-013-2010,Store_2429,2019-01-27,Onsite Store,87.99
23893945,16-160-351-620,H-295-1995,Store_2429,2019-01-27,Onsite Store,44.59
23893945,16-160-351-620,J-040-1998,Store_2429,2019-01-27,Onsite Store,77.59
23893945,16-160-351-620,G-211-2009,Store_2429,2019-01-27,Onsite Store,50.99
23893945,16-160-351-620,J-103-1982,Store_2429,2019-01-27,Onsite Store,42.99
23893945,16-160-351-620,J-220-1994,Store_2429,2019-01-27,Onsite Store,112.59
23893945,16-160-351-620,V-178-1987,Store_2429,2019-01-27,Onsite Store,88.99
23893946,16-160-351-620,V-025-1980,Store_2425,2019-03-01,Onsite Store,44.59
23893946,16-160-351-620,Z-232-1997,Store_2425,2019-03-01,Onsite Store,68.99
23893946,16-160-351-620,A-079-2005,Store_2425,2019-03-01,Onsite Store,55.99
23893946,16-160-351-620,A-199-2011,Store_2425,2019-03-01,Onsite Store,85.59
23893946,16-160-351-620,N-061-1999,Store_2425,2019-03-01,Onsite Store,57.99
23893946,16-160-351-620,H-010-1989,Store_2425,2019-03-01,Onsite Store,82.99
23893946,16-160-351-620,G-262-1980,Store_2425,2019-03-01,Onsite Store,101.99
23893947,16-160-351-620,A-214-1988,Store_2388,2019-06-05,Online Store,112.59
23893947,16-160-351-620,C-112-2009,Store_2388,2019-06-05,Online Store,36.99
23893947,16-160-351-620,N-274-2005,Store_2388,2019-06-05,Online Store,60.59
23893947,16-160-351-620,W-244-2007,Store_2388,2019-06-05,Online Store,88.59
23893947,16-160-351-620,Q-292-1992,Store_2388,2019-06-05,Online Store,60.59
23893948,16-160-351-620,N-016-2012,Store_2376,2019-11-04,Online Store,47.59
23893948,16-160-351-620,V-031-1993,Store_2376,2019-11-04,Online Store,70.59
23893948,16-160-351-620,Q-049-2000,Store_2376,2019-11-04,Online Store,42.59
23893948,16-160-351-620,N-052-2007,Store_2376,2019-11-04,Online Store,67.99
23893948,16-160-351-620,G-148-2009,Store_2376,2019-11-04,Online Store,37.99
23893948,16-160-351-620,W-016-1985,Store_2376,2019-11-04,Online Store,87.59
23893948,16-160-351-620,B-082-1989,Store_2376,2019-11-04,Online Store,40.99
23893948,16-160-351-620,C-076-2003,Store_2376,2019-11-04,Online Store,55.99
23893948,16-160-351-620,C-154-1989,Store_2376,2019-11-04,Online Store,117.59
23893949,16-160-351-620,F-067-1994,Store_2353,2019-02-02,Online Store,87.59
23893949,16-160-351-620,Z-004-2018,Store_2353,2019-02-02,Online Store,75.59
23893949,16-160-351-620,J-262-1982,Store_2353,2019-02-02,Online Store,41.99
23893949,16-160-351-620,I-124-2009,Store_2353,2019-02-02,Online Store,90.99
23893949,16-160-351-620,B-025-2016,Store_2353,2019-02-02,Online Store,75.59
23893949,16-160-351-620,A-004-1999,Store_2353,2019-02-02,Online Store,75.59
23893949,16-160-351-620,W-052-2005,Store_2353,2019-02-02,Online Store,84.99
23893950,16-160-351-620,A-259-1986,Store_2365,2019-02-07,Online Store,73.59
23893950,16-160-351-620,J-058-1980,Store_2365,2019-02-07,Online Store,56.99
23893950,16-160-351-620,F-292-1998,Store_2365,2019-02-07,Online Store,96.59
23893950,16-160-351-620,G-187-2014,Store_2365,2019-02-07,Online Store,83.59
23893951,16-160-351-620,Z-265-2008,Store_2442,2019-02-19,Onsite Store,63.99
23893951,16-160-351-620,N-049-1992,Store_2442,2019-02-19,Onsite Store,84.99
23893951,16-160-351-620,V-214-1998,Store_2442,2019-02-19,Onsite Store,63.99
23893951,16-160-351-620,J-055-1985,Store_2442,2019-02-19,Onsite Store,68.59
23893951,16-160-351-620,V-265-2006,Store_2442,2019-02-19,Onsite Store,82.59
23893951,16-160-351-620,V-109-1991,Store_2442,2019-02-19,Onsite Store,32.99
23893952,16-160-351-620,N-199-1984,Store_2393,2019-01-07,Online Store,24.99
23893952,16-160-351-620,B-130-1997,Store_2393,2019-01-07,Online Store,123.99
23893952,16-160-351-620,W-106-1994,Store_2393,2019-01-07,Online Store,38.99
23893952,16-160-351-620,V-262-2013,Store_2393,2019-01-07,Online Store,61.99
23893952,16-160-351-620,A-190-1989,Store_2393,2019-01-07,Online Store,29.59
23893952,16-160-351-620,A-175-1992,Store_2393,2019-01-07,Online Store,44.99
23893952,16-160-351-620,C-004-2013,Store_2393,2019-01-07,Online Store,34.59
23893952,16-160-351-620,Q-052-2012,Store_2393,2019-01-07,Online Store,38.99
23893952,16-160-351-620,N-220-1986,Store_2393,2019-01-07,Online Store,66.99
23893952,16-160-351-620,B-142-2000,Store_2393,2019-01-07,Online Store,52.59
23893953,16-160-351-620,Z-298-2009,Store_2437,2019-03-24,Onsite Store,67.59
23893953,16-160-351-620,G-178-1997,Store_2437,2019-03-24,Onsite Store,54.59
23893953,16-160-351-620,A-043-1984,Store_2437,2019-03-24,Onsite Store,36.59
23893953,16-160-351-620,G-274-2013,Store_2437,2019-03-24,Onsite Store,29.59
23893954,25-257-304-581,F-100-1982,Store_2439,2019-03-20,Onsite Store,80.59
23893954,25-257-304-581,Q-238-2017,Store_2439,2019-03-20,Onsite Store,26.59
23893954,25-257-304-581,B-295-1980,Store_2439,2019-03-20,Onsite Store,85.99
23893954,25-257-304-581,V-037-2004,Store_2439,2019-03-20,Onsite Store,19.99
23893954,25-257-304-581,W-229-2010,Store_2439,2019-03-20,Onsite Store,80.99
23893954,25-257-304-581,F-145-2018,Store_2439,2019-03-20,Onsite Store,99.59
23893955,25-257-304-581,B-232-2004,Store_2465,2019-01-03,Onsite Store,69.99
23893955,25-257-304-581,V-247-1993,Store_2465,2019-01-03,Onsite Store,78.99
23893955,25-257-304-581,B-028-1988,Store_2465,2019-01-03,Onsite Store,51.99
23893956,25-257-304-581,I-121-1996,Store_2451,2020-01-01,Onsite Store,78.99
23893956,25-257-304-581,Q-271-1996,Store_2451,2020-01-01,Onsite Store,61.99
23893956,25-257-304-581,H-253-2011,Store_2451,2020-01-01,Onsite Store,115.59
23893956,25-257-304-581,V-220-1984,Store_2451,2020-01-01,Onsite Store,96.99
23893956,25-257-304-581,A-169-2012,Store_2451,2020-01-01,Onsite Store,58.99
23893956,25-257-304-581,H-061-2003,Store_2451,2020-01-01,Onsite Store,80.59
23893956,25-257-304-581,F-049-1993,Store_2451,2020-01-01,Onsite Store,38.59
23893956,25-257-304-581,I-160-1985,Store_2451,2020-01-01,Onsite Store,89.59
23893956,25-257-304-581,F-067-1986,Store_2451,2020-01-01,Onsite Store,29.99
23893957,25-257-304-581,G-292-1980,Store_2474,2020-05-13,Onsite Store,84.99
23893957,25-257-304-581,Z-184-1990,Store_2474,2020-05-13,Onsite Store,23.59
23893957,25-257-304-581,V-256-2005,Store_2474,2020-05-13,Onsite Store,98.99
23893957,25-257-304-581,B-049-2017,Store_2474,2020-05-13,Onsite Store,96.99
23893957,25-257-304-581,C-004-2015,Store_2474,2020-05-13,Onsite Store,106.59
23893957,25-257-304-581,J-094-1990,Store_2474,2020-05-13,Onsite Store,58.99
23893957,25-257-304-581,V-094-1985,Store_2474,2020-05-13,Onsite Store,117.99
23893957,25-257-304-581,F-121-2008,Store_2474,2020-05-13,Onsite Store,83.59
23893957,25-257-304-581,Z-118-2011,Store_2474,2020-05-13,Onsite Store,49.99
23893957,25-257-304-581,G-121-2004,Store_2474,2020-05-13,Onsite Store,63.99
23893957,25-257-304-581,G-169-1984,Store_2474,2020-05-13,Onsite Store,78.59
23893958,25-257-304-581,C-253-1987,Store_2448,2020-02-09,Onsite Store,84.59
23893958,25-257-304-581,V-187-1994,Store_2448,2020-02-09,Onsite Store,41.99
23893958,25-257-304-581,N-295-1988,Store_2448,2020-02-09,Onsite Store,56.99
23893958,25-257-304-581,J-184-2014,Store_2448,2020-02-09,Onsite Store,66.59
23893958,25-257-304-581,H-058-2006,Store_2448,2020-02-09,Onsite Store,69.99
23893958,25-257-304-581,H-112-1981,Store_2448,2020-02-09,Onsite Store,37.59
23893959,25-257-304-581,H-103-1988,Store_2356,2020-09-12,Online Store,113.99
23893959,25-257-304-581,Q-268-2013,Store_2356,2020-09-12,Online Store,69.59
23893959,25-257-304-581,N-253-2001,Store_2356,2020-09-12,Online Store,59.59
23893959,25-257-304-581,J-229-2017,Store_2356,2020-09-12,Online Store,48.99
23893959,25-257-304-581,F-253-2016,Store_2356,2020-09-12,Online Store,103.99
23893959,25-257-304-581,Q-295-2004,Store_2356,2020-09-12,Online Store,29.99
23893959,25-257-304-581,Q-286-1980,Store_2356,2020-09-12,Online Store,87.99
23893960,25-257-304-581,F-277-1980,Store_2361,2020-08-25,Online Store,113.99
23893960,25-257-304-581,G-136-2009,Store_2361,2020-08-25,Online Store,90.99
23893960,25-257-304-581,H-196-2016,Store_2361,2020-08-25,Online Store,75.99
23893960,25-257-304-581,C-196-2005,Store_2361,2020-08-25,Online Store,86.59
23893960,25-257-304-581,W-067-1995,Store_2361,2020-08-25,Online Store,50.99
23893960,25-257-304-581,W-085-2018,Store_2361,2020-08-25,Online Store,69.59
23893961,25-257-304-581,Z-193-1999,Store_2461,2020-12-11,Onsite Store,111.99
23893961,25-257-304-581,J-271-1987,Store_2461,2020-12-11,Onsite Store,56.59
23893962,25-257-304-581,Z-199-1999,Store_2432,2020-06-05,Onsite Store,65.99
23893962,25-257-304-581,C-115-1991,Store_2432,2020-06-05,Onsite Store,71.59
23893963,92-927-832-666,I-250-2017,Store_2426,2020-05-12,Onsite Store,72.99
23893963,92-927-832-666,A-256-1998,Store_2426,2020-05-12,Onsite Store,102.59
23893963,92-927-832-666,N-028-2002,Store_2426,2020-05-12,Onsite Store,33.99
23893963,92-927-832-666,I-172-1999,Store_2426,2020-05-12,Onsite Store,67.59
23893963,92-927-832-666,V-088-2006,Store_2426,2020-05-12,Onsite Store,109.99
23893963,92-927-832-666,G-040-1994,Store_2426,2020-05-12,Onsite Store,71.99
23893963,92-927-832-666,N-031-2004,Store_2426,2020-05-12,Onsite Store,72.59
23893963,92-927-832-666,C-199-2017,Store_2426,2020-05-12,Onsite Store,81.59
23893963,92-927-832-666,C-217-2013,Store_2426,2020-05-12,Onsite Store,47.99
23893963,92-927-832-666,G-217-1990,Store_2426,2020-05-12,Onsite Store,78.99
23893964,92-927-832-666,H-298-1999,Store_2453,2020-08-18,Onsite Store,76.59
23893964,92-927-832-666,N-280-1993,Store_2453,2020-08-18,Onsite Store,70.59
23893964,92-927-832-666,F-034-1997,Store_2453,2020-08-18,Onsite Store,95.99
23893964,92-927-832-666,B-064-2014,Store_2453,2020-08-18,Onsite Store,88.59
23893964,92-927-832-666,A-232-1985,Store_2453,2020-08-18,Onsite Store,115.99
23893964,92-927-832-666,Z-268-1995,Store_2453,2020-08-18,Onsite Store,116.59
23893964,92-927-832-666,A-019-2017,Store_2453,2020-08-18,Onsite Store,54.99
23893964,92-927-832-666,C-178-2005,Store_2453,2020-08-18,Onsite Store,46.99
23893964,92-927-832-666,V-082-2002,Store_2453,2020-08-18,Onsite Store,87.99
23893964,92-927-832-666,Z-163-1998,Store_2453,2020-08-18,Onsite Store,73.99
23893965,92-927-832-666,N-001-1988,Store_2397,2020-01-26,Online Store,67.99
23893965,92-927-832-666,N-229-1992,Store_2397,2020-01-26,Online Store,104.59
23893965,92-927-832-666,J-085-1981,Store_2397,2020-01-26,Online Store,85.59
23893965,92-927-832-666,C-025-2009,Store_2397,2020-01-26,Online Store,39.99
23893965,92-927-832-666,Q-103-1986,Store_2397,2020-01-26,Online Store,70.99
23893965,92-927-832-666,C-292-2003,Store_2397,2020-01-26,Online Store,96.99
23893965,92-927-832-666,C-277-2009,Store_2397,2020-01-26,Online Store,127.59
23893965,92-927-832-666,F-211-1996,Store_2397,2020-01-26,Online Store,67.59
23893965,92-927-832-666,W-172-1995,Store_2397,2020-01-26,Online Store,93.99
23893965,92-927-832-666,H-202-2014,Store_2397,2020-01-26,Online Store,44.59
23893966,92-927-832-666,H-220-1980,Store_2463,2020-11-09,Onsite Store,63.59
23893966,92-927-832-666,N-037-2010,Store_2463,2020-11-09,Onsite Store,97.99
23893966,92-927-832-666,J-178-1996,Store_2463,2020-11-09,Onsite Store,92.99
23893966,92-927-832-666,Q-181-1983,Store_2463,2020-11-09,Onsite Store,81.59
23893966,92-927-832-666,Q-232-1995,Store_2463,2020-11-09,Onsite Store,51.99
23893966,92-927-832-666,Z-028-1993,Store_2463,2020-11-09,Onsite Store,41.99
23893966,92-927-832-666,W-142-2008,Store_2463,2020-11-09,Onsite Store,63.99
23893967,92-927-832-666,H-280-1997,Store_2449,2020-05-14,Onsite Store,118.99
23893967,92-927-832-666,Q-043-1988,Store_2449,2020-05-14,Onsite Store,62.99
23893967,92-927-832-666,C-040-2014,Store_2449,2020-05-14,Onsite Store,115.99
23893968,92-927-832-666,A-061-2017,Store_2399,2020-03-10,Onsite Store,49.59
23893968,92-927-832-666,F-196-2013,Store_2399,2020-03-10,Onsite Store,122.99
23893968,92-927-832-666,B-193-1985,Store_2399,2020-03-10,Onsite Store,63.59
23893968,92-927-832-666,C-085-1998,Store_2399,2020-03-10,Onsite Store,91.59
23893968,92-927-832-666,G-193-2016,Store_2399,2020-03-10,Onsite Store,66.59
23893968,92-927-832-666,H-001-1985,Store_2399,2020-03-10,Onsite Store,59.59
23893968,92-927-832-666,H-031-2014,Store_2399,2020-03-10,Onsite Store,67.99
23893969,92-927-832-666,Z-268-1980,Store_2400,2020-07-18,Onsite Store,41.59
23893969,92-927-832-666,W-235-2016,Store_2400,2020-07-18,Onsite Store,51.59
23893969,92-927-832-666,Q-199-1980,Store_2400,2020-07-18,Onsite Store,121.99
23893969,92-927-832-666,J-133-2012,Store_2400,2020-07-18,Onsite Store,96.59
23893970,92-927-832-666,H-292-1992,Store_2432,2020-10-13,Onsite Store,57.59
23893970,92-927-832-666,J-076-2012,Store_2432,2020-10-13,Onsite Store,44.59
23893970,92-927-832-666,N-001-2012,Store_2432,2020-10-13,Onsite Store,43.59
23893970,92-927-832-666,C-127-1981,Store_2432,2020-10-13,Onsite Store,54.59
23893970,92-927-832-666,V-229-2006,Store_2432,2020-10-13,Onsite Store,109.99
23893971,92-927-832-666,F-010-2003,Store_2358,2020-10-11,Online Store,59.99
23893971,92-927-832-666,N-112-1987,Store_2358,2020-10-11,Online Store,51.99
23893971,92-927-832-666,G-055-1984,Store_2358,2020-10-11,Online Store,30.59
23893971,92-927-832-666,G-118-1988,Store_2358,2020-10-11,Online Store,60.59
23893971,92-927-832-666,H-226-2011,Store_2358,2020-10-11,Online Store,67.59
23893971,92-927-832-666,G-016-1996,Store_2358,2020-10-11,Online Store,92.99
23893971,92-927-832-666,H-046-1993,Store_2358,2020-10-11,Online Store,51.59
23893971,92-927-832-666,W-115-1981,Store_2358,2020-10-11,Online Store,58.99
23893972,67-675-614-317,F-238-1999,Store_2439,2020-03-19,Onsite Store,25.59
23893972,67-675-614-317,I-115-1988,Store_2439,2020-03-19,Onsite Store,83.59
23893972,67-675-614-317,J-067-2008,Store_2439,2020-03-19,Onsite Store,96.99
23893972,67-675-614-317,C-223-2006,Store_2439,2020-03-19,Onsite Store,70.59
23893972,67-675-614-317,C-004-1984,Store_2439,2020-03-19,Onsite Store,58.59
23893972,67-675-614-317,J-193-2009,Store_2439,2020-03-19,Onsite Store,77.59
23893973,67-675-614-317,B-169-1984,Store_2392,2020-04-25,Online Store,145.59
23893974,67-675-614-317,J-238-1981,Store_2467,2020-12-21,Onsite Store,56.59
23893974,67-675-614-317,J-244-2004,Store_2467,2020-12-21,Onsite Store,37.99
23893974,67-675-614-317,Q-280-1987,Store_2467,2020-12-21,Onsite Store,29.99
23893974,67-675-614-317,A-208-1987,Store_2467,2020-12-21,Onsite Store,49.59
23893974,67-675-614-317,H-037-2018,Store_2467,2020-12-21,Onsite Store,76.59
23893974,67-675-614-317,I-184-1996,Store_2467,2020-12-21,Onsite Store,52.99
23893974,67-675-614-317,H-109-1986,Store_2467,2020-12-21,Onsite Store,69.99
23893974,67-675-614-317,Z-208-1991,Store_2467,2020-12-21,Onsite Store,65.99
23893974,67-675-614-317,Q-157-2013,Store_2467,2020-12-21,Onsite Store,48.99
23893974,67-675-614-317,C-196-1985,Store_2467,2020-12-21,Onsite Store,114.59
23893975,67-675-614-317,Q-181-1990,Store_2442,2020-04-05,Onsite Store,65.99
23893975,67-675-614-317,F-172-1985,Store_2442,2020-04-05,Onsite Store,64.59
23893975,67-675-614-317,N-205-1998,Store_2442,2020-04-05,Onsite Store,51.59
23893975,67-675-614-317,F-085-2014,Store_2442,2020-04-05,Onsite Store,86.99
23893975,67-675-614-317,C-220-1986,Store_2442,2020-04-05,Onsite Store,38.99
23893976,67-675-614-317,J-070-1991,Store_2456,2020-12-04,Onsite Store,55.99
23893976,67-675-614-317,V-040-2009,Store_2456,2020-12-04,Onsite Store,69.99
23893976,67-675-614-317,I-151-2005,Store_2456,2020-12-04,Onsite Store,61.59
23893976,67-675-614-317,V-241-2009,Store_2456,2020-12-04,Onsite Store,92.59
23893976,67-675-614-317,I-037-2003,Store_2456,2020-12-04,Onsite Store,53.59
23893976,67-675-614-317,B-289-1996,Store_2456,2020-12-04,Onsite Store,41.99
23893976,67-675-614-317,W-016-2001,Store_2456,2020-12-04,Onsite Store,63.99
23893977,67-675-614-317,A-118-2004,Store_2477,2020-03-23,Onsite Store,65.99
23893977,67-675-614-317,J-178-2018,Store_2477,2020-03-23,Onsite Store,75.99
23893978,67-675-614-317,W-124-2014,Store_2413,2020-11-15,Onsite Store,108.99
23893978,67-675-614-317,N-106-1998,Store_2413,2020-11-15,Onsite Store,19.59
23893978,67-675-614-317,G-250-2000,Store_2413,2020-11-15,Onsite Store,44.99
23893979,67-675-614-317,B-028-2011,Store_2421,2020-02-11,Onsite Store,87.99
23893979,67-675-614-317,V-070-2001,Store_2421,2020-02-11,Onsite Store,103.59
23893979,67-675-614-317,J-220-2017,Store_2421,2020-02-11,Onsite Store,93.99
23893979,67-675-614-317,N-061-1991,Store_2421,2020-02-11,Onsite Store,24.59
23893979,67-675-614-317,Q-259-2016,Store_2421,2020-02-11,Onsite Store,50.99
23893979,67-675-614-317,B-133-1997,Store_2421,2020-02-11,Onsite Store,122.59
23893979,67-675-614-317,Z-211-2006,Store_2421,2020-02-11,Onsite Store,65.59
23893979,67-675-614-317,Z-133-1989,Store_2421,2020-02-11,Onsite Store,112.99
23893979,67-675-614-317,A-121-1994,Store_2421,2020-02-11,Onsite Store,83.59
23893980,67-675-614-317,C-052-2012,Store_2452,2020-08-01,Onsite Store,68.99
23893980,67-675-614-317,Z-010-1994,Store_2452,2020-08-01,Onsite Store,62.99
23893980,67-675-614-317,J-007-2006,Store_2452,2020-08-01,Onsite Store,77.59
23893980,67-675-614-317,F-229-1993,Store_2452,2020-08-01,Onsite Store,64.59
23893981,36-363-680-521,N-073-2015,Store_2444,2020-01-20,Onsite Store,73.99
23893981,36-363-680-521,C-235-2002,Store_2444,2020-01-20,Onsite Store,66.59
23893981,36-363-680-521,N-133-1998,Store_2444,2020-01-20,Onsite Store,70.59
23893981,36-363-680-521,A-184-1995,Store_2444,2020-01-20,Onsite Store,55.59
23893981,36-363-680-521,F-136-1992,Store_2444,2020-01-20,Onsite Store,7.99
23893981,36-363-680-521,N-151-2003,Store_2444,2020-01-20,Onsite Store,78.59
23893981,36-363-680-521,W-226-1987,Store_2444,2020-01-20,Onsite Store,25.99
23893981,36-363-680-521,Z-187-2002,Store_2444,2020-01-20,Onsite Store,45.99
23893981,36-363-680-521,W-079-1988,Store_2444,2020-01-20,Onsite Store,70.59
23893981,36-363-680-521,H-076-1997,Store_2444,2020-01-20,Onsite Store,10.99
23893981,36-363-680-521,F-073-1988,Store_2444,2020-01-20,Onsite Store,54.99
23893982,36-363-680-521,G-232-1980,Store_2475,2020-01-01,Onsite Store,68.99
23893982,36-363-680-521,Z-181-1981,Store_2475,2020-01-01,Onsite Store,79.99
23893982,36-363-680-521,W-259-2004,Store_2475,2020-01-01,Onsite Store,66.59
23893982,36-363-680-521,I-019-1997,Store_2475,2020-01-01,Onsite Store,17.59
23893982,36-363-680-521,B-082-1995,Store_2475,2020-01-01,Onsite Store,103.59
23893982,36-363-680-521,H-289-2005,Store_2475,2020-01-01,Onsite Store,98.99
23893982,36-363-680-521,C-169-2001,Store_2475,2020-01-01,Onsite Store,54.99
23893983,36-363-680-521,I-019-1996,Store_2405,2020-02-03,Onsite Store,123.99
23893983,36-363-680-521,N-022-2018,Store_2405,2020-02-03,Onsite Store,61.59
23893983,36-363-680-521,J-109-1988,Store_2405,2020-02-03,Onsite Store,89.99
23893984,36-363-680-521,N-259-2003,Store_2476,2020-06-21,Onsite Store,28.99
23893984,36-363-680-521,I-274-2016,Store_2476,2020-06-21,Onsite Store,39.99
23893984,36-363-680-521,Q-085-2004,Store_2476,2020-06-21,Onsite Store,66.59
23893984,36-363-680-521,J-085-1987,Store_2476,2020-06-21,Onsite Store,58.59
23893984,36-363-680-521,H-229-1982,Store_2476,2020-06-21,Onsite Store,38.99
23893985,36-363-680-521,G-247-2005,Store_2425,2020-05-18,Onsite Store,74.99
23893985,36-363-680-521,B-205-1995,Store_2425,2020-05-18,Onsite Store,86.99
23893985,36-363-680-521,G-121-2001,Store_2425,2020-05-18,Onsite Store,32.59
23893985,36-363-680-521,N-034-1981,Store_2425,2020-05-18,Onsite Store,100.59
23893985,36-363-680-521,J-211-2017,Store_2425,2020-05-18,Onsite Store,20.99
23893985,36-363-680-521,B-070-2017,Store_2425,2020-05-18,Onsite Store,102.59
23893986,36-363-680-521,J-148-2008,Store_2433,2020-04-22,Onsite Store,92.59
23893986,36-363-680-521,N-235-2004,Store_2433,2020-04-22,Onsite Store,68.59
23893986,36-363-680-521,G-115-2017,Store_2433,2020-04-22,Onsite Store,61.59
23893986,36-363-680-521,A-250-1997,Store_2433,2020-04-22,Onsite Store,48.99
23893986,36-363-680-521,Q-106-1980,Store_2433,2020-04-22,Onsite Store,48.59
23893986,36-363-680-521,G-196-1993,Store_2433,2020-04-22,Onsite Store,60.99
23893986,36-363-680-521,F-082-1991,Store_2433,2020-04-22,Onsite Store,54.99
23893986,36-363-680-521,V-295-1985,Store_2433,2020-04-22,Onsite Store,87.99
23893986,36-363-680-521,C-217-2009,Store_2433,2020-04-22,Onsite Store,94.99
23893986,36-363-680-521,Z-238-2016,Store_2433,2020-04-22,Onsite Store,31.59
23893987,36-363-680-521,F-154-1998,Store_2460,2020-01-04,Onsite Store,38.59
23893987,36-363-680-521,A-034-2001,Store_2460,2020-01-04,Onsite Store,50.99
23893987,36-363-680-521,J-193-2012,Store_2460,2020-01-04,Onsite Store,95.99
23893987,36-363-680-521,W-265-1989,Store_2460,2020-01-04,Onsite Store,84.59
23893987,36-363-680-521,V-013-2011,Store_2460,2020-01-04,Onsite Store,40.99
23893987,36-363-680-521,J-214-2004,Store_2460,2020-01-04,Onsite Store,42.99
23893988,36-363-680-521,J-046-2014,Store_2387,2020-09-15,Online Store,58.59
23893988,36-363-680-521,G-067-1995,Store_2387,2020-09-15,Online Store,34.99
23893989,36-363-680-521,C-115-2011,Store_2396,2020-08-18,Online Store,49.59
23893989,36-363-680-521,W-196-1990,Store_2396,2020-08-18,Online Store,17.59
23893989,36-363-680-521,N-217-2001,Store_2396,2020-08-18,Online Store,92.99
23893990,77-770-725-587,Q-094-1986,Store_2473,2020-01-06,Onsite Store,80.59
23893990,77-770-725-587,N-277-2002,Store_2473,2020-01-06,Onsite Store,82.59
23893990,77-770-725-587,W-106-1981,Store_2473,2020-01-06,Onsite Store,99.59
23893990,77-770-725-587,I-148-1993,Store_2473,2020-01-06,Onsite Store,56.59
23893991,77-770-725-587,V-277-1990,Store_2389,2020-04-21,Online Store,50.59
23893991,77-770-725-587,H-247-2013,Store_2389,2020-04-21,Online Store,36.59
23893991,77-770-725-587,A-238-1992,Store_2389,2020-04-21,Online Store,45.99
23893992,77-770-725-587,H-001-1994,Store_2443,2020-05-11,Onsite Store,46.99
23893992,77-770-725-587,V-136-1988,Store_2443,2020-05-11,Onsite Store,48.59
23893992,77-770-725-587,B-163-2009,Store_2443,2020-05-11,Onsite Store,72.59
23893992,77-770-725-587,V-268-1981,Store_2443,2020-05-11,Onsite Store,65.59
23893992,77-770-725-587,G-076-1990,Store_2443,2020-05-11,Onsite Store,110.99
23893992,77-770-725-587,Z-133-2010,Store_2443,2020-05-11,Onsite Store,70.59
23893992,77-770-725-587,Q-136-1985,Store_2443,2020-05-11,Onsite Store,45.59
23893992,77-770-725-587,A-118-1984,Store_2443,2020-05-11,Onsite Store,73.59
23893993,77-770-725-587,N-235-2003,Store_2373,2020-05-22,Online Store,82.99
23893993,77-770-725-587,F-004-1997,Store_2373,2020-05-22,Online Store,51.59
23893993,77-770-725-587,F-130-2009,Store_2373,2020-05-22,Online Store,82.59
23893993,77-770-725-587,F-205-1983,Store_2373,2020-05-22,Online Store,87.99
23893994,77-770-725-587,Z-208-1986,Store_2394,2020-07-12,Online Store,45.99
23893994,77-770-725-587,Z-049-2012,Store_2394,2020-07-12,Online Store,43.59
23893994,77-770-725-587,A-163-2011,Store_2394,2020-07-12,Online Store,61.59
23893994,77-770-725-587,G-040-1996,Store_2394,2020-07-12,Online Store,70.99
23893995,77-770-725-587,B-037-1988,Store_2409,2020-01-19,Onsite Store,76.59
23893995,77-770-725-587,B-202-2014,Store_2409,2020-01-19,Onsite Store,96.59
23893995,77-770-725-587,N-247-2007,Store_2409,2020-01-19,Onsite Store,86.59
23893995,77-770-725-587,Q-118-1993,Store_2409,2020-01-19,Onsite Store,42.59
23893995,77-770-725-587,I-061-2001,Store_2409,2020-01-19,Onsite Store,18.59
23893995,77-770-725-587,A-238-2017,Store_2409,2020-01-19,Onsite Store,75.59
23893995,77-770-725-587,Z-196-2017,Store_2409,2020-01-19,Onsite Store,72.59
23893995,77-770-725-587,C-223-2009,Store_2409,2020-01-19,Onsite Store,47.99
23893995,77-770-725-587,Q-145-2012,Store_2409,2020-01-19,Onsite Store,53.99
23893995,77-770-725-587,N-040-1998,Store_2409,2020-01-19,Onsite Store,85.59
23893995,77-770-725-587,W-040-1990,Store_2409,2020-01-19,Onsite Store,44.99
23893995,77-770-725-587,G-118-2010,Store_2409,2020-01-19,Onsite Store,82.59
23893996,77-770-725-587,F-109-1986,Store_2475,2020-01-25,Onsite Store,101.99
23893996,77-770-725-587,G-232-2016,Store_2475,2020-01-25,Onsite Store,44.99
23893997,77-770-725-587,N-271-2007,Store_2461,2020-10-14,Onsite Store,88.99
23893997,77-770-725-587,C-292-2018,Store_2461,2020-10-14,Onsite Store,51.99
23893997,77-770-725-587,F-124-1994,Store_2461,2020-10-14,Onsite Store,26.59
23893998,77-770-725-587,Q-112-1990,Store_2399,2020-07-12,Onsite Store,80.99
23893998,77-770-725-587,J-091-1988,Store_2399,2020-07-12,Onsite Store,47.99
23893998,77-770-725-587,J-265-1995,Store_2399,2020-07-12,Onsite Store,91.59
23893998,77-770-725-587,N-277-2012,Store_2399,2020-07-12,Onsite Store,22.99
23893998,77-770-725-587,W-100-1993,Store_2399,2020-07-12,Onsite Store,77.59
23893998,77-770-725-587,I-283-2003,Store_2399,2020-07-12,Onsite Store,39.99
23893998,77-770-725-587,N-181-2008,Store_2399,2020-07-12,Onsite Store,111.99
23893999,23-230-711-481,J-109-1987,Store_2433,2020-04-01,Onsite Store,91.99
23893999,23-230-711-481,A-259-1989,Store_2433,2020-04-01,Onsite Store,28.59
23893999,23-230-711-481,A-133-2010,Store_2433,2020-04-01,Onsite Store,100.99
23894000,23-230-711-481,N-094-2001,Store_2361,2020-10-03,Online Store,59.99
23894001,23-230-711-481,A-286-2006,Store_2445,2020-07-15,Onsite Store,38.99
23894001,23-230-711-481,G-091-2009,Store_2445,2020-07-15,Onsite Store,50.99
23894001,23-230-711-481,Z-229-1987,Store_2445,2020-07-15,Onsite Store,107.59
23894001,23-230-711-481,H-049-1987,Store_2445,2020-07-15,Onsite Store,73.99
23894001,23-230-711-481,I-046-2013,Store_2445,2020-07-15,Onsite Store,57.59
23894001,23-230-711-481,H-232-1998,Store_2445,2020-07-15,Onsite Store,23.59
23894001,23-230-711-481,J-208-2008,Store_2445,2020-07-15,Onsite Store,46.99
23894001,23-230-711-481,V-013-2001,Store_2445,2020-07-15,Onsite Store,96.59
23894001,23-230-711-481,W-232-2014,Store_2445,2020-07-15,Onsite Store,43.59
23894002,23-230-711-481,I-076-1987,Store_2416,2020-12-07,Onsite Store,54.99
23894002,23-230-711-481,G-295-2001,Store_2416,2020-12-07,Onsite Store,29.59
23894002,23-230-711-481,V-241-1996,Store_2416,2020-12-07,Onsite Store,58.99
23894002,23-230-711-481,B-193-1991,Store_2416,2020-12-07,Onsite Store,72.99
23894002,23-230-711-481,Z-235-1987,Store_2416,2020-12-07,Onsite Store,37.99
23894002,23-230-711-481,I-040-2003,Store_2416,2020-12-07,Onsite Store,78.99
23894003,23-230-711-481,C-136-2011,Store_2376,2020-10-02,Online Store,53.59
23894003,23-230-711-481,Q-013-2004,Store_2376,2020-10-02,Online Store,89.99
23894003,23-230-711-481,Z-094-2004,Store_2376,2020-10-02,Online Store,16.99
23894003,23-230-711-481,W-283-1988,Store_2376,2020-10-02,Online Store,31.99
23894003,23-230-711-481,I-241-2002,Store_2376,2020-10-02,Online Store,71.59
23894004,23-230-711-481,B-202-2007,Store_2372,2020-04-29,Online Store,62.59
23894004,23-230-711-481,Q-112-1990,Store_2372,2020-04-29,Online Store,80.99
23894004,23-230-711-481,H-073-1997,Store_2372,2020-04-29,Online Store,11.59
23894004,23-230-711-481,H-259-1998,Store_2372,2020-04-29,Online Store,66.59
23894004,23-230-711-481,V-190-2000,Store_2372,2020-04-29,Online Store,67.99
23894005,23-230-711-481,J-130-2001,Store_2388,2020-05-07,Online Store,94.99
23894005,23-230-711-481,C-271-2008,Store_2388,2020-05-07,Online Store,101.59
23894006,23-230-711-481,W-121-1995,Store_2427,2020-02-18,Onsite Store,65.99
23894006,23-230-711-481,V-286-2003,Store_2427,2020-02-18,Onsite Store,77.59
23894006,23-230-711-481,W-043-2005,Store_2427,2020-02-18,Onsite Store,62.99
23894006,23-230-711-481,W-037-1992,Store_2427,2020-02-18,Onsite Store,88.59
23894006,23-230-711-481,Q-244-1989,Store_2427,2020-02-18,Onsite Store,122.99
23894006,23-230-711-481,G-244-2002,Store_2427,2020-02-18,Onsite Store,82.99
23894007,23-230-711-481,Z-226-1987,Store_2472,2020-03-15,Onsite Store,71.59
23894007,23-230-711-481,Q-277-1988,Store_2472,2020-03-15,Onsite Store,77.59
23894007,23-230-711-481,J-205-2012,Store_2472,2020-03-15,Onsite Store,72.99
23894008,42-427-940-755,F-298-1992,Store_2354,2020-08-19,Online Store,96.59
23894008,42-427-940-755,W-019-1986,Store_2354,2020-08-19,Online Store,10.59
23894008,42-427-940-755,A-061-2003,Store_2354,2020-08-19,Online Store,107.99
23894009,42-427-940-755,W-160-2016,Store_2389,2020-02-01,Online Store,47.99
23894009,42-427-940-755,F-055-1992,Store_2389,2020-02-01,Online Store,116.59
23894009,42-427-940-755,B-043-1987,Store_2389,2020-02-01,Online Store,53.99
23894009,42-427-940-755,Z-232-2018,Store_2389,2020-02-01,Online Store,69.99
23894009,42-427-940-755,G-172-1983,Store_2389,2020-02-01,Online Store,46.59
23894009,42-427-940-755,J-232-1982,Store_2389,2020-02-01,Online Store,95.99
23894009,42-427-940-755,H-256-1984,Store_2389,2020-02-01,Online Store,55.99
23894010,42-427-940-755,N-163-2011,Store_2383,2020-11-28,Online Store,68.59
23894010,42-427-940-755,N-052-2004,Store_2383,2020-11-28,Online Store,48.59
23894010,42-427-940-755,V-109-1990,Store_2383,2020-11-28,Online Store,33.99
23894010,42-427-940-755,C-211-2000,Store_2383,2020-11-28,Online Store,69.59
23894010,42-427-940-755,Z-016-1990,Store_2383,2020-11-28,Online Store,88.99
23894010,42-427-940-755,N-211-1993,Store_2383,2020-11-28,Online Store,63.59
23894010,42-427-940-755,G-241-1987,Store_2383,2020-11-28,Online Store,3.99
23894010,42-427-940-755,I-043-1983,Store_2383,2020-11-28,Online Store,60.59
23894010,42-427-940-755,G-196-1996,Store_2383,2020-11-28,Online Store,56.99
23894011,42-427-940-755,V-292-2012,Store_2446,2020-10-06,Onsite Store,60.99
23894011,42-427-940-755,N-037-1986,Store_2446,2020-10-06,Onsite Store,102.59
23894011,42-427-940-755,A-214-2000,Store_2446,2020-10-06,Onsite Store,71.99
23894011,42-427-940-755,N-007-1997,Store_2446,2020-10-06,Onsite Store,82.59
23894011,42-427-940-755,J-022-1996,Store_2446,2020-10-06,Onsite Store,105.99
23894011,42-427-940-755,F-004-2009,Store_2446,2020-10-06,Onsite Store,46.59
23894012,42-427-940-755,A-274-2010,Store_2388,2020-10-03,Online Store,27.59
23894013,42-427-940-755,N-190-2000,Store_2370,2020-01-07,Online Store,45.99
23894013,42-427-940-755,C-055-2011,Store_2370,2020-01-07,Online Store,46.99
23894013,42-427-940-755,V-073-1993,Store_2370,2020-01-07,Online Store,69.59
23894013,42-427-940-755,Q-025-2007,Store_2370,2020-01-07,Online Store,87.99
23894013,42-427-940-755,Z-112-1989,Store_2370,2020-01-07,Online Store,81.59
23894013,42-427-940-755,H-283-1999,Store_2370,2020-01-07,Online Store,52.99
23894013,42-427-940-755,V-019-2003,Store_2370,2020-01-07,Online Store,129.99
23894014,42-427-940-755,H-034-1994,Store_2404,2020-04-10,Onsite Store,63.59
23894014,42-427-940-755,N-154-1998,Store_2404,2020-04-10,Onsite Store,100.59
23894014,42-427-940-755,A-052-1993,Store_2404,2020-04-10,Onsite Store,42.99
23894014,42-427-940-755,F-079-1985,Store_2404,2020-04-10,Onsite Store,60.99
23894014,42-427-940-755,J-214-2018,Store_2404,2020-04-10,Onsite Store,49.99
23894015,42-427-940-755,J-031-1998,Store_2433,2020-07-09,Onsite Store,64.99
23894015,42-427-940-755,F-253-2017,Store_2433,2020-07-09,Onsite Store,63.99
23894015,42-427-940-755,W-178-1983,Store_2433,2020-07-09,Onsite Store,48.59
23894016,42-427-940-755,J-016-2018,Store_2434,2020-09-04,Onsite Store,91.59
23894016,42-427-940-755,J-028-2005,Store_2434,2020-09-04,Onsite Store,74.99
23894016,42-427-940-755,W-007-1992,Store_2434,2020-09-04,Onsite Store,74.59
23894016,42-427-940-755,Q-106-1993,Store_2434,2020-09-04,Onsite Store,80.99
23894016,42-427-940-755,I-232-1983,Store_2434,2020-09-04,Onsite Store,30.59
23894016,42-427-940-755,F-040-2000,Store_2434,2020-09-04,Onsite Store,23.99
23894016,42-427-940-755,F-106-1995,Store_2434,2020-09-04,Onsite Store,108.59
23894017,37-376-722-579,V-193-2001,Store_2457,2020-05-19,Onsite Store,73.59
23894017,37-376-722-579,H-238-2007,Store_2457,2020-05-19,Onsite Store,57.99
23894017,37-376-722-579,Q-016-2012,Store_2457,2020-05-19,Onsite Store,71.99
23894017,37-376-722-579,F-241-1996,Store_2457,2020-05-19,Onsite Store,50.59
23894017,37-376-722-579,J-124-1996,Store_2457,2020-05-19,Onsite Store,65.59
23894017,37-376-722-579,F-013-1990,Store_2457,2020-05-19,Onsite Store,115.99
23894017,37-376-722-579,V-184-1985,Store_2457,2020-05-19,Onsite Store,96.99
23894018,37-376-722-579,A-118-2004,Store_2397,2020-08-28,Online Store,65.99
23894018,37-376-722-579,B-160-1987,Store_2397,2020-08-28,Online Store,96.99
23894018,37-376-722-579,I-190-1986,Store_2397,2020-08-28,Online Store,35.59
23894018,37-376-722-579,W-112-1991,Store_2397,2020-08-28,Online Store,29.99
23894018,37-376-722-579,J-283-1996,Store_2397,2020-08-28,Online Store,77.99
23894018,37-376-722-579,N-022-2015,Store_2397,2020-08-28,Online Store,53.59
23894018,37-376-722-579,B-037-1986,Store_2397,2020-08-28,Online Store,49.99
23894018,37-376-722-579,W-262-2014,Store_2397,2020-08-28,Online Store,55.59
23894018,37-376-722-579,Q-298-2008,Store_2397,2020-08-28,Online Store,52.99
23894018,37-376-722-579,A-028-2000,Store_2397,2020-08-28,Online Store,78.99
23894019,37-376-722-579,F-226-1997,Store_2455,2020-10-21,Onsite Store,94.99
23894019,37-376-722-579,J-028-1983,Store_2455,2020-10-21,Onsite Store,57.59
23894019,37-376-722-579,C-295-2010,Store_2455,2020-10-21,Onsite Store,88.59
23894019,37-376-722-579,V-139-2013,Store_2455,2020-10-21,Onsite Store,89.59
23894019,37-376-722-579,F-166-2013,Store_2455,2020-10-21,Onsite Store,32.99
23894019,37-376-722-579,W-112-2008,Store_2455,2020-10-21,Onsite Store,89.59
23894019,37-376-722-579,H-175-2008,Store_2455,2020-10-21,Onsite Store,75.59
23894019,37-376-722-579,F-226-2017,Store_2455,2020-10-21,Onsite Store,71.99
23894020,37-376-722-579,Z-277-1990,Store_2414,2020-06-27,Onsite Store,67.59
23894020,37-376-722-579,J-019-1998,Store_2414,2020-06-27,Onsite Store,70.99
23894021,37-376-722-579,V-100-2007,Store_2417,2020-03-11,Onsite Store,49.99
23894021,37-376-722-579,I-268-1988,Store_2417,2020-03-11,Onsite Store,39.59
23894021,37-376-722-579,J-175-1989,Store_2417,2020-03-11,Onsite Store,114.59
23894021,37-376-722-579,Z-052-2010,Store_2417,2020-03-11,Onsite Store,44.59
23894021,37-376-722-579,B-166-1987,Store_2417,2020-03-11,Onsite Store,77.99
23894021,37-376-722-579,N-079-1999,Store_2417,2020-03-11,Onsite Store,44.59
23894021,37-376-722-579,I-058-1985,Store_2417,2020-03-11,Onsite Store,107.99
23894021,37-376-722-579,Q-049-2014,Store_2417,2020-03-11,Onsite Store,100.59
23894022,37-376-722-579,G-127-1985,Store_2439,2020-04-14,Onsite Store,90.59
23894022,37-376-722-579,G-049-1988,Store_2439,2020-04-14,Onsite Store,91.59
23894022,37-376-722-579,N-196-1982,Store_2439,2020-04-14,Onsite Store,110.99
23894022,37-376-722-579,Z-019-1989,Store_2439,2020-04-14,Onsite Store,26.59
23894022,37-376-722-579,I-085-1996,Store_2439,2020-04-14,Onsite Store,61.59
23894022,37-376-722-579,W-001-2011,Store_2439,2020-04-14,Onsite Store,68.99
23894022,37-376-722-579,B-280-2000,Store_2439,2020-04-14,Onsite Store,69.99
23894023,37-376-722-579,I-070-2003,Store_2380,2020-04-16,Online Store,70.99
23894023,37-376-722-579,I-163-2001,Store_2380,2020-04-16,Online Store,65.99
23894024,37-376-722-579,H-283-1996,Store_2438,2020-11-27,Onsite Store,94.99
23894024,37-376-722-579,N-163-2004,Store_2438,2020-11-27,Onsite Store,59.99
23894024,37-376-722-579,J-241-2008,Store_2438,2020-11-27,Onsite Store,60.99
23894024,37-376-722-579,B-178-1999,Store_2438,2020-11-27,Onsite Store,73.99
23894024,37-376-722-579,I-013-2012,Store_2438,2020-11-27,Onsite Store,25.59
23894024,37-376-722-579,F-190-1995,Store_2438,2020-11-27,Onsite Store,75.99
23894025,37-376-722-579,W-208-1996,Store_2374,2020-05-29,Online Store,47.99
23894025,37-376-722-579,I-049-1993,Store_2374,2020-05-29,Online Store,101.99
23894025,37-376-722-579,C-280-2005,Store_2374,2020-05-29,Online Store,85.99
23894025,37-376-722-579,H-184-2005,Store_2374,2020-05-29,Online Store,74.59
23894026,76-760-779-956,J-085-2012,Store_2359,2020-12-28,Online Store,74.99
23894026,76-760-779-956,W-202-1990,Store_2359,2020-12-28,Online Store,9.99
23894026,76-760-779-956,J-127-1989,Store_2359,2020-12-28,Online Store,97.59
23894026,76-760-779-956,W-070-1990,Store_2359,2020-12-28,Online Store,103.99
23894026,76-760-779-956,W-175-1998,Store_2359,2020-12-28,Online Store,69.59
23894027,76-760-779-956,H-115-2012,Store_2348,2020-12-18,Online Store,36.99
23894028,76-760-779-956,I-058-2003,Store_2433,2020-08-03,Onsite Store,157.99
23894028,76-760-779-956,Z-157-1982,Store_2433,2020-08-03,Onsite Store,73.99
23894028,76-760-779-956,B-271-1992,Store_2433,2020-08-03,Onsite Store,65.59
23894028,76-760-779-956,Z-049-1987,Store_2433,2020-08-03,Onsite Store,70.99
23894029,76-760-779-956,Q-199-2018,Store_2463,2020-10-14,Onsite Store,65.59
23894029,76-760-779-956,F-205-2013,Store_2463,2020-10-14,Onsite Store,96.59
23894029,76-760-779-956,J-127-2016,Store_2463,2020-10-14,Onsite Store,42.99
23894029,76-760-779-956,W-175-2012,Store_2463,2020-10-14,Onsite Store,94.59
23894029,76-760-779-956,C-148-1992,Store_2463,2020-10-14,Onsite Store,58.99
23894030,76-760-779-956,V-067-1989,Store_2378,2020-01-18,Online Store,64.99
23894030,76-760-779-956,Q-073-2004,Store_2378,2020-01-18,Online Store,52.59
23894030,76-760-779-956,V-064-1981,Store_2378,2020-01-18,Online Store,7.99
23894030,76-760-779-956,W-115-1997,Store_2378,2020-01-18,Online Store,87.59
23894030,76-760-779-956,W-163-2005,Store_2378,2020-01-18,Online Store,58.59
23894030,76-760-779-956,H-091-1983,Store_2378,2020-01-18,Online Store,38.59
23894031,76-760-779-956,V-085-1991,Store_2408,2020-06-10,Onsite Store,36.59
23894031,76-760-779-956,V-208-1992,Store_2408,2020-06-10,Onsite Store,113.99
23894031,76-760-779-956,Q-106-1983,Store_2408,2020-06-10,Onsite Store,45.99
23894031,76-760-779-956,W-292-1998,Store_2408,2020-06-10,Onsite Store,89.99
23894031,76-760-779-956,J-091-1995,Store_2408,2020-06-10,Onsite Store,36.99
23894031,76-760-779-956,Q-088-1993,Store_2408,2020-06-10,Onsite Store,55.99
23894032,76-760-779-956,C-130-2008,Store_2356,2020-01-08,Online Store,52.99
23894032,76-760-779-956,V-184-2012,Store_2356,2020-01-08,Online Store,63.59
23894032,76-760-779-956,V-082-1993,Store_2356,2020-01-08,Online Store,111.99
23894032,76-760-779-956,Q-091-2005,Store_2356,2020-01-08,Online Store,58.99
23894032,76-760-779-956,H-250-2000,Store_2356,2020-01-08,Online Store,59.59
23894032,76-760-779-956,Q-280-2003,Store_2356,2020-01-08,Online Store,8.59
23894032,76-760-779-956,I-262-1998,Store_2356,2020-01-08,Online Store,83.99
23894032,76-760-779-956,W-217-2015,Store_2356,2020-01-08,Online Store,9.59
23894032,76-760-779-956,Z-079-2014,Store_2356,2020-01-08,Online Store,53.59
23894032,76-760-779-956,G-142-2010,Store_2356,2020-01-08,Online Store,103.59
23894033,76-760-779-956,W-004-2011,Store_2375,2020-10-05,Online Store,15.59
23894033,76-760-779-956,G-001-1994,Store_2375,2020-10-05,Online Store,58.99
23894033,76-760-779-956,Z-211-2011,Store_2375,2020-10-05,Online Store,56.99
23894034,76-760-779-956,I-061-1995,Store_2410,2020-08-31,Onsite Store,40.99
23894034,76-760-779-956,G-235-1983,Store_2410,2020-08-31,Onsite Store,33.99
23894034,76-760-779-956,F-085-2008,Store_2410,2020-08-31,Onsite Store,39.59
23894034,76-760-779-956,W-151-1980,Store_2410,2020-08-31,Onsite Store,83.59
23894034,76-760-779-956,C-127-1987,Store_2410,2020-08-31,Onsite Store,52.59
23894035,31-317-798-319,V-172-1990,Store_2434,2020-04-26,Onsite Store,77.99
23894035,31-317-798-319,C-010-2000,Store_2434,2020-04-26,Onsite Store,40.99
23894035,31-317-798-319,C-199-2018,Store_2434,2020-04-26,Onsite Store,16.59
23894035,31-317-798-319,C-253-1980,Store_2434,2020-04-26,Onsite Store,71.99
23894035,31-317-798-319,V-013-1996,Store_2434,2020-04-26,Onsite Store,67.59
23894035,31-317-798-319,A-220-1986,Store_2434,2020-04-26,Onsite Store,74.99
23894035,31-317-798-319,V-046-1988,Store_2434,2020-04-26,Onsite Store,62.99
23894035,31-317-798-319,B-223-1995,Store_2434,2020-04-26,Onsite Store,73.59
23894035,31-317-798-319,H-109-2017,Store_2434,2020-04-26,Onsite Store,86.59
23894036,31-317-798-319,Z-205-1992,Store_2381,2020-08-18,Online Store,89.59
23894036,31-317-798-319,C-127-2001,Store_2381,2020-08-18,Online Store,95.99
23894036,31-317-798-319,G-214-1991,Store_2381,2020-08-18,Online Store,35.59
23894036,31-317-798-319,Z-172-2007,Store_2381,2020-08-18,Online Store,41.99
23894036,31-317-798-319,W-292-2002,Store_2381,2020-08-18,Online Store,120.59
23894036,31-317-798-319,I-256-2009,Store_2381,2020-08-18,Online Store,5.99
23894036,31-317-798-319,A-244-1985,Store_2381,2020-08-18,Online Store,64.99
23894036,31-317-798-319,Q-277-1995,Store_2381,2020-08-18,Online Store,112.99
23894037,31-317-798-319,G-115-2009,Store_2435,2020-04-26,Onsite Store,80.99
23894037,31-317-798-319,Q-007-2007,Store_2435,2020-04-26,Onsite Store,63.99
23894037,31-317-798-319,A-118-1980,Store_2435,2020-04-26,Onsite Store,90.59
23894037,31-317-798-319,C-262-2013,Store_2435,2020-04-26,Onsite Store,31.99
23894037,31-317-798-319,A-025-1982,Store_2435,2020-04-26,Onsite Store,68.59
23894037,31-317-798-319,I-289-1995,Store_2435,2020-04-26,Onsite Store,76.99
23894037,31-317-798-319,Q-100-1995,Store_2435,2020-04-26,Onsite Store,90.99
23894038,31-317-798-319,A-265-1989,Store_2348,2020-08-05,Online Store,77.99
23894038,31-317-798-319,B-205-1993,Store_2348,2020-08-05,Online Store,68.59
23894038,31-317-798-319,B-178-2007,Store_2348,2020-08-05,Online Store,112.99
23894038,31-317-798-319,C-208-2018,Store_2348,2020-08-05,Online Store,49.59
23894038,31-317-798-319,Q-226-2002,Store_2348,2020-08-05,Online Store,73.59
23894039,31-317-798-319,W-055-2009,Store_2462,2020-05-11,Onsite Store,47.59
23894039,31-317-798-319,J-076-1984,Store_2462,2020-05-11,Onsite Store,105.99
23894039,31-317-798-319,N-241-2009,Store_2462,2020-05-11,Onsite Store,32.59
23894039,31-317-798-319,Z-145-2009,Store_2462,2020-05-11,Onsite Store,62.59
23894039,31-317-798-319,F-118-2010,Store_2462,2020-05-11,Onsite Store,58.59
23894039,31-317-798-319,V-139-2007,Store_2462,2020-05-11,Onsite Store,81.99
23894039,31-317-798-319,B-181-1993,Store_2462,2020-05-11,Onsite Store,50.99
23894040,31-317-798-319,N-202-1983,Store_2452,2020-03-14,Onsite Store,51.99
23894040,31-317-798-319,B-265-1981,Store_2452,2020-03-14,Onsite Store,26.99
23894041,31-317-798-319,B-004-1992,Store_2463,2020-01-23,Onsite Store,66.99
23894041,31-317-798-319,J-046-2008,Store_2463,2020-01-23,Onsite Store,24.59
23894042,31-317-798-319,N-058-2013,Store_2406,2020-07-20,Onsite Store,68.59
23894042,31-317-798-319,Z-217-1997,Store_2406,2020-07-20,Onsite Store,91.59
23894042,31-317-798-319,N-250-2002,Store_2406,2020-07-20,Onsite Store,80.99
23894042,31-317-798-319,I-187-1994,Store_2406,2020-07-20,Onsite Store,92.99
23894042,31-317-798-319,G-076-2006,Store_2406,2020-07-20,Onsite Store,55.99
23894042,31-317-798-319,V-097-1990,Store_2406,2020-07-20,Onsite Store,115.59
23894042,31-317-798-319,Q-079-1995,Store_2406,2020-07-20,Onsite Store,60.99
23894042,31-317-798-319,Z-034-1996,Store_2406,2020-07-20,Onsite Store,64.59
23894042,31-317-798-319,H-061-1988,Store_2406,2020-07-20,Onsite Store,22.59
23894042,31-317-798-319,C-139-1985,Store_2406,2020-07-20,Onsite Store,70.59
23894042,31-317-798-319,W-151-1993,Store_2406,2020-07-20,Onsite Store,75.59
23894043,31-317-798-319,C-211-2007,Store_2390,2020-01-08,Online Store,62.99
23894043,31-317-798-319,W-172-1980,Store_2390,2020-01-08,Online Store,106.59
23894043,31-317-798-319,N-079-2016,Store_2390,2020-01-08,Online Store,37.99
23894044,82-822-153-148,V-091-1991,Store_2362,2020-10-26,Online Store,93.59
23894044,82-822-153-148,N-019-1999,Store_2362,2020-10-26,Online Store,111.99
23894044,82-822-153-148,W-169-2005,Store_2362,2020-10-26,Online Store,55.99
23894044,82-822-153-148,C-085-2003,Store_2362,2020-10-26,Online Store,99.99
23894044,82-822-153-148,F-193-1998,Store_2362,2020-10-26,Online Store,109.99
23894044,82-822-153-148,W-166-2007,Store_2362,2020-10-26,Online Store,69.59
23894045,82-822-153-148,G-157-2014,Store_2372,2020-05-03,Online Store,26.59
23894045,82-822-153-148,I-265-1993,Store_2372,2020-05-03,Online Store,50.99
23894045,82-822-153-148,H-127-2006,Store_2372,2020-05-03,Online Store,61.59
23894046,82-822-153-148,I-268-1985,Store_2426,2020-12-29,Onsite Store,104.59
23894046,82-822-153-148,C-211-2012,Store_2426,2020-12-29,Onsite Store,63.99
23894046,82-822-153-148,Q-160-1988,Store_2426,2020-12-29,Onsite Store,43.59
23894046,82-822-153-148,I-205-2009,Store_2426,2020-12-29,Onsite Store,110.99
23894046,82-822-153-148,W-121-1986,Store_2426,2020-12-29,Onsite Store,48.59
23894046,82-822-153-148,I-121-1983,Store_2426,2020-12-29,Onsite Store,25.99
23894046,82-822-153-148,W-280-2007,Store_2426,2020-12-29,Onsite Store,75.59
23894046,82-822-153-148,Z-124-2012,Store_2426,2020-12-29,Onsite Store,47.59
23894046,82-822-153-148,Q-127-2012,Store_2426,2020-12-29,Onsite Store,74.99
23894046,82-822-153-148,Z-055-1998,Store_2426,2020-12-29,Onsite Store,44.99
23894046,82-822-153-148,V-160-2017,Store_2426,2020-12-29,Onsite Store,69.99
23894047,82-822-153-148,A-169-1999,Store_2448,2020-07-06,Onsite Store,93.59
23894047,82-822-153-148,N-160-1997,Store_2448,2020-07-06,Onsite Store,82.59
23894047,82-822-153-148,I-046-2013,Store_2448,2020-07-06,Onsite Store,57.59
23894047,82-822-153-148,A-043-1991,Store_2448,2020-07-06,Onsite Store,49.99
23894047,82-822-153-148,A-223-1982,Store_2448,2020-07-06,Onsite Store,42.59
23894047,82-822-153-148,C-112-1996,Store_2448,2020-07-06,Onsite Store,85.99
23894047,82-822-153-148,I-097-2011,Store_2448,2020-07-06,Onsite Store,63.99
23894047,82-822-153-148,A-274-2018,Store_2448,2020-07-06,Onsite Store,61.59
23894048,82-822-153-148,B-205-1987,Store_2401,2020-01-28,Onsite Store,21.99
23894048,82-822-153-148,G-103-2013,Store_2401,2020-01-28,Onsite Store,53.59
23894048,82-822-153-148,A-166-2015,Store_2401,2020-01-28,Onsite Store,94.99
23894048,82-822-153-148,Z-247-2000,Store_2401,2020-01-28,Onsite Store,43.99
23894048,82-822-153-148,H-190-1998,Store_2401,2020-01-28,Onsite Store,108.59
23894048,82-822-153-148,C-091-2014,Store_2401,2020-01-28,Onsite Store,51.99
23894048,82-822-153-148,I-076-1987,Store_2401,2020-01-28,Onsite Store,54.99
23894049,82-822-153-148,Z-109-2003,Store_2451,2020-09-10,Onsite Store,30.99
23894050,82-822-153-148,N-154-1995,Store_2434,2020-11-24,Onsite Store,68.99
23894050,82-822-153-148,V-106-1992,Store_2434,2020-11-24,Onsite Store,92.59
23894050,82-822-153-148,C-067-1998,Store_2434,2020-11-24,Onsite Store,92.99
23894050,82-822-153-148,J-091-1984,Store_2434,2020-11-24,Onsite Store,63.59
23894051,82-822-153-148,W-286-2013,Store_2452,2020-12-27,Onsite Store,94.59
23894051,82-822-153-148,C-166-1980,Store_2452,2020-12-27,Onsite Store,79.59
23894051,82-822-153-148,I-136-2010,Store_2452,2020-12-27,Onsite Store,70.99
23894051,82-822-153-148,V-037-1994,Store_2452,2020-12-27,Onsite Store,58.99
23894051,82-822-153-148,H-058-2003,Store_2452,2020-12-27,Onsite Store,95.99
23894051,82-822-153-148,B-268-1987,Store_2452,2020-12-27,Onsite Store,61.99
23894051,82-822-153-148,J-028-1981,Store_2452,2020-12-27,Onsite Store,56.59
23894051,82-822-153-148,B-250-2000,Store_2452,2020-12-27,Onsite Store,76.99
23894051,82-822-153-148,N-151-1985,Store_2452,2020-12-27,Onsite Store,61.59
23894051,82-822-153-148,Q-184-1983,Store_2452,2020-12-27,Onsite Store,42.59
23894052,82-822-153-148,J-286-2005,Store_2354,2020-05-02,Online Store,78.59
23894052,82-822-153-148,H-178-2005,Store_2354,2020-05-02,Online Store,89.59
23894052,82-822-153-148,F-202-2018,Store_2354,2020-05-02,Online Store,77.99
23894052,82-822-153-148,V-058-1992,Store_2354,2020-05-02,Online Store,74.59
23894052,82-822-153-148,Q-019-1987,Store_2354,2020-05-02,Online Store,129.99
23894052,82-822-153-148,B-175-2003,Store_2354,2020-05-02,Online Store,43.99
23894052,82-822-153-148,V-070-2014,Store_2354,2020-05-02,Online Store,93.59
23894052,82-822-153-148,J-280-2014,Store_2354,2020-05-02,Online Store,86.59
23894053,99-995-981-283,I-262-2016,Store_2354,2020-01-31,Online Store,38.99
23894053,99-995-981-283,W-250-1980,Store_2354,2020-01-31,Online Store,64.59
23894053,99-995-981-283,G-253-1985,Store_2354,2020-01-31,Online Store,22.99
23894054,99-995-981-283,V-253-2005,Store_2438,2020-02-13,Onsite Store,112.59
23894055,99-995-981-283,G-148-1990,Store_2467,2020-12-09,Onsite Store,70.59
23894055,99-995-981-283,Q-037-2018,Store_2467,2020-12-09,Onsite Store,63.59
23894055,99-995-981-283,N-112-2009,Store_2467,2020-12-09,Onsite Store,117.59
23894055,99-995-981-283,W-214-1983,Store_2467,2020-12-09,Onsite Store,81.59
23894055,99-995-981-283,H-112-2004,Store_2467,2020-12-09,Onsite Store,125.59
23894056,99-995-981-283,N-022-1991,Store_2366,2020-08-05,Online Store,54.99
23894057,99-995-981-283,H-154-2004,Store_2363,2020-06-26,Online Store,62.99
23894057,99-995-981-283,H-286-1994,Store_2363,2020-06-26,Online Store,49.99
23894057,99-995-981-283,G-100-2001,Store_2363,2020-06-26,Online Store,75.99
23894057,99-995-981-283,V-262-2015,Store_2363,2020-06-26,Online Store,78.59
23894057,99-995-981-283,W-073-1997,Store_2363,2020-06-26,Online Store,100.59
23894058,99-995-981-283,F-082-2017,Store_2422,2020-11-05,Onsite Store,49.99
23894058,99-995-981-283,N-247-2015,Store_2422,2020-11-05,Onsite Store,67.59
23894058,99-995-981-283,C-286-1998,Store_2422,2020-11-05,Onsite Store,54.99
23894058,99-995-981-283,W-184-2014,Store_2422,2020-11-05,Onsite Store,51.59
23894058,99-995-981-283,W-247-1998,Store_2422,2020-11-05,Onsite Store,63.59
23894059,99-995-981-283,Q-205-1987,Store_2379,2020-03-28,Online Store,46.59
23894059,99-995-981-283,G-031-2008,Store_2379,2020-03-28,Online Store,51.59
23894059,99-995-981-283,B-136-1998,Store_2379,2020-03-28,Online Store,39.59
23894059,99-995-981-283,Z-226-2001,Store_2379,2020-03-28,Online Store,60.59
23894059,99-995-981-283,C-052-2014,Store_2379,2020-03-28,Online Store,68.99
23894059,99-995-981-283,W-256-1984,Store_2379,2020-03-28,Online Store,35.99
23894060,99-995-981-283,W-289-2008,Store_2469,2020-10-28,Onsite Store,53.59
23894060,99-995-981-283,N-034-2000,Store_2469,2020-10-28,Onsite Store,75.99
23894061,99-995-981-283,A-124-2012,Store_2462,2020-01-16,Onsite Store,86.59
23894061,99-995-981-283,V-283-1991,Store_2462,2020-01-16,Onsite Store,69.99
23894061,99-995-981-283,A-076-2017,Store_2462,2020-01-16,Onsite Store,69.59
23894061,99-995-981-283,C-115-1991,Store_2462,2020-01-16,Onsite Store,71.59
23894061,99-995-981-283,I-052-1999,Store_2462,2020-01-16,Onsite Store,110.99
23894061,99-995-981-283,G-124-2000,Store_2462,2020-01-16,Onsite Store,83.59
23894061,99-995-981-283,J-196-1998,Store_2462,2020-01-16,Onsite Store,97.59
23894062,73-731-720-477,A-190-2003,Store_2415,2020-03-25,Onsite Store,160.99
23894062,73-731-720-477,N-244-2000,Store_2415,2020-03-25,Onsite Store,85.99
23894062,73-731-720-477,H-034-2014,Store_2415,2020-03-25,Onsite Store,43.59
23894062,73-731-720-477,I-112-2007,Store_2415,2020-03-25,Onsite Store,60.59
23894062,73-731-720-477,V-067-2001,Store_2415,2020-03-25,Onsite Store,80.99
23894062,73-731-720-477,B-262-2002,Store_2415,2020-03-25,Onsite Store,55.99
23894062,73-731-720-477,G-160-2004,Store_2415,2020-03-25,Onsite Store,82.59
23894062,73-731-720-477,H-181-1998,Store_2415,2020-03-25,Onsite Store,21.99
23894062,73-731-720-477,Q-034-1981,Store_2415,2020-03-25,Onsite Store,92.59
23894063,73-731-720-477,Q-016-1999,Store_2473,2020-01-02,Onsite Store,56.59
23894063,73-731-720-477,N-142-2000,Store_2473,2020-01-02,Onsite Store,99.59
23894063,73-731-720-477,C-196-1991,Store_2473,2020-01-02,Onsite Store,54.59
23894063,73-731-720-477,V-103-2002,Store_2473,2020-01-02,Onsite Store,25.99
23894063,73-731-720-477,Q-163-1997,Store_2473,2020-01-02,Onsite Store,22.99
23894064,73-731-720-477,A-211-1998,Store_2376,2020-02-22,Online Store,31.99
23894064,73-731-720-477,G-163-2004,Store_2376,2020-02-22,Online Store,96.59
23894065,73-731-720-477,N-289-1980,Store_2403,2020-05-28,Onsite Store,93.99
23894065,73-731-720-477,A-211-1984,Store_2403,2020-05-28,Onsite Store,40.59
23894065,73-731-720-477,G-022-1987,Store_2403,2020-05-28,Onsite Store,20.99
23894065,73-731-720-477,B-226-1986,Store_2403,2020-05-28,Onsite Store,61.99
23894065,73-731-720-477,Z-103-1995,Store_2403,2020-05-28,Onsite Store,58.59
23894066,73-731-720-477,C-217-2012,Store_2371,2020-05-01,Online Store,56.59
23894066,73-731-720-477,N-205-2011,Store_2371,2020-05-01,Online Store,48.59
23894067,73-731-720-477,H-166-1993,Store_2364,2020-11-06,Online Store,41.99
23894067,73-731-720-477,I-076-1997,Store_2364,2020-11-06,Online Store,37.99
23894067,73-731-720-477,J-124-1988,Store_2364,2020-11-06,Online Store,101.99
23894067,73-731-720-477,J-088-2005,Store_2364,2020-11-06,Online Store,75.59
23894067,73-731-720-477,G-238-2014,Store_2364,2020-11-06,Online Store,43.99
23894067,73-731-720-477,Q-271-1981,Store_2364,2020-11-06,Online Store,92.59
23894067,73-731-720-477,F-019-1998,Store_2364,2020-11-06,Online Store,100.99
23894067,73-731-720-477,V-106-1997,Store_2364,2020-11-06,Online Store,59.99
23894067,73-731-720-477,C-268-2004,Store_2364,2020-11-06,Online Store,24.99
23894068,73-731-720-477,I-067-2005,Store_2387,2020-02-07,Online Store,40.99
23894068,73-731-720-477,H-025-2018,Store_2387,2020-02-07,Online Store,85.99
23894068,73-731-720-477,Q-070-1991,Store_2387,2020-02-07,Online Store,64.59
23894068,73-731-720-477,C-181-1990,Store_2387,2020-02-07,Online Store,58.59
23894068,73-731-720-477,W-028-2005,Store_2387,2020-02-07,Online Store,81.59
23894068,73-731-720-477,F-166-2006,Store_2387,2020-02-07,Online Store,61.59
23894069,73-731-720-477,Q-007-2007,Store_2363,2020-01-27,Online Store,63.99
23894069,73-731-720-477,F-226-2018,Store_2363,2020-01-27,Online Store,40.99
23894069,73-731-720-477,H-037-1989,Store_2363,2020-01-27,Online Store,67.99
23894069,73-731-720-477,F-289-2004,Store_2363,2020-01-27,Online Store,86.59
23894069,73-731-720-477,C-148-1989,Store_2363,2020-01-27,Online Store,73.59
23894069,73-731-720-477,H-175-2008,Store_2363,2020-01-27,Online Store,75.59
23894070,73-731-720-477,J-037-1980,Store_2428,2020-01-13,Onsite Store,112.59
23894070,73-731-720-477,C-238-2018,Store_2428,2020-01-13,Onsite Store,121.99
23894070,73-731-720-477,V-133-1981,Store_2428,2020-01-13,Onsite Store,55.59
23894070,73-731-720-477,V-229-2003,Store_2428,2020-01-13,Onsite Store,87.59
23894070,73-731-720-477,J-172-1980,Store_2428,2020-01-13,Onsite Store,75.59
23894070,73-731-720-477,H-142-1987,Store_2428,2020-01-13,Onsite Store,24.99
23894070,73-731-720-477,N-280-1998,Store_2428,2020-01-13,Onsite Store,63.99
23894071,57-574-843-659,Z-085-2009,Store_2383,2020-02-03,Online Store,15.99
23894071,57-574-843-659,A-103-1989,Store_2383,2020-02-03,Online Store,34.99
23894071,57-574-843-659,W-199-1995,Store_2383,2020-02-03,Online Store,27.99
23894071,57-574-843-659,H-151-1980,Store_2383,2020-02-03,Online Store,79.99
23894072,57-574-843-659,H-220-2001,Store_2456,2020-07-15,Onsite Store,61.59
23894072,57-574-843-659,J-049-2004,Store_2456,2020-07-15,Onsite Store,69.99
23894073,57-574-843-659,B-232-1989,Store_2350,2020-10-23,Online Store,90.59
23894073,57-574-843-659,G-130-1992,Store_2350,2020-10-23,Online Store,93.99
23894073,57-574-843-659,J-028-1985,Store_2350,2020-10-23,Online Store,41.99
23894073,57-574-843-659,N-250-1985,Store_2350,2020-10-23,Online Store,102.59
23894073,57-574-843-659,H-055-2006,Store_2350,2020-10-23,Online Store,51.59
23894073,57-574-843-659,I-247-1984,Store_2350,2020-10-23,Online Store,84.99
23894073,57-574-843-659,A-166-2006,Store_2350,2020-10-23,Online Store,25.59
23894073,57-574-843-659,C-253-2013,Store_2350,2020-10-23,Online Store,95.59
23894073,57-574-843-659,J-133-2012,Store_2350,2020-10-23,Online Store,96.59
23894074,57-574-843-659,B-061-1991,Store_2434,2020-01-31,Onsite Store,83.99
23894074,57-574-843-659,Q-046-2007,Store_2434,2020-01-31,Onsite Store,95.59
23894075,57-574-843-659,F-085-1983,Store_2413,2020-05-01,Onsite Store,73.99
23894075,57-574-843-659,A-043-2006,Store_2413,2020-05-01,Onsite Store,40.59
23894075,57-574-843-659,F-070-2017,Store_2413,2020-05-01,Onsite Store,23.59
23894075,57-574-843-659,I-211-1998,Store_2413,2020-05-01,Onsite Store,28.99
23894075,57-574-843-659,B-082-1983,Store_2413,2020-05-01,Onsite Store,87.59
23894075,57-574-843-659,F-046-1990,Store_2413,2020-05-01,Onsite Store,71.59
23894075,57-574-843-659,Q-265-1992,Store_2413,2020-05-01,Onsite Store,83.59
23894075,57-574-843-659,Z-127-2014,Store_2413,2020-05-01,Onsite Store,15.99
23894076,57-574-843-659,H-055-1997,Store_2474,2020-05-15,Onsite Store,43.99
23894076,57-574-843-659,J-202-1986,Store_2474,2020-05-15,Onsite Store,98.59
23894076,57-574-843-659,I-082-1988,Store_2474,2020-05-15,Onsite Store,66.99
23894076,57-574-843-659,A-256-1984,Store_2474,2020-05-15,Onsite Store,156.99
23894076,57-574-843-659,A-091-2005,Store_2474,2020-05-15,Onsite Store,89.99
23894077,57-574-843-659,C-214-2008,Store_2383,2020-01-30,Online Store,91.59
23894078,57-574-843-659,I-100-2012,Store_2418,2020-07-11,Onsite Store,88.59
23894078,57-574-843-659,Q-217-1989,Store_2418,2020-07-11,Onsite Store,69.99
23894078,57-574-843-659,I-205-1997,Store_2418,2020-07-11,Onsite Store,91.99
23894078,57-574-843-659,I-100-2002,Store_2418,2020-07-11,Onsite Store,34.59
23894078,57-574-843-659,B-073-1991,Store_2418,2020-07-11,Onsite Store,89.99
23894079,57-574-843-659,H-028-1983,Store_2393,2020-03-13,Online Store,49.59
23894079,57-574-843-659,N-040-2003,Store_2393,2020-03-13,Online Store,56.99
23894079,57-574-843-659,B-196-1981,Store_2393,2020-03-13,Online Store,39.59
23894079,57-574-843-659,I-121-1999,Store_2393,2020-03-13,Online Store,48.59
23894079,57-574-843-659,C-163-1991,Store_2393,2020-03-13,Online Store,53.59
23894079,57-574-843-659,A-112-1983,Store_2393,2020-03-13,Online Store,27.59
23894080,14-141-299-369,Q-253-1980,Store_2374,2020-10-16,Online Store,114.59
23894080,14-141-299-369,W-001-2016,Store_2374,2020-10-16,Online Store,125.59
23894080,14-141-299-369,Q-007-2012,Store_2374,2020-10-16,Online Store,65.59
23894080,14-141-299-369,Q-253-1985,Store_2374,2020-10-16,Online Store,56.99
23894080,14-141-299-369,Q-241-1994,Store_2374,2020-10-16,Online Store,81.99
23894080,14-141-299-369,Z-097-1996,Store_2374,2020-10-16,Online Store,84.99
23894081,14-141-299-369,V-058-1995,Store_2421,2020-02-17,Onsite Store,86.99
23894081,14-141-299-369,J-163-1986,Store_2421,2020-02-17,Onsite Store,95.59
23894081,14-141-299-369,A-208-1995,Store_2421,2020-02-17,Onsite Store,110.99
23894081,14-141-299-369,N-043-1985,Store_2421,2020-02-17,Onsite Store,68.59
23894081,14-141-299-369,J-106-2012,Store_2421,2020-02-17,Onsite Store,66.59
23894081,14-141-299-369,V-070-2000,Store_2421,2020-02-17,Onsite Store,69.59
23894081,14-141-299-369,I-277-2009,Store_2421,2020-02-17,Onsite Store,27.59
23894081,14-141-299-369,C-055-2012,Store_2421,2020-02-17,Onsite Store,62.59
23894082,14-141-299-369,N-190-2000,Store_2420,2020-09-25,Onsite Store,45.99
23894082,14-141-299-369,J-238-1986,Store_2420,2020-09-25,Onsite Store,46.59
23894082,14-141-299-369,Z-295-1994,Store_2420,2020-09-25,Onsite Store,77.59
23894082,14-141-299-369,B-277-2003,Store_2420,2020-09-25,Onsite Store,49.99
23894082,14-141-299-369,J-076-1986,Store_2420,2020-09-25,Onsite Store,45.59
23894082,14-141-299-369,Q-235-2012,Store_2420,2020-09-25,Onsite Store,84.99
23894082,14-141-299-369,N-001-1987,Store_2420,2020-09-25,Onsite Store,124.99
23894082,14-141-299-369,B-187-2010,Store_2420,2020-09-25,Onsite Store,68.99
23894083,14-141-299-369,H-169-2000,Store_2421,2020-10-20,Onsite Store,43.59
23894083,14-141-299-369,A-208-1986,Store_2421,2020-10-20,Onsite Store,57.59
23894083,14-141-299-369,G-295-2013,Store_2421,2020-10-20,Onsite Store,89.99
23894083,14-141-299-369,N-226-2000,Store_2421,2020-10-20,Onsite Store,75.99
23894083,14-141-299-369,V-274-2013,Store_2421,2020-10-20,Onsite Store,65.59
23894083,14-141-299-369,B-118-2011,Store_2421,2020-10-20,Onsite Store,94.59
23894083,14-141-299-369,I-076-2000,Store_2421,2020-10-20,Onsite Store,70.99
23894083,14-141-299-369,V-136-1982,Store_2421,2020-10-20,Onsite Store,79.99
23894083,14-141-299-369,I-076-2007,Store_2421,2020-10-20,Onsite Store,69.59
23894084,14-141-299-369,N-115-1990,Store_2425,2020-10-08,Onsite Store,105.59
23894084,14-141-299-369,Q-118-1980,Store_2425,2020-10-08,Onsite Store,71.99
23894084,14-141-299-369,N-145-1985,Store_2425,2020-10-08,Onsite Store,65.99
23894084,14-141-299-369,F-235-2017,Store_2425,2020-10-08,Onsite Store,86.99
23894084,14-141-299-369,J-259-2008,Store_2425,2020-10-08,Onsite Store,68.59
23894085,14-141-299-369,W-085-1999,Store_2425,2020-05-18,Onsite Store,88.59
23894085,14-141-299-369,F-133-1997,Store_2425,2020-05-18,Onsite Store,36.99
23894085,14-141-299-369,W-214-1984,Store_2425,2020-05-18,Onsite Store,40.99
23894085,14-141-299-369,G-271-2012,Store_2425,2020-05-18,Onsite Store,70.99
23894085,14-141-299-369,J-052-1984,Store_2425,2020-05-18,Onsite Store,45.99
23894085,14-141-299-369,B-043-1996,Store_2425,2020-05-18,Onsite Store,96.99
23894086,14-141-299-369,F-136-2010,Store_2404,2020-06-23,Onsite Store,59.99
23894086,14-141-299-369,B-067-1985,Store_2404,2020-06-23,Onsite Store,78.99
23894086,14-141-299-369,V-016-1994,Store_2404,2020-06-23,Onsite Store,31.59
23894086,14-141-299-369,F-208-2003,Store_2404,2020-06-23,Onsite Store,61.59
23894086,14-141-299-369,F-118-2016,Store_2404,2020-06-23,Onsite Store,95.99
23894087,14-141-299-369,H-262-2001,Store_2384,2020-08-02,Online Store,23.99
23894087,14-141-299-369,V-274-1985,Store_2384,2020-08-02,Online Store,47.99
23894087,14-141-299-369,N-214-2005,Store_2384,2020-08-02,Online Store,5.99
23894087,14-141-299-369,Z-058-2011,Store_2384,2020-08-02,Online Store,62.59
23894087,14-141-299-369,J-226-1995,Store_2384,2020-08-02,Online Store,53.99
23894087,14-141-299-369,C-211-1987,Store_2384,2020-08-02,Online Store,84.59
23894087,14-141-299-369,B-049-1990,Store_2384,2020-08-02,Online Store,62.59
23894087,14-141-299-369,Q-055-2011,Store_2384,2020-08-02,Online Store,41.99
23894087,14-141-299-369,Z-067-1997,Store_2384,2020-08-02,Online Store,98.99
23894087,14-141-299-369,C-151-1989,Store_2384,2020-08-02,Online Store,41.99
23894088,14-141-299-369,Z-004-1992,Store_2449,2020-02-06,Onsite Store,77.99
23894088,14-141-299-369,G-196-2018,Store_2449,2020-02-06,Onsite Store,114.99
23894088,14-141-299-369,J-064-2017,Store_2449,2020-02-06,Onsite Store,69.59
23894088,14-141-299-369,F-295-2018,Store_2449,2020-02-06,Onsite Store,70.59
23894088,14-141-299-369,B-202-2010,Store_2449,2020-02-06,Onsite Store,78.99
23894088,14-141-299-369,J-052-1981,Store_2449,2020-02-06,Onsite Store,81.99
23894088,14-141-299-369,N-145-2012,Store_2449,2020-02-06,Onsite Store,21.99
23894089,92-928-936-829,C-019-1980,Store_2450,2020-10-08,Onsite Store,21.59
23894089,92-928-936-829,Z-178-1987,Store_2450,2020-10-08,Onsite Store,67.59
23894089,92-928-936-829,V-058-1982,Store_2450,2020-10-08,Onsite Store,74.59
23894089,92-928-936-829,B-223-1999,Store_2450,2020-10-08,Onsite Store,92.59
23894090,92-928-936-829,C-001-1996,Store_2385,2020-10-08,Online Store,55.59
23894090,92-928-936-829,H-283-2004,Store_2385,2020-10-08,Online Store,27.59
23894090,92-928-936-829,J-148-1984,Store_2385,2020-10-08,Online Store,58.59
23894090,92-928-936-829,B-007-2017,Store_2385,2020-10-08,Online Store,37.59
23894090,92-928-936-829,V-163-1982,Store_2385,2020-10-08,Online Store,84.99
23894091,92-928-936-829,J-130-2006,Store_2394,2020-02-18,Online Store,55.59
23894091,92-928-936-829,F-235-1981,Store_2394,2020-02-18,Online Store,50.99
23894091,92-928-936-829,B-064-1992,Store_2394,2020-02-18,Online Store,92.59
23894091,92-928-936-829,A-154-1997,Store_2394,2020-02-18,Online Store,43.59
23894091,92-928-936-829,B-232-2002,Store_2394,2020-02-18,Online Store,94.99
23894091,92-928-936-829,V-229-2007,Store_2394,2020-02-18,Online Store,105.99
23894091,92-928-936-829,C-139-1986,Store_2394,2020-02-18,Online Store,59.59
23894091,92-928-936-829,Q-250-2005,Store_2394,2020-02-18,Online Store,72.59
23894091,92-928-936-829,J-076-1991,Store_2394,2020-02-18,Online Store,43.99
23894092,92-928-936-829,V-196-2000,Store_2361,2020-03-02,Online Store,90.59
23894092,92-928-936-829,A-244-2008,Store_2361,2020-03-02,Online Store,56.99
23894092,92-928-936-829,F-016-1988,Store_2361,2020-03-02,Online Store,75.99
23894092,92-928-936-829,C-142-2007,Store_2361,2020-03-02,Online Store,19.59
23894092,92-928-936-829,V-178-2018,Store_2361,2020-03-02,Online Store,47.59
23894092,92-928-936-829,A-112-1996,Store_2361,2020-03-02,Online Store,64.59
23894092,92-928-936-829,Z-115-2006,Store_2361,2020-03-02,Online Store,24.99
23894092,92-928-936-829,C-253-1985,Store_2361,2020-03-02,Online Store,39.99
23894093,92-928-936-829,Z-166-2018,Store_2363,2020-07-22,Online Store,81.59
23894093,92-928-936-829,B-127-1986,Store_2363,2020-07-22,Online Store,76.99
23894093,92-928-936-829,H-163-1987,Store_2363,2020-07-22,Online Store,93.59
23894093,92-928-936-829,Q-232-1996,Store_2363,2020-07-22,Online Store,80.99
23894093,92-928-936-829,W-004-1999,Store_2363,2020-07-22,Online Store,88.59
23894093,92-928-936-829,A-109-2011,Store_2363,2020-07-22,Online Store,69.99
23894093,92-928-936-829,B-184-2006,Store_2363,2020-07-22,Online Store,82.59
23894093,92-928-936-829,N-046-1996,Store_2363,2020-07-22,Online Store,14.99
23894093,92-928-936-829,Q-217-1980,Store_2363,2020-07-22,Online Store,40.99
23894093,92-928-936-829,G-043-2010,Store_2363,2020-07-22,Online Store,23.59
23894094,92-928-936-829,C-004-1990,Store_2398,2020-05-12,Onsite Store,67.99
23894094,92-928-936-829,B-232-2017,Store_2398,2020-05-12,Onsite Store,64.59
23894094,92-928-936-829,V-073-1986,Store_2398,2020-05-12,Onsite Store,51.99
23894094,92-928-936-829,J-085-1996,Store_2398,2020-05-12,Onsite Store,92.59
23894094,92-928-936-829,J-121-2011,Store_2398,2020-05-12,Onsite Store,50.99
23894095,92-928-936-829,H-217-2000,Store_2473,2020-12-09,Onsite Store,78.99
23894095,92-928-936-829,Q-247-2009,Store_2473,2020-12-09,Onsite Store,59.99
23894095,92-928-936-829,G-220-1981,Store_2473,2020-12-09,Onsite Store,70.59
23894095,92-928-936-829,B-199-1989,Store_2473,2020-12-09,Onsite Store,57.99
23894095,92-928-936-829,F-166-1991,Store_2473,2020-12-09,Onsite Store,76.99
23894095,92-928-936-829,H-025-1994,Store_2473,2020-12-09,Onsite Store,41.59
23894095,92-928-936-829,F-136-1988,Store_2473,2020-12-09,Onsite Store,88.59
23894095,92-928-936-829,V-259-2011,Store_2473,2020-12-09,Onsite Store,70.59
23894096,92-928-936-829,G-118-1990,Store_2441,2020-10-30,Onsite Store,80.59
23894097,92-928-936-829,V-046-2012,Store_2377,2020-05-16,Online Store,62.99
23894097,92-928-936-829,H-235-2003,Store_2377,2020-05-16,Online Store,76.99
23894097,92-928-936-829,N-217-2006,Store_2377,2020-05-16,Online Store,74.59
23894097,92-928-936-829,H-196-1995,Store_2377,2020-05-16,Online Store,84.99
23894097,92-928-936-829,A-226-2000,Store_2377,2020-05-16,Online Store,100.99
23894097,92-928-936-829,Z-295-1992,Store_2377,2020-05-16,Online Store,51.99
23894097,92-928-936-829,G-160-2014,Store_2377,2020-05-16,Online Store,31.59
23894097,92-928-936-829,A-154-2001,Store_2377,2020-05-16,Online Store,35.59
23894098,72-726-458-713,Q-217-2010,Store_2450,2020-01-20,Onsite Store,98.99
23894098,72-726-458-713,Z-028-1999,Store_2450,2020-01-20,Onsite Store,19.99
23894098,72-726-458-713,Q-202-1981,Store_2450,2020-01-20,Onsite Store,69.99
23894099,72-726-458-713,C-295-1996,Store_2468,2020-06-27,Onsite Store,73.99
23894099,72-726-458-713,Q-118-1998,Store_2468,2020-06-27,Onsite Store,86.59
23894099,72-726-458-713,Q-247-2002,Store_2468,2020-06-27,Onsite Store,76.59
23894099,72-726-458-713,G-157-1990,Store_2468,2020-06-27,Onsite Store,114.99
23894099,72-726-458-713,J-163-1989,Store_2468,2020-06-27,Onsite Store,85.99
23894099,72-726-458-713,A-250-1996,Store_2468,2020-06-27,Onsite Store,107.59
23894100,72-726-458-713,H-247-2017,Store_2385,2020-01-15,Online Store,33.59
23894100,72-726-458-713,V-241-2003,Store_2385,2020-01-15,Online Store,95.59
23894100,72-726-458-713,I-271-2002,Store_2385,2020-01-15,Online Store,68.59
23894100,72-726-458-713,V-205-1997,Store_2385,2020-01-15,Online Store,44.59
23894100,72-726-458-713,J-124-1984,Store_2385,2020-01-15,Online Store,20.99
23894100,72-726-458-713,H-037-1984,Store_2385,2020-01-15,Online Store,44.59
23894100,72-726-458-713,Q-151-2018,Store_2385,2020-01-15,Online Store,85.59
23894100,72-726-458-713,Z-175-1996,Store_2385,2020-01-15,Online Store,86.99
23894100,72-726-458-713,G-175-1990,Store_2385,2020-01-15,Online Store,67.59
23894100,72-726-458-713,Z-082-1982,Store_2385,2020-01-15,Online Store,38.99
23894101,72-726-458-713,G-241-1982,Store_2410,2020-10-11,Onsite Store,63.99
23894101,72-726-458-713,Q-022-2015,Store_2410,2020-10-11,Onsite Store,63.99
23894101,72-726-458-713,I-151-2005,Store_2410,2020-10-11,Onsite Store,61.59
23894101,72-726-458-713,G-151-1983,Store_2410,2020-10-11,Onsite Store,106.99
23894101,72-726-458-713,B-010-2014,Store_2410,2020-10-11,Onsite Store,72.99
23894102,72-726-458-713,Q-016-2017,Store_2436,2020-11-04,Onsite Store,50.59
23894102,72-726-458-713,I-178-2005,Store_2436,2020-11-04,Onsite Store,55.59
23894102,72-726-458-713,J-073-2002,Store_2436,2020-11-04,Onsite Store,86.99
23894102,72-726-458-713,W-031-2015,Store_2436,2020-11-04,Onsite Store,34.59
23894102,72-726-458-713,H-160-2011,Store_2436,2020-11-04,Onsite Store,54.59
23894102,72-726-458-713,V-208-2010,Store_2436,2020-11-04,Onsite Store,38.59
23894102,72-726-458-713,Q-229-2008,Store_2436,2020-11-04,Onsite Store,71.59
23894102,72-726-458-713,G-064-1989,Store_2436,2020-11-04,Onsite Store,59.59
23894102,72-726-458-713,H-097-1997,Store_2436,2020-11-04,Onsite Store,100.99
23894102,72-726-458-713,J-097-2015,Store_2436,2020-11-04,Onsite Store,64.99
23894102,72-726-458-713,J-130-2006,Store_2436,2020-11-04,Onsite Store,55.59
23894102,72-726-458-713,V-298-2003,Store_2436,2020-11-04,Onsite Store,58.99
23894103,72-726-458-713,N-223-1992,Store_2474,2020-09-12,Onsite Store,76.59
23894103,72-726-458-713,W-139-1996,Store_2474,2020-09-12,Onsite Store,36.59
23894103,72-726-458-713,Z-169-1985,Store_2474,2020-09-12,Onsite Store,78.59
23894103,72-726-458-713,I-100-2001,Store_2474,2020-09-12,Onsite Store,53.59
23894103,72-726-458-713,Z-289-2004,Store_2474,2020-09-12,Onsite Store,70.59
23894103,72-726-458-713,W-082-2014,Store_2474,2020-09-12,Onsite Store,35.59
23894103,72-726-458-713,N-130-1997,Store_2474,2020-09-12,Onsite Store,123.99
23894103,72-726-458-713,V-193-1985,Store_2474,2020-09-12,Onsite Store,60.59
23894103,72-726-458-713,C-205-2002,Store_2474,2020-09-12,Onsite Store,23.99
23894103,72-726-458-713,H-151-1987,Store_2474,2020-09-12,Onsite Store,103.59
23894104,72-726-458-713,A-220-2003,Store_2364,2020-05-29,Online Store,72.59
23894105,72-726-458-713,N-247-1993,Store_2394,2020-11-25,Online Store,113.59
23894105,72-726-458-713,J-100-1981,Store_2394,2020-11-25,Online Store,10.59
23894105,72-726-458-713,Z-019-2002,Store_2394,2020-11-25,Online Store,100.59
23894105,72-726-458-713,W-232-2011,Store_2394,2020-11-25,Online Store,133.59
23894105,72-726-458-713,H-190-2016,Store_2394,2020-11-25,Online Store,65.99
23894105,72-726-458-713,C-013-2015,Store_2394,2020-11-25,Online Store,59.99
23894105,72-726-458-713,W-259-1987,Store_2394,2020-11-25,Online Store,28.59
23894105,72-726-458-713,Z-136-1989,Store_2394,2020-11-25,Online Store,62.59
23894106,72-726-458-713,C-145-2012,Store_2353,2020-01-16,Online Store,100.99
23894106,72-726-458-713,Q-019-2002,Store_2353,2020-01-16,Online Store,59.59
23894106,72-726-458-713,I-259-1986,Store_2353,2020-01-16,Online Store,54.59
23894106,72-726-458-713,G-238-2007,Store_2353,2020-01-16,Online Store,41.99
23894106,72-726-458-713,I-103-2015,Store_2353,2020-01-16,Online Store,64.99
23894106,72-726-458-713,Q-100-2016,Store_2353,2020-01-16,Online Store,61.59
23894107,73-739-534-537,F-010-2006,Store_2413,2020-12-12,Onsite Store,71.59
23894107,73-739-534-537,I-298-1983,Store_2413,2020-12-12,Onsite Store,87.59
23894107,73-739-534-537,I-079-2010,Store_2413,2020-12-12,Onsite Store,35.99
23894107,73-739-534-537,J-295-1994,Store_2413,2020-12-12,Onsite Store,66.59
23894107,73-739-534-537,C-043-1991,Store_2413,2020-12-12,Onsite Store,92.99
23894108,73-739-534-537,W-001-2015,Store_2404,2020-07-16,Onsite Store,40.99
23894108,73-739-534-537,F-157-1985,Store_2404,2020-07-16,Onsite Store,97.99
23894108,73-739-534-537,F-118-2005,Store_2404,2020-07-16,Onsite Store,92.59
23894108,73-739-534-537,F-295-2003,Store_2404,2020-07-16,Onsite Store,53.59
23894108,73-739-534-537,C-106-1990,Store_2404,2020-07-16,Onsite Store,108.99
23894108,73-739-534-537,Q-190-2013,Store_2404,2020-07-16,Onsite Store,80.99
23894108,73-739-534-537,A-262-1993,Store_2404,2020-07-16,Onsite Store,34.99
23894108,73-739-534-537,V-007-2017,Store_2404,2020-07-16,Onsite Store,66.59
23894109,73-739-534-537,J-166-2003,Store_2372,2020-02-26,Online Store,26.99
23894109,73-739-534-537,N-229-2002,Store_2372,2020-02-26,Online Store,50.99
23894109,73-739-534-537,J-184-1983,Store_2372,2020-02-26,Online Store,67.59
23894109,73-739-534-537,G-274-1993,Store_2372,2020-02-26,Online Store,124.59
23894110,73-739-534-537,B-253-1992,Store_2405,2020-03-01,Onsite Store,56.59
23894110,73-739-534-537,Q-274-1992,Store_2405,2020-03-01,Onsite Store,96.99
23894110,73-739-534-537,J-229-2009,Store_2405,2020-03-01,Onsite Store,68.99
23894110,73-739-534-537,A-175-1985,Store_2405,2020-03-01,Onsite Store,47.99
23894110,73-739-534-537,C-190-1987,Store_2405,2020-03-01,Onsite Store,64.99
23894111,73-739-534-537,C-091-2005,Store_2357,2020-10-30,Online Store,62.59
23894111,73-739-534-537,W-172-2015,Store_2357,2020-10-30,Online Store,44.59
23894111,73-739-534-537,Q-046-2008,Store_2357,2020-10-30,Online Store,109.99
23894112,73-739-534-537,N-004-2018,Store_2406,2020-06-17,Onsite Store,87.99
23894112,73-739-534-537,J-097-2012,Store_2406,2020-06-17,Onsite Store,108.59
23894112,73-739-534-537,J-073-1995,Store_2406,2020-06-17,Onsite Store,14.99
23894112,73-739-534-537,J-196-1990,Store_2406,2020-06-17,Onsite Store,56.99
23894112,73-739-534-537,B-196-2005,Store_2406,2020-06-17,Onsite Store,76.99
23894112,73-739-534-537,A-211-1982,Store_2406,2020-06-17,Onsite Store,28.59
23894112,73-739-534-537,C-136-1992,Store_2406,2020-06-17,Onsite Store,125.59
23894112,73-739-534-537,B-127-2016,Store_2406,2020-06-17,Onsite Store,114.99
23894113,73-739-534-537,B-037-1984,Store_2413,2020-07-06,Onsite Store,51.59
23894113,73-739-534-537,F-064-2006,Store_2413,2020-07-06,Onsite Store,41.99
23894113,73-739-534-537,B-061-1984,Store_2413,2020-07-06,Onsite Store,57.99
23894114,73-739-534-537,B-232-2014,Store_2383,2020-11-25,Online Store,82.59
23894114,73-739-534-537,C-181-1996,Store_2383,2020-11-25,Online Store,84.59
23894114,73-739-534-537,V-166-1995,Store_2383,2020-11-25,Online Store,80.59
23894114,73-739-534-537,Q-184-1995,Store_2383,2020-11-25,Online Store,36.59
23894114,73-739-534-537,V-256-2009,Store_2383,2020-11-25,Online Store,80.99
23894115,73-739-534-537,G-133-2018,Store_2474,2020-07-21,Onsite Store,64.59
23894115,73-739-534-537,C-190-1992,Store_2474,2020-07-21,Onsite Store,65.99
23894116,70-707-671-393,C-205-2000,Store_2457,2020-06-20,Onsite Store,17.99
23894116,70-707-671-393,F-109-1989,Store_2457,2020-06-20,Onsite Store,51.59
23894116,70-707-671-393,Q-058-1997,Store_2457,2020-06-20,Onsite Store,91.59
23894116,70-707-671-393,A-187-2016,Store_2457,2020-06-20,Onsite Store,68.99
23894116,70-707-671-393,F-298-2000,Store_2457,2020-06-20,Onsite Store,83.59
23894116,70-707-671-393,Q-286-2017,Store_2457,2020-06-20,Onsite Store,78.59
23894117,70-707-671-393,W-196-1981,Store_2470,2020-12-31,Onsite Store,43.99
23894117,70-707-671-393,V-097-1990,Store_2470,2020-12-31,Onsite Store,115.59
23894117,70-707-671-393,A-202-2018,Store_2470,2020-12-31,Onsite Store,35.59
23894118,70-707-671-393,Q-205-1995,Store_2388,2020-05-11,Online Store,80.59
23894118,70-707-671-393,C-229-1992,Store_2388,2020-05-11,Online Store,78.59
23894118,70-707-671-393,J-199-1980,Store_2388,2020-05-11,Online Store,21.59
23894118,70-707-671-393,G-232-1988,Store_2388,2020-05-11,Online Store,29.59
23894118,70-707-671-393,H-235-2003,Store_2388,2020-05-11,Online Store,76.99
23894118,70-707-671-393,W-163-2000,Store_2388,2020-05-11,Online Store,70.99
23894118,70-707-671-393,G-250-2014,Store_2388,2020-05-11,Online Store,39.99
23894118,70-707-671-393,G-028-2012,Store_2388,2020-05-11,Online Store,72.99
23894118,70-707-671-393,A-091-2010,Store_2388,2020-05-11,Online Store,94.59
23894118,70-707-671-393,A-190-1980,Store_2388,2020-05-11,Online Store,85.59
23894118,70-707-671-393,Z-136-2000,Store_2388,2020-05-11,Online Store,44.59
23894118,70-707-671-393,J-043-1986,Store_2388,2020-05-11,Online Store,86.59
23894119,70-707-671-393,F-046-2017,Store_2417,2020-07-06,Onsite Store,68.99
23894119,70-707-671-393,B-004-2002,Store_2417,2020-07-06,Onsite Store,63.59
23894119,70-707-671-393,J-025-2012,Store_2417,2020-07-06,Onsite Store,55.99
23894119,70-707-671-393,A-133-1990,Store_2417,2020-07-06,Onsite Store,40.99
23894119,70-707-671-393,V-019-1995,Store_2417,2020-07-06,Onsite Store,21.59
23894119,70-707-671-393,Q-046-1985,Store_2417,2020-07-06,Onsite Store,46.59
23894119,70-707-671-393,C-154-2011,Store_2417,2020-07-06,Onsite Store,54.59
23894119,70-707-671-393,C-289-1994,Store_2417,2020-07-06,Onsite Store,94.59
23894119,70-707-671-393,C-199-2008,Store_2417,2020-07-06,Onsite Store,93.99
23894119,70-707-671-393,C-022-2000,Store_2417,2020-07-06,Onsite Store,103.59
23894120,70-707-671-393,Z-145-2002,Store_2459,2020-08-30,Onsite Store,74.99
23894120,70-707-671-393,G-124-2005,Store_2459,2020-08-30,Onsite Store,68.59
23894120,70-707-671-393,H-268-1996,Store_2459,2020-08-30,Onsite Store,19.99
23894120,70-707-671-393,F-046-1986,Store_2459,2020-08-30,Onsite Store,86.99
23894120,70-707-671-393,Q-295-2013,Store_2459,2020-08-30,Onsite Store,80.99
23894120,70-707-671-393,G-154-1981,Store_2459,2020-08-30,Onsite Store,59.99
23894120,70-707-671-393,H-025-1999,Store_2459,2020-08-30,Onsite Store,108.99
23894121,70-707-671-393,N-082-2005,Store_2357,2020-06-02,Online Store,84.59
23894121,70-707-671-393,B-214-1980,Store_2357,2020-06-02,Online Store,73.99
23894121,70-707-671-393,A-013-1986,Store_2357,2020-06-02,Online Store,75.59
23894121,70-707-671-393,Z-001-1986,Store_2357,2020-06-02,Online Store,53.99
23894121,70-707-671-393,W-037-2002,Store_2357,2020-06-02,Online Store,86.99
23894121,70-707-671-393,Q-022-2007,Store_2357,2020-06-02,Online Store,141.99
23894121,70-707-671-393,G-061-2011,Store_2357,2020-06-02,Online Store,70.99
23894121,70-707-671-393,I-238-1996,Store_2357,2020-06-02,Online Store,64.59
23894122,70-707-671-393,C-148-2010,Store_2426,2020-08-15,Onsite Store,71.59
23894122,70-707-671-393,J-166-2003,Store_2426,2020-08-15,Onsite Store,26.99
23894122,70-707-671-393,W-193-2010,Store_2426,2020-08-15,Onsite Store,58.99
23894122,70-707-671-393,F-031-1985,Store_2426,2020-08-15,Onsite Store,73.59
23894122,70-707-671-393,Z-283-2014,Store_2426,2020-08-15,Onsite Store,97.99
23894122,70-707-671-393,Z-046-1989,Store_2426,2020-08-15,Onsite Store,58.59
23894122,70-707-671-393,B-199-1990,Store_2426,2020-08-15,Onsite Store,81.59
23894122,70-707-671-393,A-229-1993,Store_2426,2020-08-15,Onsite Store,41.59
23894123,70-707-671-393,W-025-1983,Store_2406,2020-09-13,Onsite Store,90.59
23894123,70-707-671-393,H-064-1981,Store_2406,2020-09-13,Onsite Store,74.99
23894123,70-707-671-393,W-130-1995,Store_2406,2020-09-13,Onsite Store,128.99
23894123,70-707-671-393,A-091-1995,Store_2406,2020-09-13,Onsite Store,35.59
23894123,70-707-671-393,F-187-2007,Store_2406,2020-09-13,Onsite Store,54.99
23894123,70-707-671-393,W-202-2015,Store_2406,2020-09-13,Onsite Store,122.59
23894124,70-707-671-393,B-145-1984,Store_2381,2020-02-09,Online Store,83.99
23894124,70-707-671-393,Q-178-2002,Store_2381,2020-02-09,Online Store,109.59
23894125,96-966-150-608,A-163-1983,Store_2369,2020-05-09,Online Store,29.59
23894125,96-966-150-608,J-268-2013,Store_2369,2020-05-09,Online Store,71.59
23894125,96-966-150-608,A-151-2013,Store_2369,2020-05-09,Online Store,87.59
23894125,96-966-150-608,J-256-2012,Store_2369,2020-05-09,Online Store,56.99
23894125,96-966-150-608,N-238-2012,Store_2369,2020-05-09,Online Store,43.99
23894125,96-966-150-608,I-157-2007,Store_2369,2020-05-09,Online Store,39.59
23894125,96-966-150-608,C-232-2003,Store_2369,2020-05-09,Online Store,95.99
23894126,96-966-150-608,V-022-2011,Store_2463,2020-10-16,Onsite Store,46.99
23894126,96-966-150-608,G-154-1983,Store_2463,2020-10-16,Onsite Store,24.99
23894127,96-966-150-608,Q-247-2006,Store_2473,2020-05-06,Onsite Store,75.99
23894127,96-966-150-608,A-097-1991,Store_2473,2020-05-06,Onsite Store,88.59
23894127,96-966-150-608,W-127-2002,Store_2473,2020-05-06,Onsite Store,77.99
23894127,96-966-150-608,H-163-2004,Store_2473,2020-05-06,Onsite Store,22.59
23894127,96-966-150-608,J-193-2006,Store_2473,2020-05-06,Onsite Store,98.59
23894127,96-966-150-608,H-133-2004,Store_2473,2020-05-06,Onsite Store,78.59
23894128,96-966-150-608,H-208-1983,Store_2403,2020-03-17,Onsite Store,118.59
23894128,96-966-150-608,I-220-2010,Store_2403,2020-03-17,Onsite Store,87.59
23894128,96-966-150-608,Q-223-1994,Store_2403,2020-03-17,Onsite Store,57.99
23894128,96-966-150-608,W-085-1980,Store_2403,2020-03-17,Onsite Store,75.59
23894128,96-966-150-608,C-001-2008,Store_2403,2020-03-17,Onsite Store,60.59
23894128,96-966-150-608,G-004-1981,Store_2403,2020-03-17,Onsite Store,120.59
23894129,96-966-150-608,V-034-1986,Store_2361,2020-07-12,Online Store,89.59
23894129,96-966-150-608,A-166-2000,Store_2361,2020-07-12,Online Store,49.99
23894129,96-966-150-608,Z-175-2016,Store_2361,2020-07-12,Online Store,61.59
23894129,96-966-150-608,Q-196-1980,Store_2361,2020-07-12,Online Store,67.99
23894129,96-966-150-608,J-241-2014,Store_2361,2020-07-12,Online Store,3.99
23894129,96-966-150-608,F-037-1988,Store_2361,2020-07-12,Online Store,48.59
23894130,96-966-150-608,N-169-2016,Store_2403,2020-04-21,Onsite Store,88.59
23894130,96-966-150-608,J-013-1998,Store_2403,2020-04-21,Onsite Store,74.99
23894131,96-966-150-608,A-031-2015,Store_2467,2020-02-06,Onsite Store,62.59
23894131,96-966-150-608,J-133-2018,Store_2467,2020-02-06,Onsite Store,61.59
23894131,96-966-150-608,H-163-2012,Store_2467,2020-02-06,Onsite Store,26.99
23894132,96-966-150-608,N-163-1986,Store_2371,2020-06-07,Online Store,69.99
23894132,96-966-150-608,C-196-2018,Store_2371,2020-06-07,Online Store,69.59
23894132,96-966-150-608,Z-103-1980,Store_2371,2020-06-07,Online Store,100.59
23894132,96-966-150-608,G-214-2002,Store_2371,2020-06-07,Online Store,90.59
23894132,96-966-150-608,G-214-1996,Store_2371,2020-06-07,Online Store,119.99
23894133,96-966-150-608,F-208-1988,Store_2404,2020-10-19,Onsite Store,59.99
23894133,96-966-150-608,I-022-1989,Store_2404,2020-10-19,Onsite Store,52.99
23894133,96-966-150-608,C-205-2012,Store_2404,2020-10-19,Onsite Store,43.59
23894133,96-966-150-608,A-109-2010,Store_2404,2020-10-19,Onsite Store,65.59
23894133,96-966-150-608,B-271-2002,Store_2404,2020-10-19,Onsite Store,33.99
23894133,96-966-150-608,F-208-2007,Store_2404,2020-10-19,Onsite Store,44.59
23894134,23-230-669-404,J-025-1991,Store_2360,2020-08-26,Online Store,76.59
23894134,23-230-669-404,B-130-1988,Store_2360,2020-08-26,Online Store,76.59
23894134,23-230-669-404,G-244-2018,Store_2360,2020-08-26,Online Store,67.59
23894134,23-230-669-404,W-211-2016,Store_2360,2020-08-26,Online Store,46.99
23894134,23-230-669-404,Q-142-2010,Store_2360,2020-08-26,Online Store,49.59
23894135,23-230-669-404,G-109-2009,Store_2375,2020-02-06,Online Store,103.99
23894135,23-230-669-404,N-193-1993,Store_2375,2020-02-06,Online Store,81.59
23894135,23-230-669-404,W-007-2011,Store_2375,2020-02-06,Online Store,79.59
23894135,23-230-669-404,A-151-1993,Store_2375,2020-02-06,Online Store,21.99
23894135,23-230-669-404,A-112-2018,Store_2375,2020-02-06,Online Store,20.59
23894135,23-230-669-404,H-148-2002,Store_2375,2020-02-06,Online Store,55.99
23894135,23-230-669-404,I-268-1981,Store_2375,2020-02-06,Online Store,63.99
23894136,23-230-669-404,I-007-1996,Store_2467,2020-08-11,Onsite Store,64.59
23894136,23-230-669-404,H-001-2018,Store_2467,2020-08-11,Onsite Store,43.59
23894136,23-230-669-404,N-115-2009,Store_2467,2020-08-11,Onsite Store,78.59
23894136,23-230-669-404,Q-139-2004,Store_2467,2020-08-11,Onsite Store,71.99
23894136,23-230-669-404,Z-271-2008,Store_2467,2020-08-11,Onsite Store,45.59
23894136,23-230-669-404,Q-142-2010,Store_2467,2020-08-11,Onsite Store,49.59
23894136,23-230-669-404,G-070-1980,Store_2467,2020-08-11,Onsite Store,67.99
23894137,23-230-669-404,A-175-2016,Store_2408,2020-02-01,Onsite Store,45.59
23894137,23-230-669-404,V-241-1986,Store_2408,2020-02-01,Onsite Store,58.99
23894137,23-230-669-404,Q-163-2018,Store_2408,2020-02-01,Onsite Store,79.59
23894137,23-230-669-404,F-181-1981,Store_2408,2020-02-01,Onsite Store,67.59
23894137,23-230-669-404,F-007-2014,Store_2408,2020-02-01,Onsite Store,81.99
23894137,23-230-669-404,N-220-2017,Store_2408,2020-02-01,Onsite Store,77.59
23894137,23-230-669-404,N-055-2014,Store_2408,2020-02-01,Onsite Store,39.99
23894137,23-230-669-404,G-145-2016,Store_2408,2020-02-01,Onsite Store,84.99
23894137,23-230-669-404,W-166-2012,Store_2408,2020-02-01,Onsite Store,58.99
23894137,23-230-669-404,W-094-2006,Store_2408,2020-02-01,Onsite Store,51.99
23894138,23-230-669-404,N-115-2003,Store_2400,2020-04-16,Onsite Store,89.99
23894138,23-230-669-404,V-037-1981,Store_2400,2020-04-16,Onsite Store,72.99
23894138,23-230-669-404,B-106-1986,Store_2400,2020-04-16,Onsite Store,49.99
23894138,23-230-669-404,W-247-1993,Store_2400,2020-04-16,Onsite Store,46.59
23894138,23-230-669-404,Z-136-2015,Store_2400,2020-04-16,Onsite Store,44.99
23894139,23-230-669-404,Z-187-2004,Store_2377,2020-11-04,Online Store,81.59
23894139,23-230-669-404,Z-115-2008,Store_2377,2020-11-04,Online Store,44.59
23894139,23-230-669-404,V-292-1995,Store_2377,2020-11-04,Online Store,56.99
23894139,23-230-669-404,F-295-2000,Store_2377,2020-11-04,Online Store,53.59
23894139,23-230-669-404,W-076-2013,Store_2377,2020-11-04,Online Store,35.59
23894139,23-230-669-404,G-079-1985,Store_2377,2020-11-04,Online Store,67.99
23894139,23-230-669-404,F-262-1998,Store_2377,2020-11-04,Online Store,55.59
23894139,23-230-669-404,C-256-2018,Store_2377,2020-11-04,Online Store,42.59
23894139,23-230-669-404,V-220-1984,Store_2377,2020-11-04,Online Store,96.99
23894139,23-230-669-404,F-022-1980,Store_2377,2020-11-04,Online Store,56.59
23894140,23-230-669-404,W-001-1984,Store_2379,2020-05-18,Online Store,44.99
23894140,23-230-669-404,V-181-2000,Store_2379,2020-05-18,Online Store,59.99
23894140,23-230-669-404,J-256-2011,Store_2379,2020-05-18,Online Store,109.59
23894141,23-230-669-404,H-196-1997,Store_2449,2020-11-15,Onsite Store,45.59
23894142,23-230-669-404,Z-049-1988,Store_2414,2020-04-19,Onsite Store,64.99
23894142,23-230-669-404,H-094-1986,Store_2414,2020-04-19,Onsite Store,60.99
23894142,23-230-669-404,H-064-1999,Store_2414,2020-04-19,Onsite Store,15.59
23894143,63-637-565-241,A-052-2013,Store_2421,2020-11-21,Onsite Store,65.59
23894143,63-637-565-241,B-169-2016,Store_2421,2020-11-21,Onsite Store,65.59
23894143,63-637-565-241,N-163-1985,Store_2421,2020-11-21,Onsite Store,51.59
23894144,63-637-565-241,B-262-1984,Store_2450,2020-01-08,Onsite Store,54.99
23894144,63-637-565-241,F-232-1984,Store_2450,2020-01-08,Onsite Store,28.99
23894144,63-637-565-241,Z-112-1989,Store_2450,2020-01-08,Onsite Store,81.59
23894144,63-637-565-241,Q-271-2007,Store_2450,2020-01-08,Onsite Store,56.99
23894144,63-637-565-241,F-091-1994,Store_2450,2020-01-08,Onsite Store,71.59
23894144,63-637-565-241,A-178-2004,Store_2450,2020-01-08,Onsite Store,42.59
23894144,63-637-565-241,G-055-1981,Store_2450,2020-01-08,Onsite Store,49.99
23894144,63-637-565-241,I-094-2011,Store_2450,2020-01-08,Onsite Store,20.99
23894145,63-637-565-241,V-097-1994,Store_2444,2020-09-16,Onsite Store,89.99
23894145,63-637-565-241,G-031-1987,Store_2444,2020-09-16,Onsite Store,101.99
23894145,63-637-565-241,C-043-2006,Store_2444,2020-09-16,Onsite Store,63.99
23894145,63-637-565-241,G-082-1983,Store_2444,2020-09-16,Onsite Store,83.99
23894146,63-637-565-241,H-034-2013,Store_2416,2020-03-26,Onsite Store,67.99
23894146,63-637-565-241,C-208-2018,Store_2416,2020-03-26,Onsite Store,49.59
23894146,63-637-565-241,B-298-2012,Store_2416,2020-03-26,Onsite Store,63.99
23894146,63-637-565-241,W-046-1987,Store_2416,2020-03-26,Onsite Store,108.99
23894146,63-637-565-241,Q-175-1980,Store_2416,2020-03-26,Onsite Store,95.99
23894146,63-637-565-241,Q-001-2013,Store_2416,2020-03-26,Onsite Store,53.99
23894147,63-637-565-241,A-184-1991,Store_2397,2020-07-20,Online Store,82.59
23894147,63-637-565-241,C-298-2005,Store_2397,2020-07-20,Online Store,63.59
23894147,63-637-565-241,B-229-1993,Store_2397,2020-07-20,Online Store,50.99
23894147,63-637-565-241,J-112-1991,Store_2397,2020-07-20,Online Store,61.99
23894148,63-637-565-241,F-133-2006,Store_2472,2020-11-16,Onsite Store,94.99
23894148,63-637-565-241,A-298-1999,Store_2472,2020-11-16,Onsite Store,55.59
23894148,63-637-565-241,Z-175-1999,Store_2472,2020-11-16,Onsite Store,66.59
23894149,63-637-565-241,F-016-2012,Store_2377,2020-12-21,Online Store,62.99
23894149,63-637-565-241,F-085-2013,Store_2377,2020-12-21,Online Store,49.59
23894149,63-637-565-241,W-070-2004,Store_2377,2020-12-21,Online Store,53.99
23894149,63-637-565-241,Z-265-2018,Store_2377,2020-12-21,Online Store,90.99
23894150,63-637-565-241,C-010-1988,Store_2455,2020-08-08,Onsite Store,72.59
23894150,63-637-565-241,G-196-1981,Store_2455,2020-08-08,Onsite Store,51.59
23894150,63-637-565-241,G-286-2011,Store_2455,2020-08-08,Onsite Store,73.59
23894150,63-637-565-241,N-091-2017,Store_2455,2020-08-08,Onsite Store,72.59
23894150,63-637-565-241,W-199-2005,Store_2455,2020-08-08,Onsite Store,69.99
23894151,63-637-565-241,N-121-2003,Store_2350,2020-10-04,Online Store,74.99
23894151,63-637-565-241,A-052-2007,Store_2350,2020-10-04,Online Store,35.99
23894151,63-637-565-241,A-154-2002,Store_2350,2020-10-04,Online Store,48.99
23894152,76-769-844-119,A-094-2007,Store_2474,2020-10-14,Onsite Store,58.59
23894152,76-769-844-119,I-112-1981,Store_2474,2020-10-14,Onsite Store,78.99
23894152,76-769-844-119,Q-262-2006,Store_2474,2020-10-14,Onsite Store,68.99
23894152,76-769-844-119,G-184-1982,Store_2474,2020-10-14,Onsite Store,67.59
23894152,76-769-844-119,C-028-1987,Store_2474,2020-10-14,Onsite Store,123.99
23894152,76-769-844-119,Z-043-2010,Store_2474,2020-10-14,Onsite Store,100.99
23894152,76-769-844-119,Z-049-1988,Store_2474,2020-10-14,Onsite Store,64.99
23894152,76-769-844-119,I-271-1992,Store_2474,2020-10-14,Onsite Store,22.59
23894153,76-769-844-119,J-235-2015,Store_2381,2020-09-01,Online Store,69.59
23894153,76-769-844-119,C-238-1999,Store_2381,2020-09-01,Online Store,25.99
23894153,76-769-844-119,V-211-1984,Store_2381,2020-09-01,Online Store,65.99
23894154,76-769-844-119,Q-115-1982,Store_2441,2020-02-07,Onsite Store,79.99
23894154,76-769-844-119,B-181-2007,Store_2441,2020-02-07,Onsite Store,81.59
23894154,76-769-844-119,H-214-2016,Store_2441,2020-02-07,Onsite Store,98.99
23894155,76-769-844-119,A-184-1983,Store_2419,2020-06-15,Onsite Store,83.99
23894155,76-769-844-119,Z-109-2008,Store_2419,2020-06-15,Onsite Store,81.59
23894155,76-769-844-119,B-205-1984,Store_2419,2020-06-15,Onsite Store,41.59
23894155,76-769-844-119,V-298-1984,Store_2419,2020-06-15,Onsite Store,70.59
23894155,76-769-844-119,F-151-1984,Store_2419,2020-06-15,Onsite Store,86.59
23894155,76-769-844-119,B-229-1997,Store_2419,2020-06-15,Onsite Store,48.59
23894155,76-769-844-119,G-067-2015,Store_2419,2020-06-15,Onsite Store,93.59
23894156,76-769-844-119,H-166-2000,Store_2412,2020-12-26,Onsite Store,45.59
23894156,76-769-844-119,I-025-2017,Store_2412,2020-12-26,Onsite Store,66.59
23894156,76-769-844-119,G-199-2006,Store_2412,2020-12-26,Onsite Store,43.99
23894156,76-769-844-119,Q-295-2013,Store_2412,2020-12-26,Onsite Store,80.99
23894156,76-769-844-119,H-028-2001,Store_2412,2020-12-26,Onsite Store,35.59
23894156,76-769-844-119,A-139-1992,Store_2412,2020-12-26,Onsite Store,45.99
23894156,76-769-844-119,Z-115-2006,Store_2412,2020-12-26,Onsite Store,24.99
23894156,76-769-844-119,A-166-2015,Store_2412,2020-12-26,Onsite Store,94.99
23894156,76-769-844-119,C-274-2007,Store_2412,2020-12-26,Onsite Store,89.59
23894157,76-769-844-119,Q-283-2003,Store_2441,2020-07-14,Onsite Store,57.59
23894157,76-769-844-119,G-256-1995,Store_2441,2020-07-14,Onsite Store,69.99
23894157,76-769-844-119,C-043-1984,Store_2441,2020-07-14,Onsite Store,26.59
23894157,76-769-844-119,N-094-2009,Store_2441,2020-07-14,Onsite Store,64.99
23894157,76-769-844-119,V-079-2017,Store_2441,2020-07-14,Onsite Store,95.99
23894157,76-769-844-119,I-181-1989,Store_2441,2020-07-14,Onsite Store,24.59
23894157,76-769-844-119,C-283-2011,Store_2441,2020-07-14,Onsite Store,90.59
23894158,76-769-844-119,H-238-1996,Store_2388,2020-11-27,Online Store,54.59
23894158,76-769-844-119,F-013-2001,Store_2388,2020-11-27,Online Store,49.99
23894158,76-769-844-119,A-007-2000,Store_2388,2020-11-27,Online Store,85.99
23894158,76-769-844-119,F-067-2000,Store_2388,2020-11-27,Online Store,52.59
23894158,76-769-844-119,Q-145-2011,Store_2388,2020-11-27,Online Store,48.59
23894158,76-769-844-119,F-172-1990,Store_2388,2020-11-27,Online Store,52.99
23894159,76-769-844-119,Z-211-2013,Store_2373,2020-08-13,Online Store,54.59
23894159,76-769-844-119,F-235-1983,Store_2373,2020-08-13,Online Store,46.59
23894159,76-769-844-119,B-256-2000,Store_2373,2020-08-13,Online Store,64.59
23894159,76-769-844-119,Q-241-2016,Store_2373,2020-08-13,Online Store,38.99
23894159,76-769-844-119,F-274-1980,Store_2373,2020-08-13,Online Store,111.59
23894159,76-769-844-119,C-052-1986,Store_2373,2020-08-13,Online Store,46.59
23894159,76-769-844-119,W-244-1993,Store_2373,2020-08-13,Online Store,33.99
23894160,76-769-844-119,A-046-2014,Store_2434,2020-09-08,Onsite Store,56.99
23894160,76-769-844-119,Q-148-2002,Store_2434,2020-09-08,Onsite Store,88.99
23894161,67-674-361-470,I-148-1985,Store_2455,2020-01-01,Onsite Store,112.99
23894162,67-674-361-470,Q-256-2014,Store_2449,2020-10-01,Onsite Store,85.59
23894162,67-674-361-470,H-235-1987,Store_2449,2020-10-01,Onsite Store,42.59
23894162,67-674-361-470,J-109-1998,Store_2449,2020-10-01,Onsite Store,74.59
23894162,67-674-361-470,W-058-1997,Store_2449,2020-10-01,Onsite Store,93.59
23894162,67-674-361-470,W-145-2013,Store_2449,2020-10-01,Onsite Store,90.99
23894162,67-674-361-470,I-043-2001,Store_2449,2020-10-01,Onsite Store,52.99
23894163,67-674-361-470,J-100-1992,Store_2472,2020-11-03,Onsite Store,18.59
23894163,67-674-361-470,Q-145-2003,Store_2472,2020-11-03,Onsite Store,91.99
23894163,67-674-361-470,I-259-2000,Store_2472,2020-11-03,Onsite Store,84.59
23894163,67-674-361-470,H-193-1993,Store_2472,2020-11-03,Onsite Store,50.59
23894164,67-674-361-470,N-010-2008,Store_2468,2020-10-12,Onsite Store,59.99
23894165,67-674-361-470,I-121-1997,Store_2367,2020-04-06,Online Store,63.59
23894165,67-674-361-470,V-292-1997,Store_2367,2020-04-06,Online Store,83.59
23894165,67-674-361-470,Z-238-2006,Store_2367,2020-04-06,Online Store,49.99
23894165,67-674-361-470,Z-196-1980,Store_2367,2020-04-06,Online Store,54.59
23894165,67-674-361-470,I-022-1983,Store_2367,2020-04-06,Online Store,27.59
23894165,67-674-361-470,W-244-2008,Store_2367,2020-04-06,Online Store,93.59
23894165,67-674-361-470,H-103-2012,Store_2367,2020-04-06,Online Store,96.99
23894165,67-674-361-470,G-199-2013,Store_2367,2020-04-06,Online Store,77.99
23894165,67-674-361-470,I-166-2001,Store_2367,2020-04-06,Online Store,80.59
23894166,67-674-361-470,B-022-1982,Store_2384,2020-02-05,Online Store,85.99
23894166,67-674-361-470,A-043-1988,Store_2384,2020-02-05,Online Store,108.59
23894166,67-674-361-470,J-160-2009,Store_2384,2020-02-05,Online Store,35.59
23894166,67-674-361-470,A-193-1981,Store_2384,2020-02-05,Online Store,76.99
23894166,67-674-361-470,N-259-2004,Store_2384,2020-02-05,Online Store,74.99
23894166,67-674-361-470,Z-142-1983,Store_2384,2020-02-05,Online Store,59.59
23894166,67-674-361-470,W-163-1991,Store_2384,2020-02-05,Online Store,84.99
23894166,67-674-361-470,B-007-2007,Store_2384,2020-02-05,Online Store,39.99
23894166,67-674-361-470,G-178-1984,Store_2384,2020-02-05,Online Store,41.59
23894167,67-674-361-470,V-103-2000,Store_2459,2020-06-25,Onsite Store,56.59
23894167,67-674-361-470,F-046-2006,Store_2459,2020-06-25,Onsite Store,117.99
23894167,67-674-361-470,F-265-1991,Store_2459,2020-06-25,Onsite Store,112.99
23894167,67-674-361-470,F-238-2009,Store_2459,2020-06-25,Onsite Store,36.99
23894167,67-674-361-470,F-112-2001,Store_2459,2020-06-25,Onsite Store,70.99
23894167,67-674-361-470,W-184-2003,Store_2459,2020-06-25,Onsite Store,55.99
23894167,67-674-361-470,I-295-1987,Store_2459,2020-06-25,Onsite Store,53.59
23894167,67-674-361-470,H-112-2007,Store_2459,2020-06-25,Onsite Store,22.99
23894168,67-674-361-470,H-130-2012,Store_2463,2020-08-24,Onsite Store,41.99
23894168,67-674-361-470,B-244-1992,Store_2463,2020-08-24,Onsite Store,114.99
23894168,67-674-361-470,Z-151-1985,Store_2463,2020-08-24,Onsite Store,73.59
23894168,67-674-361-470,I-265-1997,Store_2463,2020-08-24,Onsite Store,44.99
23894168,67-674-361-470,C-292-1991,Store_2463,2020-08-24,Onsite Store,49.59
23894168,67-674-361-470,C-001-1994,Store_2463,2020-08-24,Onsite Store,31.59
23894168,67-674-361-470,F-133-2006,Store_2463,2020-08-24,Onsite Store,94.99
23894169,67-674-361-470,Z-199-2006,Store_2389,2020-08-09,Online Store,61.59
23894169,67-674-361-470,N-004-2011,Store_2389,2020-08-09,Online Store,44.59
23894169,67-674-361-470,H-130-2015,Store_2389,2020-08-09,Online Store,35.99
23894169,67-674-361-470,C-046-2016,Store_2389,2020-08-09,Online Store,49.99
23894170,36-367-285-368,B-229-2010,Store_2374,2020-12-22,Online Store,56.99
23894170,36-367-285-368,N-013-1994,Store_2374,2020-12-22,Online Store,66.99
23894170,36-367-285-368,Z-205-1999,Store_2374,2020-12-22,Online Store,44.59
23894170,36-367-285-368,H-256-2016,Store_2374,2020-12-22,Online Store,57.59
23894170,36-367-285-368,N-034-1983,Store_2374,2020-12-22,Online Store,93.59
23894170,36-367-285-368,C-100-1998,Store_2374,2020-12-22,Online Store,110.59
23894171,36-367-285-368,A-163-2014,Store_2352,2020-11-04,Online Store,67.99
23894171,36-367-285-368,V-283-1994,Store_2352,2020-11-04,Online Store,19.99
23894171,36-367-285-368,G-028-1993,Store_2352,2020-11-04,Online Store,34.59
23894171,36-367-285-368,J-085-2014,Store_2352,2020-11-04,Online Store,30.99
23894171,36-367-285-368,B-181-2004,Store_2352,2020-11-04,Online Store,108.99
23894171,36-367-285-368,Q-163-1985,Store_2352,2020-11-04,Online Store,87.99
23894171,36-367-285-368,W-007-1980,Store_2352,2020-11-04,Online Store,46.99
23894171,36-367-285-368,V-070-1987,Store_2352,2020-11-04,Online Store,61.59
23894172,36-367-285-368,G-136-2014,Store_2424,2020-08-19,Onsite Store,83.59
23894172,36-367-285-368,Z-151-2017,Store_2424,2020-08-19,Onsite Store,109.99
23894172,36-367-285-368,N-124-1999,Store_2424,2020-08-19,Onsite Store,68.99
23894172,36-367-285-368,G-280-2007,Store_2424,2020-08-19,Onsite Store,94.99
23894172,36-367-285-368,A-103-2002,Store_2424,2020-08-19,Onsite Store,96.59
23894172,36-367-285-368,C-226-2017,Store_2424,2020-08-19,Onsite Store,86.99
23894172,36-367-285-368,Z-277-2001,Store_2424,2020-08-19,Onsite Store,55.59
23894173,36-367-285-368,J-031-2011,Store_2463,2020-08-26,Onsite Store,64.99
23894173,36-367-285-368,V-289-2008,Store_2463,2020-08-26,Onsite Store,51.99
23894173,36-367-285-368,H-067-2002,Store_2463,2020-08-26,Onsite Store,91.99
23894174,36-367-285-368,W-136-2017,Store_2366,2020-06-28,Online Store,83.99
23894174,36-367-285-368,J-004-1988,Store_2366,2020-06-28,Online Store,85.59
23894174,36-367-285-368,G-112-2016,Store_2366,2020-06-28,Online Store,33.59
23894174,36-367-285-368,V-187-1997,Store_2366,2020-06-28,Online Store,48.59
23894175,36-367-285-368,F-241-1995,Store_2411,2020-02-25,Onsite Store,17.59
23894175,36-367-285-368,H-034-1981,Store_2411,2020-02-25,Onsite Store,49.59
23894175,36-367-285-368,A-232-2003,Store_2411,2020-02-25,Onsite Store,101.99
23894175,36-367-285-368,G-022-2009,Store_2411,2020-02-25,Onsite Store,65.59
23894175,36-367-285-368,A-124-1992,Store_2411,2020-02-25,Onsite Store,39.99
23894175,36-367-285-368,J-079-2004,Store_2411,2020-02-25,Onsite Store,73.99
23894175,36-367-285-368,V-256-1987,Store_2411,2020-02-25,Onsite Store,48.59
23894176,36-367-285-368,H-220-2002,Store_2395,2020-05-29,Online Store,75.59
23894176,36-367-285-368,V-010-2013,Store_2395,2020-05-29,Online Store,78.99
23894176,36-367-285-368,W-280-2008,Store_2395,2020-05-29,Online Store,105.99
23894176,36-367-285-368,G-292-1998,Store_2395,2020-05-29,Online Store,63.99
23894176,36-367-285-368,H-055-2004,Store_2395,2020-05-29,Online Store,68.99
23894176,36-367-285-368,H-145-1984,Store_2395,2020-05-29,Online Store,129.59
23894176,36-367-285-368,I-022-1995,Store_2395,2020-05-29,Online Store,40.99
23894176,36-367-285-368,Z-151-1993,Store_2395,2020-05-29,Online Store,63.99
23894176,36-367-285-368,G-274-2016,Store_2395,2020-05-29,Online Store,115.59
23894176,36-367-285-368,F-286-1985,Store_2395,2020-05-29,Online Store,64.99
23894177,36-367-285-368,A-079-1988,Store_2377,2020-01-01,Online Store,93.59
23894177,36-367-285-368,F-268-1994,Store_2377,2020-01-01,Online Store,56.99
23894177,36-367-285-368,Z-094-2007,Store_2377,2020-01-01,Online Store,115.99
23894177,36-367-285-368,I-175-1985,Store_2377,2020-01-01,Online Store,62.99
23894177,36-367-285-368,A-190-2005,Store_2377,2020-01-01,Online Store,57.99
23894177,36-367-285-368,B-268-1981,Store_2377,2020-01-01,Online Store,85.59
23894178,36-367-285-368,I-034-2006,Store_2470,2020-05-26,Onsite Store,21.99
23894178,36-367-285-368,C-001-2009,Store_2470,2020-05-26,Onsite Store,59.99
23894178,36-367-285-368,Z-181-1988,Store_2470,2020-05-26,Onsite Store,43.59
23894178,36-367-285-368,C-193-1982,Store_2470,2020-05-26,Onsite Store,111.59
23894178,36-367-285-368,H-292-2002,Store_2470,2020-05-26,Onsite Store,50.59
23894178,36-367-285-368,N-046-1980,Store_2470,2020-05-26,Onsite Store,97.59
23894178,36-367-285-368,B-166-1996,Store_2470,2020-05-26,Onsite Store,87.59
23894179,38-386-863-998,C-262-2003,Store_2358,2020-12-29,Online Store,97.59
23894179,38-386-863-998,I-154-2010,Store_2358,2020-12-29,Online Store,102.99
23894179,38-386-863-998,Z-127-1989,Store_2358,2020-12-29,Online Store,86.99
23894179,38-386-863-998,C-151-1984,Store_2358,2020-12-29,Online Store,81.99
23894179,38-386-863-998,W-073-1999,Store_2358,2020-12-29,Online Store,73.59
23894179,38-386-863-998,V-265-2016,Store_2358,2020-12-29,Online Store,72.99
23894179,38-386-863-998,W-064-1985,Store_2358,2020-12-29,Online Store,65.99
23894180,38-386-863-998,V-007-1998,Store_2431,2020-06-18,Onsite Store,53.99
23894180,38-386-863-998,A-232-1989,Store_2431,2020-06-18,Onsite Store,96.59
23894180,38-386-863-998,Z-268-1982,Store_2431,2020-06-18,Onsite Store,76.59
23894180,38-386-863-998,A-241-2008,Store_2431,2020-06-18,Onsite Store,55.59
23894180,38-386-863-998,N-103-1999,Store_2431,2020-06-18,Onsite Store,62.59
23894180,38-386-863-998,B-250-1980,Store_2431,2020-06-18,Onsite Store,64.59
23894180,38-386-863-998,B-028-2014,Store_2431,2020-06-18,Onsite Store,85.99
23894180,38-386-863-998,N-082-2002,Store_2431,2020-06-18,Onsite Store,43.59
23894180,38-386-863-998,W-115-2007,Store_2431,2020-06-18,Onsite Store,54.59
23894181,38-386-863-998,Z-205-2018,Store_2355,2020-09-22,Online Store,61.59
23894181,38-386-863-998,B-004-1989,Store_2355,2020-09-22,Online Store,57.59
23894182,38-386-863-998,F-163-2000,Store_2399,2020-01-07,Onsite Store,26.99
23894182,38-386-863-998,I-085-1987,Store_2399,2020-01-07,Onsite Store,73.59
23894182,38-386-863-998,G-235-1988,Store_2399,2020-01-07,Onsite Store,40.59
23894182,38-386-863-998,V-115-2004,Store_2399,2020-01-07,Onsite Store,152.99
23894182,38-386-863-998,B-229-1997,Store_2399,2020-01-07,Onsite Store,48.59
23894182,38-386-863-998,V-022-1999,Store_2399,2020-01-07,Onsite Store,70.59
23894182,38-386-863-998,Z-292-1992,Store_2399,2020-01-07,Onsite Store,123.59
23894182,38-386-863-998,W-280-1992,Store_2399,2020-01-07,Onsite Store,111.59
23894182,38-386-863-998,G-127-1995,Store_2399,2020-01-07,Onsite Store,28.99
23894183,38-386-863-998,Z-070-1989,Store_2353,2020-08-10,Online Store,82.99
23894183,38-386-863-998,W-271-1981,Store_2353,2020-08-10,Online Store,101.99
23894183,38-386-863-998,I-004-1998,Store_2353,2020-08-10,Online Store,43.99
23894183,38-386-863-998,V-049-2017,Store_2353,2020-08-10,Online Store,40.59
23894183,38-386-863-998,V-295-2010,Store_2353,2020-08-10,Online Store,77.59
23894183,38-386-863-998,C-001-1995,Store_2353,2020-08-10,Online Store,63.59
23894183,38-386-863-998,J-028-1997,Store_2353,2020-08-10,Online Store,102.59
23894184,38-386-863-998,C-004-2016,Store_2358,2020-09-15,Online Store,28.99
23894184,38-386-863-998,Z-097-1992,Store_2358,2020-09-15,Online Store,96.99
23894184,38-386-863-998,A-058-2018,Store_2358,2020-09-15,Online Store,69.99
23894184,38-386-863-998,Q-088-1996,Store_2358,2020-09-15,Online Store,66.99
23894184,38-386-863-998,F-124-2000,Store_2358,2020-09-15,Online Store,115.99
23894185,38-386-863-998,Q-073-1998,Store_2371,2020-01-24,Online Store,87.99
23894185,38-386-863-998,I-157-1980,Store_2371,2020-01-24,Online Store,47.59
23894185,38-386-863-998,I-238-1990,Store_2371,2020-01-24,Online Store,43.99
23894186,38-386-863-998,I-085-2004,Store_2362,2020-04-23,Online Store,108.59
23894186,38-386-863-998,A-058-2014,Store_2362,2020-04-23,Online Store,61.59
23894186,38-386-863-998,V-214-1984,Store_2362,2020-04-23,Online Store,62.99
23894186,38-386-863-998,Z-226-2017,Store_2362,2020-04-23,Online Store,67.99
23894186,38-386-863-998,V-088-1994,Store_2362,2020-04-23,Online Store,36.99
23894186,38-386-863-998,Z-073-2008,Store_2362,2020-04-23,Online Store,64.59
23894187,38-386-863-998,I-070-2006,Store_2450,2020-07-30,Onsite Store,15.59
23894187,38-386-863-998,J-082-1998,Store_2450,2020-07-30,Onsite Store,35.99
23894187,38-386-863-998,Z-271-2003,Store_2450,2020-07-30,Onsite Store,65.99
23894187,38-386-863-998,Z-112-2009,Store_2450,2020-07-30,Onsite Store,87.99
23894187,38-386-863-998,W-007-2001,Store_2450,2020-07-30,Onsite Store,58.59
23894187,38-386-863-998,Q-037-2000,Store_2450,2020-07-30,Onsite Store,59.59
23894187,38-386-863-998,F-049-2001,Store_2450,2020-07-30,Onsite Store,39.99
23894187,38-386-863-998,H-139-2014,Store_2450,2020-07-30,Onsite Store,57.99
23894188,68-680-881-299,B-157-1983,Store_2462,2020-07-30,Onsite Store,72.99
23894188,68-680-881-299,Q-229-2016,Store_2462,2020-07-30,Onsite Store,82.99
23894188,68-680-881-299,F-127-1985,Store_2462,2020-07-30,Onsite Store,49.99
23894188,68-680-881-299,C-289-1992,Store_2462,2020-07-30,Onsite Store,138.99
23894189,68-680-881-299,V-271-1996,Store_2405,2021-03-18,Onsite Store,72.59
23894189,68-680-881-299,Z-214-2010,Store_2405,2021-03-18,Onsite Store,57.59
23894189,68-680-881-299,H-055-1988,Store_2405,2021-03-18,Onsite Store,63.59
23894189,68-680-881-299,Z-268-2016,Store_2405,2021-03-18,Onsite Store,79.59
23894189,68-680-881-299,I-025-1987,Store_2405,2021-03-18,Onsite Store,112.59
23894189,68-680-881-299,F-157-2012,Store_2405,2021-03-18,Onsite Store,87.59
23894189,68-680-881-299,J-121-2003,Store_2405,2021-03-18,Onsite Store,74.59
23894190,68-680-881-299,N-292-1994,Store_2467,2021-03-30,Onsite Store,48.99
23894190,68-680-881-299,W-046-1982,Store_2467,2021-03-30,Onsite Store,50.59
23894190,68-680-881-299,F-097-1995,Store_2467,2021-03-30,Onsite Store,63.59
23894190,68-680-881-299,A-109-2014,Store_2467,2021-03-30,Onsite Store,116.99
23894190,68-680-881-299,Q-283-2001,Store_2467,2021-03-30,Onsite Store,45.59
23894190,68-680-881-299,C-088-2008,Store_2467,2021-03-30,Onsite Store,19.99
23894190,68-680-881-299,Z-292-1997,Store_2467,2021-03-30,Onsite Store,91.99
23894190,68-680-881-299,W-214-2015,Store_2467,2021-03-30,Onsite Store,86.59
23894190,68-680-881-299,I-202-2007,Store_2467,2021-03-30,Onsite Store,18.59
23894191,68-680-881-299,B-256-2018,Store_2353,2021-10-05,Online Store,45.99
23894191,68-680-881-299,F-277-2010,Store_2353,2021-10-05,Online Store,79.59
23894191,68-680-881-299,H-115-2001,Store_2353,2021-10-05,Online Store,38.59
23894191,68-680-881-299,G-040-2018,Store_2353,2021-10-05,Online Store,88.59
23894191,68-680-881-299,G-001-2012,Store_2353,2021-10-05,Online Store,37.99
23894191,68-680-881-299,C-106-1981,Store_2353,2021-10-05,Online Store,44.99
23894192,68-680-881-299,C-139-1990,Store_2394,2021-12-09,Online Store,33.59
23894192,68-680-881-299,I-295-1994,Store_2394,2021-12-09,Online Store,40.59
23894192,68-680-881-299,G-238-1983,Store_2394,2021-12-09,Online Store,84.59
23894192,68-680-881-299,A-145-1991,Store_2394,2021-12-09,Online Store,80.59
23894192,68-680-881-299,Z-259-1984,Store_2394,2021-12-09,Online Store,83.99
23894192,68-680-881-299,Z-238-1986,Store_2394,2021-12-09,Online Store,90.59
23894192,68-680-881-299,B-217-1997,Store_2394,2021-12-09,Online Store,117.59
23894192,68-680-881-299,V-283-2005,Store_2394,2021-12-09,Online Store,49.99
23894192,68-680-881-299,A-232-1995,Store_2394,2021-12-09,Online Store,99.59
23894193,68-680-881-299,W-229-1989,Store_2431,2021-12-06,Onsite Store,90.99
23894193,68-680-881-299,F-004-2002,Store_2431,2021-12-06,Onsite Store,65.99
23894193,68-680-881-299,N-166-1983,Store_2431,2021-12-06,Onsite Store,69.59
23894193,68-680-881-299,G-268-2018,Store_2431,2021-12-06,Onsite Store,73.59
23894193,68-680-881-299,J-208-1982,Store_2431,2021-12-06,Onsite Store,67.99
23894193,68-680-881-299,F-067-1994,Store_2431,2021-12-06,Onsite Store,87.59
23894193,68-680-881-299,J-076-2006,Store_2431,2021-12-06,Onsite Store,48.59
23894194,68-680-881-299,Q-142-1991,Store_2431,2021-02-09,Onsite Store,40.99
23894194,68-680-881-299,N-124-1981,Store_2431,2021-02-09,Onsite Store,87.59
23894194,68-680-881-299,H-070-2001,Store_2431,2021-02-09,Onsite Store,74.99
23894194,68-680-881-299,Z-223-1995,Store_2431,2021-02-09,Onsite Store,97.99
23894194,68-680-881-299,J-181-2000,Store_2431,2021-02-09,Onsite Store,38.99
23894195,68-680-881-299,W-145-1991,Store_2402,2021-02-05,Onsite Store,73.59
23894195,68-680-881-299,G-265-1996,Store_2402,2021-02-05,Onsite Store,90.99
23894195,68-680-881-299,F-034-2010,Store_2402,2021-02-05,Onsite Store,89.59
23894195,68-680-881-299,I-223-2011,Store_2402,2021-02-05,Onsite Store,113.59
23894195,68-680-881-299,F-202-1996,Store_2402,2021-02-05,Onsite Store,130.99
23894195,68-680-881-299,V-226-2006,Store_2402,2021-02-05,Onsite Store,58.99
23894195,68-680-881-299,Q-193-1982,Store_2402,2021-02-05,Onsite Store,34.99
23894196,68-680-881-299,I-046-1980,Store_2467,2021-02-01,Onsite Store,51.99
23894196,68-680-881-299,J-058-1995,Store_2467,2021-02-01,Onsite Store,136.59
23894196,68-680-881-299,Q-199-1993,Store_2467,2021-02-01,Onsite Store,99.59
23894196,68-680-881-299,B-043-1985,Store_2467,2021-02-01,Onsite Store,82.99
23894196,68-680-881-299,I-289-2000,Store_2467,2021-02-01,Onsite Store,28.59
23894196,68-680-881-299,Z-022-2003,Store_2467,2021-02-01,Onsite Store,75.59
23894196,68-680-881-299,V-151-2018,Store_2467,2021-02-01,Onsite Store,30.99
23894196,68-680-881-299,W-019-1983,Store_2467,2021-02-01,Onsite Store,6.59
23894196,68-680-881-299,A-277-2001,Store_2467,2021-02-01,Onsite Store,80.99
23894197,28-288-283-457,H-169-2004,Store_2467,2021-09-15,Onsite Store,55.99
23894197,28-288-283-457,Q-292-1983,Store_2467,2021-09-15,Onsite Store,61.99
23894197,28-288-283-457,C-208-2014,Store_2467,2021-09-15,Onsite Store,42.59
23894198,28-288-283-457,G-034-1981,Store_2443,2021-04-01,Onsite Store,60.99
23894198,28-288-283-457,Q-157-2010,Store_2443,2021-04-01,Onsite Store,80.99
23894198,28-288-283-457,Q-118-2014,Store_2443,2021-04-01,Onsite Store,39.59
23894198,28-288-283-457,H-199-2003,Store_2443,2021-04-01,Onsite Store,103.99
23894199,28-288-283-457,V-097-1996,Store_2411,2021-02-25,Onsite Store,86.99
23894199,28-288-283-457,I-217-1986,Store_2411,2021-02-25,Onsite Store,32.99
23894199,28-288-283-457,F-127-1996,Store_2411,2021-02-25,Onsite Store,56.59
23894199,28-288-283-457,N-088-1990,Store_2411,2021-02-25,Onsite Store,71.59
23894199,28-288-283-457,Q-178-1991,Store_2411,2021-02-25,Onsite Store,54.59
23894199,28-288-283-457,Q-028-2008,Store_2411,2021-02-25,Onsite Store,41.99
23894199,28-288-283-457,Q-019-1993,Store_2411,2021-02-25,Onsite Store,76.99
23894199,28-288-283-457,W-067-2008,Store_2411,2021-02-25,Onsite Store,55.59
23894199,28-288-283-457,Q-268-2011,Store_2411,2021-02-25,Onsite Store,69.59
23894199,28-288-283-457,B-178-2018,Store_2411,2021-02-25,Onsite Store,77.59
23894200,28-288-283-457,I-073-1981,Store_2400,2021-08-29,Onsite Store,26.59
23894200,28-288-283-457,N-088-1980,Store_2400,2021-08-29,Onsite Store,51.59
23894200,28-288-283-457,Q-007-1983,Store_2400,2021-08-29,Onsite Store,58.99
23894200,28-288-283-457,N-253-1997,Store_2400,2021-08-29,Onsite Store,72.99
23894200,28-288-283-457,Q-052-1991,Store_2400,2021-08-29,Onsite Store,60.99
23894200,28-288-283-457,J-283-2000,Store_2400,2021-08-29,Onsite Store,26.99
23894200,28-288-283-457,G-151-2010,Store_2400,2021-08-29,Onsite Store,88.59
23894200,28-288-283-457,B-103-1986,Store_2400,2021-08-29,Onsite Store,43.99
23894201,28-288-283-457,H-151-1994,Store_2423,2021-10-01,Onsite Store,135.99
23894201,28-288-283-457,G-277-2015,Store_2423,2021-10-01,Onsite Store,71.99
23894201,28-288-283-457,V-265-2001,Store_2423,2021-10-01,Onsite Store,80.99
23894201,28-288-283-457,V-229-1993,Store_2423,2021-10-01,Onsite Store,80.99
23894201,28-288-283-457,Z-133-2018,Store_2423,2021-10-01,Onsite Store,123.99
23894201,28-288-283-457,Z-151-2007,Store_2423,2021-10-01,Onsite Store,40.99
23894201,28-288-283-457,Q-151-2017,Store_2423,2021-10-01,Onsite Store,94.59
23894201,28-288-283-457,V-073-1981,Store_2423,2021-10-01,Onsite Store,77.59
23894201,28-288-283-457,N-067-1986,Store_2423,2021-10-01,Onsite Store,84.99
23894201,28-288-283-457,Z-040-2018,Store_2423,2021-10-01,Onsite Store,51.59
23894201,28-288-283-457,V-049-1985,Store_2423,2021-10-01,Onsite Store,36.99
23894202,28-288-283-457,J-295-1987,Store_2436,2021-12-26,Onsite Store,56.99
23894202,28-288-283-457,C-202-1983,Store_2436,2021-12-26,Onsite Store,103.59
23894202,28-288-283-457,J-268-1986,Store_2436,2021-12-26,Onsite Store,41.99
23894202,28-288-283-457,Q-064-1995,Store_2436,2021-12-26,Onsite Store,93.99
23894202,28-288-283-457,Q-205-2017,Store_2436,2021-12-26,Onsite Store,84.99
23894202,28-288-283-457,Q-094-1996,Store_2436,2021-12-26,Onsite Store,73.99
23894202,28-288-283-457,W-193-2011,Store_2436,2021-12-26,Onsite Store,76.59
23894203,28-288-283-457,B-211-1991,Store_2356,2021-01-09,Online Store,71.99
23894203,28-288-283-457,N-127-2017,Store_2356,2021-01-09,Online Store,61.59
23894203,28-288-283-457,I-250-1987,Store_2356,2021-01-09,Online Store,71.59
23894203,28-288-283-457,N-100-1998,Store_2356,2021-01-09,Online Store,102.59
23894203,28-288-283-457,J-097-2001,Store_2356,2021-01-09,Online Store,77.59
23894203,28-288-283-457,V-013-1982,Store_2356,2021-01-09,Online Store,53.99
23894203,28-288-283-457,V-280-2015,Store_2356,2021-01-09,Online Store,27.99
23894204,28-288-283-457,H-223-1986,Store_2433,2021-11-09,Onsite Store,69.59
23894204,28-288-283-457,H-253-1996,Store_2433,2021-11-09,Onsite Store,86.99
23894204,28-288-283-457,Q-064-1989,Store_2433,2021-11-09,Onsite Store,138.99
23894204,28-288-283-457,G-091-1998,Store_2433,2021-11-09,Onsite Store,46.99
23894204,28-288-283-457,V-139-2006,Store_2433,2021-11-09,Onsite Store,45.59
23894205,28-288-283-457,C-064-1993,Store_2382,2021-10-28,Online Store,68.59
23894205,28-288-283-457,C-004-1993,Store_2382,2021-10-28,Online Store,97.99
23894205,28-288-283-457,V-052-1989,Store_2382,2021-10-28,Online Store,31.59
23894205,28-288-283-457,C-178-2017,Store_2382,2021-10-28,Online Store,30.59
23894205,28-288-283-457,H-220-2006,Store_2382,2021-10-28,Online Store,45.59
23894205,28-288-283-457,G-181-1993,Store_2382,2021-10-28,Online Store,26.59
23894206,41-413-557-431,A-199-2006,Store_2427,2021-09-25,Onsite Store,62.99
23894206,41-413-557-431,F-073-1990,Store_2427,2021-09-25,Onsite Store,44.59
23894206,41-413-557-431,J-253-1996,Store_2427,2021-09-25,Onsite Store,50.59
23894206,41-413-557-431,N-262-1980,Store_2427,2021-09-25,Onsite Store,48.59
23894206,41-413-557-431,F-223-1983,Store_2427,2021-09-25,Onsite Store,55.99
23894206,41-413-557-431,B-271-1983,Store_2427,2021-09-25,Onsite Store,14.59
23894207,41-413-557-431,V-031-2018,Store_2350,2021-04-26,Online Store,61.99
23894207,41-413-557-431,B-127-2012,Store_2350,2021-04-26,Online Store,85.59
23894207,41-413-557-431,H-214-1999,Store_2350,2021-04-26,Online Store,48.59
23894207,41-413-557-431,V-109-2018,Store_2350,2021-04-26,Online Store,16.99
23894207,41-413-557-431,Q-115-2001,Store_2350,2021-04-26,Online Store,56.59
23894207,41-413-557-431,N-094-1985,Store_2350,2021-04-26,Online Store,81.59
23894207,41-413-557-431,A-202-1988,Store_2350,2021-04-26,Online Store,20.99
23894208,41-413-557-431,A-181-2018,Store_2387,2021-08-02,Online Store,98.59
23894208,41-413-557-431,Z-106-1993,Store_2387,2021-08-02,Online Store,38.99
23894208,41-413-557-431,I-085-2004,Store_2387,2021-08-02,Online Store,108.59
23894208,41-413-557-431,W-022-2005,Store_2387,2021-08-02,Online Store,92.99
23894209,41-413-557-431,V-283-2004,Store_2409,2021-08-10,Onsite Store,141.59
23894209,41-413-557-431,Q-013-1982,Store_2409,2021-08-10,Onsite Store,70.59
23894209,41-413-557-431,J-202-2013,Store_2409,2021-08-10,Onsite Store,42.59
23894209,41-413-557-431,C-157-1980,Store_2409,2021-08-10,Onsite Store,78.59
23894209,41-413-557-431,N-175-1993,Store_2409,2021-08-10,Onsite Store,76.99
23894209,41-413-557-431,C-091-1994,Store_2409,2021-08-10,Onsite Store,46.59
23894209,41-413-557-431,G-004-1996,Store_2409,2021-08-10,Onsite Store,91.99
23894209,41-413-557-431,Z-280-2003,Store_2409,2021-08-10,Onsite Store,91.99
23894210,41-413-557-431,Q-190-2001,Store_2369,2021-01-09,Online Store,28.99
23894210,41-413-557-431,Q-028-2017,Store_2369,2021-01-09,Online Store,76.99
23894210,41-413-557-431,F-079-1992,Store_2369,2021-01-09,Online Store,77.59
23894210,41-413-557-431,F-166-2000,Store_2369,2021-01-09,Online Store,96.59
23894210,41-413-557-431,B-076-1985,Store_2369,2021-01-09,Online Store,94.59
23894210,41-413-557-431,W-178-1982,Store_2369,2021-01-09,Online Store,69.59
23894210,41-413-557-431,N-127-2007,Store_2369,2021-01-09,Online Store,82.59
23894210,41-413-557-431,V-130-1986,Store_2369,2021-01-09,Online Store,76.59
23894211,41-413-557-431,C-133-1993,Store_2386,2021-01-15,Online Store,107.59
23894211,41-413-557-431,I-109-2003,Store_2386,2021-01-15,Online Store,61.99
23894211,41-413-557-431,H-115-2006,Store_2386,2021-01-15,Online Store,115.99
23894211,41-413-557-431,C-061-1990,Store_2386,2021-01-15,Online Store,74.99
23894211,41-413-557-431,V-094-2013,Store_2386,2021-01-15,Online Store,93.99
23894211,41-413-557-431,C-205-1990,Store_2386,2021-01-15,Online Store,84.99
23894212,41-413-557-431,C-151-1982,Store_2395,2021-08-08,Online Store,122.99
23894212,41-413-557-431,J-145-1980,Store_2395,2021-08-08,Online Store,131.99
23894212,41-413-557-431,B-046-1997,Store_2395,2021-08-08,Online Store,52.99
23894212,41-413-557-431,W-226-1982,Store_2395,2021-08-08,Online Store,81.99
23894212,41-413-557-431,H-064-1990,Store_2395,2021-08-08,Online Store,38.59
23894213,41-413-557-431,N-157-1997,Store_2426,2021-01-08,Onsite Store,67.59
23894213,41-413-557-431,B-223-2012,Store_2426,2021-01-08,Onsite Store,59.99
23894213,41-413-557-431,I-202-1981,Store_2426,2021-01-08,Onsite Store,57.99
23894213,41-413-557-431,N-169-1982,Store_2426,2021-01-08,Onsite Store,101.59
23894213,41-413-557-431,F-250-2006,Store_2426,2021-01-08,Onsite Store,69.59
23894213,41-413-557-431,G-058-2006,Store_2426,2021-01-08,Onsite Store,54.99
23894213,41-413-557-431,C-172-2016,Store_2426,2021-01-08,Onsite Store,32.99
23894214,41-413-557-431,N-241-1989,Store_2474,2021-08-27,Onsite Store,70.59
23894214,41-413-557-431,I-277-2018,Store_2474,2021-08-27,Onsite Store,81.59
23894214,41-413-557-431,V-121-2015,Store_2474,2021-08-27,Onsite Store,47.99
23894214,41-413-557-431,G-088-1984,Store_2474,2021-08-27,Onsite Store,36.59
23894214,41-413-557-431,G-034-1990,Store_2474,2021-08-27,Onsite Store,106.59
23894214,41-413-557-431,J-049-1981,Store_2474,2021-08-27,Onsite Store,46.99
23894214,41-413-557-431,I-082-1998,Store_2474,2021-08-27,Onsite Store,8.59
23894214,41-413-557-431,F-271-1984,Store_2474,2021-08-27,Onsite Store,121.99
23894215,13-130-232-359,F-199-1997,Store_2455,2021-09-19,Onsite Store,45.59
23894215,13-130-232-359,W-040-1986,Store_2455,2021-09-19,Onsite Store,79.59
23894215,13-130-232-359,J-019-2005,Store_2455,2021-09-19,Onsite Store,81.59
23894215,13-130-232-359,F-175-2002,Store_2455,2021-09-19,Onsite Store,47.99
23894215,13-130-232-359,J-214-2016,Store_2455,2021-09-19,Onsite Store,47.99
23894216,13-130-232-359,A-013-1983,Store_2462,2021-02-21,Onsite Store,87.99
23894216,13-130-232-359,G-289-2017,Store_2462,2021-02-21,Onsite Store,59.99
23894217,13-130-232-359,C-244-1985,Store_2456,2021-07-04,Onsite Store,84.99
23894217,13-130-232-359,I-214-1992,Store_2456,2021-07-04,Onsite Store,103.99
23894217,13-130-232-359,V-004-1987,Store_2456,2021-07-04,Onsite Store,134.59
23894217,13-130-232-359,N-220-1994,Store_2456,2021-07-04,Onsite Store,101.99
23894217,13-130-232-359,B-256-2005,Store_2456,2021-07-04,Onsite Store,116.99
23894217,13-130-232-359,B-040-2008,Store_2456,2021-07-04,Onsite Store,44.59
23894217,13-130-232-359,H-169-1995,Store_2456,2021-07-04,Onsite Store,16.99
23894217,13-130-232-359,C-286-2001,Store_2456,2021-07-04,Onsite Store,72.59
23894218,13-130-232-359,B-169-1987,Store_2353,2021-06-04,Online Store,44.99
23894218,13-130-232-359,W-037-2003,Store_2353,2021-06-04,Online Store,85.99
23894218,13-130-232-359,B-208-2018,Store_2353,2021-06-04,Online Store,58.99
23894218,13-130-232-359,B-058-2015,Store_2353,2021-06-04,Online Store,66.59
23894218,13-130-232-359,B-016-2002,Store_2353,2021-06-04,Online Store,61.99
23894219,13-130-232-359,B-046-2013,Store_2395,2021-03-05,Online Store,71.59
23894219,13-130-232-359,Z-235-2009,Store_2395,2021-03-05,Online Store,59.99
23894219,13-130-232-359,Q-031-1990,Store_2395,2021-03-05,Online Store,67.99
23894219,13-130-232-359,W-046-1997,Store_2395,2021-03-05,Online Store,79.59
23894219,13-130-232-359,G-295-1991,Store_2395,2021-03-05,Online Store,58.99
23894220,13-130-232-359,A-127-1988,Store_2442,2021-01-30,Onsite Store,83.99
23894220,13-130-232-359,B-232-2017,Store_2442,2021-01-30,Onsite Store,64.59
23894220,13-130-232-359,I-169-2013,Store_2442,2021-01-30,Onsite Store,32.99
23894220,13-130-232-359,F-115-2011,Store_2442,2021-01-30,Onsite Store,82.99
23894220,13-130-232-359,H-193-1991,Store_2442,2021-01-30,Onsite Store,104.59
23894220,13-130-232-359,N-088-2014,Store_2442,2021-01-30,Onsite Store,48.59
23894221,13-130-232-359,N-049-1993,Store_2425,2021-11-05,Onsite Store,75.99
23894221,13-130-232-359,C-136-1999,Store_2425,2021-11-05,Onsite Store,71.99
23894221,13-130-232-359,J-067-2007,Store_2425,2021-11-05,Onsite Store,64.59
23894221,13-130-232-359,A-277-2012,Store_2425,2021-11-05,Onsite Store,69.99
23894221,13-130-232-359,N-169-2006,Store_2425,2021-11-05,Onsite Store,74.99
23894221,13-130-232-359,B-025-2013,Store_2425,2021-11-05,Onsite Store,53.99
23894222,13-130-232-359,Z-007-2002,Store_2444,2021-03-19,Onsite Store,22.99
23894222,13-130-232-359,C-040-1987,Store_2444,2021-03-19,Onsite Store,56.99
23894223,13-130-232-359,G-190-1994,Store_2381,2021-01-21,Online Store,30.99
23894223,13-130-232-359,V-115-1994,Store_2381,2021-01-21,Online Store,83.99
23894223,13-130-232-359,A-223-2001,Store_2381,2021-01-21,Online Store,49.59
23894223,13-130-232-359,H-097-1995,Store_2381,2021-01-21,Online Store,34.59
23894223,13-130-232-359,G-289-2014,Store_2381,2021-01-21,Online Store,85.59
23894223,13-130-232-359,N-064-2016,Store_2381,2021-01-21,Online Store,46.99
23894223,13-130-232-359,J-163-1988,Store_2381,2021-01-21,Online Store,74.99
23894223,13-130-232-359,N-208-1987,Store_2381,2021-01-21,Online Store,67.59
23894223,13-130-232-359,A-085-2007,Store_2381,2021-01-21,Online Store,92.99
23894224,15-155-340-852,J-268-1999,Store_2410,2021-03-09,Onsite Store,61.99
23894224,15-155-340-852,G-172-2012,Store_2410,2021-03-09,Onsite Store,79.59
23894224,15-155-340-852,Z-106-1992,Store_2410,2021-03-09,Onsite Store,56.59
23894225,15-155-340-852,N-166-2002,Store_2451,2021-08-03,Onsite Store,77.99
23894225,15-155-340-852,Q-145-1987,Store_2451,2021-08-03,Onsite Store,45.99
23894225,15-155-340-852,F-265-2005,Store_2451,2021-08-03,Onsite Store,47.59
23894225,15-155-340-852,G-202-2016,Store_2451,2021-08-03,Onsite Store,29.99
23894225,15-155-340-852,C-091-1991,Store_2451,2021-08-03,Onsite Store,52.59
23894226,15-155-340-852,N-004-2003,Store_2413,2021-04-07,Onsite Store,55.99
23894226,15-155-340-852,W-046-1985,Store_2413,2021-04-07,Onsite Store,40.99
23894226,15-155-340-852,W-280-1987,Store_2413,2021-04-07,Onsite Store,102.99
23894226,15-155-340-852,W-019-1989,Store_2413,2021-04-07,Onsite Store,79.99
23894226,15-155-340-852,V-259-1994,Store_2413,2021-04-07,Onsite Store,42.59
23894226,15-155-340-852,H-172-1997,Store_2413,2021-04-07,Onsite Store,52.59
23894226,15-155-340-852,V-259-2002,Store_2413,2021-04-07,Onsite Store,52.59
23894226,15-155-340-852,Z-241-2013,Store_2413,2021-04-07,Onsite Store,105.99
23894226,15-155-340-852,B-154-1993,Store_2413,2021-04-07,Onsite Store,49.59
23894226,15-155-340-852,Q-052-2006,Store_2413,2021-04-07,Onsite Store,107.99
23894227,15-155-340-852,Q-148-1999,Store_2446,2021-11-08,Onsite Store,99.99
23894227,15-155-340-852,F-106-1982,Store_2446,2021-11-08,Onsite Store,85.59
23894227,15-155-340-852,W-079-1999,Store_2446,2021-11-08,Onsite Store,78.59
23894227,15-155-340-852,B-151-1999,Store_2446,2021-11-08,Onsite Store,117.99
23894227,15-155-340-852,C-112-1992,Store_2446,2021-11-08,Onsite Store,64.59
23894227,15-155-340-852,A-103-1999,Store_2446,2021-11-08,Onsite Store,71.99
23894228,15-155-340-852,A-058-2011,Store_2425,2021-12-18,Onsite Store,111.99
23894228,15-155-340-852,H-130-1992,Store_2425,2021-12-18,Onsite Store,15.59
23894228,15-155-340-852,H-100-1982,Store_2425,2021-12-18,Onsite Store,53.99
23894228,15-155-340-852,G-025-2018,Store_2425,2021-12-18,Onsite Store,102.59
23894228,15-155-340-852,C-145-2005,Store_2425,2021-12-18,Onsite Store,57.59
23894228,15-155-340-852,V-085-2014,Store_2425,2021-12-18,Onsite Store,73.99
23894228,15-155-340-852,Z-082-2015,Store_2425,2021-12-18,Onsite Store,46.59
23894228,15-155-340-852,B-211-1982,Store_2425,2021-12-18,Onsite Store,86.59
23894229,15-155-340-852,H-196-2016,Store_2419,2021-09-01,Onsite Store,75.99
23894229,15-155-340-852,B-061-2015,Store_2419,2021-09-01,Onsite Store,96.59
23894229,15-155-340-852,G-130-1990,Store_2419,2021-09-01,Onsite Store,73.99
23894229,15-155-340-852,W-241-1986,Store_2419,2021-09-01,Onsite Store,95.99
23894229,15-155-340-852,A-028-2017,Store_2419,2021-09-01,Onsite Store,67.59
23894229,15-155-340-852,C-142-2012,Store_2419,2021-09-01,Onsite Store,93.99
23894229,15-155-340-852,C-031-1996,Store_2419,2021-09-01,Onsite Store,56.59
23894229,15-155-340-852,Z-232-2006,Store_2419,2021-09-01,Onsite Store,89.99
23894229,15-155-340-852,W-253-1993,Store_2419,2021-09-01,Onsite Store,70.59
23894230,15-155-340-852,F-028-1987,Store_2458,2021-04-16,Onsite Store,95.99
23894230,15-155-340-852,F-007-1994,Store_2458,2021-04-16,Onsite Store,48.59
23894230,15-155-340-852,W-106-1992,Store_2458,2021-04-16,Onsite Store,66.59
23894230,15-155-340-852,A-181-1989,Store_2458,2021-04-16,Onsite Store,34.99
23894230,15-155-340-852,G-268-2018,Store_2458,2021-04-16,Onsite Store,73.59
23894230,15-155-340-852,A-265-2017,Store_2458,2021-04-16,Onsite Store,73.99
23894230,15-155-340-852,W-139-2014,Store_2458,2021-04-16,Onsite Store,34.59
23894231,15-155-340-852,Q-058-2014,Store_2472,2021-11-15,Onsite Store,47.99
23894231,15-155-340-852,B-235-2013,Store_2472,2021-11-15,Onsite Store,93.99
23894231,15-155-340-852,W-100-2011,Store_2472,2021-11-15,Onsite Store,86.59
23894231,15-155-340-852,F-118-1987,Store_2472,2021-11-15,Onsite Store,100.99
23894231,15-155-340-852,F-142-1981,Store_2472,2021-11-15,Onsite Store,39.99
23894231,15-155-340-852,Z-043-1995,Store_2472,2021-11-15,Onsite Store,43.59
23894231,15-155-340-852,B-178-1996,Store_2472,2021-11-15,Onsite Store,68.59
23894231,15-155-340-852,Q-277-2014,Store_2472,2021-11-15,Onsite Store,78.99
23894231,15-155-340-852,F-157-1984,Store_2472,2021-11-15,Onsite Store,55.99
23894232,15-155-340-852,N-055-1996,Store_2359,2021-11-26,Online Store,78.99
23894232,15-155-340-852,N-136-1984,Store_2359,2021-11-26,Online Store,62.59
23894232,15-155-340-852,F-292-1993,Store_2359,2021-11-26,Online Store,42.99
23894232,15-155-340-852,C-043-2014,Store_2359,2021-11-26,Online Store,56.99
23894232,15-155-340-852,F-076-2012,Store_2359,2021-11-26,Online Store,92.59
23894232,15-155-340-852,W-142-1995,Store_2359,2021-11-26,Online Store,46.99
23894232,15-155-340-852,N-274-2009,Store_2359,2021-11-26,Online Store,73.59
23894232,15-155-340-852,F-214-1993,Store_2359,2021-11-26,Online Store,63.99
23894232,15-155-340-852,B-289-2003,Store_2359,2021-11-26,Online Store,90.99
23894232,15-155-340-852,W-259-1982,Store_2359,2021-11-26,Online Store,86.99
23894232,15-155-340-852,G-061-1986,Store_2359,2021-11-26,Online Store,82.99
23894233,59-599-495-603,W-145-2012,Store_2388,2021-03-06,Online Store,52.59
23894233,59-599-495-603,F-169-1995,Store_2388,2021-03-06,Online Store,62.99
23894233,59-599-495-603,C-049-1989,Store_2388,2021-03-06,Online Store,67.59
23894233,59-599-495-603,Z-268-2012,Store_2388,2021-03-06,Online Store,60.99
23894233,59-599-495-603,I-151-1994,Store_2388,2021-03-06,Online Store,29.99
23894233,59-599-495-603,A-220-1987,Store_2388,2021-03-06,Online Store,59.99
23894233,59-599-495-603,N-181-1994,Store_2388,2021-03-06,Online Store,23.99
23894233,59-599-495-603,W-073-1982,Store_2388,2021-03-06,Online Store,19.99
23894234,59-599-495-603,C-103-1981,Store_2358,2021-06-26,Online Store,60.59
23894234,59-599-495-603,J-139-1989,Store_2358,2021-06-26,Online Store,41.99
23894234,59-599-495-603,G-211-2011,Store_2358,2021-06-26,Online Store,75.99
23894234,59-599-495-603,Z-166-1995,Store_2358,2021-06-26,Online Store,26.99
23894234,59-599-495-603,H-223-1988,Store_2358,2021-06-26,Online Store,46.99
23894235,59-599-495-603,W-037-2004,Store_2352,2021-06-28,Online Store,53.99
23894235,59-599-495-603,B-127-2009,Store_2352,2021-06-28,Online Store,71.59
23894235,59-599-495-603,V-145-2011,Store_2352,2021-06-28,Online Store,84.99
23894235,59-599-495-603,C-037-1981,Store_2352,2021-06-28,Online Store,83.99
23894235,59-599-495-603,W-181-2010,Store_2352,2021-06-28,Online Store,68.99
23894235,59-599-495-603,Q-196-1990,Store_2352,2021-06-28,Online Store,84.59
23894236,59-599-495-603,A-130-2010,Store_2449,2021-03-21,Onsite Store,52.99
23894236,59-599-495-603,I-250-1997,Store_2449,2021-03-21,Onsite Store,48.59
23894236,59-599-495-603,N-277-1989,Store_2449,2021-03-21,Onsite Store,53.59
23894236,59-599-495-603,A-058-1992,Store_2449,2021-03-21,Onsite Store,30.99
23894236,59-599-495-603,J-094-1987,Store_2449,2021-03-21,Onsite Store,95.59
23894236,59-599-495-603,W-040-1987,Store_2449,2021-03-21,Onsite Store,40.59
23894237,59-599-495-603,G-196-1997,Store_2457,2021-05-03,Onsite Store,80.99
23894238,59-599-495-603,N-028-1992,Store_2381,2021-09-10,Online Store,83.99
23894238,59-599-495-603,I-295-1999,Store_2381,2021-09-10,Online Store,99.99
23894238,59-599-495-603,Z-187-1988,Store_2381,2021-09-10,Online Store,32.99
23894238,59-599-495-603,F-211-2004,Store_2381,2021-09-10,Online Store,48.59
23894238,59-599-495-603,J-289-2015,Store_2381,2021-09-10,Online Store,34.59
23894239,59-599-495-603,F-058-2006,Store_2475,2021-07-04,Onsite Store,89.59
23894239,59-599-495-603,W-109-1993,Store_2475,2021-07-04,Onsite Store,62.59
23894239,59-599-495-603,J-223-2017,Store_2475,2021-07-04,Onsite Store,52.99
23894239,59-599-495-603,F-019-2011,Store_2475,2021-07-04,Onsite Store,87.99
23894239,59-599-495-603,F-007-2001,Store_2475,2021-07-04,Onsite Store,29.59
23894239,59-599-495-603,N-211-1994,Store_2475,2021-07-04,Onsite Store,119.99
23894239,59-599-495-603,C-133-1996,Store_2475,2021-07-04,Onsite Store,70.99
23894239,59-599-495-603,G-250-2005,Store_2475,2021-07-04,Onsite Store,106.59
23894240,59-599-495-603,F-085-2013,Store_2392,2021-07-09,Online Store,49.59
23894240,59-599-495-603,V-298-2008,Store_2392,2021-07-09,Online Store,115.59
23894240,59-599-495-603,B-058-2007,Store_2392,2021-07-09,Online Store,89.99
23894240,59-599-495-603,N-253-1984,Store_2392,2021-07-09,Online Store,44.99
23894240,59-599-495-603,Z-238-2011,Store_2392,2021-07-09,Online Store,44.59
23894241,59-599-495-603,I-013-1994,Store_2412,2021-04-30,Onsite Store,75.59
23894241,59-599-495-603,G-094-2007,Store_2412,2021-04-30,Onsite Store,80.59
23894241,59-599-495-603,Q-061-2004,Store_2412,2021-04-30,Onsite Store,37.59
23894241,59-599-495-603,W-016-1998,Store_2412,2021-04-30,Onsite Store,77.59
23894242,89-896-800-708,Z-082-2009,Store_2427,2021-03-21,Onsite Store,61.99
23894242,89-896-800-708,W-175-2006,Store_2427,2021-03-21,Onsite Store,47.99
23894242,89-896-800-708,W-256-1982,Store_2427,2021-03-21,Onsite Store,84.59
23894242,89-896-800-708,W-238-2002,Store_2427,2021-03-21,Onsite Store,93.99
23894242,89-896-800-708,V-142-2004,Store_2427,2021-03-21,Onsite Store,49.99
23894242,89-896-800-708,A-169-1980,Store_2427,2021-03-21,Onsite Store,63.99
23894242,89-896-800-708,C-163-1988,Store_2427,2021-03-21,Onsite Store,35.59
23894242,89-896-800-708,W-043-1991,Store_2427,2021-03-21,Onsite Store,100.59
23894243,89-896-800-708,H-298-1997,Store_2371,2021-02-10,Online Store,29.99
23894243,89-896-800-708,F-181-2004,Store_2371,2021-02-10,Online Store,74.99
23894243,89-896-800-708,V-190-1997,Store_2371,2021-02-10,Online Store,61.99
23894243,89-896-800-708,J-079-2015,Store_2371,2021-02-10,Online Store,46.59
23894243,89-896-800-708,J-190-2001,Store_2371,2021-02-10,Online Store,94.59
23894243,89-896-800-708,V-052-1994,Store_2371,2021-02-10,Online Store,55.59
23894243,89-896-800-708,F-097-1987,Store_2371,2021-02-10,Online Store,41.99
23894243,89-896-800-708,I-262-1993,Store_2371,2021-02-10,Online Store,98.99
23894243,89-896-800-708,C-169-1982,Store_2371,2021-02-10,Online Store,75.59
23894244,89-896-800-708,G-238-1990,Store_2371,2021-08-30,Online Store,31.59
23894244,89-896-800-708,J-028-1980,Store_2371,2021-08-30,Online Store,101.59
23894244,89-896-800-708,G-247-2017,Store_2371,2021-08-30,Online Store,59.59
23894244,89-896-800-708,H-163-1984,Store_2371,2021-08-30,Online Store,20.59
23894244,89-896-800-708,J-043-2018,Store_2371,2021-08-30,Online Store,87.59
23894245,89-896-800-708,Z-202-1981,Store_2398,2021-08-02,Onsite Store,78.99
23894245,89-896-800-708,A-250-1994,Store_2398,2021-08-02,Onsite Store,16.99
23894245,89-896-800-708,Q-076-2006,Store_2398,2021-08-02,Onsite Store,106.99
23894245,89-896-800-708,B-196-2010,Store_2398,2021-08-02,Onsite Store,83.59
23894245,89-896-800-708,Q-145-2009,Store_2398,2021-08-02,Onsite Store,61.99
23894245,89-896-800-708,H-271-1990,Store_2398,2021-08-02,Onsite Store,53.99
23894246,89-896-800-708,Q-127-2017,Store_2405,2021-07-02,Onsite Store,42.59
23894246,89-896-800-708,Z-061-1994,Store_2405,2021-07-02,Onsite Store,53.59
23894246,89-896-800-708,W-265-1985,Store_2405,2021-07-02,Onsite Store,43.99
23894246,89-896-800-708,Q-139-1997,Store_2405,2021-07-02,Onsite Store,50.59
23894246,89-896-800-708,F-184-2005,Store_2405,2021-07-02,Onsite Store,21.99
23894247,89-896-800-708,A-289-1987,Store_2411,2021-05-23,Onsite Store,53.99
23894247,89-896-800-708,V-193-1983,Store_2411,2021-05-23,Onsite Store,59.59
23894247,89-896-800-708,G-265-1995,Store_2411,2021-05-23,Onsite Store,49.59
23894247,89-896-800-708,V-139-1992,Store_2411,2021-05-23,Onsite Store,64.59
23894247,89-896-800-708,H-034-1996,Store_2411,2021-05-23,Onsite Store,53.99
23894247,89-896-800-708,A-193-1982,Store_2411,2021-05-23,Onsite Store,122.59
23894248,89-896-800-708,N-253-2000,Store_2396,2021-05-24,Online Store,53.59
23894248,89-896-800-708,N-169-1991,Store_2396,2021-05-24,Online Store,82.99
23894248,89-896-800-708,N-142-1992,Store_2396,2021-05-24,Online Store,67.99
23894248,89-896-800-708,G-145-1984,Store_2396,2021-05-24,Online Store,57.99
23894248,89-896-800-708,I-241-2012,Store_2396,2021-05-24,Online Store,63.59
23894248,89-896-800-708,N-010-1992,Store_2396,2021-05-24,Online Store,92.59
23894248,89-896-800-708,W-151-2002,Store_2396,2021-05-24,Online Store,53.59
23894249,89-896-800-708,H-007-2017,Store_2366,2021-10-28,Online Store,95.59
23894250,89-896-800-708,A-073-1985,Store_2464,2021-04-11,Onsite Store,54.59
23894250,89-896-800-708,B-082-1983,Store_2464,2021-04-11,Onsite Store,87.59
23894250,89-896-800-708,C-010-1996,Store_2464,2021-04-11,Onsite Store,46.99
23894250,89-896-800-708,H-256-2014,Store_2464,2021-04-11,Onsite Store,97.59
23894250,89-896-800-708,Q-283-2010,Store_2464,2021-04-11,Onsite Store,72.59
23894250,89-896-800-708,W-139-1980,Store_2464,2021-04-11,Onsite Store,63.59
23894250,89-896-800-708,I-043-1988,Store_2464,2021-04-11,Onsite Store,60.59
23894251,23-231-165-436,F-103-1991,Store_2367,2021-08-16,Online Store,114.59
23894251,23-231-165-436,C-274-2002,Store_2367,2021-08-16,Online Store,69.99
23894252,23-231-165-436,G-013-2011,Store_2405,2021-08-26,Onsite Store,75.59
23894252,23-231-165-436,W-043-2015,Store_2405,2021-08-26,Onsite Store,25.99
23894252,23-231-165-436,A-247-2013,Store_2405,2021-08-26,Onsite Store,62.59
23894252,23-231-165-436,F-250-2000,Store_2405,2021-08-26,Onsite Store,49.99
23894252,23-231-165-436,C-250-2002,Store_2405,2021-08-26,Onsite Store,62.99
23894252,23-231-165-436,C-118-2007,Store_2405,2021-08-26,Onsite Store,68.59
23894252,23-231-165-436,B-253-2005,Store_2405,2021-08-26,Onsite Store,63.59
23894252,23-231-165-436,F-262-2012,Store_2405,2021-08-26,Onsite Store,24.59
23894253,23-231-165-436,V-070-1984,Store_2462,2021-04-30,Onsite Store,59.99
23894253,23-231-165-436,A-049-2011,Store_2462,2021-04-30,Onsite Store,45.99
23894253,23-231-165-436,N-013-1996,Store_2462,2021-04-30,Onsite Store,60.99
23894253,23-231-165-436,Q-271-1987,Store_2462,2021-04-30,Onsite Store,69.59
23894253,23-231-165-436,Z-184-2008,Store_2462,2021-04-30,Onsite Store,95.59
23894253,23-231-165-436,A-274-1995,Store_2462,2021-04-30,Onsite Store,20.59
23894253,23-231-165-436,Q-106-1981,Store_2462,2021-04-30,Onsite Store,45.59
23894253,23-231-165-436,Q-295-1992,Store_2462,2021-04-30,Onsite Store,63.99
23894254,23-231-165-436,Z-091-2015,Store_2456,2021-06-13,Onsite Store,68.99
23894254,23-231-165-436,C-091-2009,Store_2456,2021-06-13,Onsite Store,82.99
23894254,23-231-165-436,H-226-1983,Store_2456,2021-06-13,Onsite Store,67.59
23894254,23-231-165-436,Z-004-2018,Store_2456,2021-06-13,Onsite Store,75.59
23894254,23-231-165-436,B-211-1985,Store_2456,2021-06-13,Onsite Store,24.59
23894254,23-231-165-436,I-163-1991,Store_2456,2021-06-13,Onsite Store,82.99
23894255,23-231-165-436,B-073-1991,Store_2414,2021-06-27,Onsite Store,89.99
23894255,23-231-165-436,N-016-2015,Store_2414,2021-06-27,Onsite Store,53.99
23894255,23-231-165-436,I-139-2016,Store_2414,2021-06-27,Onsite Store,43.99
23894255,23-231-165-436,N-280-1984,Store_2414,2021-06-27,Onsite Store,127.99
23894255,23-231-165-436,H-088-2013,Store_2414,2021-06-27,Onsite Store,128.59
23894255,23-231-165-436,N-076-2016,Store_2414,2021-06-27,Onsite Store,59.99
23894255,23-231-165-436,Q-097-2012,Store_2414,2021-06-27,Onsite Store,59.59
23894256,23-231-165-436,A-253-2004,Store_2401,2021-05-23,Onsite Store,82.99
23894257,23-231-165-436,B-028-2008,Store_2386,2021-03-19,Online Store,50.99
23894257,23-231-165-436,W-277-2011,Store_2386,2021-03-19,Online Store,94.59
23894257,23-231-165-436,B-229-1981,Store_2386,2021-03-19,Online Store,74.59
23894257,23-231-165-436,H-007-1981,Store_2386,2021-03-19,Online Store,38.99
23894257,23-231-165-436,Z-115-1990,Store_2386,2021-03-19,Online Store,56.59
23894257,23-231-165-436,N-286-2007,Store_2386,2021-03-19,Online Store,89.59
23894257,23-231-165-436,I-076-1990,Store_2386,2021-03-19,Online Store,18.99
23894257,23-231-165-436,H-010-1992,Store_2386,2021-03-19,Online Store,50.59
23894257,23-231-165-436,V-070-2010,Store_2386,2021-03-19,Online Store,75.99
23894258,23-231-165-436,I-274-1980,Store_2380,2021-07-31,Online Store,66.99
23894258,23-231-165-436,J-004-1992,Store_2380,2021-07-31,Online Store,9.59
23894258,23-231-165-436,B-244-1996,Store_2380,2021-07-31,Online Store,98.99
23894258,23-231-165-436,H-058-2002,Store_2380,2021-07-31,Online Store,65.99
23894259,23-231-165-436,W-238-1995,Store_2439,2021-01-25,Onsite Store,76.59
23894259,23-231-165-436,H-211-1998,Store_2439,2021-01-25,Onsite Store,51.59
23894259,23-231-165-436,Z-271-1984,Store_2439,2021-01-25,Onsite Store,64.59
23894259,23-231-165-436,B-124-2008,Store_2439,2021-01-25,Onsite Store,68.59
23894259,23-231-165-436,B-025-2008,Store_2439,2021-01-25,Onsite Store,40.59
23894259,23-231-165-436,V-256-2006,Store_2439,2021-01-25,Onsite Store,64.99
23894259,23-231-165-436,W-082-2017,Store_2439,2021-01-25,Onsite Store,54.99
23894259,23-231-165-436,H-085-1985,Store_2439,2021-01-25,Onsite Store,68.59
23894260,39-393-309-807,C-202-2013,Store_2467,2021-01-20,Onsite Store,48.59
23894260,39-393-309-807,H-136-2002,Store_2467,2021-01-20,Onsite Store,82.99
23894260,39-393-309-807,Q-172-2008,Store_2467,2021-01-20,Onsite Store,73.99
23894260,39-393-309-807,F-112-1997,Store_2467,2021-01-20,Onsite Store,63.99
23894261,39-393-309-807,W-223-1982,Store_2399,2021-06-11,Onsite Store,81.99
23894261,39-393-309-807,Q-118-1998,Store_2399,2021-06-11,Onsite Store,86.59
23894261,39-393-309-807,G-073-2007,Store_2399,2021-06-11,Onsite Store,90.99
23894262,39-393-309-807,W-145-1999,Store_2365,2021-09-08,Online Store,67.99
23894263,39-393-309-807,J-136-1985,Store_2363,2021-10-24,Online Store,46.59
23894263,39-393-309-807,C-052-1984,Store_2363,2021-10-24,Online Store,54.59
23894263,39-393-309-807,I-004-1983,Store_2363,2021-10-24,Online Store,49.59
23894263,39-393-309-807,J-214-1985,Store_2363,2021-10-24,Online Store,111.59
23894263,39-393-309-807,W-013-1983,Store_2363,2021-10-24,Online Store,7.59
23894263,39-393-309-807,C-031-1990,Store_2363,2021-10-24,Online Store,67.59
23894264,39-393-309-807,Z-169-2010,Store_2389,2021-09-23,Online Store,45.59
23894264,39-393-309-807,I-190-1982,Store_2389,2021-09-23,Online Store,102.59
23894264,39-393-309-807,B-184-1999,Store_2389,2021-09-23,Online Store,42.99
23894264,39-393-309-807,I-016-2013,Store_2389,2021-09-23,Online Store,86.59
23894264,39-393-309-807,H-091-1991,Store_2389,2021-09-23,Online Store,81.59
23894264,39-393-309-807,H-136-2017,Store_2389,2021-09-23,Online Store,95.59
23894264,39-393-309-807,H-025-1991,Store_2389,2021-09-23,Online Store,34.59
23894264,39-393-309-807,Q-070-2007,Store_2389,2021-09-23,Online Store,85.99
23894265,39-393-309-807,B-250-2014,Store_2384,2021-09-06,Online Store,70.99
23894265,39-393-309-807,V-061-1982,Store_2384,2021-09-06,Online Store,54.99
23894265,39-393-309-807,F-094-2015,Store_2384,2021-09-06,Online Store,31.99
23894265,39-393-309-807,G-112-2011,Store_2384,2021-09-06,Online Store,32.59
23894265,39-393-309-807,F-076-1984,Store_2384,2021-09-06,Online Store,90.99
23894265,39-393-309-807,V-118-1987,Store_2384,2021-09-06,Online Store,80.59
23894265,39-393-309-807,G-127-1989,Store_2384,2021-09-06,Online Store,45.59
23894265,39-393-309-807,B-247-2010,Store_2384,2021-09-06,Online Store,118.99
23894265,39-393-309-807,H-229-1998,Store_2384,2021-09-06,Online Store,45.59
23894265,39-393-309-807,B-025-2005,Store_2384,2021-09-06,Online Store,84.59
23894265,39-393-309-807,G-298-2000,Store_2384,2021-09-06,Online Store,25.99
23894266,39-393-309-807,Q-262-2005,Store_2433,2021-06-09,Onsite Store,73.59
23894266,39-393-309-807,H-118-1999,Store_2433,2021-06-09,Onsite Store,67.59
23894266,39-393-309-807,G-154-1996,Store_2433,2021-06-09,Onsite Store,60.99
23894266,39-393-309-807,Z-283-2017,Store_2433,2021-06-09,Onsite Store,95.59
23894266,39-393-309-807,C-037-2016,Store_2433,2021-06-09,Onsite Store,54.99
23894266,39-393-309-807,J-004-2008,Store_2433,2021-06-09,Onsite Store,71.99
23894267,39-393-309-807,A-034-2007,Store_2356,2021-03-18,Online Store,98.99
23894267,39-393-309-807,J-070-1993,Store_2356,2021-03-18,Online Store,63.59
23894267,39-393-309-807,F-037-2001,Store_2356,2021-03-18,Online Store,61.59
23894267,39-393-309-807,Q-241-2005,Store_2356,2021-03-18,Online Store,59.99
23894267,39-393-309-807,I-259-2000,Store_2356,2021-03-18,Online Store,84.59
23894267,39-393-309-807,W-214-1988,Store_2356,2021-03-18,Online Store,103.59
23894267,39-393-309-807,H-265-1998,Store_2356,2021-03-18,Online Store,92.99
23894267,39-393-309-807,J-085-2010,Store_2356,2021-03-18,Online Store,42.59
23894267,39-393-309-807,F-049-2009,Store_2356,2021-03-18,Online Store,37.59
23894267,39-393-309-807,J-235-2002,Store_2356,2021-03-18,Online Store,91.99
23894267,39-393-309-807,V-193-1997,Store_2356,2021-03-18,Online Store,23.99
23894267,39-393-309-807,V-160-2005,Store_2356,2021-03-18,Online Store,78.59
23894268,39-393-309-807,G-244-2010,Store_2400,2021-08-26,Onsite Store,47.99
23894268,39-393-309-807,H-019-1988,Store_2400,2021-08-26,Onsite Store,41.99
23894268,39-393-309-807,F-247-1986,Store_2400,2021-08-26,Onsite Store,14.99
23894268,39-393-309-807,J-064-2006,Store_2400,2021-08-26,Onsite Store,73.59
23894268,39-393-309-807,W-028-1999,Store_2400,2021-08-26,Onsite Store,41.99
23894268,39-393-309-807,J-133-1998,Store_2400,2021-08-26,Onsite Store,11.59
23894268,39-393-309-807,W-262-2008,Store_2400,2021-08-26,Onsite Store,79.59
23894268,39-393-309-807,A-211-2016,Store_2400,2021-08-26,Onsite Store,71.59
23894268,39-393-309-807,B-157-2010,Store_2400,2021-08-26,Onsite Store,73.59
23894268,39-393-309-807,Z-037-1999,Store_2400,2021-08-26,Onsite Store,47.59
23894269,23-233-375-314,I-142-2015,Store_2383,2021-12-23,Online Store,70.99
23894269,23-233-375-314,F-091-1998,Store_2383,2021-12-23,Online Store,121.59
23894269,23-233-375-314,Z-046-2012,Store_2383,2021-12-23,Online Store,92.59
23894270,23-233-375-314,Q-268-2016,Store_2398,2021-06-22,Onsite Store,91.59
23894270,23-233-375-314,H-058-1988,Store_2398,2021-06-22,Onsite Store,73.59
23894270,23-233-375-314,V-292-1997,Store_2398,2021-06-22,Onsite Store,83.59
23894270,23-233-375-314,C-235-2009,Store_2398,2021-06-22,Onsite Store,60.59
23894271,23-233-375-314,C-298-1986,Store_2435,2021-04-05,Onsite Store,67.59
23894271,23-233-375-314,N-166-1994,Store_2435,2021-04-05,Onsite Store,54.59
23894271,23-233-375-314,G-166-1992,Store_2435,2021-04-05,Onsite Store,81.99
23894271,23-233-375-314,B-280-1997,Store_2435,2021-04-05,Onsite Store,54.59
23894271,23-233-375-314,I-172-2010,Store_2435,2021-04-05,Onsite Store,92.59
23894272,23-233-375-314,A-193-1997,Store_2379,2021-06-26,Online Store,39.59
23894272,23-233-375-314,V-136-2000,Store_2379,2021-06-26,Online Store,83.59
23894272,23-233-375-314,C-175-2011,Store_2379,2021-06-26,Online Store,32.59
23894272,23-233-375-314,C-196-2002,Store_2379,2021-06-26,Online Store,100.59
23894273,23-233-375-314,C-037-1980,Store_2429,2021-07-23,Onsite Store,124.59
23894273,23-233-375-314,V-202-2003,Store_2429,2021-07-23,Onsite Store,69.59
23894273,23-233-375-314,Z-082-1983,Store_2429,2021-07-23,Onsite Store,17.59
23894273,23-233-375-314,A-115-2004,Store_2429,2021-07-23,Onsite Store,33.99
23894274,23-233-375-314,I-124-2004,Store_2408,2021-02-05,Onsite Store,81.99
23894274,23-233-375-314,I-247-2008,Store_2408,2021-02-05,Onsite Store,106.59
23894274,23-233-375-314,F-118-1981,Store_2408,2021-02-05,Onsite Store,108.59
23894274,23-233-375-314,I-253-1985,Store_2408,2021-02-05,Onsite Store,85.99
23894275,23-233-375-314,A-163-2005,Store_2372,2021-07-11,Online Store,97.59
23894275,23-233-375-314,J-115-1980,Store_2372,2021-07-11,Online Store,72.59
23894275,23-233-375-314,Z-106-1985,Store_2372,2021-07-11,Online Store,124.59
23894275,23-233-375-314,W-292-2012,Store_2372,2021-07-11,Online Store,103.59
23894275,23-233-375-314,C-295-1985,Store_2372,2021-07-11,Online Store,106.59
23894275,23-233-375-314,B-079-1992,Store_2372,2021-07-11,Online Store,83.99
23894275,23-233-375-314,G-286-1984,Store_2372,2021-07-11,Online Store,73.59
23894275,23-233-375-314,B-172-2012,Store_2372,2021-07-11,Online Store,39.59
23894275,23-233-375-314,H-049-2004,Store_2372,2021-07-11,Online Store,29.99
23894275,23-233-375-314,I-052-2008,Store_2372,2021-07-11,Online Store,47.99
23894276,23-233-375-314,W-103-1997,Store_2353,2021-03-10,Online Store,34.99
23894276,23-233-375-314,B-295-2014,Store_2353,2021-03-10,Online Store,30.99
23894277,23-233-375-314,W-100-2004,Store_2414,2021-06-06,Onsite Store,53.99
23894277,23-233-375-314,V-118-2011,Store_2414,2021-06-06,Onsite Store,79.59
23894277,23-233-375-314,B-040-2004,Store_2414,2021-06-06,Onsite Store,105.59
23894277,23-233-375-314,V-172-1983,Store_2414,2021-06-06,Onsite Store,97.59
23894277,23-233-375-314,Q-184-2012,Store_2414,2021-06-06,Onsite Store,51.59
23894277,23-233-375-314,F-196-2015,Store_2414,2021-06-06,Onsite Store,56.59
23894277,23-233-375-314,Z-160-2009,Store_2414,2021-06-06,Onsite Store,68.59
23894277,23-233-375-314,G-097-1997,Store_2414,2021-06-06,Onsite Store,25.99
23894277,23-233-375-314,B-064-1987,Store_2414,2021-06-06,Onsite Store,35.59
23894277,23-233-375-314,V-223-1990,Store_2414,2021-06-06,Onsite Store,44.59
23894277,23-233-375-314,W-052-2005,Store_2414,2021-06-06,Onsite Store,84.99
23894277,23-233-375-314,J-163-1986,Store_2414,2021-06-06,Onsite Store,95.59
23894278,68-687-710-455,A-109-2011,Store_2433,2021-01-07,Onsite Store,69.99
23894278,68-687-710-455,C-190-1986,Store_2433,2021-01-07,Onsite Store,52.59
23894278,68-687-710-455,Z-202-1993,Store_2433,2021-01-07,Onsite Store,77.59
23894278,68-687-710-455,Z-250-1997,Store_2433,2021-01-07,Onsite Store,90.59
23894278,68-687-710-455,V-208-1987,Store_2433,2021-01-07,Onsite Store,73.59
23894279,68-687-710-455,H-100-2009,Store_2414,2021-08-19,Onsite Store,91.99
23894280,68-687-710-455,A-262-1991,Store_2432,2021-01-18,Onsite Store,115.59
23894280,68-687-710-455,G-067-2003,Store_2432,2021-01-18,Onsite Store,41.59
23894280,68-687-710-455,W-085-2006,Store_2432,2021-01-18,Onsite Store,100.99
23894281,68-687-710-455,Z-289-1985,Store_2442,2021-08-01,Onsite Store,76.59
23894281,68-687-710-455,V-292-1999,Store_2442,2021-08-01,Onsite Store,74.99
23894282,68-687-710-455,H-157-2000,Store_2438,2021-09-04,Onsite Store,69.99
23894282,68-687-710-455,G-265-1982,Store_2438,2021-09-04,Onsite Store,75.99
23894282,68-687-710-455,W-235-1988,Store_2438,2021-09-04,Onsite Store,55.59
23894282,68-687-710-455,C-109-1990,Store_2438,2021-09-04,Onsite Store,43.59
23894282,68-687-710-455,A-295-1988,Store_2438,2021-09-04,Onsite Store,52.59
23894282,68-687-710-455,J-187-2006,Store_2438,2021-09-04,Onsite Store,53.59
23894282,68-687-710-455,V-247-2011,Store_2438,2021-09-04,Onsite Store,52.99
23894282,68-687-710-455,J-286-1984,Store_2438,2021-09-04,Onsite Store,78.99
23894282,68-687-710-455,N-109-2002,Store_2438,2021-09-04,Onsite Store,38.99
23894282,68-687-710-455,H-172-2018,Store_2438,2021-09-04,Onsite Store,56.59
23894283,68-687-710-455,W-010-2005,Store_2427,2021-04-08,Onsite Store,99.59
23894283,68-687-710-455,A-160-2007,Store_2427,2021-04-08,Onsite Store,34.59
23894283,68-687-710-455,I-241-1983,Store_2427,2021-04-08,Onsite Store,84.59
23894284,68-687-710-455,B-247-1992,Store_2354,2021-04-01,Online Store,101.59
23894284,68-687-710-455,Z-220-1981,Store_2354,2021-04-01,Online Store,49.99
23894284,68-687-710-455,V-178-1994,Store_2354,2021-04-01,Online Store,91.59
23894284,68-687-710-455,Z-139-2015,Store_2354,2021-04-01,Online Store,65.99
23894285,68-687-710-455,H-049-1991,Store_2455,2021-05-10,Onsite Store,46.99
23894285,68-687-710-455,N-139-1993,Store_2455,2021-05-10,Onsite Store,21.99
23894285,68-687-710-455,Q-244-1990,Store_2455,2021-05-10,Onsite Store,52.59
23894285,68-687-710-455,J-190-2011,Store_2455,2021-05-10,Onsite Store,53.99
23894285,68-687-710-455,W-034-2009,Store_2455,2021-05-10,Onsite Store,65.99
23894285,68-687-710-455,G-130-1980,Store_2455,2021-05-10,Onsite Store,40.99
23894285,68-687-710-455,J-046-2009,Store_2455,2021-05-10,Onsite Store,91.59
23894285,68-687-710-455,J-166-1991,Store_2455,2021-05-10,Onsite Store,51.59
23894286,68-687-710-455,I-124-1985,Store_2382,2021-10-20,Online Store,27.59
23894286,68-687-710-455,C-253-1992,Store_2382,2021-10-20,Online Store,49.59
23894286,68-687-710-455,F-202-1989,Store_2382,2021-10-20,Online Store,30.99
23894286,68-687-710-455,Z-016-1983,Store_2382,2021-10-20,Online Store,58.99
23894286,68-687-710-455,Q-148-1993,Store_2382,2021-10-20,Online Store,79.59
23894286,68-687-710-455,Q-229-1990,Store_2382,2021-10-20,Online Store,73.59
23894286,68-687-710-455,F-154-1997,Store_2382,2021-10-20,Online Store,64.59
23894286,68-687-710-455,B-253-2003,Store_2382,2021-10-20,Online Store,11.99
23894287,63-633-253-236,B-154-1999,Store_2369,2021-10-05,Online Store,97.99
23894287,63-633-253-236,N-025-1999,Store_2369,2021-10-05,Online Store,53.99
23894287,63-633-253-236,W-223-2009,Store_2369,2021-10-05,Online Store,86.59
23894287,63-633-253-236,W-064-2013,Store_2369,2021-10-05,Online Store,61.59
23894287,63-633-253-236,W-190-1986,Store_2369,2021-10-05,Online Store,63.99
23894288,63-633-253-236,I-298-2012,Store_2463,2021-08-07,Onsite Store,71.99
23894288,63-633-253-236,J-169-1980,Store_2463,2021-08-07,Onsite Store,52.99
23894288,63-633-253-236,I-274-1991,Store_2463,2021-08-07,Onsite Store,104.99
23894288,63-633-253-236,A-202-1994,Store_2463,2021-08-07,Onsite Store,60.99
23894288,63-633-253-236,F-247-2001,Store_2463,2021-08-07,Onsite Store,92.99
23894289,63-633-253-236,Q-286-1994,Store_2366,2021-05-29,Online Store,81.59
23894289,63-633-253-236,J-022-1988,Store_2366,2021-05-29,Online Store,85.59
23894289,63-633-253-236,Z-169-1989,Store_2366,2021-05-29,Online Store,19.59
23894289,63-633-253-236,B-025-2004,Store_2366,2021-05-29,Online Store,64.59
23894289,63-633-253-236,A-256-1991,Store_2366,2021-05-29,Online Store,99.59
23894290,63-633-253-236,H-184-1989,Store_2454,2021-09-07,Onsite Store,62.99
23894290,63-633-253-236,J-094-1981,Store_2454,2021-09-07,Onsite Store,71.99
23894290,63-633-253-236,A-181-2014,Store_2454,2021-09-07,Onsite Store,49.99
23894291,63-633-253-236,Q-157-2009,Store_2399,2021-05-06,Onsite Store,73.59
23894291,63-633-253-236,Q-223-1980,Store_2399,2021-05-06,Onsite Store,76.59
23894291,63-633-253-236,A-124-2017,Store_2399,2021-05-06,Onsite Store,47.59
23894291,63-633-253-236,V-217-1995,Store_2399,2021-05-06,Onsite Store,73.59
23894291,63-633-253-236,C-040-1991,Store_2399,2021-05-06,Onsite Store,87.99
23894291,63-633-253-236,Z-064-1995,Store_2399,2021-05-06,Onsite Store,53.99
23894292,63-633-253-236,J-217-2003,Store_2411,2021-04-17,Onsite Store,79.99
23894292,63-633-253-236,G-136-1994,Store_2411,2021-04-17,Onsite Store,108.99
23894292,63-633-253-236,W-166-2012,Store_2411,2021-04-17,Onsite Store,58.99
23894292,63-633-253-236,V-283-1989,Store_2411,2021-04-17,Onsite Store,106.59
23894292,63-633-253-236,Z-043-1993,Store_2411,2021-04-17,Onsite Store,79.99
23894292,63-633-253-236,I-172-1981,Store_2411,2021-04-17,Onsite Store,26.59
23894292,63-633-253-236,A-259-2016,Store_2411,2021-04-17,Onsite Store,41.59
23894292,63-633-253-236,Q-190-2009,Store_2411,2021-04-17,Onsite Store,92.59
23894292,63-633-253-236,Z-268-1980,Store_2411,2021-04-17,Onsite Store,41.59
23894292,63-633-253-236,Q-166-1981,Store_2411,2021-04-17,Onsite Store,49.59
23894293,63-633-253-236,G-055-2000,Store_2422,2021-07-14,Onsite Store,109.59
23894293,63-633-253-236,G-127-2004,Store_2422,2021-07-14,Onsite Store,32.99
23894293,63-633-253-236,N-085-2005,Store_2422,2021-07-14,Onsite Store,72.99
23894293,63-633-253-236,B-088-2016,Store_2422,2021-07-14,Onsite Store,104.99
23894293,63-633-253-236,B-250-2012,Store_2422,2021-07-14,Onsite Store,86.59
23894293,63-633-253-236,Z-022-2010,Store_2422,2021-07-14,Onsite Store,27.99
23894293,63-633-253-236,G-103-2002,Store_2422,2021-07-14,Onsite Store,70.59
23894294,63-633-253-236,Q-232-1987,Store_2379,2021-02-01,Online Store,77.59
23894294,63-633-253-236,H-262-2013,Store_2379,2021-02-01,Online Store,49.99
23894294,63-633-253-236,J-058-2010,Store_2379,2021-02-01,Online Store,92.59
23894295,63-633-253-236,H-034-1991,Store_2429,2021-02-10,Onsite Store,109.99
23894295,63-633-253-236,W-235-1982,Store_2429,2021-02-10,Onsite Store,71.59
23894295,63-633-253-236,V-217-1989,Store_2429,2021-02-10,Onsite Store,54.99
23894295,63-633-253-236,G-202-1982,Store_2429,2021-02-10,Onsite Store,130.59
23894296,55-552-520-440,Z-241-1999,Store_2407,2021-05-17,Onsite Store,78.99
23894296,55-552-520-440,J-286-2009,Store_2407,2021-05-17,Onsite Store,91.59
23894296,55-552-520-440,Z-055-1991,Store_2407,2021-05-17,Onsite Store,101.59
23894296,55-552-520-440,Q-064-1990,Store_2407,2021-05-17,Onsite Store,41.99
23894296,55-552-520-440,Q-229-2007,Store_2407,2021-05-17,Onsite Store,74.59
23894297,55-552-520-440,I-058-2009,Store_2377,2021-02-06,Online Store,73.99
23894297,55-552-520-440,W-034-2006,Store_2377,2021-02-06,Online Store,33.99
23894297,55-552-520-440,J-064-2018,Store_2377,2021-02-06,Online Store,142.59
23894297,55-552-520-440,V-139-2016,Store_2377,2021-02-06,Online Store,48.59
23894297,55-552-520-440,Z-058-2002,Store_2377,2021-02-06,Online Store,96.99
23894297,55-552-520-440,H-268-2005,Store_2377,2021-02-06,Online Store,18.99
23894297,55-552-520-440,A-229-1982,Store_2377,2021-02-06,Online Store,29.99
23894297,55-552-520-440,W-232-1994,Store_2377,2021-02-06,Online Store,61.59
23894297,55-552-520-440,J-160-1998,Store_2377,2021-02-06,Online Store,74.59
23894297,55-552-520-440,C-286-2001,Store_2377,2021-02-06,Online Store,72.59
23894297,55-552-520-440,J-196-2013,Store_2377,2021-02-06,Online Store,64.99
23894298,55-552-520-440,N-151-1993,Store_2461,2021-04-19,Onsite Store,23.99
23894298,55-552-520-440,Q-268-2016,Store_2461,2021-04-19,Onsite Store,91.59
23894298,55-552-520-440,B-049-1992,Store_2461,2021-04-19,Onsite Store,73.99
23894298,55-552-520-440,B-178-1998,Store_2461,2021-04-19,Onsite Store,67.59
23894298,55-552-520-440,A-145-1988,Store_2461,2021-04-19,Onsite Store,67.59
23894298,55-552-520-440,B-217-2016,Store_2461,2021-04-19,Onsite Store,84.59
23894298,55-552-520-440,C-226-2008,Store_2461,2021-04-19,Onsite Store,89.99
23894298,55-552-520-440,C-151-2015,Store_2461,2021-04-19,Onsite Store,94.59
23894298,55-552-520-440,G-088-1987,Store_2461,2021-04-19,Onsite Store,60.99
23894299,55-552-520-440,Q-181-1988,Store_2400,2021-12-05,Onsite Store,82.59
23894299,55-552-520-440,Q-199-1993,Store_2400,2021-12-05,Onsite Store,99.59
23894300,55-552-520-440,Z-214-1989,Store_2415,2021-12-31,Onsite Store,12.59
23894300,55-552-520-440,N-016-2013,Store_2415,2021-12-31,Onsite Store,46.99
23894300,55-552-520-440,J-139-2002,Store_2415,2021-12-31,Onsite Store,30.99
23894300,55-552-520-440,Z-148-2012,Store_2415,2021-12-31,Onsite Store,23.99
23894300,55-552-520-440,C-160-2003,Store_2415,2021-12-31,Onsite Store,91.99
23894300,55-552-520-440,W-280-1992,Store_2415,2021-12-31,Onsite Store,111.59
23894300,55-552-520-440,G-031-2012,Store_2415,2021-12-31,Onsite Store,74.99
23894301,55-552-520-440,B-097-2000,Store_2372,2021-02-19,Online Store,69.99
23894301,55-552-520-440,Q-007-1987,Store_2372,2021-02-19,Online Store,30.99
23894302,55-552-520-440,Z-280-1985,Store_2370,2021-08-08,Online Store,57.99
23894302,55-552-520-440,I-202-2008,Store_2370,2021-08-08,Online Store,59.99
23894302,55-552-520-440,V-019-2000,Store_2370,2021-08-08,Online Store,88.59
23894302,55-552-520-440,J-256-2015,Store_2370,2021-08-08,Online Store,82.59
23894302,55-552-520-440,W-028-2009,Store_2370,2021-08-08,Online Store,43.59
23894302,55-552-520-440,Z-208-1984,Store_2370,2021-08-08,Online Store,84.59
23894302,55-552-520-440,C-265-2002,Store_2370,2021-08-08,Online Store,64.99
23894303,55-552-520-440,C-049-2012,Store_2440,2021-06-03,Onsite Store,78.99
23894303,55-552-520-440,G-250-1985,Store_2440,2021-06-03,Onsite Store,54.59
23894303,55-552-520-440,Q-199-1983,Store_2440,2021-06-03,Onsite Store,126.99
23894303,55-552-520-440,V-244-2010,Store_2440,2021-06-03,Onsite Store,71.99
23894303,55-552-520-440,F-145-1987,Store_2440,2021-06-03,Onsite Store,93.99
23894303,55-552-520-440,N-208-2005,Store_2440,2021-06-03,Onsite Store,59.59
23894304,55-552-520-440,H-058-1998,Store_2437,2021-03-21,Onsite Store,47.99
23894304,55-552-520-440,H-184-1981,Store_2437,2021-03-21,Onsite Store,39.99
23894305,16-161-146-904,W-049-1981,Store_2391,2021-09-23,Online Store,18.99
23894305,16-161-146-904,C-199-1980,Store_2391,2021-09-23,Online Store,81.99
23894305,16-161-146-904,A-184-2003,Store_2391,2021-09-23,Online Store,104.59
23894305,16-161-146-904,C-166-2005,Store_2391,2021-09-23,Online Store,94.99
23894305,16-161-146-904,W-022-1989,Store_2391,2021-09-23,Online Store,55.99
23894305,16-161-146-904,I-010-1996,Store_2391,2021-09-23,Online Store,64.99
23894305,16-161-146-904,B-241-2015,Store_2391,2021-09-23,Online Store,53.99
23894305,16-161-146-904,F-253-2016,Store_2391,2021-09-23,Online Store,103.99
23894306,16-161-146-904,Q-106-2015,Store_2435,2021-11-15,Onsite Store,76.59
23894306,16-161-146-904,I-277-2007,Store_2435,2021-11-15,Onsite Store,57.99
23894306,16-161-146-904,Q-007-2011,Store_2435,2021-11-15,Onsite Store,40.59
23894307,16-161-146-904,G-106-1989,Store_2473,2021-06-18,Onsite Store,105.99
23894307,16-161-146-904,C-286-2009,Store_2473,2021-06-18,Onsite Store,45.59
23894307,16-161-146-904,V-049-2008,Store_2473,2021-06-18,Onsite Store,108.59
23894307,16-161-146-904,C-277-1990,Store_2473,2021-06-18,Onsite Store,64.59
23894307,16-161-146-904,H-061-2001,Store_2473,2021-06-18,Onsite Store,116.59
23894307,16-161-146-904,G-157-1990,Store_2473,2021-06-18,Onsite Store,114.99
23894307,16-161-146-904,W-202-2015,Store_2473,2021-06-18,Onsite Store,122.59
23894307,16-161-146-904,J-127-2001,Store_2473,2021-06-18,Onsite Store,81.59
23894307,16-161-146-904,N-244-2011,Store_2473,2021-06-18,Onsite Store,41.59
23894307,16-161-146-904,W-088-1988,Store_2473,2021-06-18,Onsite Store,39.59
23894307,16-161-146-904,W-193-2005,Store_2473,2021-06-18,Onsite Store,99.99
23894307,16-161-146-904,Z-160-1989,Store_2473,2021-06-18,Onsite Store,91.99
23894307,16-161-146-904,F-082-1996,Store_2473,2021-06-18,Onsite Store,76.99
23894308,16-161-146-904,J-160-1986,Store_2406,2021-09-27,Onsite Store,47.59
23894309,16-161-146-904,A-016-2012,Store_2396,2021-09-04,Online Store,42.99
23894309,16-161-146-904,Z-100-1992,Store_2396,2021-09-04,Online Store,43.99
23894309,16-161-146-904,F-034-2011,Store_2396,2021-09-04,Online Store,85.99
23894309,16-161-146-904,H-079-2009,Store_2396,2021-09-04,Online Store,97.59
23894309,16-161-146-904,J-067-2016,Store_2396,2021-09-04,Online Store,75.99
23894309,16-161-146-904,F-097-2015,Store_2396,2021-09-04,Online Store,35.59
23894309,16-161-146-904,A-076-1991,Store_2396,2021-09-04,Online Store,33.59
23894310,16-161-146-904,A-292-1999,Store_2470,2021-12-24,Onsite Store,90.59
23894310,16-161-146-904,I-016-1990,Store_2470,2021-12-24,Onsite Store,83.99
23894310,16-161-146-904,N-268-1989,Store_2470,2021-12-24,Onsite Store,96.59
23894310,16-161-146-904,A-034-2006,Store_2470,2021-12-24,Onsite Store,8.99
23894310,16-161-146-904,I-277-1992,Store_2470,2021-12-24,Onsite Store,96.59
23894311,16-161-146-904,J-223-2005,Store_2464,2021-05-09,Onsite Store,97.59
23894311,16-161-146-904,F-121-2004,Store_2464,2021-05-09,Onsite Store,65.99
23894311,16-161-146-904,Q-172-1997,Store_2464,2021-05-09,Onsite Store,103.99
23894311,16-161-146-904,J-073-1996,Store_2464,2021-05-09,Onsite Store,54.99
23894311,16-161-146-904,V-061-1989,Store_2464,2021-05-09,Onsite Store,17.59
23894311,16-161-146-904,F-292-1986,Store_2464,2021-05-09,Onsite Store,79.99
23894312,16-161-146-904,I-208-1986,Store_2406,2021-03-25,Onsite Store,88.59
23894312,16-161-146-904,H-154-2013,Store_2406,2021-03-25,Onsite Store,78.59
23894312,16-161-146-904,I-232-2013,Store_2406,2021-03-25,Onsite Store,48.99
23894312,16-161-146-904,C-133-1994,Store_2406,2021-03-25,Onsite Store,68.59
23894313,16-161-146-904,V-298-2016,Store_2440,2021-09-13,Onsite Store,51.59
23894313,16-161-146-904,F-094-1984,Store_2440,2021-09-13,Onsite Store,56.99
23894313,16-161-146-904,G-184-1989,Store_2440,2021-09-13,Onsite Store,97.59
23894313,16-161-146-904,B-031-2004,Store_2440,2021-09-13,Onsite Store,25.99
23894314,37-376-602-393,Q-277-2000,Store_2394,2021-04-14,Online Store,73.99
23894314,37-376-602-393,I-061-1995,Store_2394,2021-04-14,Online Store,40.99
23894314,37-376-602-393,Q-262-1993,Store_2394,2021-04-14,Online Store,68.59
23894314,37-376-602-393,Q-247-1983,Store_2394,2021-04-14,Online Store,81.59
23894314,37-376-602-393,H-100-2008,Store_2394,2021-04-14,Online Store,76.99
23894314,37-376-602-393,J-016-1994,Store_2394,2021-04-14,Online Store,86.59
23894314,37-376-602-393,F-211-1991,Store_2394,2021-04-14,Online Store,31.99
23894314,37-376-602-393,H-199-2011,Store_2394,2021-04-14,Online Store,24.59
23894315,37-376-602-393,F-118-1997,Store_2352,2021-10-30,Online Store,43.59
23894315,37-376-602-393,B-052-1994,Store_2352,2021-10-30,Online Store,101.99
23894315,37-376-602-393,I-229-2018,Store_2352,2021-10-30,Online Store,67.59
23894315,37-376-602-393,F-040-1997,Store_2352,2021-10-30,Online Store,105.99
23894315,37-376-602-393,W-253-1993,Store_2352,2021-10-30,Online Store,70.59
23894315,37-376-602-393,Z-283-2015,Store_2352,2021-10-30,Online Store,128.99
23894315,37-376-602-393,G-232-2016,Store_2352,2021-10-30,Online Store,44.99
23894315,37-376-602-393,F-289-2000,Store_2352,2021-10-30,Online Store,45.99
23894315,37-376-602-393,B-142-1997,Store_2352,2021-10-30,Online Store,48.99
23894316,37-376-602-393,B-040-2015,Store_2356,2021-10-25,Online Store,43.59
23894316,37-376-602-393,W-022-1990,Store_2356,2021-10-25,Online Store,40.59
23894316,37-376-602-393,A-049-2001,Store_2356,2021-10-25,Online Store,62.99
23894316,37-376-602-393,A-229-2012,Store_2356,2021-10-25,Online Store,47.59
23894316,37-376-602-393,A-139-1985,Store_2356,2021-10-25,Online Store,113.99
23894317,37-376-602-393,W-184-2002,Store_2416,2021-04-17,Onsite Store,48.99
23894317,37-376-602-393,V-235-1987,Store_2416,2021-04-17,Onsite Store,40.99
23894317,37-376-602-393,W-115-1990,Store_2416,2021-04-17,Onsite Store,38.59
23894317,37-376-602-393,C-076-1983,Store_2416,2021-04-17,Onsite Store,62.99
23894317,37-376-602-393,I-163-1986,Store_2416,2021-04-17,Onsite Store,44.99
23894317,37-376-602-393,V-067-1999,Store_2416,2021-04-17,Onsite Store,77.59
23894317,37-376-602-393,H-115-2016,Store_2416,2021-04-17,Onsite Store,67.99
23894318,37-376-602-393,G-193-2013,Store_2451,2021-10-15,Onsite Store,58.99
23894318,37-376-602-393,A-013-2010,Store_2451,2021-10-15,Onsite Store,68.99
23894318,37-376-602-393,W-019-2012,Store_2451,2021-10-15,Onsite Store,62.59
23894318,37-376-602-393,H-112-1997,Store_2451,2021-10-15,Onsite Store,46.99
23894318,37-376-602-393,C-295-1995,Store_2451,2021-10-15,Onsite Store,58.99
23894318,37-376-602-393,V-001-1991,Store_2451,2021-10-15,Onsite Store,2.99
23894318,37-376-602-393,C-172-2002,Store_2451,2021-10-15,Onsite Store,136.99
23894319,37-376-602-393,W-115-2010,Store_2456,2021-01-19,Onsite Store,42.59
23894319,37-376-602-393,N-283-1997,Store_2456,2021-01-19,Onsite Store,38.99
23894319,37-376-602-393,A-226-1998,Store_2456,2021-01-19,Onsite Store,65.59
23894319,37-376-602-393,I-076-2001,Store_2456,2021-01-19,Onsite Store,73.99
23894319,37-376-602-393,W-091-1993,Store_2456,2021-01-19,Onsite Store,59.59
23894319,37-376-602-393,N-010-2018,Store_2456,2021-01-19,Onsite Store,88.99
23894320,37-376-602-393,N-118-1985,Store_2359,2021-05-28,Online Store,34.59
23894320,37-376-602-393,J-004-1986,Store_2359,2021-05-28,Online Store,68.99
23894320,37-376-602-393,H-031-1987,Store_2359,2021-05-28,Online Store,44.59
23894321,37-376-602-393,G-160-1993,Store_2366,2021-08-05,Online Store,72.59
23894321,37-376-602-393,Z-067-2017,Store_2366,2021-08-05,Online Store,60.59
23894321,37-376-602-393,I-289-2017,Store_2366,2021-08-05,Online Store,66.99
23894322,37-376-602-393,H-163-2018,Store_2441,2021-11-06,Onsite Store,87.99
23894322,37-376-602-393,F-253-2007,Store_2441,2021-11-06,Onsite Store,90.99
23894322,37-376-602-393,N-205-1983,Store_2441,2021-11-06,Onsite Store,72.59
23894322,37-376-602-393,V-154-2012,Store_2441,2021-11-06,Onsite Store,81.59
23894322,37-376-602-393,G-112-2010,Store_2441,2021-11-06,Onsite Store,72.59
23894322,37-376-602-393,G-175-1983,Store_2441,2021-11-06,Onsite Store,74.59
23894322,37-376-602-393,I-121-2011,Store_2441,2021-11-06,Onsite Store,53.99
23894322,37-376-602-393,C-055-1996,Store_2441,2021-11-06,Onsite Store,59.59
23894323,30-308-992-614,I-202-1990,Store_2403,2021-10-25,Onsite Store,48.99
23894323,30-308-992-614,W-286-1993,Store_2403,2021-10-25,Onsite Store,72.99
23894323,30-308-992-614,H-007-2015,Store_2403,2021-10-25,Onsite Store,51.99
23894323,30-308-992-614,W-196-1981,Store_2403,2021-10-25,Onsite Store,43.99
23894323,30-308-992-614,N-067-1987,Store_2403,2021-10-25,Onsite Store,101.99
23894324,30-308-992-614,W-166-2010,Store_2352,2021-01-27,Online Store,99.99
23894325,30-308-992-614,W-160-1986,Store_2356,2021-01-19,Online Store,35.99
23894325,30-308-992-614,J-049-2014,Store_2356,2021-01-19,Online Store,40.59
23894325,30-308-992-614,W-286-2016,Store_2356,2021-01-19,Online Store,69.59
23894325,30-308-992-614,Z-187-2014,Store_2356,2021-01-19,Online Store,47.99
23894326,30-308-992-614,I-172-1994,Store_2373,2021-05-25,Online Store,61.59
23894326,30-308-992-614,J-139-2006,Store_2373,2021-05-25,Online Store,106.99
23894326,30-308-992-614,W-133-1999,Store_2373,2021-05-25,Online Store,73.99
23894326,30-308-992-614,W-040-2013,Store_2373,2021-05-25,Online Store,40.99
23894327,30-308-992-614,G-091-1990,Store_2351,2021-10-05,Online Store,43.99
23894327,30-308-992-614,F-208-1993,Store_2351,2021-10-05,Online Store,90.99
23894327,30-308-992-614,G-181-2002,Store_2351,2021-10-05,Online Store,96.59
23894328,30-308-992-614,A-139-1999,Store_2417,2021-09-13,Onsite Store,53.59
23894328,30-308-992-614,A-250-2014,Store_2417,2021-09-13,Onsite Store,48.59
23894328,30-308-992-614,H-247-2010,Store_2417,2021-09-13,Onsite Store,113.99
23894328,30-308-992-614,A-286-2017,Store_2417,2021-09-13,Onsite Store,74.59
23894328,30-308-992-614,H-214-2009,Store_2417,2021-09-13,Onsite Store,94.59
23894329,30-308-992-614,Q-268-2000,Store_2451,2021-04-30,Onsite Store,76.59
23894329,30-308-992-614,J-022-2012,Store_2451,2021-04-30,Onsite Store,57.59
23894329,30-308-992-614,J-277-1981,Store_2451,2021-04-30,Onsite Store,96.59
23894329,30-308-992-614,H-142-1984,Store_2451,2021-04-30,Onsite Store,44.59
23894329,30-308-992-614,J-253-1998,Store_2451,2021-04-30,Onsite Store,26.99
23894329,30-308-992-614,J-073-2008,Store_2451,2021-04-30,Onsite Store,86.59
23894330,30-308-992-614,Q-193-1994,Store_2375,2021-10-26,Online Store,42.59
23894330,30-308-992-614,B-295-1996,Store_2375,2021-10-26,Online Store,28.99
23894330,30-308-992-614,A-184-1987,Store_2375,2021-10-26,Online Store,73.99
23894330,30-308-992-614,V-019-1996,Store_2375,2021-10-26,Online Store,101.59
23894330,30-308-992-614,V-016-1999,Store_2375,2021-10-26,Online Store,105.99
23894330,30-308-992-614,N-166-1997,Store_2375,2021-10-26,Online Store,97.59
23894330,30-308-992-614,H-058-2003,Store_2375,2021-10-26,Online Store,95.99
23894330,30-308-992-614,A-178-1987,Store_2375,2021-10-26,Online Store,45.59
23894331,30-308-992-614,A-016-1987,Store_2453,2021-12-30,Onsite Store,74.99
23894331,30-308-992-614,V-106-1999,Store_2453,2021-12-30,Onsite Store,62.99
23894332,64-648-837-363,G-118-2017,Store_2428,2021-03-12,Onsite Store,62.99
23894332,64-648-837-363,C-031-1999,Store_2428,2021-03-12,Onsite Store,128.99
23894332,64-648-837-363,A-094-1987,Store_2428,2021-03-12,Onsite Store,97.59
23894332,64-648-837-363,N-175-1987,Store_2428,2021-03-12,Onsite Store,64.59
23894332,64-648-837-363,H-004-2000,Store_2428,2021-03-12,Onsite Store,30.59
23894333,64-648-837-363,G-058-1981,Store_2430,2021-07-26,Onsite Store,30.99
23894333,64-648-837-363,I-157-1981,Store_2430,2021-07-26,Onsite Store,96.99
23894333,64-648-837-363,B-202-2013,Store_2430,2021-07-26,Onsite Store,89.99
23894333,64-648-837-363,H-271-2011,Store_2430,2021-07-26,Onsite Store,57.59
23894333,64-648-837-363,F-058-2008,Store_2430,2021-07-26,Onsite Store,58.59
23894333,64-648-837-363,I-022-2017,Store_2430,2021-07-26,Onsite Store,95.99
23894333,64-648-837-363,N-172-1988,Store_2430,2021-07-26,Onsite Store,18.99
23894333,64-648-837-363,C-049-2015,Store_2430,2021-07-26,Onsite Store,84.59
23894334,64-648-837-363,C-070-2016,Store_2407,2021-07-01,Onsite Store,69.59
23894334,64-648-837-363,J-007-2016,Store_2407,2021-07-01,Onsite Store,81.59
23894334,64-648-837-363,Q-088-2000,Store_2407,2021-07-01,Onsite Store,56.99
23894334,64-648-837-363,V-181-1998,Store_2407,2021-07-01,Onsite Store,80.59
23894334,64-648-837-363,A-280-2004,Store_2407,2021-07-01,Onsite Store,111.99
23894335,64-648-837-363,A-172-2012,Store_2399,2021-11-30,Onsite Store,75.99
23894335,64-648-837-363,N-070-2002,Store_2399,2021-11-30,Onsite Store,53.59
23894335,64-648-837-363,Q-178-2017,Store_2399,2021-11-30,Onsite Store,13.59
23894335,64-648-837-363,G-211-1995,Store_2399,2021-11-30,Onsite Store,43.59
23894335,64-648-837-363,I-142-1996,Store_2399,2021-11-30,Onsite Store,42.59
23894336,64-648-837-363,Z-124-2002,Store_2388,2021-01-24,Online Store,66.99
23894336,64-648-837-363,A-229-2009,Store_2388,2021-01-24,Online Store,74.99
23894336,64-648-837-363,Q-286-2007,Store_2388,2021-01-24,Online Store,53.99
23894336,64-648-837-363,V-226-2014,Store_2388,2021-01-24,Online Store,52.99
23894336,64-648-837-363,Q-241-2009,Store_2388,2021-01-24,Online Store,90.99
23894337,64-648-837-363,Z-106-1980,Store_2469,2021-06-25,Onsite Store,74.59
23894337,64-648-837-363,W-241-2015,Store_2469,2021-06-25,Onsite Store,76.59
23894337,64-648-837-363,A-049-1986,Store_2469,2021-06-25,Onsite Store,79.59
23894337,64-648-837-363,J-280-2001,Store_2469,2021-06-25,Onsite Store,44.59
23894337,64-648-837-363,N-205-2012,Store_2469,2021-06-25,Onsite Store,62.99
23894337,64-648-837-363,J-259-1998,Store_2469,2021-06-25,Onsite Store,67.59
23894337,64-648-837-363,F-298-1982,Store_2469,2021-06-25,Onsite Store,65.99
23894337,64-648-837-363,C-289-2014,Store_2469,2021-06-25,Onsite Store,53.99
23894338,64-648-837-363,W-112-1990,Store_2463,2021-02-04,Onsite Store,65.99
23894338,64-648-837-363,H-229-1991,Store_2463,2021-02-04,Onsite Store,98.99
23894339,64-648-837-363,I-079-2018,Store_2461,2021-01-16,Onsite Store,51.59
23894339,64-648-837-363,J-148-1983,Store_2461,2021-01-16,Onsite Store,106.59
23894339,64-648-837-363,Z-208-1983,Store_2461,2021-01-16,Onsite Store,66.99
23894339,64-648-837-363,A-058-2005,Store_2461,2021-01-16,Onsite Store,67.99
23894339,64-648-837-363,N-271-1993,Store_2461,2021-01-16,Onsite Store,65.99
23894339,64-648-837-363,C-082-2013,Store_2461,2021-01-16,Onsite Store,36.59
23894339,64-648-837-363,H-151-1980,Store_2461,2021-01-16,Onsite Store,79.99
23894339,64-648-837-363,C-238-1997,Store_2461,2021-01-16,Onsite Store,38.99
23894340,64-648-837-363,Z-061-2016,Store_2364,2021-12-27,Online Store,37.99
23894340,64-648-837-363,V-100-1997,Store_2364,2021-12-27,Online Store,26.59
23894340,64-648-837-363,G-004-1985,Store_2364,2021-12-27,Online Store,102.99
23894340,64-648-837-363,G-199-1998,Store_2364,2021-12-27,Online Store,31.99
23894340,64-648-837-363,J-175-2015,Store_2364,2021-12-27,Online Store,63.59
23894341,15-156-331-220,Q-139-1995,Store_2392,2021-06-16,Online Store,34.99
23894341,15-156-331-220,H-214-1986,Store_2392,2021-06-16,Online Store,44.99
23894341,15-156-331-220,Q-001-1984,Store_2392,2021-06-16,Online Store,31.99
23894341,15-156-331-220,V-259-1996,Store_2392,2021-06-16,Online Store,104.99
23894342,15-156-331-220,G-244-1989,Store_2462,2021-09-23,Onsite Store,97.99
23894342,15-156-331-220,N-130-1997,Store_2462,2021-09-23,Onsite Store,123.99
23894342,15-156-331-220,G-055-2011,Store_2462,2021-09-23,Onsite Store,58.59
23894342,15-156-331-220,N-121-1986,Store_2462,2021-09-23,Onsite Store,67.99
23894343,15-156-331-220,N-295-1984,Store_2379,2021-09-14,Online Store,80.99
23894343,15-156-331-220,B-145-2002,Store_2379,2021-09-14,Online Store,41.99
23894343,15-156-331-220,I-298-2007,Store_2379,2021-09-14,Online Store,100.59
23894343,15-156-331-220,C-049-2016,Store_2379,2021-09-14,Online Store,108.59
23894344,15-156-331-220,J-211-2007,Store_2463,2021-07-01,Onsite Store,57.59
23894344,15-156-331-220,A-145-1985,Store_2463,2021-07-01,Onsite Store,112.99
23894345,15-156-331-220,I-259-2016,Store_2395,2021-10-02,Online Store,43.59
23894345,15-156-331-220,Q-205-2008,Store_2395,2021-10-02,Online Store,92.99
23894346,15-156-331-220,H-181-2018,Store_2360,2021-04-10,Online Store,66.59
23894346,15-156-331-220,V-046-1995,Store_2360,2021-04-10,Online Store,60.59
23894347,15-156-331-220,B-022-1983,Store_2375,2021-12-21,Online Store,56.99
23894347,15-156-331-220,H-214-2017,Store_2375,2021-12-21,Online Store,72.99
23894347,15-156-331-220,Q-121-2002,Store_2375,2021-12-21,Online Store,48.99
23894347,15-156-331-220,V-049-2014,Store_2375,2021-12-21,Online Store,31.99
23894347,15-156-331-220,C-106-1996,Store_2375,2021-12-21,Online Store,106.59
23894348,15-156-331-220,N-196-1996,Store_2413,2021-03-10,Onsite Store,69.99
23894348,15-156-331-220,B-163-2017,Store_2413,2021-03-10,Onsite Store,72.99
23894348,15-156-331-220,V-013-1998,Store_2413,2021-03-10,Onsite Store,62.59
23894348,15-156-331-220,W-169-2018,Store_2413,2021-03-10,Onsite Store,67.99
23894348,15-156-331-220,J-085-1996,Store_2413,2021-03-10,Onsite Store,92.59
23894348,15-156-331-220,G-280-2018,Store_2413,2021-03-10,Onsite Store,30.59
23894348,15-156-331-220,H-130-1989,Store_2413,2021-03-10,Onsite Store,18.59
23894348,15-156-331-220,N-127-1996,Store_2413,2021-03-10,Onsite Store,71.99
23894348,15-156-331-220,J-241-1993,Store_2413,2021-03-10,Onsite Store,42.99
23894348,15-156-331-220,G-028-2005,Store_2413,2021-03-10,Onsite Store,91.99
23894348,15-156-331-220,V-082-2008,Store_2413,2021-03-10,Onsite Store,86.59
23894348,15-156-331-220,Q-298-1986,Store_2413,2021-03-10,Onsite Store,79.99
23894349,15-156-331-220,W-223-1984,Store_2362,2021-02-19,Online Store,62.99
23894349,15-156-331-220,C-199-1994,Store_2362,2021-02-19,Online Store,69.59
23894349,15-156-331-220,Z-232-2006,Store_2362,2021-02-19,Online Store,89.99
23894349,15-156-331-220,B-271-1985,Store_2362,2021-02-19,Online Store,70.59
23894349,15-156-331-220,Z-157-2009,Store_2362,2021-02-19,Online Store,101.59
23894349,15-156-331-220,J-187-1984,Store_2362,2021-02-19,Online Store,81.99
23894349,15-156-331-220,C-010-1981,Store_2362,2021-02-19,Online Store,72.99
23894350,84-842-520-680,Q-070-1995,Store_2396,2021-01-16,Online Store,104.59
23894350,84-842-520-680,W-067-1996,Store_2396,2021-01-16,Online Store,45.59
23894350,84-842-520-680,N-055-2010,Store_2396,2021-01-16,Online Store,47.99
23894350,84-842-520-680,B-031-1990,Store_2396,2021-01-16,Online Store,58.59
23894350,84-842-520-680,J-187-1990,Store_2396,2021-01-16,Online Store,55.59
23894350,84-842-520-680,V-028-2013,Store_2396,2021-01-16,Online Store,57.99
23894350,84-842-520-680,A-034-1987,Store_2396,2021-01-16,Online Store,44.99
23894350,84-842-520-680,W-007-2010,Store_2396,2021-01-16,Online Store,70.99
23894351,84-842-520-680,Z-157-2010,Store_2473,2021-02-28,Onsite Store,81.59
23894351,84-842-520-680,V-067-1987,Store_2473,2021-02-28,Onsite Store,54.99
23894352,84-842-520-680,J-151-2004,Store_2410,2021-05-07,Onsite Store,69.99
23894352,84-842-520-680,F-196-1998,Store_2410,2021-05-07,Onsite Store,51.99
23894352,84-842-520-680,V-298-2018,Store_2410,2021-05-07,Onsite Store,87.59
23894353,84-842-520-680,C-226-1982,Store_2389,2021-04-27,Online Store,63.99
23894353,84-842-520-680,W-121-1984,Store_2389,2021-04-27,Online Store,61.99
23894353,84-842-520-680,F-073-1994,Store_2389,2021-04-27,Online Store,46.59
23894353,84-842-520-680,V-070-1991,Store_2389,2021-04-27,Online Store,74.59
23894353,84-842-520-680,F-160-1985,Store_2389,2021-04-27,Online Store,59.99
23894353,84-842-520-680,Q-289-2013,Store_2389,2021-04-27,Online Store,50.59
23894353,84-842-520-680,G-091-1981,Store_2389,2021-04-27,Online Store,42.99
23894353,84-842-520-680,F-205-2009,Store_2389,2021-04-27,Online Store,70.59
23894353,84-842-520-680,Q-052-2002,Store_2389,2021-04-27,Online Store,52.99
23894354,84-842-520-680,Z-112-1993,Store_2436,2021-12-20,Onsite Store,74.99
23894354,84-842-520-680,C-184-2009,Store_2436,2021-12-20,Onsite Store,35.99
23894354,84-842-520-680,I-070-2010,Store_2436,2021-12-20,Onsite Store,71.59
23894354,84-842-520-680,F-097-1993,Store_2436,2021-12-20,Onsite Store,23.99
23894354,84-842-520-680,V-094-1987,Store_2436,2021-12-20,Onsite Store,77.59
23894354,84-842-520-680,A-070-1983,Store_2436,2021-12-20,Onsite Store,64.59
23894354,84-842-520-680,N-244-2011,Store_2436,2021-12-20,Onsite Store,41.59
23894354,84-842-520-680,Q-151-1995,Store_2436,2021-12-20,Onsite Store,66.99
23894355,84-842-520-680,W-097-2012,Store_2458,2021-11-26,Onsite Store,75.59
23894355,84-842-520-680,G-094-1981,Store_2458,2021-11-26,Onsite Store,62.99
23894355,84-842-520-680,B-193-2006,Store_2458,2021-11-26,Onsite Store,72.99
23894355,84-842-520-680,I-127-1984,Store_2458,2021-11-26,Onsite Store,18.59
23894355,84-842-520-680,C-064-1989,Store_2458,2021-11-26,Onsite Store,53.59
23894355,84-842-520-680,G-094-1993,Store_2458,2021-11-26,Onsite Store,42.59
23894355,84-842-520-680,Z-016-1989,Store_2458,2021-11-26,Onsite Store,80.59
23894356,84-842-520-680,V-256-1980,Store_2455,2021-12-03,Onsite Store,75.99
23894356,84-842-520-680,B-289-1984,Store_2455,2021-12-03,Onsite Store,92.59
23894356,84-842-520-680,J-280-2013,Store_2455,2021-12-03,Onsite Store,33.99
23894356,84-842-520-680,C-211-1984,Store_2455,2021-12-03,Onsite Store,70.59
23894356,84-842-520-680,B-151-2004,Store_2455,2021-12-03,Onsite Store,25.59
23894356,84-842-520-680,W-046-1991,Store_2455,2021-12-03,Onsite Store,115.59
23894357,84-842-520-680,F-229-2000,Store_2458,2021-12-27,Onsite Store,36.59
23894357,84-842-520-680,A-025-1981,Store_2458,2021-12-27,Onsite Store,99.99
23894357,84-842-520-680,V-265-1994,Store_2458,2021-12-27,Onsite Store,66.59
23894357,84-842-520-680,F-106-2009,Store_2458,2021-12-27,Onsite Store,15.59
23894357,84-842-520-680,V-139-1995,Store_2458,2021-12-27,Onsite Store,124.59
23894357,84-842-520-680,G-031-2017,Store_2458,2021-12-27,Onsite Store,81.99
23894357,84-842-520-680,I-154-1981,Store_2458,2021-12-27,Onsite Store,52.99
23894358,84-842-520-680,W-019-2018,Store_2410,2021-08-06,Onsite Store,62.99
23894358,84-842-520-680,J-064-2008,Store_2410,2021-08-06,Onsite Store,40.59
23894358,84-842-520-680,Q-049-2014,Store_2410,2021-08-06,Onsite Store,100.59
23894358,84-842-520-680,A-202-1986,Store_2410,2021-08-06,Onsite Store,81.99
23894358,84-842-520-680,J-217-1990,Store_2410,2021-08-06,Onsite Store,46.99
23894358,84-842-520-680,N-100-2006,Store_2410,2021-08-06,Onsite Store,81.99
23894359,80-806-241-664,H-151-1984,Store_2445,2021-12-04,Onsite Store,29.99
23894359,80-806-241-664,B-250-1997,Store_2445,2021-12-04,Onsite Store,69.99
23894359,80-806-241-664,W-274-1992,Store_2445,2021-12-04,Onsite Store,57.59
23894359,80-806-241-664,H-238-1981,Store_2445,2021-12-04,Onsite Store,78.99
23894359,80-806-241-664,B-001-2002,Store_2445,2021-12-04,Onsite Store,76.59
23894359,80-806-241-664,W-286-1988,Store_2445,2021-12-04,Onsite Store,74.99
23894359,80-806-241-664,F-157-1993,Store_2445,2021-12-04,Onsite Store,64.99
23894359,80-806-241-664,J-040-2018,Store_2445,2021-12-04,Onsite Store,62.59
23894360,80-806-241-664,F-184-1997,Store_2470,2021-02-17,Onsite Store,91.99
23894360,80-806-241-664,C-133-2010,Store_2470,2021-02-17,Onsite Store,61.59
23894360,80-806-241-664,N-151-2005,Store_2470,2021-02-17,Onsite Store,136.59
23894360,80-806-241-664,J-037-1997,Store_2470,2021-02-17,Onsite Store,48.59
23894360,80-806-241-664,Z-085-1989,Store_2470,2021-02-17,Onsite Store,119.99
23894360,80-806-241-664,H-121-1995,Store_2470,2021-02-17,Onsite Store,69.99
23894360,80-806-241-664,J-277-1993,Store_2470,2021-02-17,Onsite Store,61.59
23894360,80-806-241-664,W-034-1982,Store_2470,2021-02-17,Onsite Store,88.99
23894361,80-806-241-664,J-166-2003,Store_2430,2021-11-04,Onsite Store,26.99
23894361,80-806-241-664,G-271-1981,Store_2430,2021-11-04,Onsite Store,37.59
23894361,80-806-241-664,C-049-2002,Store_2430,2021-11-04,Onsite Store,104.59
23894362,80-806-241-664,N-046-2010,Store_2431,2021-03-21,Onsite Store,53.99
23894362,80-806-241-664,W-094-2010,Store_2431,2021-03-21,Onsite Store,47.59
23894362,80-806-241-664,J-175-2011,Store_2431,2021-03-21,Onsite Store,59.59
23894362,80-806-241-664,G-241-2015,Store_2431,2021-03-21,Onsite Store,80.59
23894362,80-806-241-664,G-202-1994,Store_2431,2021-03-21,Onsite Store,58.59
23894362,80-806-241-664,B-163-2001,Store_2431,2021-03-21,Onsite Store,70.99
23894363,80-806-241-664,H-154-1985,Store_2462,2021-07-02,Onsite Store,84.59
23894363,80-806-241-664,Z-046-1985,Store_2462,2021-07-02,Onsite Store,59.99
23894363,80-806-241-664,A-175-2004,Store_2462,2021-07-02,Onsite Store,27.99
23894363,80-806-241-664,A-229-2017,Store_2462,2021-07-02,Onsite Store,50.59
23894363,80-806-241-664,N-145-1991,Store_2462,2021-07-02,Onsite Store,143.59
23894363,80-806-241-664,J-178-1997,Store_2462,2021-07-02,Onsite Store,42.59
23894363,80-806-241-664,F-001-1980,Store_2462,2021-07-02,Onsite Store,63.99
23894363,80-806-241-664,J-298-2018,Store_2462,2021-07-02,Onsite Store,17.99
23894364,80-806-241-664,F-130-1985,Store_2455,2021-10-10,Onsite Store,60.59
23894364,80-806-241-664,J-139-1985,Store_2455,2021-10-10,Onsite Store,43.99
23894364,80-806-241-664,J-199-2017,Store_2455,2021-10-10,Onsite Store,102.59
23894364,80-806-241-664,A-238-2004,Store_2455,2021-10-10,Onsite Store,86.99
23894364,80-806-241-664,H-286-2008,Store_2455,2021-10-10,Onsite Store,54.59
23894364,80-806-241-664,B-046-1996,Store_2455,2021-10-10,Onsite Store,47.59
23894364,80-806-241-664,C-031-1986,Store_2455,2021-10-10,Onsite Store,63.99
23894365,80-806-241-664,G-142-2000,Store_2414,2021-03-08,Onsite Store,59.59
23894365,80-806-241-664,C-277-2015,Store_2414,2021-03-08,Onsite Store,78.99
23894365,80-806-241-664,F-112-2014,Store_2414,2021-03-08,Onsite Store,89.59
23894365,80-806-241-664,Z-025-1991,Store_2414,2021-03-08,Onsite Store,121.59
23894365,80-806-241-664,W-013-2007,Store_2414,2021-03-08,Onsite Store,47.59
23894366,80-806-241-664,J-178-1998,Store_2472,2021-09-05,Onsite Store,88.59
23894366,80-806-241-664,Z-238-2008,Store_2472,2021-09-05,Onsite Store,49.59
23894366,80-806-241-664,I-022-1985,Store_2472,2021-09-05,Onsite Store,83.99
23894366,80-806-241-664,V-109-1982,Store_2472,2021-09-05,Onsite Store,53.99
23894366,80-806-241-664,V-061-2002,Store_2472,2021-09-05,Onsite Store,60.99
23894366,80-806-241-664,N-268-1999,Store_2472,2021-09-05,Onsite Store,32.59
23894366,80-806-241-664,Z-217-2009,Store_2472,2021-09-05,Onsite Store,71.59
23894366,80-806-241-664,A-127-1984,Store_2472,2021-09-05,Onsite Store,37.99
23894366,80-806-241-664,H-067-1995,Store_2472,2021-09-05,Onsite Store,56.59
23894366,80-806-241-664,G-277-2017,Store_2472,2021-09-05,Onsite Store,12.59
23894367,80-806-241-664,I-283-2004,Store_2371,2021-07-19,Online Store,73.59
23894367,80-806-241-664,I-124-1998,Store_2371,2021-07-19,Online Store,64.59
23894367,80-806-241-664,H-109-1980,Store_2371,2021-07-19,Online Store,100.59
23894367,80-806-241-664,B-166-2018,Store_2371,2021-07-19,Online Store,96.59
23894367,80-806-241-664,A-103-1996,Store_2371,2021-07-19,Online Store,67.99
23894367,80-806-241-664,Z-283-2015,Store_2371,2021-07-19,Online Store,128.99
23894368,16-169-152-220,C-205-1987,Store_2472,2021-01-30,Onsite Store,82.59
23894368,16-169-152-220,I-127-2014,Store_2472,2021-01-30,Onsite Store,74.59
23894368,16-169-152-220,Q-298-1989,Store_2472,2021-01-30,Onsite Store,48.99
23894368,16-169-152-220,C-277-1980,Store_2472,2021-01-30,Onsite Store,72.99
23894368,16-169-152-220,Z-100-1981,Store_2472,2021-01-30,Onsite Store,65.99
23894368,16-169-152-220,I-010-2018,Store_2472,2021-01-30,Onsite Store,39.59
23894368,16-169-152-220,Q-229-1980,Store_2472,2021-01-30,Onsite Store,113.59
23894368,16-169-152-220,A-259-2002,Store_2472,2021-01-30,Onsite Store,78.59
23894368,16-169-152-220,B-199-2018,Store_2472,2021-01-30,Onsite Store,81.59
23894368,16-169-152-220,A-094-2010,Store_2472,2021-01-30,Onsite Store,112.59
23894369,16-169-152-220,G-082-2012,Store_2460,2021-01-31,Onsite Store,63.59
23894369,16-169-152-220,F-286-2001,Store_2460,2021-01-31,Onsite Store,12.59
23894369,16-169-152-220,A-250-2013,Store_2460,2021-01-31,Onsite Store,58.59
23894369,16-169-152-220,A-199-1982,Store_2460,2021-01-31,Onsite Store,45.99
23894369,16-169-152-220,B-223-1981,Store_2460,2021-01-31,Onsite Store,42.59
23894369,16-169-152-220,N-091-2007,Store_2460,2021-01-31,Onsite Store,29.59
23894369,16-169-152-220,Q-151-2011,Store_2460,2021-01-31,Onsite Store,56.99
23894369,16-169-152-220,B-010-1998,Store_2460,2021-01-31,Onsite Store,85.59
23894370,16-169-152-220,F-205-2010,Store_2434,2021-04-27,Onsite Store,89.99
23894370,16-169-152-220,N-292-1987,Store_2434,2021-04-27,Onsite Store,29.99
23894370,16-169-152-220,G-202-1989,Store_2434,2021-04-27,Onsite Store,67.99
23894370,16-169-152-220,H-088-1993,Store_2434,2021-04-27,Onsite Store,51.99
23894371,16-169-152-220,I-271-2017,Store_2366,2021-10-03,Online Store,56.99
23894371,16-169-152-220,W-109-2003,Store_2366,2021-10-03,Online Store,48.59
23894371,16-169-152-220,F-097-1993,Store_2366,2021-10-03,Online Store,23.99
23894371,16-169-152-220,J-094-1998,Store_2366,2021-10-03,Online Store,71.59
23894372,16-169-152-220,H-136-2004,Store_2452,2021-02-04,Onsite Store,47.99
23894372,16-169-152-220,H-001-1990,Store_2452,2021-02-04,Onsite Store,68.99
23894372,16-169-152-220,H-037-1997,Store_2452,2021-02-04,Onsite Store,41.59
23894372,16-169-152-220,N-088-1989,Store_2452,2021-02-04,Onsite Store,99.59
23894372,16-169-152-220,A-268-1985,Store_2452,2021-02-04,Onsite Store,53.59
23894373,16-169-152-220,Z-220-2017,Store_2474,2021-09-07,Onsite Store,72.99
23894373,16-169-152-220,V-154-2011,Store_2474,2021-09-07,Onsite Store,45.99
23894373,16-169-152-220,J-214-2007,Store_2474,2021-09-07,Onsite Store,38.99
23894373,16-169-152-220,W-244-1998,Store_2474,2021-09-07,Onsite Store,80.99
23894373,16-169-152-220,H-076-2015,Store_2474,2021-09-07,Onsite Store,43.99
23894373,16-169-152-220,B-172-2018,Store_2474,2021-09-07,Onsite Store,62.59
23894373,16-169-152-220,A-205-2007,Store_2474,2021-09-07,Onsite Store,107.59
23894374,16-169-152-220,H-115-1993,Store_2360,2021-04-21,Online Store,46.99
23894374,16-169-152-220,V-124-2007,Store_2360,2021-04-21,Online Store,99.59
23894374,16-169-152-220,C-052-1995,Store_2360,2021-04-21,Online Store,64.59
23894374,16-169-152-220,H-067-2003,Store_2360,2021-04-21,Online Store,27.99
23894374,16-169-152-220,Z-064-1985,Store_2360,2021-04-21,Online Store,129.99
23894374,16-169-152-220,J-013-1986,Store_2360,2021-04-21,Online Store,58.99
23894374,16-169-152-220,G-247-2017,Store_2360,2021-04-21,Online Store,59.59
23894374,16-169-152-220,Q-235-1991,Store_2360,2021-04-21,Online Store,81.59
23894375,16-169-152-220,Q-064-2009,Store_2426,2021-12-15,Onsite Store,75.99
23894375,16-169-152-220,I-265-2018,Store_2426,2021-12-15,Onsite Store,95.59
23894375,16-169-152-220,W-031-1995,Store_2426,2021-12-15,Onsite Store,123.59
23894375,16-169-152-220,Z-052-2008,Store_2426,2021-12-15,Onsite Store,83.59
23894375,16-169-152-220,A-049-2014,Store_2426,2021-12-15,Onsite Store,61.59
23894375,16-169-152-220,Q-028-2002,Store_2426,2021-12-15,Onsite Store,80.59
23894375,16-169-152-220,B-085-1981,Store_2426,2021-12-15,Onsite Store,69.99
23894376,16-169-152-220,F-136-2003,Store_2415,2021-12-22,Onsite Store,56.59
23894376,16-169-152-220,C-160-1991,Store_2415,2021-12-22,Onsite Store,59.99
23894376,16-169-152-220,Z-259-1994,Store_2415,2021-12-22,Onsite Store,74.59
23894376,16-169-152-220,B-169-1981,Store_2415,2021-12-22,Onsite Store,91.59
23894376,16-169-152-220,V-070-2014,Store_2415,2021-12-22,Onsite Store,93.59
23894376,16-169-152-220,I-103-1996,Store_2415,2021-12-22,Onsite Store,24.59
23894376,16-169-152-220,I-241-1999,Store_2415,2021-12-22,Onsite Store,71.99
23894377,19-199-601-557,I-229-1997,Store_2353,2021-07-30,Online Store,44.59
23894377,19-199-601-557,I-280-2006,Store_2353,2021-07-30,Online Store,78.99
23894377,19-199-601-557,A-052-1986,Store_2353,2021-07-30,Online Store,20.99
23894377,19-199-601-557,B-289-2012,Store_2353,2021-07-30,Online Store,69.99
23894377,19-199-601-557,N-208-2011,Store_2353,2021-07-30,Online Store,105.99
23894377,19-199-601-557,G-232-1981,Store_2353,2021-07-30,Online Store,46.99
23894378,19-199-601-557,B-193-2004,Store_2407,2021-11-24,Onsite Store,98.99
23894378,19-199-601-557,N-277-1996,Store_2407,2021-11-24,Onsite Store,70.59
23894378,19-199-601-557,V-094-1986,Store_2407,2021-11-24,Onsite Store,60.99
23894378,19-199-601-557,B-274-1995,Store_2407,2021-11-24,Onsite Store,71.99
23894378,19-199-601-557,H-262-2015,Store_2407,2021-11-24,Onsite Store,74.59
23894378,19-199-601-557,Q-127-1982,Store_2407,2021-11-24,Onsite Store,61.59
23894379,19-199-601-557,Z-070-1997,Store_2470,2021-10-11,Onsite Store,56.99
23894379,19-199-601-557,N-022-1986,Store_2470,2021-10-11,Onsite Store,11.99
23894379,19-199-601-557,W-127-1981,Store_2470,2021-10-11,Onsite Store,77.59
23894379,19-199-601-557,H-214-1996,Store_2470,2021-10-11,Onsite Store,68.99
23894379,19-199-601-557,B-103-2015,Store_2470,2021-10-11,Onsite Store,68.99
23894379,19-199-601-557,A-286-2012,Store_2470,2021-10-11,Onsite Store,82.59
23894379,19-199-601-557,V-214-1990,Store_2470,2021-10-11,Onsite Store,65.99
23894379,19-199-601-557,N-175-2015,Store_2470,2021-10-11,Onsite Store,56.99
23894380,19-199-601-557,C-220-2008,Store_2352,2021-08-21,Online Store,48.99
23894380,19-199-601-557,V-223-2010,Store_2352,2021-08-21,Online Store,60.99
23894380,19-199-601-557,J-118-2000,Store_2352,2021-08-21,Online Store,84.99
23894380,19-199-601-557,B-043-2005,Store_2352,2021-08-21,Online Store,91.99
23894380,19-199-601-557,J-163-1983,Store_2352,2021-08-21,Online Store,39.59
23894380,19-199-601-557,Q-142-1998,Store_2352,2021-08-21,Online Store,51.99
23894380,19-199-601-557,C-145-1988,Store_2352,2021-08-21,Online Store,106.99
23894381,19-199-601-557,B-133-1983,Store_2457,2021-08-03,Onsite Store,91.99
23894381,19-199-601-557,Q-019-2012,Store_2457,2021-08-03,Onsite Store,45.99
23894381,19-199-601-557,G-133-2001,Store_2457,2021-08-03,Onsite Store,18.99
23894381,19-199-601-557,Z-280-1995,Store_2457,2021-08-03,Onsite Store,94.99
23894381,19-199-601-557,B-283-1999,Store_2457,2021-08-03,Onsite Store,63.59
23894382,19-199-601-557,B-061-1984,Store_2374,2021-10-15,Online Store,57.99
23894382,19-199-601-557,J-145-2011,Store_2374,2021-10-15,Online Store,73.59
23894382,19-199-601-557,I-073-2013,Store_2374,2021-10-15,Online Store,55.59
23894382,19-199-601-557,J-049-1984,Store_2374,2021-10-15,Online Store,46.99
23894383,19-199-601-557,B-094-2016,Store_2401,2021-11-23,Onsite Store,81.99
23894383,19-199-601-557,N-211-2004,Store_2401,2021-11-23,Onsite Store,88.59
23894383,19-199-601-557,H-220-1981,Store_2401,2021-11-23,Onsite Store,140.99
23894383,19-199-601-557,Z-178-2016,Store_2401,2021-11-23,Onsite Store,66.59
23894383,19-199-601-557,F-076-1992,Store_2401,2021-11-23,Onsite Store,58.99
23894383,19-199-601-557,A-211-1995,Store_2401,2021-11-23,Onsite Store,56.59
23894384,19-199-601-557,Z-208-2014,Store_2386,2021-01-29,Online Store,60.99
23894384,19-199-601-557,Z-196-1998,Store_2386,2021-01-29,Online Store,63.99
23894384,19-199-601-557,Z-166-2018,Store_2386,2021-01-29,Online Store,81.59
23894384,19-199-601-557,Q-133-2004,Store_2386,2021-01-29,Online Store,45.99
23894384,19-199-601-557,N-112-2006,Store_2386,2021-01-29,Online Store,60.59
23894384,19-199-601-557,C-079-2010,Store_2386,2021-01-29,Online Store,95.59
23894384,19-199-601-557,I-202-2011,Store_2386,2021-01-29,Online Store,98.59
23894385,19-199-601-557,B-154-2013,Store_2351,2021-01-14,Online Store,42.99
23894385,19-199-601-557,Z-262-1989,Store_2351,2021-01-14,Online Store,96.59
23894385,19-199-601-557,G-220-1988,Store_2351,2021-01-14,Online Store,53.59
23894385,19-199-601-557,B-010-2017,Store_2351,2021-01-14,Online Store,58.59
23894385,19-199-601-557,G-115-1992,Store_2351,2021-01-14,Online Store,44.59
23894385,19-199-601-557,J-064-1988,Store_2351,2021-01-14,Online Store,49.99
23894385,19-199-601-557,J-244-2001,Store_2351,2021-01-14,Online Store,63.59
23894385,19-199-601-557,Z-016-1989,Store_2351,2021-01-14,Online Store,80.59
23894385,19-199-601-557,N-049-2004,Store_2351,2021-01-14,Online Store,40.59
23894385,19-199-601-557,B-187-2014,Store_2351,2021-01-14,Online Store,55.99
23894385,19-199-601-557,H-205-2002,Store_2351,2021-01-14,Online Store,19.99
23894385,19-199-601-557,B-232-1984,Store_2351,2021-01-14,Online Store,101.99
23894386,19-197-794-857,I-169-1988,Store_2457,2021-10-16,Onsite Store,62.99
23894386,19-197-794-857,Z-067-2008,Store_2457,2021-10-16,Onsite Store,46.99
23894387,19-197-794-857,Z-208-1998,Store_2467,2021-05-04,Onsite Store,41.99
23894387,19-197-794-857,Q-214-2009,Store_2467,2021-05-04,Onsite Store,37.59
23894388,19-197-794-857,A-058-2006,Store_2465,2021-08-11,Onsite Store,80.59
23894388,19-197-794-857,F-157-2011,Store_2465,2021-08-11,Onsite Store,85.99
23894388,19-197-794-857,A-136-2013,Store_2465,2021-08-11,Onsite Store,88.59
23894388,19-197-794-857,Z-055-1983,Store_2465,2021-08-11,Onsite Store,74.59
23894388,19-197-794-857,W-157-2018,Store_2465,2021-08-11,Onsite Store,86.59
23894389,19-197-794-857,B-130-1999,Store_2402,2021-01-29,Onsite Store,39.59
23894389,19-197-794-857,N-235-1993,Store_2402,2021-01-29,Onsite Store,69.59
23894389,19-197-794-857,I-244-1989,Store_2402,2021-01-29,Onsite Store,20.59
23894389,19-197-794-857,V-196-1987,Store_2402,2021-01-29,Onsite Store,50.59
23894389,19-197-794-857,I-055-1991,Store_2402,2021-01-29,Onsite Store,74.59
23894389,19-197-794-857,J-172-2016,Store_2402,2021-01-29,Onsite Store,59.99
23894390,19-197-794-857,A-043-1997,Store_2353,2021-07-24,Online Store,30.99
23894390,19-197-794-857,A-007-1980,Store_2353,2021-07-24,Online Store,42.99
23894390,19-197-794-857,Z-151-2004,Store_2353,2021-07-24,Online Store,51.59
23894390,19-197-794-857,H-079-2001,Store_2353,2021-07-24,Online Store,63.59
23894390,19-197-794-857,Z-070-2011,Store_2353,2021-07-24,Online Store,47.99
23894390,19-197-794-857,Q-172-2017,Store_2353,2021-07-24,Online Store,54.59
23894390,19-197-794-857,Z-052-1992,Store_2353,2021-07-24,Online Store,5.59
23894390,19-197-794-857,I-256-2015,Store_2353,2021-07-24,Online Store,37.59
23894390,19-197-794-857,W-058-2009,Store_2353,2021-07-24,Online Store,57.59
23894390,19-197-794-857,F-058-2015,Store_2353,2021-07-24,Online Store,67.59
23894390,19-197-794-857,Z-061-2001,Store_2353,2021-07-24,Online Store,42.99
23894390,19-197-794-857,F-166-1985,Store_2353,2021-07-24,Online Store,47.99
23894390,19-197-794-857,J-154-1984,Store_2353,2021-07-24,Online Store,65.59
23894390,19-197-794-857,A-289-1992,Store_2353,2021-07-24,Online Store,62.99
23894391,19-197-794-857,V-007-1994,Store_2349,2021-08-29,Online Store,91.59
23894391,19-197-794-857,V-151-2004,Store_2349,2021-08-29,Online Store,77.99
23894391,19-197-794-857,V-001-2014,Store_2349,2021-08-29,Online Store,80.59
23894391,19-197-794-857,J-226-2003,Store_2349,2021-08-29,Online Store,59.99
23894391,19-197-794-857,N-142-1984,Store_2349,2021-08-29,Online Store,103.59
23894391,19-197-794-857,H-184-2018,Store_2349,2021-08-29,Online Store,104.59
23894391,19-197-794-857,H-016-1980,Store_2349,2021-08-29,Online Store,8.59
23894391,19-197-794-857,C-010-1989,Store_2349,2021-08-29,Online Store,46.99
23894392,19-197-794-857,F-205-2018,Store_2369,2021-04-18,Online Store,54.59
23894392,19-197-794-857,W-016-2001,Store_2369,2021-04-18,Online Store,63.99
23894392,19-197-794-857,F-268-2008,Store_2369,2021-04-18,Online Store,38.99
23894392,19-197-794-857,V-259-2010,Store_2369,2021-04-18,Online Store,58.99
23894392,19-197-794-857,A-112-2007,Store_2369,2021-04-18,Online Store,57.59
23894392,19-197-794-857,V-154-2001,Store_2369,2021-04-18,Online Store,85.99
23894392,19-197-794-857,Z-208-1998,Store_2369,2021-04-18,Online Store,41.99
23894393,19-197-794-857,A-178-1982,Store_2428,2021-07-04,Onsite Store,88.99
23894393,19-197-794-857,Z-169-1994,Store_2428,2021-07-04,Onsite Store,80.99
23894393,19-197-794-857,G-046-2007,Store_2428,2021-07-04,Onsite Store,49.59
23894394,19-197-794-857,F-073-2017,Store_2419,2021-09-27,Onsite Store,53.59
23894395,67-679-595-346,G-160-1982,Store_2353,2021-11-06,Online Store,34.99
23894395,67-679-595-346,B-133-2011,Store_2353,2021-11-06,Online Store,61.59
23894395,67-679-595-346,F-289-2013,Store_2353,2021-11-06,Online Store,50.99
23894395,67-679-595-346,I-043-1993,Store_2353,2021-11-06,Online Store,81.59
23894395,67-679-595-346,J-289-2008,Store_2353,2021-11-06,Online Store,77.99
23894396,67-679-595-346,V-010-2013,Store_2474,2021-08-01,Onsite Store,78.99
23894397,67-679-595-346,Z-253-1997,Store_2434,2021-05-18,Onsite Store,95.59
23894397,67-679-595-346,C-289-1995,Store_2434,2021-05-18,Onsite Store,92.99
23894397,67-679-595-346,W-172-2001,Store_2434,2021-05-18,Onsite Store,76.99
23894397,67-679-595-346,I-271-2013,Store_2434,2021-05-18,Onsite Store,79.99
23894397,67-679-595-346,B-130-2018,Store_2434,2021-05-18,Onsite Store,20.99
23894397,67-679-595-346,J-214-2016,Store_2434,2021-05-18,Onsite Store,47.99
23894397,67-679-595-346,C-205-1999,Store_2434,2021-05-18,Onsite Store,35.59
23894397,67-679-595-346,Z-268-2011,Store_2434,2021-05-18,Onsite Store,59.99
23894397,67-679-595-346,H-139-2010,Store_2434,2021-05-18,Onsite Store,74.99
23894398,67-679-595-346,I-028-2005,Store_2348,2021-02-06,Online Store,105.59
23894398,67-679-595-346,C-148-1982,Store_2348,2021-02-06,Online Store,71.99
23894398,67-679-595-346,B-016-1991,Store_2348,2021-02-06,Online Store,55.59
23894398,67-679-595-346,V-022-1989,Store_2348,2021-02-06,Online Store,30.59
23894398,67-679-595-346,N-004-2004,Store_2348,2021-02-06,Online Store,87.99
23894398,67-679-595-346,B-103-1992,Store_2348,2021-02-06,Online Store,56.99
23894398,67-679-595-346,V-238-1994,Store_2348,2021-02-06,Online Store,84.59
23894398,67-679-595-346,B-283-2008,Store_2348,2021-02-06,Online Store,67.99
23894399,67-679-595-346,C-085-1997,Store_2360,2021-12-12,Online Store,86.99
23894399,67-679-595-346,H-016-2004,Store_2360,2021-12-12,Online Store,56.59
23894399,67-679-595-346,V-208-1985,Store_2360,2021-12-12,Online Store,74.59
23894399,67-679-595-346,G-046-1984,Store_2360,2021-12-12,Online Store,80.99
23894399,67-679-595-346,F-166-1986,Store_2360,2021-12-12,Online Store,60.59
23894399,67-679-595-346,H-040-1984,Store_2360,2021-12-12,Online Store,64.59
23894399,67-679-595-346,F-232-1999,Store_2360,2021-12-12,Online Store,58.99
23894399,67-679-595-346,G-178-2002,Store_2360,2021-12-12,Online Store,70.99
23894399,67-679-595-346,G-148-1985,Store_2360,2021-12-12,Online Store,117.59
23894399,67-679-595-346,I-040-1985,Store_2360,2021-12-12,Online Store,76.59
23894400,67-679-595-346,B-160-1994,Store_2474,2021-12-03,Onsite Store,90.59
23894400,67-679-595-346,G-073-2014,Store_2474,2021-12-03,Onsite Store,61.59
23894400,67-679-595-346,B-292-1998,Store_2474,2021-12-03,Onsite Store,36.99
23894400,67-679-595-346,J-058-1988,Store_2474,2021-12-03,Onsite Store,49.59
23894401,67-679-595-346,V-154-1997,Store_2357,2021-05-10,Online Store,79.99
23894401,67-679-595-346,N-064-1998,Store_2357,2021-05-10,Online Store,66.59
23894401,67-679-595-346,A-193-1999,Store_2357,2021-05-10,Online Store,63.59
23894401,67-679-595-346,N-166-1985,Store_2357,2021-05-10,Online Store,83.59
23894401,67-679-595-346,Z-058-1998,Store_2357,2021-05-10,Online Store,73.99
23894402,67-679-595-346,F-178-1993,Store_2464,2021-04-14,Onsite Store,75.99
23894402,67-679-595-346,I-088-1994,Store_2464,2021-04-14,Onsite Store,73.59
23894402,67-679-595-346,N-004-1997,Store_2464,2021-04-14,Onsite Store,111.59
23894403,67-679-595-346,H-157-1984,Store_2401,2021-10-22,Onsite Store,75.59
23894403,67-679-595-346,H-163-1990,Store_2401,2021-10-22,Onsite Store,59.59
23894403,67-679-595-346,H-016-1987,Store_2401,2021-10-22,Onsite Store,58.99
23894403,67-679-595-346,C-259-2013,Store_2401,2021-10-22,Onsite Store,56.99
23894403,67-679-595-346,C-145-2015,Store_2401,2021-10-22,Onsite Store,89.59
23894403,67-679-595-346,Q-157-1985,Store_2401,2021-10-22,Onsite Store,73.59
23894404,19-194-205-351,J-079-1991,Store_2475,2021-09-07,Onsite Store,67.99
23894404,19-194-205-351,Z-034-2002,Store_2475,2021-09-07,Onsite Store,96.99
23894404,19-194-205-351,G-097-2009,Store_2475,2021-09-07,Onsite Store,53.99
23894404,19-194-205-351,G-214-2002,Store_2475,2021-09-07,Onsite Store,90.59
23894404,19-194-205-351,Z-007-2007,Store_2475,2021-09-07,Onsite Store,54.59
23894404,19-194-205-351,H-085-2013,Store_2475,2021-09-07,Onsite Store,87.59
23894404,19-194-205-351,B-262-1992,Store_2475,2021-09-07,Onsite Store,89.59
23894404,19-194-205-351,C-136-1986,Store_2475,2021-09-07,Onsite Store,36.59
23894404,19-194-205-351,Z-133-2016,Store_2475,2021-09-07,Onsite Store,53.59
23894404,19-194-205-351,Q-229-2013,Store_2475,2021-09-07,Onsite Store,64.99
23894405,19-194-205-351,N-256-1997,Store_2409,2021-01-05,Onsite Store,93.59
23894405,19-194-205-351,I-025-2002,Store_2409,2021-01-05,Onsite Store,67.59
23894405,19-194-205-351,V-136-2018,Store_2409,2021-01-05,Onsite Store,37.99
23894405,19-194-205-351,H-142-2010,Store_2409,2021-01-05,Onsite Store,56.59
23894405,19-194-205-351,B-061-1983,Store_2409,2021-01-05,Onsite Store,71.59
23894406,19-194-205-351,N-250-1995,Store_2438,2021-01-29,Onsite Store,29.59
23894406,19-194-205-351,F-097-1982,Store_2438,2021-01-29,Onsite Store,74.59
23894406,19-194-205-351,G-139-2016,Store_2438,2021-01-29,Onsite Store,53.59
23894406,19-194-205-351,G-235-1989,Store_2438,2021-01-29,Onsite Store,70.99
23894406,19-194-205-351,G-160-2015,Store_2438,2021-01-29,Onsite Store,66.99
23894406,19-194-205-351,C-091-2011,Store_2438,2021-01-29,Onsite Store,70.99
23894407,19-194-205-351,C-223-1996,Store_2365,2021-09-20,Online Store,51.99
23894407,19-194-205-351,A-166-1992,Store_2365,2021-09-20,Online Store,63.99
23894407,19-194-205-351,W-202-2001,Store_2365,2021-09-20,Online Store,100.59
23894407,19-194-205-351,B-133-2013,Store_2365,2021-09-20,Online Store,97.99
23894407,19-194-205-351,N-193-1990,Store_2365,2021-09-20,Online Store,52.99
23894407,19-194-205-351,W-076-2003,Store_2365,2021-09-20,Online Store,81.59
23894407,19-194-205-351,N-292-1986,Store_2365,2021-09-20,Online Store,91.99
23894408,19-194-205-351,N-064-2000,Store_2445,2021-03-29,Onsite Store,73.59
23894408,19-194-205-351,V-250-2002,Store_2445,2021-03-29,Onsite Store,73.59
23894408,19-194-205-351,A-178-1982,Store_2445,2021-03-29,Onsite Store,88.99
23894408,19-194-205-351,N-088-1999,Store_2445,2021-03-29,Onsite Store,108.59
23894409,19-194-205-351,N-073-1981,Store_2365,2021-01-04,Online Store,43.59
23894409,19-194-205-351,Z-100-2017,Store_2365,2021-01-04,Online Store,46.99
23894409,19-194-205-351,J-094-2004,Store_2365,2021-01-04,Online Store,51.59
23894409,19-194-205-351,F-082-2000,Store_2365,2021-01-04,Online Store,77.99
23894409,19-194-205-351,Z-010-1990,Store_2365,2021-01-04,Online Store,65.99
23894409,19-194-205-351,C-133-1995,Store_2365,2021-01-04,Online Store,37.59
23894409,19-194-205-351,W-286-1994,Store_2365,2021-01-04,Online Store,76.59
23894409,19-194-205-351,H-277-2014,Store_2365,2021-01-04,Online Store,43.59
23894409,19-194-205-351,V-292-1985,Store_2365,2021-01-04,Online Store,88.99
23894410,19-194-205-351,C-139-2003,Store_2377,2021-08-10,Online Store,68.59
23894410,19-194-205-351,N-142-2010,Store_2377,2021-08-10,Online Store,75.59
23894410,19-194-205-351,A-103-2015,Store_2377,2021-08-10,Online Store,113.99
23894410,19-194-205-351,G-283-1985,Store_2377,2021-08-10,Online Store,89.59
23894410,19-194-205-351,I-019-1990,Store_2377,2021-08-10,Online Store,92.99
23894411,19-194-205-351,J-046-2008,Store_2443,2021-03-07,Onsite Store,24.59
23894411,19-194-205-351,N-277-1985,Store_2443,2021-03-07,Onsite Store,64.99
23894411,19-194-205-351,Q-082-2013,Store_2443,2021-03-07,Onsite Store,59.59
23894411,19-194-205-351,Q-121-1990,Store_2443,2021-03-07,Onsite Store,88.99
23894411,19-194-205-351,J-235-2014,Store_2443,2021-03-07,Onsite Store,59.59
23894411,19-194-205-351,B-064-2004,Store_2443,2021-03-07,Onsite Store,66.99
23894411,19-194-205-351,C-004-2017,Store_2443,2021-03-07,Onsite Store,49.99
23894411,19-194-205-351,I-277-2010,Store_2443,2021-03-07,Onsite Store,116.99
23894411,19-194-205-351,H-196-2009,Store_2443,2021-03-07,Onsite Store,64.99
23894412,19-194-205-351,Q-163-1987,Store_2466,2021-03-22,Onsite Store,59.59
23894412,19-194-205-351,I-085-1990,Store_2466,2021-03-22,Onsite Store,84.99
23894412,19-194-205-351,C-037-1998,Store_2466,2021-03-22,Onsite Store,82.99
23894412,19-194-205-351,I-028-2012,Store_2466,2021-03-22,Onsite Store,71.99
23894412,19-194-205-351,J-085-1985,Store_2466,2021-03-22,Onsite Store,43.99
23894412,19-194-205-351,J-244-1994,Store_2466,2021-03-22,Onsite Store,86.99
23894412,19-194-205-351,N-283-1982,Store_2466,2021-03-22,Onsite Store,57.59
23894412,19-194-205-351,C-142-2008,Store_2466,2021-03-22,Onsite Store,65.99
23894412,19-194-205-351,B-172-1997,Store_2466,2021-03-22,Onsite Store,42.99
23894412,19-194-205-351,F-007-2016,Store_2466,2021-03-22,Onsite Store,31.59
23894413,37-374-201-848,I-271-1991,Store_2455,2021-06-05,Onsite Store,32.99
23894413,37-374-201-848,C-286-2000,Store_2455,2021-06-05,Onsite Store,24.59
23894413,37-374-201-848,F-208-2015,Store_2455,2021-06-05,Onsite Store,69.99
23894414,37-374-201-848,G-073-1996,Store_2348,2021-12-05,Online Store,71.99
23894414,37-374-201-848,J-262-2010,Store_2348,2021-12-05,Online Store,13.99
23894414,37-374-201-848,A-229-2000,Store_2348,2021-12-05,Online Store,68.59
23894415,37-374-201-848,C-295-2014,Store_2412,2021-12-13,Onsite Store,66.59
23894415,37-374-201-848,Z-280-1989,Store_2412,2021-12-13,Onsite Store,72.59
23894415,37-374-201-848,Z-085-2011,Store_2412,2021-12-13,Onsite Store,61.99
23894415,37-374-201-848,F-091-1996,Store_2412,2021-12-13,Onsite Store,91.99
23894415,37-374-201-848,V-112-1992,Store_2412,2021-12-13,Onsite Store,13.59
23894415,37-374-201-848,Z-121-2015,Store_2412,2021-12-13,Onsite Store,36.59
23894416,37-374-201-848,G-091-2014,Store_2441,2021-12-24,Onsite Store,123.59
23894416,37-374-201-848,W-211-1982,Store_2441,2021-12-24,Onsite Store,32.59
23894416,37-374-201-848,V-022-2006,Store_2441,2021-12-24,Onsite Store,41.59
23894416,37-374-201-848,N-115-1998,Store_2441,2021-12-24,Onsite Store,104.99
23894416,37-374-201-848,F-268-2006,Store_2441,2021-12-24,Onsite Store,87.59
23894416,37-374-201-848,N-064-2003,Store_2441,2021-12-24,Onsite Store,69.59
23894416,37-374-201-848,C-211-2010,Store_2441,2021-12-24,Onsite Store,32.99
23894417,37-374-201-848,A-229-2010,Store_2369,2021-02-22,Online Store,58.99
23894417,37-374-201-848,C-088-2011,Store_2369,2021-02-22,Online Store,54.59
23894417,37-374-201-848,B-040-2012,Store_2369,2021-02-22,Online Store,88.99
23894417,37-374-201-848,V-220-2003,Store_2369,2021-02-22,Online Store,23.59
23894417,37-374-201-848,Z-256-1989,Store_2369,2021-02-22,Online Store,82.59
23894417,37-374-201-848,A-196-2008,Store_2369,2021-02-22,Online Store,103.59
23894417,37-374-201-848,B-160-2010,Store_2369,2021-02-22,Online Store,45.99
23894417,37-374-201-848,J-175-2015,Store_2369,2021-02-22,Online Store,63.59
23894418,37-374-201-848,V-013-1993,Store_2375,2021-04-30,Online Store,24.99
23894418,37-374-201-848,C-274-1980,Store_2375,2021-04-30,Online Store,59.59
23894418,37-374-201-848,W-031-2007,Store_2375,2021-04-30,Online Store,76.59
23894418,37-374-201-848,F-151-1983,Store_2375,2021-04-30,Online Store,112.59
23894418,37-374-201-848,W-016-2009,Store_2375,2021-04-30,Online Store,61.59
23894419,37-374-201-848,V-208-1992,Store_2356,2021-05-12,Online Store,113.99
23894419,37-374-201-848,C-133-1987,Store_2356,2021-05-12,Online Store,81.59
23894419,37-374-201-848,B-292-1990,Store_2356,2021-05-12,Online Store,61.59
23894419,37-374-201-848,I-043-1999,Store_2356,2021-05-12,Online Store,54.99
23894419,37-374-201-848,B-055-1998,Store_2356,2021-05-12,Online Store,61.59
23894419,37-374-201-848,J-007-1987,Store_2356,2021-05-12,Online Store,9.99
23894419,37-374-201-848,G-298-2003,Store_2356,2021-05-12,Online Store,95.99
23894419,37-374-201-848,N-145-1996,Store_2356,2021-05-12,Online Store,32.59
23894420,37-374-201-848,V-049-2008,Store_2359,2021-06-06,Online Store,108.59
23894420,37-374-201-848,B-298-1980,Store_2359,2021-06-06,Online Store,48.59
23894420,37-374-201-848,W-121-1988,Store_2359,2021-06-06,Online Store,138.59
23894420,37-374-201-848,C-169-1983,Store_2359,2021-06-06,Online Store,95.59
23894420,37-374-201-848,Z-046-1982,Store_2359,2021-06-06,Online Store,54.99
23894421,37-374-201-848,F-289-1994,Store_2474,2021-11-11,Onsite Store,24.99
23894421,37-374-201-848,G-133-1980,Store_2474,2021-11-11,Onsite Store,40.59
23894421,37-374-201-848,A-094-2003,Store_2474,2021-11-11,Onsite Store,42.99
23894422,26-267-183-233,A-163-1990,Store_2445,2021-07-10,Onsite Store,27.59
23894422,26-267-183-233,Q-238-1983,Store_2445,2021-07-10,Onsite Store,55.99
23894423,26-267-183-233,W-034-1981,Store_2359,2021-01-11,Online Store,115.59
23894423,26-267-183-233,B-151-2006,Store_2359,2021-01-11,Online Store,83.99
23894423,26-267-183-233,V-163-2001,Store_2359,2021-01-11,Online Store,58.99
23894423,26-267-183-233,H-082-2002,Store_2359,2021-01-11,Online Store,36.99
23894424,26-267-183-233,A-148-2014,Store_2457,2021-04-12,Onsite Store,65.99
23894424,26-267-183-233,Q-157-1998,Store_2457,2021-04-12,Onsite Store,52.59
23894424,26-267-183-233,H-076-1983,Store_2457,2021-04-12,Onsite Store,63.59
23894424,26-267-183-233,Z-013-2006,Store_2457,2021-04-12,Onsite Store,86.59
23894424,26-267-183-233,H-130-2016,Store_2457,2021-04-12,Onsite Store,68.99
23894424,26-267-183-233,V-046-2018,Store_2457,2021-04-12,Onsite Store,85.59
23894424,26-267-183-233,C-262-2010,Store_2457,2021-04-12,Onsite Store,102.59
23894424,26-267-183-233,C-121-2005,Store_2457,2021-04-12,Onsite Store,92.99
23894424,26-267-183-233,N-001-1994,Store_2457,2021-04-12,Onsite Store,105.99
23894424,26-267-183-233,I-250-1988,Store_2457,2021-04-12,Onsite Store,58.59
23894424,26-267-183-233,Z-115-1985,Store_2457,2021-04-12,Onsite Store,77.59
23894425,26-267-183-233,V-250-1989,Store_2355,2021-02-16,Online Store,72.59
23894425,26-267-183-233,A-154-1988,Store_2355,2021-02-16,Online Store,54.59
23894425,26-267-183-233,A-229-2015,Store_2355,2021-02-16,Online Store,94.59
23894425,26-267-183-233,H-277-1982,Store_2355,2021-02-16,Online Store,73.99
23894425,26-267-183-233,J-097-1983,Store_2355,2021-02-16,Online Store,64.59
23894425,26-267-183-233,J-010-2017,Store_2355,2021-02-16,Online Store,92.59
23894425,26-267-183-233,N-289-2004,Store_2355,2021-02-16,Online Store,74.99
23894425,26-267-183-233,Z-259-2000,Store_2355,2021-02-16,Online Store,66.59
23894426,26-267-183-233,Q-091-2015,Store_2415,2021-05-20,Onsite Store,47.99
23894426,26-267-183-233,G-022-2002,Store_2415,2021-05-20,Onsite Store,36.99
23894426,26-267-183-233,H-127-1999,Store_2415,2021-05-20,Onsite Store,104.99
23894427,26-267-183-233,G-055-1981,Store_2354,2021-08-16,Online Store,49.99
23894427,26-267-183-233,A-133-2001,Store_2354,2021-08-16,Online Store,74.59
23894427,26-267-183-233,I-211-1991,Store_2354,2021-08-16,Online Store,59.99
23894427,26-267-183-233,V-256-1984,Store_2354,2021-08-16,Online Store,141.59
23894428,26-267-183-233,J-283-2005,Store_2413,2021-06-03,Onsite Store,41.99
23894428,26-267-183-233,Q-226-1988,Store_2413,2021-06-03,Onsite Store,89.99
23894428,26-267-183-233,F-244-1984,Store_2413,2021-06-03,Onsite Store,51.59
23894428,26-267-183-233,A-154-1982,Store_2413,2021-06-03,Onsite Store,36.99
23894428,26-267-183-233,V-232-1995,Store_2413,2021-06-03,Onsite Store,78.59
23894428,26-267-183-233,I-025-2000,Store_2413,2021-06-03,Onsite Store,57.99
23894428,26-267-183-233,J-115-2002,Store_2413,2021-06-03,Onsite Store,59.99
23894428,26-267-183-233,I-259-1990,Store_2413,2021-06-03,Onsite Store,38.59
23894428,26-267-183-233,B-271-1988,Store_2413,2021-06-03,Onsite Store,73.59
23894429,26-267-183-233,F-280-1984,Store_2385,2021-05-15,Online Store,67.59
23894429,26-267-183-233,A-052-2008,Store_2385,2021-05-15,Online Store,47.59
23894429,26-267-183-233,N-100-2015,Store_2385,2021-05-15,Online Store,72.99
23894429,26-267-183-233,G-022-1995,Store_2385,2021-05-15,Online Store,61.99
23894429,26-267-183-233,C-175-2017,Store_2385,2021-05-15,Online Store,85.99
23894429,26-267-183-233,Z-031-1987,Store_2385,2021-05-15,Online Store,56.99
23894429,26-267-183-233,W-277-1982,Store_2385,2021-05-15,Online Store,99.59
23894429,26-267-183-233,C-049-2012,Store_2385,2021-05-15,Online Store,78.99
23894429,26-267-183-233,V-085-2002,Store_2385,2021-05-15,Online Store,29.99
23894430,26-267-183-233,H-070-2006,Store_2352,2021-04-13,Online Store,64.59
23894431,94-947-661-833,Z-247-2011,Store_2421,2021-02-19,Onsite Store,34.99
23894431,94-947-661-833,H-064-1992,Store_2421,2021-02-19,Onsite Store,56.99
23894431,94-947-661-833,W-169-1998,Store_2421,2021-02-19,Onsite Store,126.59
23894431,94-947-661-833,B-082-1989,Store_2421,2021-02-19,Onsite Store,40.99
23894431,94-947-661-833,H-202-1987,Store_2421,2021-02-19,Onsite Store,99.99
23894432,94-947-661-833,B-217-1987,Store_2406,2021-04-07,Onsite Store,49.99
23894432,94-947-661-833,N-160-2001,Store_2406,2021-04-07,Onsite Store,107.59
23894432,94-947-661-833,B-004-1995,Store_2406,2021-04-07,Onsite Store,67.99
23894432,94-947-661-833,W-034-1989,Store_2406,2021-04-07,Onsite Store,75.99
23894432,94-947-661-833,V-058-2018,Store_2406,2021-04-07,Onsite Store,71.59
23894432,94-947-661-833,Q-292-1984,Store_2406,2021-04-07,Onsite Store,78.99
23894432,94-947-661-833,Q-004-2004,Store_2406,2021-04-07,Onsite Store,88.99
23894432,94-947-661-833,B-241-1983,Store_2406,2021-04-07,Onsite Store,113.59
23894433,94-947-661-833,H-067-2008,Store_2418,2021-05-11,Onsite Store,65.99
23894433,94-947-661-833,W-052-2018,Store_2418,2021-05-11,Onsite Store,88.99
23894433,94-947-661-833,F-268-1980,Store_2418,2021-05-11,Onsite Store,34.99
23894433,94-947-661-833,H-247-2004,Store_2418,2021-05-11,Onsite Store,122.99
23894434,94-947-661-833,C-238-1996,Store_2354,2021-05-13,Online Store,55.59
23894434,94-947-661-833,I-088-1986,Store_2354,2021-05-13,Online Store,123.99
23894434,94-947-661-833,F-052-2013,Store_2354,2021-05-13,Online Store,48.99
23894434,94-947-661-833,I-274-2000,Store_2354,2021-05-13,Online Store,39.99
23894434,94-947-661-833,V-157-2005,Store_2354,2021-05-13,Online Store,94.59
23894434,94-947-661-833,J-247-2005,Store_2354,2021-05-13,Online Store,72.59
23894434,94-947-661-833,C-148-1994,Store_2354,2021-05-13,Online Store,37.99
23894434,94-947-661-833,I-172-1994,Store_2354,2021-05-13,Online Store,61.59
23894434,94-947-661-833,F-250-1998,Store_2354,2021-05-13,Online Store,33.99
23894435,94-947-661-833,H-253-2011,Store_2367,2021-05-15,Online Store,115.59
23894435,94-947-661-833,F-241-2002,Store_2367,2021-05-15,Online Store,51.99
23894435,94-947-661-833,V-253-2009,Store_2367,2021-05-15,Online Store,69.59
23894436,94-947-661-833,F-064-1981,Store_2378,2021-07-01,Online Store,105.59
23894436,94-947-661-833,N-184-1987,Store_2378,2021-07-01,Online Store,67.59
23894436,94-947-661-833,B-298-2012,Store_2378,2021-07-01,Online Store,63.99
23894436,94-947-661-833,V-154-1993,Store_2378,2021-07-01,Online Store,16.59
23894436,94-947-661-833,Z-223-1982,Store_2378,2021-07-01,Online Store,50.59
23894437,94-947-661-833,N-178-1987,Store_2426,2021-05-25,Onsite Store,44.99
23894437,94-947-661-833,W-223-1988,Store_2426,2021-05-25,Onsite Store,60.59
23894437,94-947-661-833,I-199-2015,Store_2426,2021-05-25,Onsite Store,58.99
23894438,94-947-661-833,Q-106-2011,Store_2404,2021-02-17,Onsite Store,82.59
23894439,94-947-661-833,H-238-2004,Store_2471,2021-03-23,Onsite Store,56.59
23894439,94-947-661-833,Q-007-1990,Store_2471,2021-03-23,Onsite Store,64.59
23894439,94-947-661-833,V-019-1999,Store_2471,2021-03-23,Onsite Store,51.59
23894439,94-947-661-833,G-154-2008,Store_2471,2021-03-23,Onsite Store,133.99
23894439,94-947-661-833,A-169-2003,Store_2471,2021-03-23,Onsite Store,113.59
23894439,94-947-661-833,B-136-2010,Store_2471,2021-03-23,Onsite Store,70.59
23894439,94-947-661-833,H-013-1981,Store_2471,2021-03-23,Onsite Store,98.59
23894439,94-947-661-833,G-028-2015,Store_2471,2021-03-23,Onsite Store,82.59
23894439,94-947-661-833,W-067-1988,Store_2471,2021-03-23,Onsite Store,51.99
23894440,82-823-952-440,G-103-2001,Store_2375,2021-03-13,Online Store,86.99
23894440,82-823-952-440,I-256-2004,Store_2375,2021-03-13,Online Store,39.99
23894440,82-823-952-440,B-148-2007,Store_2375,2021-03-13,Online Store,41.59
23894440,82-823-952-440,F-130-1990,Store_2375,2021-03-13,Online Store,34.99
23894440,82-823-952-440,C-103-1990,Store_2375,2021-03-13,Online Store,70.59
23894441,82-823-952-440,I-166-1999,Store_2401,2021-01-21,Onsite Store,104.59
23894441,82-823-952-440,H-022-2006,Store_2401,2021-01-21,Onsite Store,65.59
23894441,82-823-952-440,I-082-2003,Store_2401,2021-01-21,Onsite Store,92.99
23894441,82-823-952-440,I-019-2007,Store_2401,2021-01-21,Onsite Store,87.99
23894441,82-823-952-440,Q-253-1987,Store_2401,2021-01-21,Onsite Store,46.59
23894441,82-823-952-440,W-049-1982,Store_2401,2021-01-21,Onsite Store,110.59
23894441,82-823-952-440,C-202-1993,Store_2401,2021-01-21,Onsite Store,31.59
23894441,82-823-952-440,A-256-2005,Store_2401,2021-01-21,Onsite Store,54.59
23894441,82-823-952-440,Q-175-2009,Store_2401,2021-01-21,Onsite Store,39.59
23894442,82-823-952-440,B-208-2018,Store_2449,2021-02-08,Onsite Store,58.99
23894442,82-823-952-440,N-286-1988,Store_2449,2021-02-08,Onsite Store,90.59
23894442,82-823-952-440,Z-223-2002,Store_2449,2021-02-08,Onsite Store,54.59
23894442,82-823-952-440,A-271-2005,Store_2449,2021-02-08,Onsite Store,91.99
23894442,82-823-952-440,Z-085-1988,Store_2449,2021-02-08,Onsite Store,96.59
23894443,82-823-952-440,J-277-2010,Store_2449,2021-09-02,Onsite Store,40.59
23894443,82-823-952-440,Z-079-2002,Store_2449,2021-09-02,Onsite Store,116.59
23894443,82-823-952-440,C-187-1996,Store_2449,2021-09-02,Onsite Store,59.99
23894443,82-823-952-440,C-154-2004,Store_2449,2021-09-02,Onsite Store,76.99
23894443,82-823-952-440,Q-271-1992,Store_2449,2021-09-02,Onsite Store,76.59
23894443,82-823-952-440,G-025-1991,Store_2449,2021-09-02,Onsite Store,21.59
23894443,82-823-952-440,Q-139-1996,Store_2449,2021-09-02,Onsite Store,106.59
23894443,82-823-952-440,H-049-2006,Store_2449,2021-09-02,Onsite Store,33.59
23894444,82-823-952-440,F-190-1991,Store_2428,2021-06-13,Onsite Store,38.59
23894444,82-823-952-440,B-292-2015,Store_2428,2021-06-13,Onsite Store,67.99
23894444,82-823-952-440,I-112-1988,Store_2428,2021-06-13,Onsite Store,62.99
23894444,82-823-952-440,W-211-2003,Store_2428,2021-06-13,Onsite Store,24.59
23894444,82-823-952-440,V-031-1985,Store_2428,2021-06-13,Onsite Store,64.59
23894445,82-823-952-440,G-097-2014,Store_2420,2021-08-28,Onsite Store,92.59
23894445,82-823-952-440,A-142-2014,Store_2420,2021-08-28,Onsite Store,86.99
23894445,82-823-952-440,H-187-2014,Store_2420,2021-08-28,Onsite Store,101.59
23894446,82-823-952-440,H-115-1997,Store_2369,2021-09-22,Online Store,39.59
23894446,82-823-952-440,J-211-2007,Store_2369,2021-09-22,Online Store,57.59
23894446,82-823-952-440,Q-187-1986,Store_2369,2021-09-22,Online Store,30.99
23894446,82-823-952-440,I-241-2017,Store_2369,2021-09-22,Online Store,72.99
23894446,82-823-952-440,G-196-2013,Store_2369,2021-09-22,Online Store,58.99
23894446,82-823-952-440,N-118-1992,Store_2369,2021-09-22,Online Store,54.99
23894446,82-823-952-440,F-154-1996,Store_2369,2021-09-22,Online Store,50.59
23894446,82-823-952-440,I-127-2000,Store_2369,2021-09-22,Online Store,137.59
23894447,82-823-952-440,J-256-2014,Store_2452,2021-09-26,Onsite Store,22.59
23894447,82-823-952-440,C-034-2008,Store_2452,2021-09-26,Onsite Store,50.59
23894447,82-823-952-440,N-046-1982,Store_2452,2021-09-26,Onsite Store,20.59
23894447,82-823-952-440,Q-151-1988,Store_2452,2021-09-26,Onsite Store,88.59
23894447,82-823-952-440,H-232-1980,Store_2452,2021-09-26,Onsite Store,49.59
23894447,82-823-952-440,Q-070-2015,Store_2452,2021-09-26,Onsite Store,32.59
23894447,82-823-952-440,G-157-1999,Store_2452,2021-09-26,Onsite Store,91.59
23894447,82-823-952-440,F-067-2015,Store_2452,2021-09-26,Onsite Store,44.99
23894448,82-823-952-440,B-088-2001,Store_2424,2021-06-02,Onsite Store,99.59
23894448,82-823-952-440,Q-217-2013,Store_2424,2021-06-02,Onsite Store,28.59
23894448,82-823-952-440,I-190-2006,Store_2424,2021-06-02,Onsite Store,50.59
23894448,82-823-952-440,N-208-2003,Store_2424,2021-06-02,Onsite Store,63.99
23894448,82-823-952-440,B-058-1980,Store_2424,2021-06-02,Onsite Store,45.59
23894449,76-769-216-127,G-016-1993,Store_2454,2021-02-14,Onsite Store,52.99
23894449,76-769-216-127,N-199-1996,Store_2454,2021-02-14,Onsite Store,37.59
23894450,76-769-216-127,J-271-2006,Store_2432,2021-04-29,Onsite Store,53.99
23894450,76-769-216-127,G-271-1987,Store_2432,2021-04-29,Onsite Store,45.59
23894450,76-769-216-127,C-163-1984,Store_2432,2021-04-29,Onsite Store,28.99
23894450,76-769-216-127,G-061-1993,Store_2432,2021-04-29,Onsite Store,66.59
23894450,76-769-216-127,A-157-1996,Store_2432,2021-04-29,Onsite Store,47.59
23894450,76-769-216-127,B-187-1984,Store_2432,2021-04-29,Onsite Store,82.99
23894451,76-769-216-127,J-232-1983,Store_2457,2021-06-28,Onsite Store,113.99
23894451,76-769-216-127,Z-286-2008,Store_2457,2021-06-28,Onsite Store,39.99
23894451,76-769-216-127,J-028-1991,Store_2457,2021-06-28,Onsite Store,59.59
23894451,76-769-216-127,B-154-2015,Store_2457,2021-06-28,Onsite Store,90.59
23894451,76-769-216-127,N-205-2006,Store_2457,2021-06-28,Onsite Store,71.99
23894451,76-769-216-127,W-202-1982,Store_2457,2021-06-28,Onsite Store,89.99
23894451,76-769-216-127,J-208-1991,Store_2457,2021-06-28,Onsite Store,79.59
23894451,76-769-216-127,F-160-1992,Store_2457,2021-06-28,Onsite Store,54.59
23894451,76-769-216-127,A-166-1982,Store_2457,2021-06-28,Onsite Store,111.99
23894452,76-769-216-127,N-067-2004,Store_2428,2021-03-11,Onsite Store,58.99
23894452,76-769-216-127,W-049-2001,Store_2428,2021-03-11,Onsite Store,91.99
23894452,76-769-216-127,A-247-2000,Store_2428,2021-03-11,Onsite Store,63.99
23894452,76-769-216-127,N-019-1982,Store_2428,2021-03-11,Onsite Store,125.99
23894452,76-769-216-127,N-109-1998,Store_2428,2021-03-11,Onsite Store,86.59
23894452,76-769-216-127,A-289-1999,Store_2428,2021-03-11,Onsite Store,116.99
23894452,76-769-216-127,A-070-1994,Store_2428,2021-03-11,Onsite Store,46.59
23894453,76-769-216-127,F-004-1988,Store_2414,2021-10-24,Onsite Store,81.59
23894453,76-769-216-127,Z-058-1998,Store_2414,2021-10-24,Onsite Store,73.99
23894453,76-769-216-127,I-016-1987,Store_2414,2021-10-24,Onsite Store,52.99
23894453,76-769-216-127,I-256-1999,Store_2414,2021-10-24,Onsite Store,89.59
23894453,76-769-216-127,Q-253-1987,Store_2414,2021-10-24,Onsite Store,46.59
23894453,76-769-216-127,V-271-1996,Store_2414,2021-10-24,Onsite Store,72.59
23894454,76-769-216-127,I-277-2002,Store_2423,2021-09-24,Onsite Store,53.59
23894454,76-769-216-127,H-298-2015,Store_2423,2021-09-24,Onsite Store,37.59
23894454,76-769-216-127,I-253-1995,Store_2423,2021-09-24,Onsite Store,37.99
23894454,76-769-216-127,V-022-2013,Store_2423,2021-09-24,Onsite Store,64.99
23894454,76-769-216-127,W-187-2014,Store_2423,2021-09-24,Onsite Store,63.59
23894454,76-769-216-127,W-046-1996,Store_2423,2021-09-24,Onsite Store,87.59
23894454,76-769-216-127,A-187-1991,Store_2423,2021-09-24,Onsite Store,117.59
23894454,76-769-216-127,Z-259-1982,Store_2423,2021-09-24,Onsite Store,39.99
23894455,76-769-216-127,N-022-1998,Store_2351,2021-07-23,Online Store,75.99
23894455,76-769-216-127,W-244-1987,Store_2351,2021-07-23,Online Store,50.59
23894455,76-769-216-127,F-109-2003,Store_2351,2021-07-23,Online Store,45.59
23894455,76-769-216-127,G-202-1999,Store_2351,2021-07-23,Online Store,65.99
23894456,76-769-216-127,I-133-1993,Store_2405,2021-06-29,Onsite Store,127.59
23894456,76-769-216-127,C-235-1994,Store_2405,2021-06-29,Onsite Store,52.59
23894456,76-769-216-127,Q-169-1987,Store_2405,2021-06-29,Onsite Store,73.59
23894456,76-769-216-127,I-043-2011,Store_2405,2021-06-29,Onsite Store,78.99
23894456,76-769-216-127,Z-025-2000,Store_2405,2021-06-29,Onsite Store,24.99
23894456,76-769-216-127,V-058-2012,Store_2405,2021-06-29,Onsite Store,104.99
23894456,76-769-216-127,Z-022-2016,Store_2405,2021-06-29,Onsite Store,32.59
23894456,76-769-216-127,B-070-1998,Store_2405,2021-06-29,Onsite Store,59.99
23894457,76-769-216-127,J-253-1989,Store_2432,2021-01-08,Onsite Store,79.59
23894457,76-769-216-127,Q-214-1997,Store_2432,2021-01-08,Onsite Store,22.99
23894457,76-769-216-127,N-253-2005,Store_2432,2021-01-08,Onsite Store,43.99
23894457,76-769-216-127,C-166-2001,Store_2432,2021-01-08,Onsite Store,64.59
23894457,76-769-216-127,A-247-2015,Store_2432,2021-01-08,Onsite Store,62.59
23894457,76-769-216-127,I-043-2001,Store_2432,2021-01-08,Onsite Store,52.99
23894457,76-769-216-127,Q-100-1999,Store_2432,2021-01-08,Onsite Store,49.59
23894457,76-769-216-127,H-106-1996,Store_2432,2021-01-08,Onsite Store,80.99
23894457,76-769-216-127,A-163-1984,Store_2432,2021-01-08,Onsite Store,61.99
23894457,76-769-216-127,J-133-2017,Store_2432,2021-01-08,Onsite Store,42.59
23894458,80-809-504-992,H-229-2013,Store_2458,2021-08-07,Onsite Store,90.99
23894458,80-809-504-992,F-133-1981,Store_2458,2021-08-07,Onsite Store,21.99
23894458,80-809-504-992,G-274-1997,Store_2458,2021-08-07,Onsite Store,31.99
23894458,80-809-504-992,A-148-1989,Store_2458,2021-08-07,Onsite Store,80.99
23894458,80-809-504-992,G-019-1999,Store_2458,2021-08-07,Onsite Store,117.59
23894458,80-809-504-992,V-043-2018,Store_2458,2021-08-07,Onsite Store,105.59
23894458,80-809-504-992,H-130-1987,Store_2458,2021-08-07,Onsite Store,78.99
23894458,80-809-504-992,F-208-1983,Store_2458,2021-08-07,Onsite Store,68.99
23894459,80-809-504-992,Q-205-2015,Store_2448,2021-07-05,Onsite Store,88.99
23894459,80-809-504-992,H-031-2001,Store_2448,2021-07-05,Onsite Store,28.99
23894459,80-809-504-992,Z-055-1997,Store_2448,2021-07-05,Onsite Store,87.59
23894459,80-809-504-992,A-073-1983,Store_2448,2021-07-05,Onsite Store,23.59
23894460,80-809-504-992,H-268-1980,Store_2431,2021-08-13,Onsite Store,50.99
23894460,80-809-504-992,A-043-1981,Store_2431,2021-08-13,Onsite Store,86.59
23894460,80-809-504-992,J-298-2010,Store_2431,2021-08-13,Onsite Store,94.99
23894460,80-809-504-992,W-142-2005,Store_2431,2021-08-13,Onsite Store,58.59
23894460,80-809-504-992,W-181-1993,Store_2431,2021-08-13,Onsite Store,52.99
23894460,80-809-504-992,Z-112-1995,Store_2431,2021-08-13,Onsite Store,118.99
23894460,80-809-504-992,V-139-2013,Store_2431,2021-08-13,Onsite Store,89.59
23894460,80-809-504-992,B-088-2009,Store_2431,2021-08-13,Onsite Store,66.99
23894460,80-809-504-992,A-019-2012,Store_2431,2021-08-13,Onsite Store,39.99
23894461,80-809-504-992,B-010-1988,Store_2370,2021-08-27,Online Store,100.59
23894461,80-809-504-992,J-127-2009,Store_2370,2021-08-27,Online Store,41.99
23894461,80-809-504-992,F-034-1998,Store_2370,2021-08-27,Online Store,61.99
23894461,80-809-504-992,B-184-1998,Store_2370,2021-08-27,Online Store,108.99
23894461,80-809-504-992,B-007-2010,Store_2370,2021-08-27,Online Store,80.99
23894461,80-809-504-992,N-079-2005,Store_2370,2021-08-27,Online Store,56.59
23894461,80-809-504-992,V-199-2000,Store_2370,2021-08-27,Online Store,107.99
23894461,80-809-504-992,A-136-1988,Store_2370,2021-08-27,Online Store,70.99
23894461,80-809-504-992,V-169-2009,Store_2370,2021-08-27,Online Store,87.99
23894461,80-809-504-992,N-157-1988,Store_2370,2021-08-27,Online Store,35.99
23894462,80-809-504-992,N-124-1992,Store_2412,2021-10-14,Onsite Store,39.59
23894462,80-809-504-992,A-064-1989,Store_2412,2021-10-14,Onsite Store,76.59
23894462,80-809-504-992,A-208-2003,Store_2412,2021-10-14,Onsite Store,101.59
23894462,80-809-504-992,Z-199-1985,Store_2412,2021-10-14,Onsite Store,44.59
23894462,80-809-504-992,G-262-1995,Store_2412,2021-10-14,Onsite Store,28.59
23894463,80-809-504-992,C-226-1982,Store_2374,2021-04-03,Online Store,63.99
23894463,80-809-504-992,A-094-2001,Store_2374,2021-04-03,Online Store,19.59
23894463,80-809-504-992,W-151-1993,Store_2374,2021-04-03,Online Store,75.59
23894463,80-809-504-992,Q-064-1989,Store_2374,2021-04-03,Online Store,138.99
23894463,80-809-504-992,C-202-1997,Store_2374,2021-04-03,Online Store,76.59
23894463,80-809-504-992,B-094-2014,Store_2374,2021-04-03,Online Store,90.99
23894464,80-809-504-992,J-262-1991,Store_2425,2021-10-23,Onsite Store,64.59
23894464,80-809-504-992,F-091-1993,Store_2425,2021-10-23,Onsite Store,52.59
23894464,80-809-504-992,Q-076-1988,Store_2425,2021-10-23,Onsite Store,39.59
23894464,80-809-504-992,I-292-2012,Store_2425,2021-10-23,Onsite Store,52.59
23894465,80-809-504-992,F-037-1998,Store_2431,2021-02-20,Onsite Store,63.59
23894465,80-809-504-992,C-142-1986,Store_2431,2021-02-20,Onsite Store,100.59
23894465,80-809-504-992,F-085-2005,Store_2431,2021-02-20,Onsite Store,11.59
23894466,80-809-504-992,W-001-2013,Store_2405,2021-12-12,Onsite Store,39.99
23894466,80-809-504-992,V-205-2000,Store_2405,2021-12-12,Onsite Store,61.59
23894466,80-809-504-992,Q-244-1986,Store_2405,2021-12-12,Onsite Store,67.59
23894467,43-435-460-564,B-268-1993,Store_2460,2021-04-10,Onsite Store,115.99
23894467,43-435-460-564,F-091-2016,Store_2460,2021-04-10,Onsite Store,77.99
23894468,43-435-460-564,W-292-1981,Store_2461,2021-09-02,Onsite Store,73.59
23894468,43-435-460-564,V-133-2015,Store_2461,2021-09-02,Onsite Store,48.59
23894469,43-435-460-564,J-190-1991,Store_2362,2021-04-07,Online Store,51.99
23894469,43-435-460-564,V-202-1986,Store_2362,2021-04-07,Online Store,101.99
23894469,43-435-460-564,G-241-1995,Store_2362,2021-04-07,Online Store,19.99
23894469,43-435-460-564,C-145-1988,Store_2362,2021-04-07,Online Store,106.99
23894469,43-435-460-564,W-118-1998,Store_2362,2021-04-07,Online Store,62.59
23894469,43-435-460-564,I-046-2005,Store_2362,2021-04-07,Online Store,52.99
23894469,43-435-460-564,Z-013-1984,Store_2362,2021-04-07,Online Store,34.59
23894469,43-435-460-564,V-118-1993,Store_2362,2021-04-07,Online Store,111.99
23894469,43-435-460-564,G-085-2017,Store_2362,2021-04-07,Online Store,38.99
23894470,43-435-460-564,C-130-2006,Store_2407,2021-08-21,Onsite Store,53.59
23894470,43-435-460-564,Z-004-1996,Store_2407,2021-08-21,Onsite Store,56.99
23894470,43-435-460-564,F-169-2018,Store_2407,2021-08-21,Onsite Store,60.59
23894470,43-435-460-564,C-037-1982,Store_2407,2021-08-21,Onsite Store,113.99
23894470,43-435-460-564,Z-085-2008,Store_2407,2021-08-21,Onsite Store,73.59
23894470,43-435-460-564,V-193-2004,Store_2407,2021-08-21,Onsite Store,49.59
23894471,43-435-460-564,V-226-2007,Store_2413,2021-03-20,Onsite Store,74.99
23894471,43-435-460-564,V-034-2012,Store_2413,2021-03-20,Onsite Store,75.99
23894471,43-435-460-564,A-046-2007,Store_2413,2021-03-20,Onsite Store,53.59
23894472,43-435-460-564,J-016-2008,Store_2413,2021-10-22,Onsite Store,65.99
23894473,43-435-460-564,J-247-2007,Store_2383,2021-10-05,Online Store,63.59
23894473,43-435-460-564,N-046-1985,Store_2383,2021-10-05,Online Store,87.59
23894473,43-435-460-564,H-085-1995,Store_2383,2021-10-05,Online Store,4.99
23894473,43-435-460-564,J-103-2003,Store_2383,2021-10-05,Online Store,68.59
23894474,43-435-460-564,C-031-2014,Store_2404,2021-01-29,Onsite Store,55.59
23894474,43-435-460-564,V-148-2000,Store_2404,2021-01-29,Onsite Store,59.99
23894474,43-435-460-564,A-151-1992,Store_2404,2021-01-29,Onsite Store,77.99
23894474,43-435-460-564,W-184-1999,Store_2404,2021-01-29,Onsite Store,66.99
23894475,43-435-460-564,F-181-1996,Store_2472,2021-10-09,Onsite Store,17.59
23894475,43-435-460-564,J-295-2017,Store_2472,2021-10-09,Onsite Store,83.99
23894475,43-435-460-564,J-046-2016,Store_2472,2021-10-09,Onsite Store,53.59
23894475,43-435-460-564,Z-193-1989,Store_2472,2021-10-09,Onsite Store,84.99
23894475,43-435-460-564,V-049-1991,Store_2472,2021-10-09,Onsite Store,64.59
23894475,43-435-460-564,F-157-1987,Store_2472,2021-10-09,Onsite Store,77.59
23894475,43-435-460-564,H-268-1999,Store_2472,2021-10-09,Onsite Store,47.59
23894475,43-435-460-564,Z-205-1990,Store_2472,2021-10-09,Onsite Store,52.59
23894476,55-550-360-867,N-106-2018,Store_2379,2021-01-07,Online Store,26.59
23894476,55-550-360-867,I-148-1991,Store_2379,2021-01-07,Online Store,94.99
23894476,55-550-360-867,J-073-1986,Store_2379,2021-01-07,Online Store,57.59
23894476,55-550-360-867,Z-094-2004,Store_2379,2021-01-07,Online Store,16.99
23894476,55-550-360-867,G-265-2016,Store_2379,2021-01-07,Online Store,34.99
23894476,55-550-360-867,N-223-1982,Store_2379,2021-01-07,Online Store,67.99
23894476,55-550-360-867,G-118-2001,Store_2379,2021-01-07,Online Store,87.59
23894476,55-550-360-867,I-004-1984,Store_2379,2021-01-07,Online Store,86.59
23894476,55-550-360-867,C-013-2003,Store_2379,2021-01-07,Online Store,72.99
23894477,55-550-360-867,G-061-2001,Store_2404,2021-09-14,Onsite Store,85.59
23894477,55-550-360-867,J-022-2006,Store_2404,2021-09-14,Onsite Store,64.99
23894477,55-550-360-867,F-097-2001,Store_2404,2021-09-14,Onsite Store,51.99
23894477,55-550-360-867,W-019-2002,Store_2404,2021-09-14,Onsite Store,51.99
23894477,55-550-360-867,V-142-1998,Store_2404,2021-09-14,Onsite Store,43.59
23894477,55-550-360-867,F-043-2011,Store_2404,2021-09-14,Onsite Store,68.59
23894477,55-550-360-867,B-046-1988,Store_2404,2021-09-14,Onsite Store,70.99
23894477,55-550-360-867,A-109-1990,Store_2404,2021-09-14,Onsite Store,82.99
23894478,55-550-360-867,H-247-1993,Store_2430,2021-06-11,Onsite Store,57.99
23894478,55-550-360-867,C-127-2007,Store_2430,2021-06-11,Onsite Store,68.59
23894478,55-550-360-867,N-034-1980,Store_2430,2021-06-11,Onsite Store,63.99
23894478,55-550-360-867,W-136-2007,Store_2430,2021-06-11,Onsite Store,94.59
23894478,55-550-360-867,N-244-1997,Store_2430,2021-06-11,Onsite Store,93.59
23894478,55-550-360-867,Q-178-1996,Store_2430,2021-06-11,Onsite Store,30.59
23894479,55-550-360-867,Q-265-2011,Store_2427,2021-02-10,Onsite Store,63.99
23894479,55-550-360-867,J-250-1984,Store_2427,2021-02-10,Onsite Store,86.99
23894479,55-550-360-867,B-040-1988,Store_2427,2021-02-10,Onsite Store,58.99
23894479,55-550-360-867,H-046-2014,Store_2427,2021-02-10,Onsite Store,56.59
23894479,55-550-360-867,H-097-2009,Store_2427,2021-02-10,Onsite Store,49.59
23894479,55-550-360-867,W-064-2017,Store_2427,2021-02-10,Onsite Store,44.99
23894480,55-550-360-867,B-007-1982,Store_2359,2021-10-18,Online Store,70.59
23894480,55-550-360-867,Z-274-1987,Store_2359,2021-10-18,Online Store,68.99
23894480,55-550-360-867,B-244-1999,Store_2359,2021-10-18,Online Store,69.99
23894481,55-550-360-867,W-232-1996,Store_2358,2021-05-05,Online Store,85.59
23894481,55-550-360-867,Q-139-2012,Store_2358,2021-05-05,Online Store,64.99
23894481,55-550-360-867,H-247-1987,Store_2358,2021-05-05,Online Store,71.59
23894482,55-550-360-867,G-271-1982,Store_2451,2021-09-22,Onsite Store,33.99
23894482,55-550-360-867,V-295-2006,Store_2451,2021-09-22,Onsite Store,94.59
23894482,55-550-360-867,C-127-2011,Store_2451,2021-09-22,Onsite Store,37.99
23894482,55-550-360-867,V-076-1992,Store_2451,2021-09-22,Onsite Store,48.99
23894483,55-550-360-867,W-298-2014,Store_2449,2021-01-11,Onsite Store,59.59
23894483,55-550-360-867,J-229-2011,Store_2449,2021-01-11,Onsite Store,48.99
23894483,55-550-360-867,Q-238-2006,Store_2449,2021-01-11,Onsite Store,30.99
23894483,55-550-360-867,C-061-1980,Store_2449,2021-01-11,Onsite Store,35.99
23894483,55-550-360-867,N-070-1993,Store_2449,2021-01-11,Onsite Store,95.59
23894483,55-550-360-867,B-097-1990,Store_2449,2021-01-11,Onsite Store,59.99
23894484,55-550-360-867,Z-205-2000,Store_2464,2021-10-28,Onsite Store,56.59
23894484,55-550-360-867,H-238-1996,Store_2464,2021-10-28,Onsite Store,54.59
23894484,55-550-360-867,Q-025-2017,Store_2464,2021-10-28,Onsite Store,62.59
23894484,55-550-360-867,G-070-2012,Store_2464,2021-10-28,Onsite Store,101.99
23894484,55-550-360-867,H-016-2003,Store_2464,2021-10-28,Onsite Store,113.59
23894484,55-550-360-867,H-076-2000,Store_2464,2021-10-28,Onsite Store,55.59
23894484,55-550-360-867,V-172-1989,Store_2464,2021-10-28,Onsite Store,29.59
23894484,55-550-360-867,W-286-2015,Store_2464,2021-10-28,Onsite Store,63.99
23894484,55-550-360-867,H-106-1983,Store_2464,2021-10-28,Onsite Store,46.99
23894485,19-194-793-422,B-187-1991,Store_2372,2021-11-13,Online Store,23.59
23894485,19-194-793-422,W-079-1993,Store_2372,2021-11-13,Online Store,61.99
23894485,19-194-793-422,W-229-2017,Store_2372,2021-11-13,Online Store,60.59
23894485,19-194-793-422,B-142-2011,Store_2372,2021-11-13,Online Store,39.99
23894485,19-194-793-422,V-043-1988,Store_2372,2021-11-13,Online Store,102.99
23894485,19-194-793-422,Z-295-2009,Store_2372,2021-11-13,Online Store,92.99
23894485,19-194-793-422,N-259-1980,Store_2372,2021-11-13,Online Store,70.59
23894485,19-194-793-422,V-181-2000,Store_2372,2021-11-13,Online Store,59.99
23894486,19-194-793-422,H-286-1990,Store_2405,2021-06-10,Onsite Store,10.99
23894486,19-194-793-422,H-220-1997,Store_2405,2021-06-10,Onsite Store,39.99
23894486,19-194-793-422,G-085-2012,Store_2405,2021-06-10,Onsite Store,131.59
23894487,19-194-793-422,G-049-1993,Store_2395,2021-08-02,Online Store,78.59
23894487,19-194-793-422,N-094-1993,Store_2395,2021-08-02,Online Store,49.99
23894487,19-194-793-422,Z-298-1992,Store_2395,2021-08-02,Online Store,67.99
23894487,19-194-793-422,F-163-2004,Store_2395,2021-08-02,Online Store,65.99
23894488,19-194-793-422,Z-160-1990,Store_2398,2021-10-31,Onsite Store,42.59
23894488,19-194-793-422,N-229-1989,Store_2398,2021-10-31,Onsite Store,65.99
23894488,19-194-793-422,N-022-2014,Store_2398,2021-10-31,Onsite Store,93.59
23894488,19-194-793-422,H-115-1994,Store_2398,2021-10-31,Onsite Store,69.99
23894488,19-194-793-422,I-298-1989,Store_2398,2021-10-31,Onsite Store,54.99
23894488,19-194-793-422,V-244-1999,Store_2398,2021-10-31,Onsite Store,69.59
23894489,19-194-793-422,N-283-2006,Store_2440,2021-01-17,Onsite Store,103.59
23894489,19-194-793-422,H-127-1986,Store_2440,2021-01-17,Onsite Store,98.99
23894489,19-194-793-422,Q-097-2016,Store_2440,2021-01-17,Onsite Store,94.99
23894489,19-194-793-422,H-037-1997,Store_2440,2021-01-17,Onsite Store,41.59
23894489,19-194-793-422,Q-256-2016,Store_2440,2021-01-17,Onsite Store,73.99
23894489,19-194-793-422,B-109-1987,Store_2440,2021-01-17,Onsite Store,47.99
23894489,19-194-793-422,Q-127-2017,Store_2440,2021-01-17,Onsite Store,42.59
23894490,19-194-793-422,N-268-1996,Store_2373,2021-08-26,Online Store,82.59
23894490,19-194-793-422,W-070-2006,Store_2373,2021-08-26,Online Store,89.99
23894490,19-194-793-422,H-280-1998,Store_2373,2021-08-26,Online Store,96.99
23894490,19-194-793-422,V-190-1991,Store_2373,2021-08-26,Online Store,80.59
23894490,19-194-793-422,N-229-1988,Store_2373,2021-08-26,Online Store,49.99
23894490,19-194-793-422,A-010-1981,Store_2373,2021-08-26,Online Store,63.99
23894491,19-194-793-422,Z-244-1996,Store_2360,2021-06-15,Online Store,56.99
23894491,19-194-793-422,F-184-2008,Store_2360,2021-06-15,Online Store,28.99
23894491,19-194-793-422,Z-028-2011,Store_2360,2021-06-15,Online Store,68.59
23894491,19-194-793-422,W-274-2006,Store_2360,2021-06-15,Online Store,51.99
23894491,19-194-793-422,C-199-2015,Store_2360,2021-06-15,Online Store,95.59
23894491,19-194-793-422,N-079-1997,Store_2360,2021-06-15,Online Store,64.99
23894491,19-194-793-422,Z-262-1984,Store_2360,2021-06-15,Online Store,59.99
23894491,19-194-793-422,W-295-1987,Store_2360,2021-06-15,Online Store,45.59
23894491,19-194-793-422,I-064-1985,Store_2360,2021-06-15,Online Store,82.59
23894492,19-194-793-422,G-262-1997,Store_2363,2021-08-15,Online Store,50.59
23894492,19-194-793-422,V-208-1987,Store_2363,2021-08-15,Online Store,73.59
23894492,19-194-793-422,B-283-1999,Store_2363,2021-08-15,Online Store,63.59
23894492,19-194-793-422,V-052-1980,Store_2363,2021-08-15,Online Store,57.99
23894492,19-194-793-422,G-133-2018,Store_2363,2021-08-15,Online Store,64.59
23894492,19-194-793-422,G-265-2017,Store_2363,2021-08-15,Online Store,88.99
23894493,19-194-793-422,N-010-1998,Store_2378,2021-05-11,Online Store,86.99
23894493,19-194-793-422,B-247-1983,Store_2378,2021-05-11,Online Store,91.99
23894493,19-194-793-422,C-184-1994,Store_2378,2021-05-11,Online Store,102.59
23894493,19-194-793-422,Z-238-1996,Store_2378,2021-05-11,Online Store,62.59
23894493,19-194-793-422,I-136-1986,Store_2378,2021-05-11,Online Store,131.99
23894493,19-194-793-422,Q-283-2016,Store_2378,2021-05-11,Online Store,86.99
23894493,19-194-793-422,Z-127-2002,Store_2378,2021-05-11,Online Store,95.59
23894494,38-386-394-826,A-172-2012,Store_2365,2021-02-03,Online Store,75.99
23894494,38-386-394-826,Q-238-2011,Store_2365,2021-02-03,Online Store,48.99
23894494,38-386-394-826,V-235-2005,Store_2365,2021-02-03,Online Store,97.59
23894494,38-386-394-826,H-094-2002,Store_2365,2021-02-03,Online Store,59.59
23894495,38-386-394-826,W-019-1990,Store_2446,2021-07-16,Onsite Store,32.59
23894495,38-386-394-826,Z-010-2010,Store_2446,2021-07-16,Onsite Store,89.59
23894495,38-386-394-826,A-202-2010,Store_2446,2021-07-16,Onsite Store,59.59
23894495,38-386-394-826,I-118-2009,Store_2446,2021-07-16,Onsite Store,62.99
23894495,38-386-394-826,G-172-2001,Store_2446,2021-07-16,Onsite Store,65.99
23894496,38-386-394-826,Q-151-1989,Store_2471,2021-09-21,Onsite Store,100.99
23894496,38-386-394-826,C-160-2007,Store_2471,2021-09-21,Onsite Store,95.99
23894496,38-386-394-826,J-241-2010,Store_2471,2021-09-21,Onsite Store,74.99
23894496,38-386-394-826,A-226-1986,Store_2471,2021-09-21,Onsite Store,73.59
23894496,38-386-394-826,N-100-2010,Store_2471,2021-09-21,Onsite Store,72.99
23894496,38-386-394-826,J-259-1998,Store_2471,2021-09-21,Onsite Store,67.59
23894497,38-386-394-826,A-280-1992,Store_2430,2021-06-02,Onsite Store,102.59
23894497,38-386-394-826,J-286-1990,Store_2430,2021-06-02,Onsite Store,100.59
23894497,38-386-394-826,J-202-2000,Store_2430,2021-06-02,Onsite Store,41.59
23894497,38-386-394-826,B-157-1987,Store_2430,2021-06-02,Onsite Store,29.99
23894497,38-386-394-826,A-118-2002,Store_2430,2021-06-02,Onsite Store,69.59
23894497,38-386-394-826,W-082-2009,Store_2430,2021-06-02,Onsite Store,130.99
23894498,38-386-394-826,G-127-1985,Store_2399,2021-05-02,Onsite Store,90.59
23894498,38-386-394-826,W-049-2018,Store_2399,2021-05-02,Onsite Store,97.59
23894498,38-386-394-826,F-277-2013,Store_2399,2021-05-02,Onsite Store,120.99
23894498,38-386-394-826,F-010-2005,Store_2399,2021-05-02,Onsite Store,35.59
23894498,38-386-394-826,Q-274-2000,Store_2399,2021-05-02,Onsite Store,64.59
23894498,38-386-394-826,W-067-2006,Store_2399,2021-05-02,Onsite Store,42.59
23894498,38-386-394-826,F-061-2008,Store_2399,2021-05-02,Onsite Store,90.99
23894498,38-386-394-826,Z-091-1998,Store_2399,2021-05-02,Onsite Store,116.59
23894498,38-386-394-826,C-154-1989,Store_2399,2021-05-02,Onsite Store,117.59
23894499,38-386-394-826,I-256-1983,Store_2416,2021-03-02,Onsite Store,59.59
23894499,38-386-394-826,C-073-1997,Store_2416,2021-03-02,Onsite Store,31.59
23894499,38-386-394-826,A-007-1989,Store_2416,2021-03-02,Onsite Store,78.59
23894499,38-386-394-826,G-226-1993,Store_2416,2021-03-02,Onsite Store,98.59
23894499,38-386-394-826,I-007-1985,Store_2416,2021-03-02,Onsite Store,67.99
23894499,38-386-394-826,G-016-1981,Store_2416,2021-03-02,Onsite Store,64.59
23894499,38-386-394-826,W-295-1987,Store_2416,2021-03-02,Onsite Store,45.59
23894499,38-386-394-826,V-220-1994,Store_2416,2021-03-02,Onsite Store,46.99
23894499,38-386-394-826,A-166-1999,Store_2416,2021-03-02,Onsite Store,62.99
23894499,38-386-394-826,Z-007-2004,Store_2416,2021-03-02,Onsite Store,53.99
23894499,38-386-394-826,A-181-1992,Store_2416,2021-03-02,Onsite Store,34.99
23894499,38-386-394-826,N-172-1980,Store_2416,2021-03-02,Onsite Store,38.99
23894500,38-386-394-826,G-181-1982,Store_2454,2021-06-23,Onsite Store,87.59
23894500,38-386-394-826,I-274-2008,Store_2454,2021-06-23,Onsite Store,114.99
23894500,38-386-394-826,W-046-1987,Store_2454,2021-06-23,Onsite Store,108.99
23894500,38-386-394-826,V-169-1991,Store_2454,2021-06-23,Onsite Store,53.99
23894500,38-386-394-826,I-016-2007,Store_2454,2021-06-23,Onsite Store,28.99
23894500,38-386-394-826,H-283-2008,Store_2454,2021-06-23,Onsite Store,69.59
23894500,38-386-394-826,A-061-1998,Store_2454,2021-06-23,Onsite Store,69.99
23894500,38-386-394-826,C-235-1985,Store_2454,2021-06-23,Onsite Store,96.99
23894500,38-386-394-826,V-199-1993,Store_2454,2021-06-23,Onsite Store,44.59
23894501,38-386-394-826,V-076-2016,Store_2395,2021-02-15,Online Store,90.59
23894501,38-386-394-826,Q-070-1983,Store_2395,2021-02-15,Online Store,34.59
23894501,38-386-394-826,G-013-2001,Store_2395,2021-02-15,Online Store,89.99
23894502,38-386-394-826,A-043-2010,Store_2362,2021-09-30,Online Store,43.59
23894502,38-386-394-826,Q-052-1988,Store_2362,2021-09-30,Online Store,35.59
23894502,38-386-394-826,G-118-1992,Store_2362,2021-09-30,Online Store,66.99
23894502,38-386-394-826,C-058-1989,Store_2362,2021-09-30,Online Store,69.59
23894502,38-386-394-826,I-142-2016,Store_2362,2021-09-30,Online Store,49.59
23894502,38-386-394-826,V-091-1988,Store_2362,2021-09-30,Online Store,46.99
23894502,38-386-394-826,C-058-2002,Store_2362,2021-09-30,Online Store,104.99
23894503,21-212-480-468,C-049-2005,Store_2379,2021-07-10,Online Store,45.59
23894503,21-212-480-468,B-250-2008,Store_2379,2021-07-10,Online Store,102.59
23894503,21-212-480-468,A-205-1985,Store_2379,2021-07-10,Online Store,30.99
23894503,21-212-480-468,N-232-1985,Store_2379,2021-07-10,Online Store,3.99
23894503,21-212-480-468,V-121-1998,Store_2379,2021-07-10,Online Store,83.99
23894503,21-212-480-468,N-262-2017,Store_2379,2021-07-10,Online Store,41.59
23894503,21-212-480-468,F-235-2002,Store_2379,2021-07-10,Online Store,34.99
23894503,21-212-480-468,B-295-1993,Store_2379,2021-07-10,Online Store,61.99
23894503,21-212-480-468,F-046-2018,Store_2379,2021-07-10,Online Store,61.99
23894503,21-212-480-468,A-247-2008,Store_2379,2021-07-10,Online Store,43.99
23894503,21-212-480-468,J-250-1997,Store_2379,2021-07-10,Online Store,14.99
23894504,21-212-480-468,A-166-2009,Store_2471,2021-08-24,Onsite Store,64.99
23894504,21-212-480-468,B-085-1990,Store_2471,2021-08-24,Onsite Store,78.99
23894504,21-212-480-468,F-019-1985,Store_2471,2021-08-24,Onsite Store,113.59
23894504,21-212-480-468,V-094-1994,Store_2471,2021-08-24,Onsite Store,66.59
23894504,21-212-480-468,A-064-1984,Store_2471,2021-08-24,Onsite Store,63.59
23894504,21-212-480-468,G-262-2003,Store_2471,2021-08-24,Onsite Store,47.99
23894504,21-212-480-468,V-250-2017,Store_2471,2021-08-24,Onsite Store,47.99
23894504,21-212-480-468,J-262-2007,Store_2471,2021-08-24,Onsite Store,81.99
23894504,21-212-480-468,W-295-2014,Store_2471,2021-08-24,Onsite Store,22.99
23894505,21-212-480-468,V-145-2014,Store_2365,2021-06-08,Online Store,57.99
23894505,21-212-480-468,B-160-1994,Store_2365,2021-06-08,Online Store,90.59
23894505,21-212-480-468,J-031-2011,Store_2365,2021-06-08,Online Store,64.99
23894505,21-212-480-468,A-001-2006,Store_2365,2021-06-08,Online Store,82.99
23894506,21-212-480-468,Q-028-2004,Store_2444,2021-11-19,Onsite Store,39.99
23894506,21-212-480-468,N-208-2011,Store_2444,2021-11-19,Onsite Store,105.99
23894506,21-212-480-468,Q-109-2011,Store_2444,2021-11-19,Onsite Store,109.99
23894506,21-212-480-468,V-244-1998,Store_2444,2021-11-19,Onsite Store,71.99
23894506,21-212-480-468,B-298-1988,Store_2444,2021-11-19,Onsite Store,75.59
23894507,21-212-480-468,Q-019-2017,Store_2372,2021-06-29,Online Store,71.59
23894507,21-212-480-468,G-295-2017,Store_2372,2021-06-29,Online Store,91.99
23894507,21-212-480-468,H-034-2010,Store_2372,2021-06-29,Online Store,99.59
23894507,21-212-480-468,A-247-1981,Store_2372,2021-06-29,Online Store,64.99
23894507,21-212-480-468,C-190-1981,Store_2372,2021-06-29,Online Store,77.99
23894507,21-212-480-468,J-076-2004,Store_2372,2021-06-29,Online Store,77.99
23894507,21-212-480-468,W-103-1985,Store_2372,2021-06-29,Online Store,73.59
23894507,21-212-480-468,N-190-1981,Store_2372,2021-06-29,Online Store,82.99
23894508,21-212-480-468,I-064-2011,Store_2377,2021-12-11,Online Store,35.99
23894508,21-212-480-468,J-103-2016,Store_2377,2021-12-11,Online Store,41.99
23894508,21-212-480-468,B-019-1989,Store_2377,2021-12-11,Online Store,52.59
23894508,21-212-480-468,N-184-2005,Store_2377,2021-12-11,Online Store,29.59
23894508,21-212-480-468,V-295-1984,Store_2377,2021-12-11,Online Store,22.99
23894509,21-212-480-468,J-205-1999,Store_2425,2021-10-04,Onsite Store,74.99
23894509,21-212-480-468,J-250-1986,Store_2425,2021-10-04,Onsite Store,66.99
23894509,21-212-480-468,Q-091-1998,Store_2425,2021-10-04,Onsite Store,75.99
23894510,21-212-480-468,W-061-1992,Store_2469,2021-02-05,Onsite Store,99.59
23894510,21-212-480-468,I-226-1992,Store_2469,2021-02-05,Onsite Store,64.99
23894510,21-212-480-468,N-076-1985,Store_2469,2021-02-05,Onsite Store,65.99
23894510,21-212-480-468,G-232-2001,Store_2469,2021-02-05,Onsite Store,56.99
23894510,21-212-480-468,A-112-2005,Store_2469,2021-02-05,Onsite Store,129.99
23894510,21-212-480-468,V-286-1986,Store_2469,2021-02-05,Onsite Store,88.99
23894510,21-212-480-468,V-211-1990,Store_2469,2021-02-05,Onsite Store,66.59
23894510,21-212-480-468,W-070-1997,Store_2469,2021-02-05,Onsite Store,55.59
23894511,21-212-480-468,H-142-1998,Store_2451,2021-01-29,Onsite Store,104.99
23894511,21-212-480-468,Q-241-2010,Store_2451,2021-01-29,Onsite Store,61.59
23894511,21-212-480-468,Z-244-1994,Store_2451,2021-01-29,Onsite Store,78.99
23894511,21-212-480-468,I-085-1999,Store_2451,2021-01-29,Onsite Store,57.99
23894511,21-212-480-468,G-181-1992,Store_2451,2021-01-29,Onsite Store,31.99
23894512,11-110-421-578,B-040-1995,Store_2472,2021-06-16,Onsite Store,12.59
23894512,11-110-421-578,F-058-1993,Store_2472,2021-06-16,Onsite Store,51.59
23894512,11-110-421-578,J-142-1984,Store_2472,2021-06-16,Onsite Store,77.59
23894512,11-110-421-578,G-187-1983,Store_2472,2021-06-16,Onsite Store,80.59
23894512,11-110-421-578,A-079-1985,Store_2472,2021-06-16,Onsite Store,61.99
23894513,11-110-421-578,C-292-2001,Store_2392,2021-04-04,Online Store,35.99
23894513,11-110-421-578,Z-229-1983,Store_2392,2021-04-04,Online Store,55.59
23894513,11-110-421-578,N-169-2017,Store_2392,2021-04-04,Online Store,105.59
23894513,11-110-421-578,F-013-1991,Store_2392,2021-04-04,Online Store,53.99
23894514,11-110-421-578,G-235-1980,Store_2476,2021-08-11,Onsite Store,67.99
23894514,11-110-421-578,C-115-1984,Store_2476,2021-08-11,Onsite Store,71.59
23894514,11-110-421-578,G-148-2016,Store_2476,2021-08-11,Onsite Store,34.59
23894514,11-110-421-578,Q-040-2017,Store_2476,2021-08-11,Onsite Store,73.99
23894515,11-110-421-578,Z-175-2010,Store_2446,2021-12-29,Onsite Store,49.99
23894515,11-110-421-578,B-229-1981,Store_2446,2021-12-29,Onsite Store,74.59
23894515,11-110-421-578,V-130-2006,Store_2446,2021-12-29,Onsite Store,68.99
23894515,11-110-421-578,G-151-1983,Store_2446,2021-12-29,Onsite Store,106.99
23894515,11-110-421-578,I-049-1997,Store_2446,2021-12-29,Onsite Store,52.59
23894515,11-110-421-578,Z-019-2005,Store_2446,2021-12-29,Onsite Store,52.59
23894515,11-110-421-578,H-175-1984,Store_2446,2021-12-29,Onsite Store,33.99
23894515,11-110-421-578,C-214-1991,Store_2446,2021-12-29,Onsite Store,58.59
23894515,11-110-421-578,N-166-2008,Store_2446,2021-12-29,Onsite Store,69.59
23894515,11-110-421-578,W-061-1991,Store_2446,2021-12-29,Onsite Store,66.99
23894516,11-110-421-578,I-229-2005,Store_2372,2021-08-25,Online Store,61.99
23894516,11-110-421-578,H-067-2011,Store_2372,2021-08-25,Online Store,52.59
23894516,11-110-421-578,Z-133-1984,Store_2372,2021-08-25,Online Store,83.59
23894516,11-110-421-578,Q-100-2005,Store_2372,2021-08-25,Online Store,41.99
23894517,11-110-421-578,B-163-2012,Store_2420,2021-03-12,Onsite Store,44.99
23894517,11-110-421-578,I-148-1990,Store_2420,2021-03-12,Onsite Store,66.59
23894517,11-110-421-578,V-235-2004,Store_2420,2021-03-12,Onsite Store,55.59
23894517,11-110-421-578,F-274-2008,Store_2420,2021-03-12,Onsite Store,108.59
23894517,11-110-421-578,A-232-2013,Store_2420,2021-03-12,Onsite Store,89.99
23894517,11-110-421-578,I-016-1980,Store_2420,2021-03-12,Onsite Store,31.99
23894517,11-110-421-578,W-280-1981,Store_2420,2021-03-12,Onsite Store,37.59
23894517,11-110-421-578,Q-097-1991,Store_2420,2021-03-12,Onsite Store,39.99
23894518,11-110-421-578,Z-055-1993,Store_2361,2021-03-05,Online Store,87.59
23894518,11-110-421-578,V-271-2008,Store_2361,2021-03-05,Online Store,52.59
23894518,11-110-421-578,J-247-1980,Store_2361,2021-03-05,Online Store,60.99
23894518,11-110-421-578,N-250-1994,Store_2361,2021-03-05,Online Store,65.59
23894518,11-110-421-578,F-232-2000,Store_2361,2021-03-05,Online Store,53.99
23894519,11-110-421-578,V-220-1981,Store_2389,2021-04-03,Online Store,46.59
23894520,11-110-421-578,Z-040-2006,Store_2377,2021-04-19,Online Store,57.99
23894520,11-110-421-578,H-157-2018,Store_2377,2021-04-19,Online Store,48.99
23894520,11-110-421-578,I-214-1993,Store_2377,2021-04-19,Online Store,74.99
23894520,11-110-421-578,B-052-1994,Store_2377,2021-04-19,Online Store,101.99
23894520,11-110-421-578,G-100-1994,Store_2377,2021-04-19,Online Store,75.59
23894520,11-110-421-578,A-091-2009,Store_2377,2021-04-19,Online Store,49.99
23894520,11-110-421-578,A-205-2003,Store_2377,2021-04-19,Online Store,71.59
23894521,94-944-734-297,B-235-2017,Store_2423,2021-09-19,Onsite Store,71.99
23894521,94-944-734-297,G-214-1997,Store_2423,2021-09-19,Onsite Store,67.59
23894522,94-944-734-297,A-232-2005,Store_2448,2021-04-27,Onsite Store,53.59
23894522,94-944-734-297,Z-229-1996,Store_2448,2021-04-27,Onsite Store,87.59
23894522,94-944-734-297,G-139-1986,Store_2448,2021-04-27,Onsite Store,101.99
23894522,94-944-734-297,Q-181-2006,Store_2448,2021-04-27,Onsite Store,75.59
23894522,94-944-734-297,J-133-1986,Store_2448,2021-04-27,Onsite Store,47.99
23894522,94-944-734-297,N-220-2013,Store_2448,2021-04-27,Onsite Store,66.59
23894522,94-944-734-297,C-190-2012,Store_2448,2021-04-27,Onsite Store,87.59
23894523,94-944-734-297,F-055-1999,Store_2406,2021-11-26,Onsite Store,89.99
23894523,94-944-734-297,W-226-1981,Store_2406,2021-11-26,Onsite Store,68.59
23894523,94-944-734-297,B-238-2000,Store_2406,2021-11-26,Onsite Store,22.59
23894523,94-944-734-297,A-190-1995,Store_2406,2021-11-26,Onsite Store,52.99
23894523,94-944-734-297,Z-133-2013,Store_2406,2021-11-26,Onsite Store,50.59
23894524,94-944-734-297,G-079-1985,Store_2403,2021-02-16,Onsite Store,67.99
23894524,94-944-734-297,C-064-2018,Store_2403,2021-02-16,Onsite Store,129.99
23894524,94-944-734-297,I-079-2017,Store_2403,2021-02-16,Onsite Store,90.99
23894524,94-944-734-297,A-019-1981,Store_2403,2021-02-16,Onsite Store,61.99
23894524,94-944-734-297,A-187-1981,Store_2403,2021-02-16,Onsite Store,49.99
23894524,94-944-734-297,B-064-2014,Store_2403,2021-02-16,Onsite Store,88.59
23894524,94-944-734-297,W-160-2014,Store_2403,2021-02-16,Onsite Store,77.59
23894525,94-944-734-297,B-277-2016,Store_2465,2021-01-04,Onsite Store,48.59
23894525,94-944-734-297,I-262-1997,Store_2465,2021-01-04,Onsite Store,76.59
23894525,94-944-734-297,I-271-2013,Store_2465,2021-01-04,Onsite Store,79.99
23894525,94-944-734-297,I-151-1998,Store_2465,2021-01-04,Onsite Store,88.59
23894525,94-944-734-297,N-010-2006,Store_2465,2021-01-04,Onsite Store,25.59
23894525,94-944-734-297,Z-088-1999,Store_2465,2021-01-04,Onsite Store,64.99
23894525,94-944-734-297,F-175-1991,Store_2465,2021-01-04,Onsite Store,66.99
23894525,94-944-734-297,A-253-1999,Store_2465,2021-01-04,Onsite Store,100.99
23894525,94-944-734-297,G-193-1986,Store_2465,2021-01-04,Onsite Store,63.59
23894525,94-944-734-297,W-163-1986,Store_2465,2021-01-04,Onsite Store,46.99
23894526,94-944-734-297,H-037-1981,Store_2422,2021-08-17,Onsite Store,52.99
23894526,94-944-734-297,Q-037-2004,Store_2422,2021-08-17,Onsite Store,36.59
23894526,94-944-734-297,B-112-2018,Store_2422,2021-08-17,Onsite Store,34.99
23894526,94-944-734-297,I-076-2004,Store_2422,2021-08-17,Onsite Store,18.59
23894526,94-944-734-297,W-247-1998,Store_2422,2021-08-17,Onsite Store,63.59
23894526,94-944-734-297,H-067-2013,Store_2422,2021-08-17,Onsite Store,86.59
23894526,94-944-734-297,V-244-2014,Store_2422,2021-08-17,Onsite Store,48.59
23894526,94-944-734-297,I-271-2007,Store_2422,2021-08-17,Onsite Store,90.59
23894526,94-944-734-297,I-016-2014,Store_2422,2021-08-17,Onsite Store,94.59
23894527,94-944-734-297,V-079-2008,Store_2421,2021-04-25,Onsite Store,75.99
23894527,94-944-734-297,W-295-2003,Store_2421,2021-04-25,Onsite Store,75.59
23894528,94-944-734-297,N-244-2008,Store_2460,2021-02-24,Onsite Store,31.59
23894528,94-944-734-297,W-052-2010,Store_2460,2021-02-24,Onsite Store,70.99
23894528,94-944-734-297,H-217-2006,Store_2460,2021-02-24,Onsite Store,64.99
23894528,94-944-734-297,A-013-2000,Store_2460,2021-02-24,Onsite Store,84.99
23894528,94-944-734-297,I-211-2014,Store_2460,2021-02-24,Onsite Store,90.59
23894528,94-944-734-297,Q-052-2014,Store_2460,2021-02-24,Onsite Store,30.99
23894528,94-944-734-297,J-181-2010,Store_2460,2021-02-24,Onsite Store,18.99
23894529,94-944-734-297,A-046-2005,Store_2467,2021-03-28,Onsite Store,42.59
23894529,94-944-734-297,A-232-1991,Store_2467,2021-03-28,Onsite Store,46.99
23894529,94-944-734-297,I-001-1998,Store_2467,2021-03-28,Onsite Store,45.99
23894530,62-621-403-937,C-208-2000,Store_2444,2021-12-07,Onsite Store,54.99
23894530,62-621-403-937,N-148-1989,Store_2444,2021-12-07,Onsite Store,74.59
23894530,62-621-403-937,Q-109-1987,Store_2444,2021-12-07,Onsite Store,97.99
23894531,62-621-403-937,H-067-1993,Store_2387,2021-01-15,Online Store,70.99
23894531,62-621-403-937,N-049-1982,Store_2387,2021-01-15,Online Store,29.99
23894531,62-621-403-937,N-052-2014,Store_2387,2021-01-15,Online Store,46.99
23894531,62-621-403-937,W-007-2009,Store_2387,2021-01-15,Online Store,77.59
23894531,62-621-403-937,W-235-2016,Store_2387,2021-01-15,Online Store,51.59
23894531,62-621-403-937,I-148-1984,Store_2387,2021-01-15,Online Store,74.99
23894531,62-621-403-937,A-004-1989,Store_2387,2021-01-15,Online Store,115.99
23894531,62-621-403-937,I-028-2018,Store_2387,2021-01-15,Online Store,82.59
23894532,62-621-403-937,W-289-2015,Store_2417,2021-02-23,Onsite Store,80.99
23894532,62-621-403-937,Z-136-2015,Store_2417,2021-02-23,Onsite Store,44.99
23894532,62-621-403-937,W-097-1996,Store_2417,2021-02-23,Onsite Store,104.99
23894532,62-621-403-937,N-214-1997,Store_2417,2021-02-23,Onsite Store,71.99
23894532,62-621-403-937,N-298-1985,Store_2417,2021-02-23,Onsite Store,45.99
23894532,62-621-403-937,Q-298-1988,Store_2417,2021-02-23,Onsite Store,127.59
23894532,62-621-403-937,Q-190-2013,Store_2417,2021-02-23,Onsite Store,80.99
23894533,62-621-403-937,C-226-2001,Store_2453,2021-11-29,Onsite Store,41.59
23894533,62-621-403-937,Q-181-2011,Store_2453,2021-11-29,Onsite Store,53.99
23894533,62-621-403-937,B-238-1982,Store_2453,2021-11-29,Onsite Store,83.99
23894533,62-621-403-937,A-031-2012,Store_2453,2021-11-29,Onsite Store,56.59
23894533,62-621-403-937,W-034-1989,Store_2453,2021-11-29,Onsite Store,75.99
23894533,62-621-403-937,Z-007-1988,Store_2453,2021-11-29,Onsite Store,67.59
23894534,62-621-403-937,J-247-1986,Store_2370,2021-07-03,Online Store,112.59
23894534,62-621-403-937,Z-235-2012,Store_2370,2021-07-03,Online Store,43.99
23894534,62-621-403-937,B-157-1981,Store_2370,2021-07-03,Online Store,58.99
23894534,62-621-403-937,J-202-1985,Store_2370,2021-07-03,Online Store,92.99
23894534,62-621-403-937,N-127-1983,Store_2370,2021-07-03,Online Store,64.59
23894534,62-621-403-937,Q-253-1981,Store_2370,2021-07-03,Online Store,68.59
23894535,62-621-403-937,C-169-2004,Store_2351,2021-01-01,Online Store,60.99
23894535,62-621-403-937,N-031-1998,Store_2351,2021-01-01,Online Store,62.59
23894535,62-621-403-937,H-010-2016,Store_2351,2021-01-01,Online Store,58.99
23894535,62-621-403-937,G-055-2001,Store_2351,2021-01-01,Online Store,63.59
23894536,62-621-403-937,H-043-2000,Store_2463,2021-08-26,Onsite Store,32.59
23894536,62-621-403-937,C-118-1998,Store_2463,2021-08-26,Onsite Store,29.59
23894536,62-621-403-937,A-055-2017,Store_2463,2021-08-26,Onsite Store,95.99
23894536,62-621-403-937,V-277-2008,Store_2463,2021-08-26,Onsite Store,42.59
23894536,62-621-403-937,I-016-1996,Store_2463,2021-08-26,Onsite Store,83.59
23894536,62-621-403-937,V-262-1993,Store_2463,2021-08-26,Onsite Store,110.99
23894536,62-621-403-937,Q-154-1991,Store_2463,2021-08-26,Onsite Store,75.99
23894536,62-621-403-937,Z-145-2015,Store_2463,2021-08-26,Onsite Store,50.99
23894536,62-621-403-937,G-115-2015,Store_2463,2021-08-26,Onsite Store,38.59
23894537,62-621-403-937,N-280-1986,Store_2475,2021-05-13,Onsite Store,95.99
23894537,62-621-403-937,F-070-2003,Store_2475,2021-05-13,Onsite Store,118.59
23894537,62-621-403-937,B-175-2004,Store_2475,2021-05-13,Onsite Store,83.99
23894537,62-621-403-937,V-220-1992,Store_2475,2021-05-13,Onsite Store,94.99
23894537,62-621-403-937,C-178-2010,Store_2475,2021-05-13,Onsite Store,49.59
23894537,62-621-403-937,B-013-2013,Store_2475,2021-05-13,Onsite Store,76.59
23894537,62-621-403-937,B-196-1985,Store_2475,2021-05-13,Onsite Store,45.99
23894538,62-621-403-937,B-010-2006,Store_2471,2021-05-20,Onsite Store,73.59
23894538,62-621-403-937,H-193-2003,Store_2471,2021-05-20,Onsite Store,22.59
23894538,62-621-403-937,C-010-2009,Store_2471,2021-05-20,Onsite Store,36.99
23894538,62-621-403-937,A-160-2002,Store_2471,2021-05-20,Onsite Store,137.99
23894538,62-621-403-937,J-232-2016,Store_2471,2021-05-20,Onsite Store,84.99
23894539,15-153-294-823,C-004-2006,Store_2440,2021-08-03,Onsite Store,43.59
23894539,15-153-294-823,W-256-1980,Store_2440,2021-08-03,Onsite Store,33.99
23894539,15-153-294-823,W-076-2001,Store_2440,2021-08-03,Onsite Store,106.99
23894539,15-153-294-823,I-277-2000,Store_2440,2021-08-03,Onsite Store,57.59
23894540,15-153-294-823,Q-268-1990,Store_2401,2021-02-22,Onsite Store,33.59
23894540,15-153-294-823,W-118-1983,Store_2401,2021-02-22,Onsite Store,70.59
23894540,15-153-294-823,V-010-2005,Store_2401,2021-02-22,Onsite Store,52.59
23894541,15-153-294-823,Z-238-1985,Store_2373,2021-02-21,Online Store,69.59
23894541,15-153-294-823,Q-034-2006,Store_2373,2021-02-21,Online Store,53.59
23894541,15-153-294-823,J-262-2013,Store_2373,2021-02-21,Online Store,43.59
23894541,15-153-294-823,A-082-1987,Store_2373,2021-02-21,Online Store,88.59
23894541,15-153-294-823,N-211-1983,Store_2373,2021-02-21,Online Store,60.59
23894541,15-153-294-823,B-190-2016,Store_2373,2021-02-21,Online Store,61.99
23894541,15-153-294-823,G-172-1992,Store_2373,2021-02-21,Online Store,87.59
23894541,15-153-294-823,Q-121-2010,Store_2373,2021-02-21,Online Store,61.59
23894542,15-153-294-823,N-133-1987,Store_2436,2021-10-17,Onsite Store,76.99
23894542,15-153-294-823,H-136-2007,Store_2436,2021-10-17,Onsite Store,79.59
23894542,15-153-294-823,C-157-2010,Store_2436,2021-10-17,Onsite Store,44.59
23894542,15-153-294-823,A-253-1994,Store_2436,2021-10-17,Onsite Store,35.59
23894542,15-153-294-823,B-091-2003,Store_2436,2021-10-17,Onsite Store,91.99
23894543,15-153-294-823,N-088-2001,Store_2421,2021-03-20,Onsite Store,46.59
23894543,15-153-294-823,N-013-1984,Store_2421,2021-03-20,Onsite Store,80.59
23894543,15-153-294-823,H-193-1980,Store_2421,2021-03-20,Onsite Store,125.99
23894543,15-153-294-823,A-025-2014,Store_2421,2021-03-20,Onsite Store,66.59
23894543,15-153-294-823,B-043-1981,Store_2421,2021-03-20,Onsite Store,65.99
23894543,15-153-294-823,A-250-2003,Store_2421,2021-03-20,Onsite Store,31.99
23894544,15-153-294-823,Q-163-2010,Store_2452,2021-04-04,Onsite Store,51.99
23894544,15-153-294-823,G-259-1982,Store_2452,2021-04-04,Onsite Store,132.59
23894544,15-153-294-823,Z-088-1988,Store_2452,2021-04-04,Onsite Store,33.59
23894544,15-153-294-823,B-094-1982,Store_2452,2021-04-04,Onsite Store,44.99
23894544,15-153-294-823,J-007-2018,Store_2452,2021-04-04,Onsite Store,112.59
23894545,15-153-294-823,H-244-1989,Store_2362,2021-06-13,Online Store,61.99
23894545,15-153-294-823,A-181-1996,Store_2362,2021-06-13,Online Store,63.59
23894545,15-153-294-823,I-175-1996,Store_2362,2021-06-13,Online Store,55.99
23894545,15-153-294-823,C-166-1983,Store_2362,2021-06-13,Online Store,62.99
23894545,15-153-294-823,B-157-2004,Store_2362,2021-06-13,Online Store,107.99
23894545,15-153-294-823,W-256-2002,Store_2362,2021-06-13,Online Store,70.59
23894545,15-153-294-823,Q-292-1983,Store_2362,2021-06-13,Online Store,61.99
23894545,15-153-294-823,Q-133-2009,Store_2362,2021-06-13,Online Store,82.59
23894546,15-153-294-823,C-067-1983,Store_2450,2021-08-17,Onsite Store,102.59
23894546,15-153-294-823,Q-223-2010,Store_2450,2021-08-17,Onsite Store,72.59
23894546,15-153-294-823,Z-124-1983,Store_2450,2021-08-17,Onsite Store,78.59
23894546,15-153-294-823,V-226-2007,Store_2450,2021-08-17,Onsite Store,74.99
23894546,15-153-294-823,J-205-2009,Store_2450,2021-08-17,Onsite Store,37.99
23894546,15-153-294-823,G-205-2014,Store_2450,2021-08-17,Onsite Store,21.99
23894546,15-153-294-823,A-172-2016,Store_2450,2021-08-17,Onsite Store,56.59
23894546,15-153-294-823,G-028-1991,Store_2450,2021-08-17,Onsite Store,49.59
23894547,15-153-294-823,W-220-2006,Store_2451,2021-01-13,Onsite Store,45.59
23894547,15-153-294-823,G-043-2014,Store_2451,2021-01-13,Onsite Store,63.99
23894547,15-153-294-823,Z-160-2012,Store_2451,2021-01-13,Onsite Store,43.99
23894547,15-153-294-823,B-133-2007,Store_2451,2021-01-13,Onsite Store,85.99
23894548,29-295-428-469,A-175-1998,Store_2361,2021-10-28,Online Store,69.59
23894549,29-295-428-469,W-238-2016,Store_2446,2021-11-25,Onsite Store,147.59
23894549,29-295-428-469,H-028-1992,Store_2446,2021-11-25,Onsite Store,36.99
23894550,29-295-428-469,F-286-1992,Store_2383,2021-11-23,Online Store,24.99
23894550,29-295-428-469,C-142-2011,Store_2383,2021-11-23,Online Store,87.59
23894550,29-295-428-469,A-190-2000,Store_2383,2021-11-23,Online Store,100.59
23894550,29-295-428-469,J-286-2006,Store_2383,2021-11-23,Online Store,56.99
23894551,29-295-428-469,C-031-1991,Store_2412,2021-11-01,Onsite Store,51.59
23894551,29-295-428-469,G-154-2017,Store_2412,2021-11-01,Onsite Store,89.99
23894551,29-295-428-469,I-118-2008,Store_2412,2021-11-01,Onsite Store,113.59
23894551,29-295-428-469,B-121-1982,Store_2412,2021-11-01,Onsite Store,25.99
23894551,29-295-428-469,J-244-2007,Store_2412,2021-11-01,Onsite Store,70.59
23894551,29-295-428-469,B-034-2015,Store_2412,2021-11-01,Onsite Store,69.99
23894551,29-295-428-469,C-136-2018,Store_2412,2021-11-01,Onsite Store,86.59
23894552,29-295-428-469,A-127-2016,Store_2468,2021-02-24,Onsite Store,63.59
23894552,29-295-428-469,Q-073-2012,Store_2468,2021-02-24,Onsite Store,66.59
23894553,29-295-428-469,V-094-1980,Store_2365,2021-10-24,Online Store,58.99
23894553,29-295-428-469,G-082-2011,Store_2365,2021-10-24,Online Store,15.59
23894553,29-295-428-469,N-139-1990,Store_2365,2021-10-24,Online Store,96.59
23894553,29-295-428-469,W-124-1981,Store_2365,2021-10-24,Online Store,62.59
23894553,29-295-428-469,W-052-1986,Store_2365,2021-10-24,Online Store,37.59
23894554,29-295-428-469,Q-295-2017,Store_2464,2021-12-08,Onsite Store,67.99
23894554,29-295-428-469,C-283-2008,Store_2464,2021-12-08,Onsite Store,74.59
23894554,29-295-428-469,F-190-1995,Store_2464,2021-12-08,Onsite Store,75.99
23894554,29-295-428-469,Z-079-1980,Store_2464,2021-12-08,Onsite Store,75.99
23894555,29-295-428-469,G-181-1989,Store_2451,2021-10-12,Onsite Store,67.59
23894555,29-295-428-469,Q-235-2008,Store_2451,2021-10-12,Onsite Store,37.99
23894555,29-295-428-469,B-115-1997,Store_2451,2021-10-12,Onsite Store,66.99
23894555,29-295-428-469,J-130-2004,Store_2451,2021-10-12,Onsite Store,47.99
23894555,29-295-428-469,J-139-1984,Store_2451,2021-10-12,Onsite Store,55.59
23894555,29-295-428-469,C-076-1997,Store_2451,2021-10-12,Onsite Store,30.99
23894555,29-295-428-469,I-112-1988,Store_2451,2021-10-12,Onsite Store,62.99
23894555,29-295-428-469,Z-034-1986,Store_2451,2021-10-12,Onsite Store,53.99
23894555,29-295-428-469,F-181-1994,Store_2451,2021-10-12,Onsite Store,84.59
23894555,29-295-428-469,I-082-1992,Store_2451,2021-10-12,Onsite Store,58.59
23894555,29-295-428-469,Z-112-2007,Store_2451,2021-10-12,Onsite Store,124.59
23894556,29-295-428-469,W-214-1980,Store_2353,2021-12-20,Online Store,41.59
23894556,29-295-428-469,W-022-1987,Store_2353,2021-12-20,Online Store,52.99
23894556,29-295-428-469,A-238-2009,Store_2353,2021-12-20,Online Store,44.59
23894556,29-295-428-469,H-298-1999,Store_2353,2021-12-20,Online Store,76.59
23894557,56-568-440-237,F-091-2014,Store_2356,2021-02-14,Online Store,40.99
23894557,56-568-440-237,C-295-1983,Store_2356,2021-02-14,Online Store,49.99
23894557,56-568-440-237,J-217-1980,Store_2356,2021-02-14,Online Store,99.99
23894557,56-568-440-237,A-013-1986,Store_2356,2021-02-14,Online Store,75.59
23894557,56-568-440-237,W-049-1997,Store_2356,2021-02-14,Online Store,66.99
23894557,56-568-440-237,Z-220-1989,Store_2356,2021-02-14,Online Store,65.99
23894557,56-568-440-237,C-046-1990,Store_2356,2021-02-14,Online Store,81.99
23894557,56-568-440-237,I-145-2014,Store_2356,2021-02-14,Online Store,17.99
23894557,56-568-440-237,J-013-1991,Store_2356,2021-02-14,Online Store,49.59
23894557,56-568-440-237,I-055-1995,Store_2356,2021-02-14,Online Store,122.59
23894557,56-568-440-237,Q-076-1986,Store_2356,2021-02-14,Online Store,43.99
23894558,56-568-440-237,G-169-1986,Store_2401,2021-01-03,Onsite Store,60.99
23894558,56-568-440-237,G-043-2017,Store_2401,2021-01-03,Onsite Store,91.59
23894558,56-568-440-237,C-163-2008,Store_2401,2021-01-03,Onsite Store,25.99
23894558,56-568-440-237,J-274-2003,Store_2401,2021-01-03,Onsite Store,61.99
23894559,56-568-440-237,W-208-1985,Store_2458,2021-11-26,Onsite Store,82.59
23894559,56-568-440-237,V-055-2013,Store_2458,2021-11-26,Onsite Store,91.99
23894559,56-568-440-237,C-280-1993,Store_2458,2021-11-26,Onsite Store,46.99
23894559,56-568-440-237,Q-250-2011,Store_2458,2021-11-26,Onsite Store,50.99
23894559,56-568-440-237,N-193-1998,Store_2458,2021-11-26,Onsite Store,112.99
23894559,56-568-440-237,W-169-2013,Store_2458,2021-11-26,Onsite Store,64.99
23894560,56-568-440-237,B-268-1983,Store_2460,2021-04-19,Onsite Store,47.59
23894560,56-568-440-237,V-280-2001,Store_2460,2021-04-19,Onsite Store,62.99
23894560,56-568-440-237,B-016-1998,Store_2460,2021-04-19,Onsite Store,73.99
23894560,56-568-440-237,C-274-2008,Store_2460,2021-04-19,Onsite Store,59.59
23894560,56-568-440-237,H-226-1996,Store_2460,2021-04-19,Onsite Store,76.59
23894560,56-568-440-237,F-190-2004,Store_2460,2021-04-19,Onsite Store,46.59
23894560,56-568-440-237,Q-010-1987,Store_2460,2021-04-19,Onsite Store,115.59
23894561,56-568-440-237,Z-106-2014,Store_2392,2021-09-18,Online Store,82.99
23894561,56-568-440-237,C-157-2001,Store_2392,2021-09-18,Online Store,34.59
23894561,56-568-440-237,B-028-1982,Store_2392,2021-09-18,Online Store,68.59
23894561,56-568-440-237,Z-061-2003,Store_2392,2021-09-18,Online Store,93.99
23894561,56-568-440-237,B-037-2016,Store_2392,2021-09-18,Online Store,64.59
23894562,56-568-440-237,J-298-2003,Store_2461,2021-11-16,Onsite Store,81.59
23894562,56-568-440-237,I-268-2015,Store_2461,2021-11-16,Onsite Store,34.59
23894562,56-568-440-237,Q-097-1982,Store_2461,2021-11-16,Onsite Store,53.99
23894562,56-568-440-237,I-085-1999,Store_2461,2021-11-16,Onsite Store,57.99
23894562,56-568-440-237,F-154-1989,Store_2461,2021-11-16,Onsite Store,96.99
23894562,56-568-440-237,V-181-1986,Store_2461,2021-11-16,Onsite Store,97.59
23894563,56-568-440-237,B-139-1987,Store_2417,2021-07-30,Onsite Store,64.59
23894563,56-568-440-237,F-175-1987,Store_2417,2021-07-30,Onsite Store,46.59
23894563,56-568-440-237,Q-001-1981,Store_2417,2021-07-30,Onsite Store,89.59
23894563,56-568-440-237,V-160-1997,Store_2417,2021-07-30,Onsite Store,55.99
23894563,56-568-440-237,G-274-1983,Store_2417,2021-07-30,Onsite Store,47.59
23894563,56-568-440-237,B-004-2017,Store_2417,2021-07-30,Onsite Store,67.99
23894564,56-568-440-237,I-037-1989,Store_2404,2021-10-30,Onsite Store,128.99
23894564,56-568-440-237,Q-088-2011,Store_2404,2021-10-30,Onsite Store,88.59
23894565,56-568-440-237,G-235-1994,Store_2384,2021-04-10,Online Store,19.99
23894565,56-568-440-237,N-064-1992,Store_2384,2021-04-10,Online Store,56.59
23894565,56-568-440-237,V-010-2000,Store_2384,2021-04-10,Online Store,37.99
23894566,70-708-187-206,F-295-2007,Store_2432,2021-08-28,Onsite Store,20.59
23894567,70-708-187-206,H-292-1987,Store_2408,2021-02-12,Onsite Store,73.59
23894567,70-708-187-206,G-247-2010,Store_2408,2021-02-12,Onsite Store,72.59
23894567,70-708-187-206,A-160-1980,Store_2408,2021-02-12,Onsite Store,77.99
23894567,70-708-187-206,F-055-1995,Store_2408,2021-02-12,Onsite Store,27.99
23894567,70-708-187-206,B-175-1993,Store_2408,2021-02-12,Onsite Store,73.99
23894567,70-708-187-206,J-187-2018,Store_2408,2021-02-12,Onsite Store,94.59
23894567,70-708-187-206,F-109-2002,Store_2408,2021-02-12,Onsite Store,111.59
23894568,70-708-187-206,G-253-2009,Store_2392,2021-09-28,Online Store,54.99
23894568,70-708-187-206,W-247-2017,Store_2392,2021-09-28,Online Store,55.59
23894568,70-708-187-206,Z-244-2002,Store_2392,2021-09-28,Online Store,34.99
23894568,70-708-187-206,W-283-2006,Store_2392,2021-09-28,Online Store,98.59
23894568,70-708-187-206,Z-142-1993,Store_2392,2021-09-28,Online Store,76.59
23894568,70-708-187-206,F-214-2007,Store_2392,2021-09-28,Online Store,52.99
23894569,70-708-187-206,Z-067-1997,Store_2357,2021-04-07,Online Store,98.99
23894569,70-708-187-206,G-109-1991,Store_2357,2021-04-07,Online Store,89.99
23894569,70-708-187-206,W-142-2006,Store_2357,2021-04-07,Online Store,60.99
23894569,70-708-187-206,J-259-2015,Store_2357,2021-04-07,Online Store,87.59
23894569,70-708-187-206,Q-181-2006,Store_2357,2021-04-07,Online Store,75.59
23894569,70-708-187-206,V-145-2013,Store_2357,2021-04-07,Online Store,71.59
23894569,70-708-187-206,I-091-1999,Store_2357,2021-04-07,Online Store,64.99
23894569,70-708-187-206,W-247-1989,Store_2357,2021-04-07,Online Store,93.59
23894570,70-708-187-206,C-247-1985,Store_2473,2021-01-17,Onsite Store,57.59
23894570,70-708-187-206,Q-106-2017,Store_2473,2021-01-17,Onsite Store,20.59
23894570,70-708-187-206,V-001-2004,Store_2473,2021-01-17,Onsite Store,66.59
23894570,70-708-187-206,G-004-2007,Store_2473,2021-01-17,Onsite Store,91.99
23894570,70-708-187-206,J-004-1990,Store_2473,2021-01-17,Onsite Store,73.59
23894570,70-708-187-206,Z-046-2015,Store_2473,2021-01-17,Onsite Store,19.99
23894571,70-708-187-206,Q-256-1995,Store_2448,2021-10-06,Onsite Store,14.99
23894571,70-708-187-206,V-247-1983,Store_2448,2021-10-06,Onsite Store,29.59
23894571,70-708-187-206,Z-226-2001,Store_2448,2021-10-06,Onsite Store,60.59
23894571,70-708-187-206,C-238-2002,Store_2448,2021-10-06,Onsite Store,39.59
23894571,70-708-187-206,N-040-1993,Store_2448,2021-10-06,Onsite Store,53.59
23894571,70-708-187-206,G-214-2006,Store_2448,2021-10-06,Onsite Store,37.99
23894571,70-708-187-206,Q-175-1992,Store_2448,2021-10-06,Onsite Store,15.99
23894571,70-708-187-206,Q-172-1997,Store_2448,2021-10-06,Onsite Store,103.99
23894571,70-708-187-206,Z-217-1983,Store_2448,2021-10-06,Onsite Store,97.99
23894572,70-708-187-206,V-220-1989,Store_2462,2021-06-18,Onsite Store,81.59
23894572,70-708-187-206,V-055-2005,Store_2462,2021-06-18,Onsite Store,81.59
23894572,70-708-187-206,Z-259-2017,Store_2462,2021-06-18,Onsite Store,128.99
23894572,70-708-187-206,C-229-1996,Store_2462,2021-06-18,Onsite Store,50.59
23894572,70-708-187-206,C-031-2010,Store_2462,2021-06-18,Onsite Store,51.99
23894572,70-708-187-206,Z-187-1998,Store_2462,2021-06-18,Onsite Store,71.99
23894572,70-708-187-206,F-247-1996,Store_2462,2021-06-18,Onsite Store,49.99
23894572,70-708-187-206,A-265-1986,Store_2462,2021-06-18,Onsite Store,82.59
23894572,70-708-187-206,A-067-2012,Store_2462,2021-06-18,Onsite Store,81.59
23894572,70-708-187-206,J-250-2004,Store_2462,2021-06-18,Onsite Store,57.99
23894573,70-708-187-206,B-196-1999,Store_2384,2021-05-27,Online Store,49.99
23894573,70-708-187-206,V-187-2016,Store_2384,2021-05-27,Online Store,61.59
23894574,70-708-187-206,H-244-1998,Store_2367,2021-09-27,Online Store,98.99
23894574,70-708-187-206,C-004-2012,Store_2367,2021-09-27,Online Store,78.99
23894574,70-708-187-206,Z-226-2006,Store_2367,2021-09-27,Online Store,99.59
23894574,70-708-187-206,J-076-2008,Store_2367,2021-09-27,Online Store,49.59
23894574,70-708-187-206,C-010-2006,Store_2367,2021-09-27,Online Store,43.59
23894574,70-708-187-206,A-154-1981,Store_2367,2021-09-27,Online Store,93.99
23894574,70-708-187-206,J-034-1993,Store_2367,2021-09-27,Online Store,48.59
23894574,70-708-187-206,N-070-2002,Store_2367,2021-09-27,Online Store,53.59
23894574,70-708-187-206,H-181-1994,Store_2367,2021-09-27,Online Store,49.99
23894575,26-261-284-762,F-136-2013,Store_2413,2021-04-23,Onsite Store,81.99
23894575,26-261-284-762,C-151-1982,Store_2413,2021-04-23,Onsite Store,122.99
23894575,26-261-284-762,B-172-2018,Store_2413,2021-04-23,Onsite Store,62.59
23894575,26-261-284-762,V-082-2008,Store_2413,2021-04-23,Onsite Store,86.59
23894575,26-261-284-762,F-238-2001,Store_2413,2021-04-23,Onsite Store,79.99
23894575,26-261-284-762,J-193-2010,Store_2413,2021-04-23,Onsite Store,46.99
23894575,26-261-284-762,N-058-1985,Store_2413,2021-04-23,Onsite Store,68.99
23894576,26-261-284-762,F-046-2011,Store_2464,2021-11-23,Onsite Store,65.59
23894576,26-261-284-762,N-172-2006,Store_2464,2021-11-23,Onsite Store,81.59
23894576,26-261-284-762,V-136-2000,Store_2464,2021-11-23,Onsite Store,83.59
23894576,26-261-284-762,N-202-1982,Store_2464,2021-11-23,Onsite Store,38.99
23894576,26-261-284-762,Q-292-2005,Store_2464,2021-11-23,Onsite Store,80.59
23894577,26-261-284-762,C-055-1993,Store_2363,2021-07-07,Online Store,45.59
23894577,26-261-284-762,F-106-2003,Store_2363,2021-07-07,Online Store,58.99
23894577,26-261-284-762,A-178-1982,Store_2363,2021-07-07,Online Store,88.99
23894577,26-261-284-762,B-064-1988,Store_2363,2021-07-07,Online Store,41.99
23894577,26-261-284-762,H-169-1988,Store_2363,2021-07-07,Online Store,60.59
23894577,26-261-284-762,W-031-2014,Store_2363,2021-07-07,Online Store,97.99
23894578,26-261-284-762,F-001-1990,Store_2350,2021-12-04,Online Store,62.59
23894578,26-261-284-762,H-235-2009,Store_2350,2021-12-04,Online Store,75.59
23894578,26-261-284-762,N-274-2003,Store_2350,2021-12-04,Online Store,68.59
23894578,26-261-284-762,N-028-1997,Store_2350,2021-12-04,Online Store,92.99
23894578,26-261-284-762,I-016-2015,Store_2350,2021-12-04,Online Store,82.99
23894578,26-261-284-762,G-094-2013,Store_2350,2021-12-04,Online Store,49.99
23894578,26-261-284-762,H-103-1995,Store_2350,2021-12-04,Online Store,19.59
23894578,26-261-284-762,I-058-1995,Store_2350,2021-12-04,Online Store,47.99
23894578,26-261-284-762,V-262-2017,Store_2350,2021-12-04,Online Store,40.99
23894578,26-261-284-762,V-112-1984,Store_2350,2021-12-04,Online Store,76.59
23894578,26-261-284-762,F-034-1992,Store_2350,2021-12-04,Online Store,36.59
23894578,26-261-284-762,I-007-2001,Store_2350,2021-12-04,Online Store,76.99
23894578,26-261-284-762,W-208-2016,Store_2350,2021-12-04,Online Store,37.59
23894578,26-261-284-762,B-289-1990,Store_2350,2021-12-04,Online Store,87.59
23894579,26-261-284-762,H-274-1994,Store_2411,2021-05-31,Onsite Store,111.99
23894579,26-261-284-762,V-124-1995,Store_2411,2021-05-31,Onsite Store,77.99
23894579,26-261-284-762,H-148-1990,Store_2411,2021-05-31,Onsite Store,74.59
23894579,26-261-284-762,I-118-2001,Store_2411,2021-05-31,Onsite Store,65.99
23894579,26-261-284-762,G-043-2008,Store_2411,2021-05-31,Onsite Store,122.99
23894579,26-261-284-762,C-019-1997,Store_2411,2021-05-31,Onsite Store,74.99
23894579,26-261-284-762,I-019-1985,Store_2411,2021-05-31,Onsite Store,74.59
23894580,26-261-284-762,A-088-1999,Store_2429,2021-04-12,Onsite Store,29.59
23894580,26-261-284-762,F-094-1995,Store_2429,2021-04-12,Onsite Store,47.59
23894580,26-261-284-762,C-160-2006,Store_2429,2021-04-12,Onsite Store,40.99
23894580,26-261-284-762,I-007-2005,Store_2429,2021-04-12,Onsite Store,44.99
23894580,26-261-284-762,Z-163-1996,Store_2429,2021-04-12,Onsite Store,134.99
23894581,26-261-284-762,F-190-2017,Store_2440,2021-10-31,Onsite Store,98.59
23894581,26-261-284-762,J-112-1983,Store_2440,2021-10-31,Onsite Store,59.99
23894581,26-261-284-762,J-001-2013,Store_2440,2021-10-31,Onsite Store,13.99
23894581,26-261-284-762,C-067-2001,Store_2440,2021-10-31,Onsite Store,56.99
23894581,26-261-284-762,V-019-2012,Store_2440,2021-10-31,Onsite Store,46.99
23894581,26-261-284-762,N-190-1996,Store_2440,2021-10-31,Onsite Store,40.59
23894581,26-261-284-762,I-259-1991,Store_2440,2021-10-31,Onsite Store,47.59
23894581,26-261-284-762,H-250-2012,Store_2440,2021-10-31,Onsite Store,126.59
23894581,26-261-284-762,Q-169-1992,Store_2440,2021-10-31,Onsite Store,41.99
23894581,26-261-284-762,G-199-2013,Store_2440,2021-10-31,Onsite Store,77.99
23894581,26-261-284-762,I-160-1997,Store_2440,2021-10-31,Onsite Store,113.99
23894581,26-261-284-762,H-043-1988,Store_2440,2021-10-31,Onsite Store,117.59
23894582,26-261-284-762,N-214-2010,Store_2378,2021-02-09,Online Store,45.59
23894582,26-261-284-762,N-181-2008,Store_2378,2021-02-09,Online Store,111.99
23894582,26-261-284-762,A-280-2007,Store_2378,2021-02-09,Online Store,73.59
23894583,26-261-284-762,Q-097-1987,Store_2465,2021-03-30,Onsite Store,53.99
23894583,26-261-284-762,N-130-2005,Store_2465,2021-03-30,Onsite Store,65.99
23894583,26-261-284-762,G-235-2013,Store_2465,2021-03-30,Onsite Store,113.59
23894584,40-406-835-872,B-085-1995,Store_2373,2021-09-12,Online Store,91.59
23894584,40-406-835-872,B-295-1985,Store_2373,2021-09-12,Online Store,48.59
23894584,40-406-835-872,Q-052-1997,Store_2373,2021-09-12,Online Store,69.59
23894584,40-406-835-872,G-148-1992,Store_2373,2021-09-12,Online Store,35.59
23894584,40-406-835-872,Z-280-1986,Store_2373,2021-09-12,Online Store,55.99
23894584,40-406-835-872,A-094-2007,Store_2373,2021-09-12,Online Store,58.59
23894584,40-406-835-872,J-064-1996,Store_2373,2021-09-12,Online Store,109.99
23894584,40-406-835-872,B-067-2013,Store_2373,2021-09-12,Online Store,29.59
23894584,40-406-835-872,C-091-2001,Store_2373,2021-09-12,Online Store,52.99
23894585,40-406-835-872,V-151-1994,Store_2361,2021-07-31,Online Store,96.59
23894585,40-406-835-872,F-208-2011,Store_2361,2021-07-31,Online Store,57.99
23894586,40-406-835-872,A-007-1999,Store_2402,2021-03-31,Onsite Store,86.99
23894586,40-406-835-872,Z-214-2002,Store_2402,2021-03-31,Onsite Store,62.99
23894586,40-406-835-872,J-040-1997,Store_2402,2021-03-31,Onsite Store,71.59
23894586,40-406-835-872,B-277-1989,Store_2402,2021-03-31,Onsite Store,76.99
23894586,40-406-835-872,J-232-2001,Store_2402,2021-03-31,Onsite Store,89.99
23894586,40-406-835-872,W-283-2002,Store_2402,2021-03-31,Onsite Store,22.99
23894586,40-406-835-872,H-178-2003,Store_2402,2021-03-31,Onsite Store,24.99
23894587,40-406-835-872,I-142-2013,Store_2395,2021-11-20,Online Store,49.59
23894587,40-406-835-872,V-214-1994,Store_2395,2021-11-20,Online Store,49.59
23894587,40-406-835-872,F-133-2001,Store_2395,2021-11-20,Online Store,91.99
23894587,40-406-835-872,C-004-2018,Store_2395,2021-11-20,Online Store,94.99
23894587,40-406-835-872,B-292-2010,Store_2395,2021-11-20,Online Store,34.59
23894587,40-406-835-872,A-058-2013,Store_2395,2021-11-20,Online Store,53.59
23894588,40-406-835-872,F-280-2002,Store_2445,2021-12-07,Onsite Store,79.99
23894588,40-406-835-872,Z-241-2000,Store_2445,2021-12-07,Onsite Store,54.99
23894589,40-406-835-872,W-040-1987,Store_2455,2021-01-08,Onsite Store,40.59
23894589,40-406-835-872,N-040-1987,Store_2455,2021-01-08,Onsite Store,66.59
23894589,40-406-835-872,N-019-1991,Store_2455,2021-01-08,Onsite Store,50.99
23894589,40-406-835-872,H-253-2015,Store_2455,2021-01-08,Onsite Store,73.99
23894590,40-406-835-872,I-256-1999,Store_2358,2021-08-24,Online Store,89.59
23894590,40-406-835-872,V-043-2006,Store_2358,2021-08-24,Online Store,95.99
23894590,40-406-835-872,G-040-1986,Store_2358,2021-08-24,Online Store,72.99
23894590,40-406-835-872,V-163-2005,Store_2358,2021-08-24,Online Store,73.99
23894590,40-406-835-872,A-151-1982,Store_2358,2021-08-24,Online Store,82.59
23894590,40-406-835-872,F-106-1993,Store_2358,2021-08-24,Online Store,63.59
23894590,40-406-835-872,H-160-2008,Store_2358,2021-08-24,Online Store,46.99
23894590,40-406-835-872,V-118-2001,Store_2358,2021-08-24,Online Store,60.59
23894590,40-406-835-872,I-298-1996,Store_2358,2021-08-24,Online Store,129.99
23894591,40-406-835-872,F-274-1986,Store_2399,2021-02-21,Onsite Store,86.99
23894591,40-406-835-872,W-148-2017,Store_2399,2021-02-21,Onsite Store,35.99
23894591,40-406-835-872,N-295-1992,Store_2399,2021-02-21,Onsite Store,62.59
23894591,40-406-835-872,C-139-1986,Store_2399,2021-02-21,Onsite Store,59.59
23894591,40-406-835-872,Z-097-1995,Store_2399,2021-02-21,Onsite Store,67.99
23894591,40-406-835-872,V-271-1982,Store_2399,2021-02-21,Onsite Store,69.99
23894592,40-406-835-872,F-058-2008,Store_2452,2021-06-25,Onsite Store,58.59
23894592,40-406-835-872,F-148-2014,Store_2452,2021-06-25,Onsite Store,58.59
23894592,40-406-835-872,Q-097-2007,Store_2452,2021-06-25,Onsite Store,32.59
23894592,40-406-835-872,I-025-2007,Store_2452,2021-06-25,Onsite Store,91.99
23894592,40-406-835-872,F-196-2008,Store_2452,2021-06-25,Onsite Store,28.99
23894592,40-406-835-872,A-013-1999,Store_2452,2021-06-25,Onsite Store,70.99
23894593,19-195-539-680,A-157-1994,Store_2416,2021-11-08,Onsite Store,51.99
23894593,19-195-539-680,C-034-2002,Store_2416,2021-11-08,Onsite Store,60.99
23894593,19-195-539-680,A-220-1992,Store_2416,2021-11-08,Onsite Store,45.59
23894594,19-195-539-680,W-001-2003,Store_2451,2021-04-22,Onsite Store,65.99
23894594,19-195-539-680,Q-016-2013,Store_2451,2021-04-22,Onsite Store,64.99
23894594,19-195-539-680,J-202-2016,Store_2451,2021-04-22,Onsite Store,90.59
23894594,19-195-539-680,G-223-1988,Store_2451,2021-04-22,Onsite Store,22.99
23894594,19-195-539-680,J-067-2006,Store_2451,2021-04-22,Onsite Store,41.99
23894594,19-195-539-680,A-148-2006,Store_2451,2021-04-22,Onsite Store,54.99
23894595,19-195-539-680,H-226-1982,Store_2362,2021-11-23,Online Store,31.99
23894595,19-195-539-680,Z-226-1992,Store_2362,2021-11-23,Online Store,77.99
23894595,19-195-539-680,Z-127-1993,Store_2362,2021-11-23,Online Store,110.99
23894595,19-195-539-680,H-028-1993,Store_2362,2021-11-23,Online Store,58.99
23894595,19-195-539-680,Z-235-1991,Store_2362,2021-11-23,Online Store,116.99
23894595,19-195-539-680,C-187-1994,Store_2362,2021-11-23,Online Store,67.99
23894595,19-195-539-680,W-082-2000,Store_2362,2021-11-23,Online Store,84.99
23894595,19-195-539-680,H-007-1980,Store_2362,2021-11-23,Online Store,56.59
23894596,19-195-539-680,C-097-1991,Store_2357,2021-03-24,Online Store,63.99
23894596,19-195-539-680,I-235-1992,Store_2357,2021-03-24,Online Store,70.59
23894596,19-195-539-680,J-145-2017,Store_2357,2021-03-24,Online Store,84.59
23894596,19-195-539-680,B-025-1988,Store_2357,2021-03-24,Online Store,99.59
23894596,19-195-539-680,N-190-1989,Store_2357,2021-03-24,Online Store,80.99
23894596,19-195-539-680,A-262-1998,Store_2357,2021-03-24,Online Store,103.59
23894596,19-195-539-680,B-160-2011,Store_2357,2021-03-24,Online Store,37.99
23894596,19-195-539-680,N-034-2007,Store_2357,2021-03-24,Online Store,44.59
23894596,19-195-539-680,G-187-2004,Store_2357,2021-03-24,Online Store,47.99
23894596,19-195-539-680,C-196-1991,Store_2357,2021-03-24,Online Store,54.59
23894596,19-195-539-680,F-238-1980,Store_2357,2021-03-24,Online Store,101.59
23894596,19-195-539-680,H-226-2013,Store_2357,2021-03-24,Online Store,100.59
23894596,19-195-539-680,B-241-1984,Store_2357,2021-03-24,Online Store,47.99
23894596,19-195-539-680,H-220-2014,Store_2357,2021-03-24,Online Store,34.59
23894596,19-195-539-680,F-217-1994,Store_2357,2021-03-24,Online Store,119.59
23894597,19-195-539-680,G-091-2010,Store_2456,2021-11-15,Onsite Store,28.99
23894597,19-195-539-680,W-097-1985,Store_2456,2021-11-15,Onsite Store,25.99
23894597,19-195-539-680,C-136-1992,Store_2456,2021-11-15,Onsite Store,125.59
23894597,19-195-539-680,B-172-1980,Store_2456,2021-11-15,Onsite Store,39.59
23894597,19-195-539-680,I-286-1990,Store_2456,2021-11-15,Onsite Store,17.59
23894597,19-195-539-680,N-268-1995,Store_2456,2021-11-15,Onsite Store,26.99
23894597,19-195-539-680,J-055-2001,Store_2456,2021-11-15,Onsite Store,47.59
23894597,19-195-539-680,Z-046-1992,Store_2456,2021-11-15,Onsite Store,99.59
23894598,19-195-539-680,F-133-1991,Store_2433,2021-03-04,Onsite Store,63.59
23894598,19-195-539-680,J-181-2013,Store_2433,2021-03-04,Onsite Store,94.59
23894598,19-195-539-680,J-016-2016,Store_2433,2021-03-04,Onsite Store,49.59
23894598,19-195-539-680,G-037-1987,Store_2433,2021-03-04,Onsite Store,90.99
23894598,19-195-539-680,H-211-2014,Store_2433,2021-03-04,Onsite Store,64.59
23894598,19-195-539-680,Z-235-1990,Store_2433,2021-03-04,Onsite Store,75.59
23894599,19-195-539-680,H-094-2013,Store_2371,2021-07-26,Online Store,91.99
23894599,19-195-539-680,G-154-2000,Store_2371,2021-07-26,Online Store,72.99
23894599,19-195-539-680,V-184-1997,Store_2371,2021-07-26,Online Store,49.99
23894599,19-195-539-680,V-088-2011,Store_2371,2021-07-26,Online Store,148.59
23894599,19-195-539-680,N-196-2015,Store_2371,2021-07-26,Online Store,116.59
23894599,19-195-539-680,V-292-1992,Store_2371,2021-07-26,Online Store,58.59
23894599,19-195-539-680,B-151-1989,Store_2371,2021-07-26,Online Store,31.99
23894599,19-195-539-680,W-208-1995,Store_2371,2021-07-26,Online Store,71.59
23894599,19-195-539-680,Z-250-2003,Store_2371,2021-07-26,Online Store,23.99
23894600,19-195-539-680,V-250-2000,Store_2379,2021-07-26,Online Store,22.99
23894600,19-195-539-680,G-241-1997,Store_2379,2021-07-26,Online Store,69.59
23894600,19-195-539-680,C-133-1990,Store_2379,2021-07-26,Online Store,103.99
23894600,19-195-539-680,N-220-2008,Store_2379,2021-07-26,Online Store,78.59
23894600,19-195-539-680,V-205-1981,Store_2379,2021-07-26,Online Store,82.59
23894600,19-195-539-680,Z-034-2005,Store_2379,2021-07-26,Online Store,37.99
23894600,19-195-539-680,G-106-2009,Store_2379,2021-07-26,Online Store,66.99
23894600,19-195-539-680,H-181-2008,Store_2379,2021-07-26,Online Store,48.59
23894600,19-195-539-680,H-064-1989,Store_2379,2021-07-26,Online Store,95.99
23894600,19-195-539-680,B-193-1984,Store_2379,2021-07-26,Online Store,58.59
23894600,19-195-539-680,H-082-2011,Store_2379,2021-07-26,Online Store,35.99
23894600,19-195-539-680,C-043-2014,Store_2379,2021-07-26,Online Store,56.99
23894600,19-195-539-680,A-004-2016,Store_2379,2021-07-26,Online Store,95.59
23894601,19-195-539-680,F-034-2011,Store_2396,2021-08-11,Online Store,85.99
23894601,19-195-539-680,W-037-2011,Store_2396,2021-08-11,Online Store,55.99
23894601,19-195-539-680,J-196-2004,Store_2396,2021-08-11,Online Store,53.59
23894601,19-195-539-680,J-028-2011,Store_2396,2021-08-11,Online Store,81.99
23894601,19-195-539-680,V-127-1985,Store_2396,2021-08-11,Online Store,28.99
23894601,19-195-539-680,I-016-2013,Store_2396,2021-08-11,Online Store,86.59
23894601,19-195-539-680,J-142-2012,Store_2396,2021-08-11,Online Store,61.59
23894601,19-195-539-680,Q-151-1985,Store_2396,2021-08-11,Online Store,67.99
23894602,85-854-726-777,Z-277-1987,Store_2350,2021-12-31,Online Store,104.59
23894602,85-854-726-777,G-073-1989,Store_2350,2021-12-31,Online Store,90.99
23894602,85-854-726-777,N-157-1989,Store_2350,2021-12-31,Online Store,89.59
23894602,85-854-726-777,B-136-2013,Store_2350,2021-12-31,Online Store,83.59
23894602,85-854-726-777,A-244-2000,Store_2350,2021-12-31,Online Store,48.59
23894603,85-854-726-777,Z-058-1980,Store_2449,2021-12-21,Onsite Store,15.59
23894603,85-854-726-777,V-055-2015,Store_2449,2021-12-21,Onsite Store,88.59
23894603,85-854-726-777,V-022-2000,Store_2449,2021-12-21,Onsite Store,43.59
23894603,85-854-726-777,F-061-2016,Store_2449,2021-12-21,Onsite Store,13.99
23894603,85-854-726-777,W-268-1989,Store_2449,2021-12-21,Onsite Store,108.99
23894603,85-854-726-777,F-175-2018,Store_2449,2021-12-21,Onsite Store,78.59
23894603,85-854-726-777,I-196-2015,Store_2449,2021-12-21,Onsite Store,62.59
23894604,85-854-726-777,F-289-2000,Store_2411,2021-08-28,Onsite Store,45.99
23894604,85-854-726-777,A-172-1982,Store_2411,2021-08-28,Onsite Store,49.59
23894605,85-854-726-777,I-262-1990,Store_2472,2021-05-26,Onsite Store,52.99
23894606,85-854-726-777,J-181-2011,Store_2387,2021-03-15,Online Store,98.99
23894606,85-854-726-777,A-025-1991,Store_2387,2021-03-15,Online Store,36.99
23894606,85-854-726-777,G-121-2015,Store_2387,2021-03-15,Online Store,44.99
23894606,85-854-726-777,Q-118-1998,Store_2387,2021-03-15,Online Store,86.59
23894606,85-854-726-777,J-202-1983,Store_2387,2021-03-15,Online Store,55.99
23894606,85-854-726-777,F-298-1981,Store_2387,2021-03-15,Online Store,111.59
23894606,85-854-726-777,C-277-2014,Store_2387,2021-03-15,Online Store,52.99
23894607,85-854-726-777,Q-025-2013,Store_2454,2021-01-23,Onsite Store,87.59
23894607,85-854-726-777,I-049-1990,Store_2454,2021-01-23,Onsite Store,68.59
23894607,85-854-726-777,Z-217-1985,Store_2454,2021-01-23,Onsite Store,97.59
23894607,85-854-726-777,W-151-1985,Store_2454,2021-01-23,Onsite Store,84.59
23894607,85-854-726-777,A-181-1999,Store_2454,2021-01-23,Onsite Store,100.99
23894608,85-854-726-777,C-034-1986,Store_2397,2021-08-01,Online Store,77.59
23894608,85-854-726-777,A-229-1990,Store_2397,2021-08-01,Online Store,49.59
23894608,85-854-726-777,I-001-1998,Store_2397,2021-08-01,Online Store,45.99
23894608,85-854-726-777,B-094-1998,Store_2397,2021-08-01,Online Store,31.59
23894608,85-854-726-777,J-127-1989,Store_2397,2021-08-01,Online Store,97.59
23894608,85-854-726-777,I-004-2013,Store_2397,2021-08-01,Online Store,98.99
23894609,85-854-726-777,B-130-1999,Store_2434,2021-07-22,Onsite Store,39.59
23894609,85-854-726-777,C-289-1986,Store_2434,2021-07-22,Onsite Store,12.59
23894609,85-854-726-777,C-151-1981,Store_2434,2021-07-22,Onsite Store,81.59
23894609,85-854-726-777,I-097-2012,Store_2434,2021-07-22,Onsite Store,56.59
23894609,85-854-726-777,I-262-1982,Store_2434,2021-07-22,Onsite Store,77.59
23894609,85-854-726-777,V-298-2014,Store_2434,2021-07-22,Onsite Store,60.59
23894609,85-854-726-777,Z-115-1989,Store_2434,2021-07-22,Onsite Store,55.59
23894610,85-854-726-777,W-238-1991,Store_2369,2021-04-07,Online Store,148.59
23894610,85-854-726-777,G-286-1993,Store_2369,2021-04-07,Online Store,70.59
23894610,85-854-726-777,H-058-2003,Store_2369,2021-04-07,Online Store,95.99
23894610,85-854-726-777,Q-244-1990,Store_2369,2021-04-07,Online Store,52.59
23894610,85-854-726-777,V-001-1994,Store_2369,2021-04-07,Online Store,41.99
23894610,85-854-726-777,C-052-2006,Store_2369,2021-04-07,Online Store,65.99
23894610,85-854-726-777,A-247-1988,Store_2369,2021-04-07,Online Store,82.59
23894610,85-854-726-777,Z-094-2006,Store_2369,2021-04-07,Online Store,42.59
23894610,85-854-726-777,Z-100-1999,Store_2369,2021-04-07,Online Store,72.99
23894610,85-854-726-777,F-280-1990,Store_2369,2021-04-07,Online Store,81.99
23894611,21-219-791-186,G-040-2010,Store_2357,2021-06-06,Online Store,33.59
23894611,21-219-791-186,J-097-1988,Store_2357,2021-06-06,Online Store,76.99
23894611,21-219-791-186,C-073-2018,Store_2357,2021-06-06,Online Store,13.99
23894611,21-219-791-186,I-082-1998,Store_2357,2021-06-06,Online Store,8.59
23894611,21-219-791-186,W-238-1989,Store_2357,2021-06-06,Online Store,102.59
23894612,21-219-791-186,Q-184-1985,Store_2450,2021-09-09,Onsite Store,106.59
23894612,21-219-791-186,J-160-1985,Store_2450,2021-09-09,Onsite Store,46.59
23894612,21-219-791-186,C-193-1995,Store_2450,2021-09-09,Onsite Store,29.59
23894612,21-219-791-186,I-052-2000,Store_2450,2021-09-09,Onsite Store,46.59
23894612,21-219-791-186,V-031-2016,Store_2450,2021-09-09,Onsite Store,59.59
23894613,21-219-791-186,N-061-2018,Store_2388,2021-03-01,Online Store,77.99
23894613,21-219-791-186,F-139-1989,Store_2388,2021-03-01,Online Store,23.59
23894613,21-219-791-186,W-283-2006,Store_2388,2021-03-01,Online Store,98.59
23894613,21-219-791-186,W-118-2013,Store_2388,2021-03-01,Online Store,10.99
23894614,21-219-791-186,Q-157-1988,Store_2361,2021-02-12,Online Store,111.99
23894614,21-219-791-186,Z-106-1994,Store_2361,2021-02-12,Online Store,107.59
23894614,21-219-791-186,H-094-2016,Store_2361,2021-02-12,Online Store,68.99
23894614,21-219-791-186,G-037-1994,Store_2361,2021-02-12,Online Store,46.59
23894614,21-219-791-186,I-166-1981,Store_2361,2021-02-12,Online Store,96.99
23894614,21-219-791-186,H-103-1985,Store_2361,2021-02-12,Online Store,46.59
23894615,21-219-791-186,N-064-2016,Store_2390,2021-02-05,Online Store,46.99
23894615,21-219-791-186,B-151-2017,Store_2390,2021-02-05,Online Store,47.99
23894615,21-219-791-186,I-295-1990,Store_2390,2021-02-05,Online Store,97.59
23894615,21-219-791-186,W-103-1983,Store_2390,2021-02-05,Online Store,44.99
23894615,21-219-791-186,I-088-2006,Store_2390,2021-02-05,Online Store,68.99
23894616,21-219-791-186,G-274-2001,Store_2384,2021-06-19,Online Store,71.59
23894616,21-219-791-186,B-172-2003,Store_2384,2021-06-19,Online Store,57.99
23894616,21-219-791-186,B-004-2007,Store_2384,2021-06-19,Online Store,80.99
23894616,21-219-791-186,A-088-1992,Store_2384,2021-06-19,Online Store,109.59
23894616,21-219-791-186,C-220-1986,Store_2384,2021-06-19,Online Store,38.99
23894616,21-219-791-186,H-187-2003,Store_2384,2021-06-19,Online Store,56.99
23894617,21-219-791-186,G-004-2011,Store_2384,2021-04-03,Online Store,46.99
23894617,21-219-791-186,H-202-2002,Store_2384,2021-04-03,Online Store,95.99
23894617,21-219-791-186,W-175-1992,Store_2384,2021-04-03,Online Store,74.59
23894617,21-219-791-186,F-013-1984,Store_2384,2021-04-03,Online Store,25.99
23894617,21-219-791-186,Q-196-2001,Store_2384,2021-04-03,Online Store,59.99
23894617,21-219-791-186,N-184-1992,Store_2384,2021-04-03,Online Store,45.59
23894618,21-219-791-186,H-022-1997,Store_2452,2021-03-16,Onsite Store,76.59
23894618,21-219-791-186,C-295-1998,Store_2452,2021-03-16,Onsite Store,93.99
23894618,21-219-791-186,Z-070-2017,Store_2452,2021-03-16,Onsite Store,89.59
23894618,21-219-791-186,H-211-2016,Store_2452,2021-03-16,Onsite Store,75.59
23894618,21-219-791-186,A-175-2002,Store_2452,2021-03-16,Onsite Store,89.99
23894618,21-219-791-186,Q-136-1989,Store_2452,2021-03-16,Onsite Store,59.59
23894618,21-219-791-186,I-028-2000,Store_2452,2021-03-16,Onsite Store,100.59
23894618,21-219-791-186,A-109-2001,Store_2452,2021-03-16,Onsite Store,24.59
23894619,21-219-791-186,W-139-1994,Store_2370,2021-01-14,Online Store,58.59
23894619,21-219-791-186,I-067-1989,Store_2370,2021-01-14,Online Store,84.59
23894619,21-219-791-186,Q-208-2001,Store_2370,2021-01-14,Online Store,82.99
23894619,21-219-791-186,F-298-2007,Store_2370,2021-01-14,Online Store,89.59
23894619,21-219-791-186,J-097-1987,Store_2370,2021-01-14,Online Store,49.59
23894619,21-219-791-186,A-013-1994,Store_2370,2021-01-14,Online Store,77.59
23894619,21-219-791-186,F-055-2009,Store_2370,2021-01-14,Online Store,13.59
23894619,21-219-791-186,Z-154-2013,Store_2370,2021-01-14,Online Store,39.59
23894619,21-219-791-186,F-259-2005,Store_2370,2021-01-14,Online Store,57.59
23894619,21-219-791-186,F-256-1994,Store_2370,2021-01-14,Online Store,110.99
23894619,21-219-791-186,A-040-1981,Store_2370,2021-01-14,Online Store,62.59
23894619,21-219-791-186,W-160-2010,Store_2370,2021-01-14,Online Store,36.59
23894619,21-219-791-186,J-091-1983,Store_2370,2021-01-14,Online Store,73.59
23894620,80-802-735-706,G-178-1985,Store_2406,2021-09-14,Onsite Store,80.99
23894620,80-802-735-706,N-052-1990,Store_2406,2021-09-14,Onsite Store,54.59
23894620,80-802-735-706,W-193-1994,Store_2406,2021-09-14,Onsite Store,79.99
23894620,80-802-735-706,Z-049-1982,Store_2406,2021-09-14,Onsite Store,21.99
23894620,80-802-735-706,J-196-2009,Store_2406,2021-09-14,Onsite Store,84.59
23894620,80-802-735-706,N-214-2012,Store_2406,2021-09-14,Onsite Store,37.99
23894620,80-802-735-706,Q-175-1981,Store_2406,2021-09-14,Onsite Store,99.59
23894620,80-802-735-706,G-124-1991,Store_2406,2021-09-14,Onsite Store,89.59
23894621,80-802-735-706,W-097-1980,Store_2414,2021-01-20,Onsite Store,38.59
23894621,80-802-735-706,J-007-2002,Store_2414,2021-01-20,Onsite Store,65.59
23894621,80-802-735-706,F-112-2012,Store_2414,2021-01-20,Onsite Store,51.99
23894621,80-802-735-706,A-037-1991,Store_2414,2021-01-20,Onsite Store,98.59
23894621,80-802-735-706,Z-187-1999,Store_2414,2021-01-20,Onsite Store,32.99
23894622,80-802-735-706,Q-211-1990,Store_2459,2021-04-25,Onsite Store,37.99
23894622,80-802-735-706,W-091-2001,Store_2459,2021-04-25,Onsite Store,72.99
23894622,80-802-735-706,W-031-1995,Store_2459,2021-04-25,Onsite Store,123.59
23894622,80-802-735-706,F-034-1991,Store_2459,2021-04-25,Onsite Store,42.99
23894623,80-802-735-706,N-259-1981,Store_2419,2021-05-28,Onsite Store,90.99
23894623,80-802-735-706,B-013-2016,Store_2419,2021-05-28,Onsite Store,52.99
23894623,80-802-735-706,C-187-1985,Store_2419,2021-05-28,Onsite Store,65.59
23894623,80-802-735-706,Z-175-1993,Store_2419,2021-05-28,Onsite Store,71.99
23894624,80-802-735-706,V-259-1990,Store_2453,2021-10-06,Onsite Store,80.59
23894624,80-802-735-706,Q-199-1989,Store_2453,2021-10-06,Onsite Store,61.59
23894624,80-802-735-706,W-241-1983,Store_2453,2021-10-06,Onsite Store,77.99
23894624,80-802-735-706,F-199-2009,Store_2453,2021-10-06,Onsite Store,74.99
23894624,80-802-735-706,Q-037-2011,Store_2453,2021-10-06,Onsite Store,40.99
23894624,80-802-735-706,I-022-1992,Store_2453,2021-10-06,Onsite Store,48.99
23894624,80-802-735-706,I-091-1991,Store_2453,2021-10-06,Onsite Store,98.99
23894624,80-802-735-706,C-052-2014,Store_2453,2021-10-06,Onsite Store,68.99
23894624,80-802-735-706,Z-172-1994,Store_2453,2021-10-06,Onsite Store,48.59
23894625,80-802-735-706,H-217-2008,Store_2404,2021-05-18,Onsite Store,88.99
23894625,80-802-735-706,Q-040-2016,Store_2404,2021-05-18,Onsite Store,105.99
23894626,80-802-735-706,Z-052-2010,Store_2376,2021-11-26,Online Store,44.59
23894626,80-802-735-706,H-109-2002,Store_2376,2021-11-26,Online Store,61.59
23894626,80-802-735-706,G-268-1989,Store_2376,2021-11-26,Online Store,80.59
23894627,80-802-735-706,H-199-1993,Store_2363,2021-04-11,Online Store,54.59
23894627,80-802-735-706,W-184-1983,Store_2363,2021-04-11,Online Store,104.99
23894627,80-802-735-706,G-271-1999,Store_2363,2021-04-11,Online Store,38.99
23894628,80-802-735-706,Q-289-1995,Store_2351,2021-12-08,Online Store,92.99
23894628,80-802-735-706,A-202-1996,Store_2351,2021-12-08,Online Store,75.99
23894628,80-802-735-706,J-205-1990,Store_2351,2021-12-08,Online Store,43.99
23894628,80-802-735-706,F-058-1982,Store_2351,2021-12-08,Online Store,46.99
23894628,80-802-735-706,C-262-1992,Store_2351,2021-12-08,Online Store,69.99
23894628,80-802-735-706,B-130-2000,Store_2351,2021-12-08,Online Store,69.59
23894628,80-802-735-706,Q-148-1980,Store_2351,2021-12-08,Online Store,83.99
23894628,80-802-735-706,Q-241-1986,Store_2351,2021-12-08,Online Store,32.99
23894628,80-802-735-706,G-250-1984,Store_2351,2021-12-08,Online Store,55.99
23894629,17-172-829-911,V-262-1983,Store_2432,2021-10-11,Onsite Store,60.59
23894629,17-172-829-911,C-235-1998,Store_2432,2021-10-11,Onsite Store,86.59
23894629,17-172-829-911,B-133-2006,Store_2432,2021-10-11,Onsite Store,94.99
23894629,17-172-829-911,G-034-2009,Store_2432,2021-10-11,Onsite Store,31.99
23894629,17-172-829-911,F-004-2014,Store_2432,2021-10-11,Onsite Store,37.59
23894629,17-172-829-911,B-298-2015,Store_2432,2021-10-11,Onsite Store,86.99
23894629,17-172-829-911,B-049-2018,Store_2432,2021-10-11,Onsite Store,66.59
23894630,17-172-829-911,I-262-1997,Store_2399,2021-10-18,Onsite Store,76.59
23894630,17-172-829-911,Z-196-1981,Store_2399,2021-10-18,Onsite Store,81.59
23894630,17-172-829-911,A-271-1984,Store_2399,2021-10-18,Onsite Store,28.99
23894630,17-172-829-911,C-187-2003,Store_2399,2021-10-18,Onsite Store,72.59
23894630,17-172-829-911,B-286-1995,Store_2399,2021-10-18,Onsite Store,26.99
23894630,17-172-829-911,Z-100-2000,Store_2399,2021-10-18,Onsite Store,89.59
23894631,17-172-829-911,G-139-2000,Store_2419,2021-06-15,Onsite Store,96.59
23894631,17-172-829-911,G-079-1986,Store_2419,2021-06-15,Onsite Store,58.59
23894631,17-172-829-911,A-067-1981,Store_2419,2021-06-15,Onsite Store,43.99
23894632,17-172-829-911,B-271-2009,Store_2434,2021-12-17,Onsite Store,109.59
23894632,17-172-829-911,W-154-2008,Store_2434,2021-12-17,Onsite Store,98.99
23894632,17-172-829-911,W-115-1983,Store_2434,2021-12-17,Onsite Store,18.59
23894632,17-172-829-911,H-100-1997,Store_2434,2021-12-17,Onsite Store,51.59
23894632,17-172-829-911,W-037-1980,Store_2434,2021-12-17,Onsite Store,90.99
23894632,17-172-829-911,H-094-1998,Store_2434,2021-12-17,Onsite Store,35.59
23894632,17-172-829-911,F-223-1983,Store_2434,2021-12-17,Onsite Store,55.99
23894633,17-172-829-911,G-112-1989,Store_2465,2021-06-17,Onsite Store,81.99
23894633,17-172-829-911,N-067-2006,Store_2465,2021-06-17,Onsite Store,4.99
23894633,17-172-829-911,F-049-1999,Store_2465,2021-06-17,Onsite Store,80.99
23894633,17-172-829-911,C-283-2005,Store_2465,2021-06-17,Onsite Store,82.59
23894634,17-172-829-911,N-070-1981,Store_2409,2021-12-03,Onsite Store,84.99
23894634,17-172-829-911,I-244-1987,Store_2409,2021-12-03,Onsite Store,60.59
23894634,17-172-829-911,H-154-1985,Store_2409,2021-12-03,Onsite Store,84.59
23894634,17-172-829-911,B-238-1981,Store_2409,2021-12-03,Onsite Store,57.99
23894634,17-172-829-911,V-082-2010,Store_2409,2021-12-03,Onsite Store,25.59
23894634,17-172-829-911,H-019-1988,Store_2409,2021-12-03,Onsite Store,41.99
23894634,17-172-829-911,H-124-2010,Store_2409,2021-12-03,Onsite Store,66.99
23894634,17-172-829-911,V-163-2014,Store_2409,2021-12-03,Onsite Store,80.59
23894634,17-172-829-911,G-223-1983,Store_2409,2021-12-03,Onsite Store,46.59
23894635,17-172-829-911,G-232-1980,Store_2442,2021-05-03,Onsite Store,68.99
23894635,17-172-829-911,I-292-1984,Store_2442,2021-05-03,Onsite Store,41.99
23894635,17-172-829-911,F-172-1996,Store_2442,2021-05-03,Onsite Store,97.59
23894635,17-172-829-911,F-259-2010,Store_2442,2021-05-03,Onsite Store,57.99
23894635,17-172-829-911,F-055-2012,Store_2442,2021-05-03,Onsite Store,109.99
23894635,17-172-829-911,J-220-2010,Store_2442,2021-05-03,Onsite Store,51.59
23894635,17-172-829-911,J-151-1995,Store_2442,2021-05-03,Onsite Store,60.59
23894635,17-172-829-911,J-268-1997,Store_2442,2021-05-03,Onsite Store,96.59
23894636,17-172-829-911,I-223-1996,Store_2418,2021-09-16,Onsite Store,74.99
23894636,17-172-829-911,W-073-2000,Store_2418,2021-09-16,Onsite Store,39.59
23894636,17-172-829-911,C-064-2018,Store_2418,2021-09-16,Onsite Store,129.99
23894636,17-172-829-911,Q-043-1984,Store_2418,2021-09-16,Onsite Store,90.99
23894636,17-172-829-911,W-046-2016,Store_2418,2021-09-16,Onsite Store,77.59
23894637,17-172-829-911,C-082-2018,Store_2359,2021-10-06,Online Store,100.99
23894637,17-172-829-911,H-268-1992,Store_2359,2021-10-06,Online Store,96.59
23894637,17-172-829-911,N-274-2015,Store_2359,2021-10-06,Online Store,71.99
23894637,17-172-829-911,N-139-2013,Store_2359,2021-10-06,Online Store,53.99
23894638,76-768-988-924,Z-202-2013,Store_2393,2021-05-22,Online Store,95.59
23894638,76-768-988-924,Z-130-1999,Store_2393,2021-05-22,Online Store,68.99
23894638,76-768-988-924,C-049-1999,Store_2393,2021-05-22,Online Store,53.99
23894638,76-768-988-924,C-178-1994,Store_2393,2021-05-22,Online Store,109.99
23894638,76-768-988-924,I-160-1994,Store_2393,2021-05-22,Online Store,74.59
23894638,76-768-988-924,G-220-1983,Store_2393,2021-05-22,Online Store,16.99
23894639,76-768-988-924,C-022-2015,Store_2369,2021-02-18,Online Store,70.99
23894639,76-768-988-924,N-031-1990,Store_2369,2021-02-18,Online Store,59.99
23894639,76-768-988-924,H-001-1992,Store_2369,2021-02-18,Online Store,65.59
23894639,76-768-988-924,B-169-2006,Store_2369,2021-02-18,Online Store,15.99
23894639,76-768-988-924,A-286-2004,Store_2369,2021-02-18,Online Store,63.59
23894639,76-768-988-924,F-244-2013,Store_2369,2021-02-18,Online Store,100.99
23894639,76-768-988-924,C-013-2011,Store_2369,2021-02-18,Online Store,90.99
23894640,76-768-988-924,A-103-1994,Store_2409,2021-09-17,Onsite Store,95.59
23894640,76-768-988-924,F-271-2018,Store_2409,2021-09-17,Onsite Store,79.99
23894640,76-768-988-924,F-031-2004,Store_2409,2021-09-17,Onsite Store,66.59
23894640,76-768-988-924,C-091-1994,Store_2409,2021-09-17,Onsite Store,46.59
23894641,76-768-988-924,C-040-1989,Store_2389,2021-07-21,Online Store,62.99
23894641,76-768-988-924,V-235-2007,Store_2389,2021-07-21,Online Store,89.99
23894641,76-768-988-924,G-244-2000,Store_2389,2021-07-21,Online Store,80.59
23894641,76-768-988-924,H-082-2005,Store_2389,2021-07-21,Online Store,90.59
23894642,76-768-988-924,C-007-2015,Store_2389,2021-04-08,Online Store,88.59
23894642,76-768-988-924,J-025-1991,Store_2389,2021-04-08,Online Store,76.59
23894642,76-768-988-924,W-106-1983,Store_2389,2021-04-08,Online Store,112.59
23894642,76-768-988-924,W-025-1998,Store_2389,2021-04-08,Online Store,40.59
23894642,76-768-988-924,V-115-1982,Store_2389,2021-04-08,Online Store,78.99
23894642,76-768-988-924,F-133-2018,Store_2389,2021-04-08,Online Store,59.59
23894642,76-768-988-924,I-064-1993,Store_2389,2021-04-08,Online Store,72.59
23894642,76-768-988-924,C-070-2003,Store_2389,2021-04-08,Online Store,71.59
23894643,76-768-988-924,W-121-1991,Store_2466,2021-04-23,Onsite Store,74.59
23894643,76-768-988-924,G-049-1981,Store_2466,2021-04-23,Onsite Store,32.99
23894643,76-768-988-924,I-058-1987,Store_2466,2021-04-23,Onsite Store,74.59
23894643,76-768-988-924,Q-103-1987,Store_2466,2021-04-23,Onsite Store,94.99
23894643,76-768-988-924,J-238-2008,Store_2466,2021-04-23,Onsite Store,107.59
23894643,76-768-988-924,F-229-2002,Store_2466,2021-04-23,Onsite Store,81.59
23894644,76-768-988-924,F-094-2018,Store_2473,2021-10-24,Onsite Store,76.59
23894644,76-768-988-924,I-130-1988,Store_2473,2021-10-24,Onsite Store,46.99
23894644,76-768-988-924,Q-202-1998,Store_2473,2021-10-24,Onsite Store,74.59
23894644,76-768-988-924,G-019-2010,Store_2473,2021-10-24,Onsite Store,60.59
23894644,76-768-988-924,W-223-1983,Store_2473,2021-10-24,Onsite Store,82.99
23894644,76-768-988-924,Q-061-1981,Store_2473,2021-10-24,Onsite Store,70.99
23894645,76-768-988-924,I-142-2015,Store_2376,2021-07-17,Online Store,70.99
23894645,76-768-988-924,Z-112-1994,Store_2376,2021-07-17,Online Store,82.99
23894645,76-768-988-924,I-211-2016,Store_2376,2021-07-17,Online Store,57.99
23894645,76-768-988-924,J-004-1995,Store_2376,2021-07-17,Online Store,30.99
23894645,76-768-988-924,G-238-1990,Store_2376,2021-07-17,Online Store,31.59
23894645,76-768-988-924,H-076-1985,Store_2376,2021-07-17,Online Store,15.59
23894646,76-768-988-924,B-289-2015,Store_2365,2021-12-10,Online Store,111.59
23894646,76-768-988-924,V-010-2013,Store_2365,2021-12-10,Online Store,78.99
23894646,76-768-988-924,G-091-2018,Store_2365,2021-12-10,Online Store,59.59
23894646,76-768-988-924,N-052-1993,Store_2365,2021-12-10,Online Store,71.99
23894646,76-768-988-924,V-082-1991,Store_2365,2021-12-10,Online Store,45.99
23894646,76-768-988-924,I-142-1994,Store_2365,2021-12-10,Online Store,74.59
23894647,67-672-396-861,C-190-1980,Store_2349,2021-03-01,Online Store,32.59
23894647,67-672-396-861,H-082-1983,Store_2349,2021-03-01,Online Store,145.99
23894647,67-672-396-861,Q-034-1992,Store_2349,2021-03-01,Online Store,115.59
23894647,67-672-396-861,F-037-2017,Store_2349,2021-03-01,Online Store,80.59
23894647,67-672-396-861,J-034-1987,Store_2349,2021-03-01,Online Store,119.59
23894647,67-672-396-861,Z-121-1989,Store_2349,2021-03-01,Online Store,35.99
23894647,67-672-396-861,H-115-2012,Store_2349,2021-03-01,Online Store,36.99
23894647,67-672-396-861,C-121-1991,Store_2349,2021-03-01,Online Store,85.59
23894647,67-672-396-861,B-046-2017,Store_2349,2021-03-01,Online Store,109.99
23894647,67-672-396-861,N-142-1987,Store_2349,2021-03-01,Online Store,47.99
23894648,67-672-396-861,I-265-1980,Store_2428,2021-10-29,Onsite Store,109.99
23894648,67-672-396-861,F-268-2003,Store_2428,2021-10-29,Onsite Store,59.59
23894648,67-672-396-861,G-073-1991,Store_2428,2021-10-29,Onsite Store,38.59
23894648,67-672-396-861,A-298-1982,Store_2428,2021-10-29,Onsite Store,61.59
23894649,67-672-396-861,F-148-2009,Store_2382,2021-02-01,Online Store,61.59
23894650,67-672-396-861,G-166-2005,Store_2428,2021-08-07,Onsite Store,73.99
23894650,67-672-396-861,B-166-2001,Store_2428,2021-08-07,Onsite Store,54.99
23894650,67-672-396-861,Q-103-1980,Store_2428,2021-08-07,Onsite Store,95.59
23894650,67-672-396-861,I-262-2013,Store_2428,2021-08-07,Onsite Store,27.59
23894651,67-672-396-861,Q-199-1986,Store_2432,2021-01-29,Onsite Store,14.59
23894651,67-672-396-861,B-145-1983,Store_2432,2021-01-29,Onsite Store,55.99
23894651,67-672-396-861,Q-163-2012,Store_2432,2021-01-29,Onsite Store,56.59
23894652,67-672-396-861,H-250-1997,Store_2403,2021-03-01,Onsite Store,56.99
23894652,67-672-396-861,F-205-2006,Store_2403,2021-03-01,Onsite Store,74.59
23894652,67-672-396-861,I-172-1988,Store_2403,2021-03-01,Onsite Store,85.99
23894652,67-672-396-861,B-049-1980,Store_2403,2021-03-01,Onsite Store,48.99
23894652,67-672-396-861,Z-013-1988,Store_2403,2021-03-01,Onsite Store,79.99
23894652,67-672-396-861,A-208-1984,Store_2403,2021-03-01,Onsite Store,38.99
23894652,67-672-396-861,Q-073-2001,Store_2403,2021-03-01,Onsite Store,95.99
23894653,67-672-396-861,G-178-1994,Store_2421,2021-12-29,Onsite Store,138.59
23894653,67-672-396-861,B-202-1986,Store_2421,2021-12-29,Onsite Store,29.59
23894653,67-672-396-861,V-262-1994,Store_2421,2021-12-29,Onsite Store,31.99
23894653,67-672-396-861,J-118-1986,Store_2421,2021-12-29,Onsite Store,49.59
23894653,67-672-396-861,F-178-1988,Store_2421,2021-12-29,Onsite Store,105.99
23894653,67-672-396-861,W-097-1987,Store_2421,2021-12-29,Onsite Store,78.59
23894654,67-672-396-861,A-280-2011,Store_2418,2021-08-29,Onsite Store,57.59
23894654,67-672-396-861,C-157-2001,Store_2418,2021-08-29,Onsite Store,34.59
23894655,67-672-396-861,A-223-2015,Store_2390,2021-12-21,Online Store,79.99
23894655,67-672-396-861,V-295-1990,Store_2390,2021-12-21,Online Store,31.59
23894655,67-672-396-861,Q-169-1980,Store_2390,2021-12-21,Online Store,69.99
23894655,67-672-396-861,Z-292-1995,Store_2390,2021-12-21,Online Store,27.99
23894655,67-672-396-861,G-178-2008,Store_2390,2021-12-21,Online Store,106.59
23894656,99-998-529-961,I-241-2007,Store_2388,2021-11-23,Online Store,89.99
23894656,99-998-529-961,N-271-1981,Store_2388,2021-11-23,Online Store,67.99
23894656,99-998-529-961,V-220-2011,Store_2388,2021-11-23,Online Store,72.59
23894656,99-998-529-961,G-169-2002,Store_2388,2021-11-23,Online Store,44.99
23894656,99-998-529-961,V-271-1985,Store_2388,2021-11-23,Online Store,60.99
23894656,99-998-529-961,A-064-1996,Store_2388,2021-11-23,Online Store,105.59
23894656,99-998-529-961,F-193-2001,Store_2388,2021-11-23,Online Store,68.59
23894656,99-998-529-961,H-283-1983,Store_2388,2021-11-23,Online Store,80.99
23894657,99-998-529-961,V-190-1986,Store_2358,2021-01-17,Online Store,68.99
23894657,99-998-529-961,N-241-2013,Store_2358,2021-01-17,Online Store,65.59
23894657,99-998-529-961,I-178-2018,Store_2358,2021-01-17,Online Store,88.59
23894657,99-998-529-961,B-100-2015,Store_2358,2021-01-17,Online Store,77.59
23894657,99-998-529-961,Z-025-2009,Store_2358,2021-01-17,Online Store,66.59
23894657,99-998-529-961,N-025-1999,Store_2358,2021-01-17,Online Store,53.99
23894658,99-998-529-961,Q-001-2010,Store_2385,2021-02-27,Online Store,111.59
23894658,99-998-529-961,B-205-2004,Store_2385,2021-02-27,Online Store,120.59
23894658,99-998-529-961,F-118-1991,Store_2385,2021-02-27,Online Store,102.99
23894658,99-998-529-961,I-097-1992,Store_2385,2021-02-27,Online Store,48.59
23894658,99-998-529-961,I-064-2017,Store_2385,2021-02-27,Online Store,87.59
23894658,99-998-529-961,H-133-2002,Store_2385,2021-02-27,Online Store,82.59
23894659,99-998-529-961,H-028-2017,Store_2426,2021-08-28,Onsite Store,34.99
23894659,99-998-529-961,F-232-2012,Store_2426,2021-08-28,Onsite Store,77.59
23894659,99-998-529-961,B-100-1996,Store_2426,2021-08-28,Onsite Store,59.99
23894660,99-998-529-961,Z-172-1981,Store_2421,2021-05-11,Onsite Store,102.99
23894660,99-998-529-961,N-172-1993,Store_2421,2021-05-11,Onsite Store,42.99
23894661,99-998-529-961,A-286-1986,Store_2446,2021-03-28,Onsite Store,67.59
23894661,99-998-529-961,F-022-2007,Store_2446,2021-03-28,Onsite Store,47.59
23894661,99-998-529-961,F-034-1989,Store_2446,2021-03-28,Onsite Store,71.99
23894661,99-998-529-961,V-217-2009,Store_2446,2021-03-28,Onsite Store,95.99
23894661,99-998-529-961,H-097-2014,Store_2446,2021-03-28,Onsite Store,47.59
23894662,99-998-529-961,Q-007-2013,Store_2420,2021-05-24,Onsite Store,105.99
23894662,99-998-529-961,C-100-1996,Store_2420,2021-05-24,Onsite Store,51.59
23894662,99-998-529-961,A-034-1981,Store_2420,2021-05-24,Onsite Store,77.99
23894662,99-998-529-961,W-064-2009,Store_2420,2021-05-24,Onsite Store,73.99
23894662,99-998-529-961,A-121-1985,Store_2420,2021-05-24,Onsite Store,67.59
23894662,99-998-529-961,Q-043-2017,Store_2420,2021-05-24,Onsite Store,94.99
23894662,99-998-529-961,A-064-2011,Store_2420,2021-05-24,Onsite Store,57.59
23894662,99-998-529-961,G-151-2000,Store_2420,2021-05-24,Onsite Store,43.99
23894662,99-998-529-961,N-220-2002,Store_2420,2021-05-24,Onsite Store,54.59
23894663,99-998-529-961,B-268-2005,Store_2406,2021-08-23,Onsite Store,59.59
23894663,99-998-529-961,A-205-2018,Store_2406,2021-08-23,Onsite Store,43.99
23894663,99-998-529-961,G-190-2012,Store_2406,2021-08-23,Onsite Store,86.59
23894663,99-998-529-961,B-088-1986,Store_2406,2021-08-23,Onsite Store,59.99
23894664,99-998-529-961,I-163-1996,Store_2386,2021-02-08,Online Store,76.59
23894664,99-998-529-961,Z-121-1992,Store_2386,2021-02-08,Online Store,44.99
23894664,99-998-529-961,Z-274-1985,Store_2386,2021-02-08,Online Store,58.99
23894664,99-998-529-961,H-253-1991,Store_2386,2021-02-08,Online Store,71.99
23894664,99-998-529-961,I-109-2004,Store_2386,2021-02-08,Online Store,75.99
23894664,99-998-529-961,C-208-1981,Store_2386,2021-02-08,Online Store,70.59
23894664,99-998-529-961,H-211-1996,Store_2386,2021-02-08,Online Store,89.99
23894664,99-998-529-961,Z-181-2004,Store_2386,2021-02-08,Online Store,96.59
23894664,99-998-529-961,B-274-1981,Store_2386,2021-02-08,Online Store,52.59
23894664,99-998-529-961,G-214-2017,Store_2386,2021-02-08,Online Store,87.59
23894665,93-934-246-303,H-055-1989,Store_2374,2021-02-23,Online Store,85.59
23894665,93-934-246-303,F-052-1983,Store_2374,2021-02-23,Online Store,82.59
23894665,93-934-246-303,A-295-2004,Store_2374,2021-02-23,Online Store,100.59
23894665,93-934-246-303,W-211-2011,Store_2374,2021-02-23,Online Store,62.99
23894665,93-934-246-303,J-172-1999,Store_2374,2021-02-23,Online Store,97.99
23894665,93-934-246-303,W-187-1983,Store_2374,2021-02-23,Online Store,74.59
23894665,93-934-246-303,B-172-2000,Store_2374,2021-02-23,Online Store,48.99
23894665,93-934-246-303,N-226-1983,Store_2374,2021-02-23,Online Store,64.99
23894665,93-934-246-303,Q-166-1990,Store_2374,2021-02-23,Online Store,35.59
23894666,93-934-246-303,J-160-2017,Store_2431,2021-02-21,Onsite Store,106.59
23894666,93-934-246-303,A-211-1994,Store_2431,2021-02-21,Onsite Store,102.59
23894666,93-934-246-303,V-142-1997,Store_2431,2021-02-21,Onsite Store,25.99
23894666,93-934-246-303,G-202-1990,Store_2431,2021-02-21,Onsite Store,51.59
23894667,93-934-246-303,W-187-1998,Store_2380,2021-01-01,Online Store,52.99
23894667,93-934-246-303,I-262-1988,Store_2380,2021-01-01,Online Store,75.99
23894668,93-934-246-303,N-202-2001,Store_2371,2021-05-18,Online Store,92.99
23894668,93-934-246-303,C-244-2017,Store_2371,2021-05-18,Online Store,13.99
23894668,93-934-246-303,Q-106-2011,Store_2371,2021-05-18,Online Store,82.59
23894669,93-934-246-303,I-208-2000,Store_2380,2021-04-10,Online Store,69.59
23894669,93-934-246-303,V-130-2015,Store_2380,2021-04-10,Online Store,62.99
23894669,93-934-246-303,A-049-1982,Store_2380,2021-04-10,Online Store,60.59
23894669,93-934-246-303,V-268-2004,Store_2380,2021-04-10,Online Store,105.99
23894669,93-934-246-303,H-226-1983,Store_2380,2021-04-10,Online Store,67.59
23894669,93-934-246-303,J-265-2011,Store_2380,2021-04-10,Online Store,80.59
23894669,93-934-246-303,A-091-2014,Store_2380,2021-04-10,Online Store,83.59
23894670,93-934-246-303,A-148-2012,Store_2474,2021-03-19,Onsite Store,82.59
23894670,93-934-246-303,Z-238-1986,Store_2474,2021-03-19,Onsite Store,90.59
23894670,93-934-246-303,G-118-1981,Store_2474,2021-03-19,Onsite Store,53.99
23894670,93-934-246-303,I-067-1989,Store_2474,2021-03-19,Onsite Store,84.59
23894670,93-934-246-303,Z-034-1992,Store_2474,2021-03-19,Onsite Store,27.99
23894670,93-934-246-303,N-190-2002,Store_2474,2021-03-19,Onsite Store,51.59
23894670,93-934-246-303,B-070-2003,Store_2474,2021-03-19,Onsite Store,39.59
23894670,93-934-246-303,I-292-2002,Store_2474,2021-03-19,Onsite Store,77.99
23894670,93-934-246-303,H-142-1980,Store_2474,2021-03-19,Onsite Store,68.99
23894671,93-934-246-303,H-262-1986,Store_2418,2021-10-11,Onsite Store,85.59
23894671,93-934-246-303,N-211-1993,Store_2418,2021-10-11,Onsite Store,63.59
23894671,93-934-246-303,I-139-1987,Store_2418,2021-10-11,Onsite Store,65.59
23894672,93-934-246-303,J-166-1988,Store_2440,2021-04-15,Onsite Store,77.99
23894672,93-934-246-303,J-298-2000,Store_2440,2021-04-15,Onsite Store,62.59
23894672,93-934-246-303,H-274-1990,Store_2440,2021-04-15,Onsite Store,32.99
23894672,93-934-246-303,A-136-2016,Store_2440,2021-04-15,Onsite Store,43.59
23894672,93-934-246-303,C-253-1993,Store_2440,2021-04-15,Onsite Store,70.59
23894672,93-934-246-303,Q-112-1980,Store_2440,2021-04-15,Onsite Store,43.99
23894672,93-934-246-303,W-061-2017,Store_2440,2021-04-15,Onsite Store,47.59
23894673,93-934-246-303,J-274-2010,Store_2371,2021-09-28,Online Store,121.99
23894673,93-934-246-303,F-097-2016,Store_2371,2021-09-28,Online Store,85.59
23894673,93-934-246-303,W-160-1995,Store_2371,2021-09-28,Online Store,21.59
23894673,93-934-246-303,V-046-1999,Store_2371,2021-09-28,Online Store,86.59
23894674,79-797-133-630,I-040-2012,Store_2368,2021-11-18,Online Store,104.99
23894674,79-797-133-630,V-130-2000,Store_2368,2021-11-18,Online Store,71.59
23894674,79-797-133-630,W-283-2009,Store_2368,2021-11-18,Online Store,33.99
23894675,79-797-133-630,W-220-1984,Store_2471,2021-06-18,Onsite Store,101.99
23894676,79-797-133-630,V-181-1982,Store_2462,2021-07-31,Onsite Store,53.99
23894676,79-797-133-630,Q-166-2009,Store_2462,2021-07-31,Onsite Store,42.99
23894676,79-797-133-630,B-280-1987,Store_2462,2021-07-31,Onsite Store,47.99
23894676,79-797-133-630,I-040-2006,Store_2462,2021-07-31,Onsite Store,99.59
23894676,79-797-133-630,N-055-2002,Store_2462,2021-07-31,Onsite Store,37.59
23894677,79-797-133-630,Q-118-1985,Store_2418,2021-09-15,Onsite Store,110.99
23894677,79-797-133-630,W-010-1982,Store_2418,2021-09-15,Onsite Store,53.59
23894677,79-797-133-630,C-028-1980,Store_2418,2021-09-15,Onsite Store,62.99
23894677,79-797-133-630,Q-253-2004,Store_2418,2021-09-15,Onsite Store,83.59
23894677,79-797-133-630,Z-160-1993,Store_2418,2021-09-15,Onsite Store,95.59
23894677,79-797-133-630,W-175-1990,Store_2418,2021-09-15,Onsite Store,70.99
23894677,79-797-133-630,H-262-1997,Store_2418,2021-09-15,Onsite Store,72.59
23894678,79-797-133-630,I-154-2008,Store_2383,2021-05-04,Online Store,92.99
23894678,79-797-133-630,N-079-1997,Store_2383,2021-05-04,Online Store,64.99
23894678,79-797-133-630,C-100-1994,Store_2383,2021-05-04,Online Store,21.99
23894678,79-797-133-630,H-070-1981,Store_2383,2021-05-04,Online Store,43.59
23894679,79-797-133-630,H-187-1984,Store_2349,2021-03-23,Online Store,50.99
23894679,79-797-133-630,W-184-2014,Store_2349,2021-03-23,Online Store,51.59
23894679,79-797-133-630,N-229-1984,Store_2349,2021-03-23,Online Store,116.99
23894679,79-797-133-630,H-289-1998,Store_2349,2021-03-23,Online Store,96.99
23894679,79-797-133-630,G-265-1996,Store_2349,2021-03-23,Online Store,90.99
23894680,79-797-133-630,N-208-2002,Store_2380,2021-01-04,Online Store,105.99
23894680,79-797-133-630,N-097-1988,Store_2380,2021-01-04,Online Store,32.99
23894681,79-797-133-630,I-127-2000,Store_2401,2021-06-05,Onsite Store,137.59
23894681,79-797-133-630,V-127-2009,Store_2401,2021-06-05,Onsite Store,77.59
23894681,79-797-133-630,Z-034-2006,Store_2401,2021-06-05,Onsite Store,48.59
23894681,79-797-133-630,I-097-2000,Store_2401,2021-06-05,Onsite Store,105.99
23894681,79-797-133-630,C-148-2002,Store_2401,2021-06-05,Onsite Store,125.59
23894681,79-797-133-630,C-154-2010,Store_2401,2021-06-05,Onsite Store,69.99
23894681,79-797-133-630,H-112-2006,Store_2401,2021-06-05,Onsite Store,3.99
23894682,79-797-133-630,H-292-1980,Store_2475,2021-07-31,Onsite Store,97.99
23894683,78-780-859-197,G-100-2018,Store_2435,2021-05-21,Onsite Store,57.59
23894683,78-780-859-197,B-166-2016,Store_2435,2021-05-21,Onsite Store,64.59
23894683,78-780-859-197,I-157-1989,Store_2435,2021-05-21,Onsite Store,110.99
23894683,78-780-859-197,G-082-1997,Store_2435,2021-05-21,Onsite Store,81.59
23894683,78-780-859-197,H-166-1994,Store_2435,2021-05-21,Onsite Store,85.59
23894683,78-780-859-197,V-049-1991,Store_2435,2021-05-21,Onsite Store,64.59
23894684,78-780-859-197,N-244-1997,Store_2374,2021-03-30,Online Store,93.59
23894684,78-780-859-197,F-073-2010,Store_2374,2021-03-30,Online Store,41.99
23894684,78-780-859-197,I-109-2005,Store_2374,2021-03-30,Online Store,88.99
23894684,78-780-859-197,H-211-1999,Store_2374,2021-03-30,Online Store,70.59
23894684,78-780-859-197,V-181-1993,Store_2374,2021-03-30,Online Store,89.99
23894685,78-780-859-197,V-223-1988,Store_2388,2021-02-07,Online Store,36.59
23894685,78-780-859-197,V-025-1998,Store_2388,2021-02-07,Online Store,52.99
23894685,78-780-859-197,Q-067-2017,Store_2388,2021-02-07,Online Store,56.59
23894685,78-780-859-197,H-250-2006,Store_2388,2021-02-07,Online Store,76.99
23894685,78-780-859-197,N-163-2000,Store_2388,2021-02-07,Online Store,119.59
23894686,78-780-859-197,N-013-2006,Store_2477,2021-12-11,Onsite Store,36.59
23894686,78-780-859-197,B-187-1983,Store_2477,2021-12-11,Onsite Store,53.59
23894686,78-780-859-197,A-154-1988,Store_2477,2021-12-11,Onsite Store,54.59
23894686,78-780-859-197,H-016-1987,Store_2477,2021-12-11,Onsite Store,58.99
23894686,78-780-859-197,H-160-2014,Store_2477,2021-12-11,Onsite Store,68.59
23894686,78-780-859-197,A-004-2007,Store_2477,2021-12-11,Onsite Store,34.99
23894686,78-780-859-197,V-202-2015,Store_2477,2021-12-11,Onsite Store,101.59
23894686,78-780-859-197,Q-283-2000,Store_2477,2021-12-11,Onsite Store,111.59
23894686,78-780-859-197,Z-169-2011,Store_2477,2021-12-11,Onsite Store,79.99
23894686,78-780-859-197,J-286-1994,Store_2477,2021-12-11,Onsite Store,64.59
23894687,78-780-859-197,N-058-1985,Store_2432,2021-11-26,Onsite Store,68.99
23894687,78-780-859-197,I-298-1992,Store_2432,2021-11-26,Onsite Store,56.99
23894687,78-780-859-197,V-226-1985,Store_2432,2021-11-26,Onsite Store,70.99
23894687,78-780-859-197,N-094-1982,Store_2432,2021-11-26,Onsite Store,49.99
23894687,78-780-859-197,A-274-2004,Store_2432,2021-11-26,Onsite Store,67.59
23894687,78-780-859-197,J-286-2004,Store_2432,2021-11-26,Onsite Store,100.99
23894688,78-780-859-197,N-127-1993,Store_2371,2021-10-23,Online Store,48.59
23894688,78-780-859-197,I-136-1988,Store_2371,2021-10-23,Online Store,60.99
23894688,78-780-859-197,N-271-1993,Store_2371,2021-10-23,Online Store,65.99
23894688,78-780-859-197,C-241-1988,Store_2371,2021-10-23,Online Store,53.59
23894688,78-780-859-197,A-259-2010,Store_2371,2021-10-23,Online Store,64.99
23894688,78-780-859-197,G-082-2001,Store_2371,2021-10-23,Online Store,96.59
23894688,78-780-859-197,Z-223-2016,Store_2371,2021-10-23,Online Store,72.59
23894688,78-780-859-197,G-265-2000,Store_2371,2021-10-23,Online Store,54.99
23894689,78-780-859-197,Q-298-1988,Store_2399,2022-05-02,Onsite Store,127.59
23894689,78-780-859-197,C-286-1981,Store_2399,2022-05-02,Onsite Store,62.99
23894689,78-780-859-197,G-265-1985,Store_2399,2022-05-02,Onsite Store,78.59
23894689,78-780-859-197,N-088-1990,Store_2399,2022-05-02,Onsite Store,71.59
23894689,78-780-859-197,G-235-2007,Store_2399,2022-05-02,Onsite Store,54.59
23894689,78-780-859-197,F-229-2013,Store_2399,2022-05-02,Onsite Store,43.99
23894690,78-780-859-197,J-166-1984,Store_2426,2022-01-17,Onsite Store,48.59
23894690,78-780-859-197,N-256-2016,Store_2426,2022-01-17,Onsite Store,63.59
23894690,78-780-859-197,B-208-2003,Store_2426,2022-01-17,Onsite Store,58.99
23894690,78-780-859-197,Z-211-1986,Store_2426,2022-01-17,Onsite Store,16.99
23894690,78-780-859-197,G-148-1986,Store_2426,2022-01-17,Onsite Store,53.59
23894690,78-780-859-197,A-190-1991,Store_2426,2022-01-17,Onsite Store,42.59
23894690,78-780-859-197,F-109-2013,Store_2426,2022-01-17,Onsite Store,64.59
23894690,78-780-859-197,W-223-1993,Store_2426,2022-01-17,Onsite Store,82.59
23894690,78-780-859-197,I-010-2011,Store_2426,2022-01-17,Onsite Store,29.99
23894690,78-780-859-197,J-016-1990,Store_2426,2022-01-17,Onsite Store,43.59
23894690,78-780-859-197,Q-136-2015,Store_2426,2022-01-17,Onsite Store,104.99
23894691,78-780-859-197,N-253-2009,Store_2422,2022-12-20,Onsite Store,31.99
23894691,78-780-859-197,Z-046-1989,Store_2422,2022-12-20,Onsite Store,58.59
23894691,78-780-859-197,F-268-2007,Store_2422,2022-12-20,Onsite Store,88.59
23894691,78-780-859-197,J-166-1996,Store_2422,2022-12-20,Onsite Store,65.59
23894692,21-213-300-612,I-199-2009,Store_2453,2022-12-21,Onsite Store,103.99
23894692,21-213-300-612,W-001-1999,Store_2453,2022-12-21,Onsite Store,58.59
23894692,21-213-300-612,Z-175-1990,Store_2453,2022-12-21,Onsite Store,102.59
23894692,21-213-300-612,H-106-1991,Store_2453,2022-12-21,Onsite Store,15.59
23894692,21-213-300-612,J-007-2017,Store_2453,2022-12-21,Onsite Store,58.59
23894692,21-213-300-612,Z-142-2018,Store_2453,2022-12-21,Onsite Store,28.99
23894692,21-213-300-612,N-058-2010,Store_2453,2022-12-21,Onsite Store,38.99
23894692,21-213-300-612,C-109-1998,Store_2453,2022-12-21,Onsite Store,87.99
23894692,21-213-300-612,J-202-2008,Store_2453,2022-12-21,Onsite Store,30.59
23894693,21-213-300-612,N-292-1985,Store_2390,2022-10-13,Online Store,87.59
23894693,21-213-300-612,C-070-2005,Store_2390,2022-10-13,Online Store,43.99
23894693,21-213-300-612,V-016-2001,Store_2390,2022-10-13,Online Store,62.59
23894693,21-213-300-612,Q-019-1983,Store_2390,2022-10-13,Online Store,79.99
23894694,21-213-300-612,Q-289-1983,Store_2372,2022-01-14,Online Store,51.99
23894694,21-213-300-612,W-256-1987,Store_2372,2022-01-14,Online Store,45.99
23894695,21-213-300-612,C-262-1993,Store_2363,2022-08-28,Online Store,121.99
23894695,21-213-300-612,A-199-1982,Store_2363,2022-08-28,Online Store,45.99
23894695,21-213-300-612,H-085-1994,Store_2363,2022-08-28,Online Store,67.99
23894695,21-213-300-612,N-196-2003,Store_2363,2022-08-28,Online Store,81.59
23894695,21-213-300-612,Q-055-1998,Store_2363,2022-08-28,Online Store,36.59
23894695,21-213-300-612,B-229-2013,Store_2363,2022-08-28,Online Store,61.99
23894695,21-213-300-612,H-019-2013,Store_2363,2022-08-28,Online Store,34.99
23894695,21-213-300-612,B-223-1986,Store_2363,2022-08-28,Online Store,58.59
23894696,21-213-300-612,N-112-2003,Store_2402,2022-01-29,Onsite Store,60.59
23894696,21-213-300-612,H-175-2003,Store_2402,2022-01-29,Onsite Store,57.59
23894696,21-213-300-612,A-286-2014,Store_2402,2022-01-29,Onsite Store,61.59
23894696,21-213-300-612,N-289-1998,Store_2402,2022-01-29,Onsite Store,71.59
23894696,21-213-300-612,J-268-2005,Store_2402,2022-01-29,Onsite Store,23.59
23894696,21-213-300-612,G-094-1988,Store_2402,2022-01-29,Onsite Store,51.59
23894696,21-213-300-612,C-049-2018,Store_2402,2022-01-29,Onsite Store,58.99
23894697,21-213-300-612,J-244-2002,Store_2426,2022-07-16,Onsite Store,86.59
23894697,21-213-300-612,N-232-1989,Store_2426,2022-07-16,Onsite Store,6.59
23894697,21-213-300-612,I-112-1987,Store_2426,2022-07-16,Onsite Store,96.59
23894697,21-213-300-612,J-178-1998,Store_2426,2022-07-16,Onsite Store,88.59
23894698,21-213-300-612,G-184-1989,Store_2454,2022-07-16,Onsite Store,97.59
23894698,21-213-300-612,W-034-2001,Store_2454,2022-07-16,Onsite Store,83.99
23894698,21-213-300-612,C-115-2013,Store_2454,2022-07-16,Onsite Store,82.59
23894698,21-213-300-612,V-292-1983,Store_2454,2022-07-16,Onsite Store,51.59
23894698,21-213-300-612,B-175-2016,Store_2454,2022-07-16,Onsite Store,90.59
23894698,21-213-300-612,Z-238-1985,Store_2454,2022-07-16,Onsite Store,69.59
23894698,21-213-300-612,W-049-1980,Store_2454,2022-07-16,Onsite Store,95.59
23894698,21-213-300-612,F-124-2000,Store_2454,2022-07-16,Onsite Store,115.99
23894698,21-213-300-612,G-187-1989,Store_2454,2022-07-16,Onsite Store,25.99
23894698,21-213-300-612,J-136-2012,Store_2454,2022-07-16,Onsite Store,31.59
23894698,21-213-300-612,H-166-2005,Store_2454,2022-07-16,Onsite Store,76.59
23894698,21-213-300-612,C-286-2008,Store_2454,2022-07-16,Onsite Store,65.99
23894699,21-213-300-612,J-232-1998,Store_2408,2022-04-22,Onsite Store,45.99
23894699,21-213-300-612,Q-214-2014,Store_2408,2022-04-22,Onsite Store,62.99
23894700,21-213-300-612,I-127-1999,Store_2475,2022-03-23,Onsite Store,123.99
23894700,21-213-300-612,A-196-1995,Store_2475,2022-03-23,Onsite Store,77.59
23894700,21-213-300-612,I-079-2004,Store_2475,2022-03-23,Onsite Store,90.59
23894701,49-497-610-746,C-196-1983,Store_2440,2022-11-16,Onsite Store,73.99
23894702,49-497-610-746,W-136-2008,Store_2452,2022-10-18,Onsite Store,77.59
23894702,49-497-610-746,Q-016-2016,Store_2452,2022-10-18,Onsite Store,77.59
23894702,49-497-610-746,F-154-1984,Store_2452,2022-10-18,Onsite Store,64.59
23894702,49-497-610-746,J-286-1983,Store_2452,2022-10-18,Onsite Store,75.59
23894702,49-497-610-746,J-139-1989,Store_2452,2022-10-18,Onsite Store,41.99
23894702,49-497-610-746,B-256-2003,Store_2452,2022-10-18,Onsite Store,41.59
23894702,49-497-610-746,Q-046-2006,Store_2452,2022-10-18,Onsite Store,108.99
23894702,49-497-610-746,I-031-2009,Store_2452,2022-10-18,Onsite Store,30.59
23894702,49-497-610-746,A-250-2014,Store_2452,2022-10-18,Onsite Store,48.59
23894702,49-497-610-746,A-271-2007,Store_2452,2022-10-18,Onsite Store,71.99
23894702,49-497-610-746,H-094-2002,Store_2452,2022-10-18,Onsite Store,59.59
23894702,49-497-610-746,J-046-1993,Store_2452,2022-10-18,Onsite Store,91.99
23894702,49-497-610-746,J-244-1993,Store_2452,2022-10-18,Onsite Store,67.99
23894702,49-497-610-746,B-037-1993,Store_2452,2022-10-18,Onsite Store,79.99
23894703,49-497-610-746,I-268-2015,Store_2454,2022-11-21,Onsite Store,34.59
23894703,49-497-610-746,N-100-1980,Store_2454,2022-11-21,Onsite Store,36.59
23894703,49-497-610-746,N-061-1983,Store_2454,2022-11-21,Onsite Store,84.59
23894704,49-497-610-746,Q-010-1996,Store_2412,2022-09-09,Onsite Store,46.99
23894704,49-497-610-746,G-106-1985,Store_2412,2022-09-09,Onsite Store,104.99
23894704,49-497-610-746,N-049-1991,Store_2412,2022-09-09,Onsite Store,90.99
23894705,49-497-610-746,F-217-2004,Store_2348,2022-05-29,Online Store,35.99
23894705,49-497-610-746,Z-085-1991,Store_2348,2022-05-29,Online Store,101.59
23894705,49-497-610-746,C-040-2000,Store_2348,2022-05-29,Online Store,63.59
23894705,49-497-610-746,Q-013-1988,Store_2348,2022-05-29,Online Store,83.99
23894705,49-497-610-746,I-052-2009,Store_2348,2022-05-29,Online Store,93.99
23894705,49-497-610-746,G-298-2001,Store_2348,2022-05-29,Online Store,55.99
23894705,49-497-610-746,J-031-1984,Store_2348,2022-05-29,Online Store,92.99
23894705,49-497-610-746,A-265-2015,Store_2348,2022-05-29,Online Store,99.59
23894705,49-497-610-746,A-178-1997,Store_2348,2022-05-29,Online Store,55.99
23894705,49-497-610-746,J-184-2009,Store_2348,2022-05-29,Online Store,59.59
23894706,49-497-610-746,J-160-1983,Store_2358,2022-11-14,Online Store,80.59
23894706,49-497-610-746,Z-100-2000,Store_2358,2022-11-14,Online Store,89.59
23894706,49-497-610-746,A-202-1990,Store_2358,2022-11-14,Online Store,98.99
23894706,49-497-610-746,F-295-2008,Store_2358,2022-11-14,Online Store,89.59
23894706,49-497-610-746,J-214-1990,Store_2358,2022-11-14,Online Store,79.59
23894707,49-497-610-746,G-001-2011,Store_2411,2022-11-02,Onsite Store,86.99
23894707,49-497-610-746,C-220-1986,Store_2411,2022-11-02,Onsite Store,38.99
23894707,49-497-610-746,W-037-1994,Store_2411,2022-11-02,Onsite Store,47.59
23894707,49-497-610-746,G-256-2012,Store_2411,2022-11-02,Onsite Store,59.59
23894707,49-497-610-746,V-172-1983,Store_2411,2022-11-02,Onsite Store,97.59
23894708,49-497-610-746,Q-238-2017,Store_2365,2022-02-05,Online Store,26.59
23894708,49-497-610-746,G-169-1985,Store_2365,2022-02-05,Online Store,79.99
23894708,49-497-610-746,A-232-2003,Store_2365,2022-02-05,Online Store,101.99
23894708,49-497-610-746,H-289-1981,Store_2365,2022-02-05,Online Store,66.99
23894709,49-497-610-746,N-043-2001,Store_2376,2022-12-14,Online Store,86.99
23894709,49-497-610-746,N-088-1987,Store_2376,2022-12-14,Online Store,64.59
23894709,49-497-610-746,A-205-1993,Store_2376,2022-12-14,Online Store,26.59
23894709,49-497-610-746,V-001-2014,Store_2376,2022-12-14,Online Store,80.59
23894709,49-497-610-746,G-208-2006,Store_2376,2022-12-14,Online Store,76.59
23894709,49-497-610-746,B-001-2001,Store_2376,2022-12-14,Online Store,39.99
23894709,49-497-610-746,V-025-2013,Store_2376,2022-12-14,Online Store,69.59
23894709,49-497-610-746,W-268-1991,Store_2376,2022-12-14,Online Store,14.99
23894709,49-497-610-746,N-109-2018,Store_2376,2022-12-14,Online Store,47.59
23894710,23-235-894-215,Z-007-1995,Store_2367,2022-07-27,Online Store,52.59
23894710,23-235-894-215,V-277-2006,Store_2367,2022-07-27,Online Store,64.59
23894711,23-235-894-215,Z-295-2012,Store_2394,2022-06-29,Online Store,86.59
23894711,23-235-894-215,N-145-1982,Store_2394,2022-06-29,Online Store,11.59
23894711,23-235-894-215,Q-280-1982,Store_2394,2022-06-29,Online Store,86.59
23894711,23-235-894-215,J-070-1987,Store_2394,2022-06-29,Online Store,77.59
23894711,23-235-894-215,G-124-1991,Store_2394,2022-06-29,Online Store,89.59
23894711,23-235-894-215,N-100-2012,Store_2394,2022-06-29,Online Store,60.99
23894712,23-235-894-215,A-079-1998,Store_2434,2022-01-28,Onsite Store,47.59
23894712,23-235-894-215,H-232-1989,Store_2434,2022-01-28,Onsite Store,78.59
23894712,23-235-894-215,Q-103-1987,Store_2434,2022-01-28,Onsite Store,94.99
23894712,23-235-894-215,Z-259-1992,Store_2434,2022-01-28,Onsite Store,54.99
23894712,23-235-894-215,G-109-1990,Store_2434,2022-01-28,Onsite Store,61.99
23894712,23-235-894-215,J-013-2001,Store_2434,2022-01-28,Onsite Store,88.99
23894712,23-235-894-215,J-067-1999,Store_2434,2022-01-28,Onsite Store,97.99
23894712,23-235-894-215,I-076-1989,Store_2434,2022-01-28,Onsite Store,65.59
23894713,23-235-894-215,N-268-2006,Store_2402,2022-04-25,Onsite Store,47.59
23894714,23-235-894-215,V-283-1996,Store_2422,2022-05-04,Onsite Store,48.59
23894715,23-235-894-215,V-022-2012,Store_2448,2022-09-15,Onsite Store,18.59
23894715,23-235-894-215,W-211-1996,Store_2448,2022-09-15,Onsite Store,16.99
23894715,23-235-894-215,Q-142-1990,Store_2448,2022-09-15,Onsite Store,59.99
23894715,23-235-894-215,G-115-1989,Store_2448,2022-09-15,Onsite Store,18.99
23894715,23-235-894-215,J-265-1989,Store_2448,2022-09-15,Onsite Store,89.99
23894715,23-235-894-215,G-298-1988,Store_2448,2022-09-15,Onsite Store,41.59
23894715,23-235-894-215,N-085-1989,Store_2448,2022-09-15,Onsite Store,70.99
23894715,23-235-894-215,W-289-2010,Store_2448,2022-09-15,Onsite Store,89.99
23894715,23-235-894-215,Q-013-1990,Store_2448,2022-09-15,Onsite Store,64.99
23894715,23-235-894-215,F-196-1989,Store_2448,2022-09-15,Onsite Store,49.99
23894715,23-235-894-215,H-169-1983,Store_2448,2022-09-15,Onsite Store,93.99
23894715,23-235-894-215,Q-175-2011,Store_2448,2022-09-15,Onsite Store,99.59
23894716,23-235-894-215,Z-172-1999,Store_2439,2022-06-10,Onsite Store,40.99
23894716,23-235-894-215,N-157-1991,Store_2439,2022-06-10,Onsite Store,34.99
23894716,23-235-894-215,V-247-2013,Store_2439,2022-06-10,Onsite Store,71.99
23894716,23-235-894-215,C-277-1987,Store_2439,2022-06-10,Onsite Store,76.99
23894716,23-235-894-215,V-061-1993,Store_2439,2022-06-10,Onsite Store,66.99
23894716,23-235-894-215,B-289-1993,Store_2439,2022-06-10,Onsite Store,128.59
23894716,23-235-894-215,C-157-1991,Store_2439,2022-06-10,Onsite Store,105.99
23894716,23-235-894-215,H-067-2007,Store_2439,2022-06-10,Onsite Store,34.59
23894717,23-235-894-215,C-295-2010,Store_2385,2022-04-29,Online Store,88.59
23894717,23-235-894-215,Z-130-2010,Store_2385,2022-04-29,Online Store,81.99
23894717,23-235-894-215,A-154-1985,Store_2385,2022-04-29,Online Store,43.59
23894717,23-235-894-215,N-010-2018,Store_2385,2022-04-29,Online Store,88.99
23894717,23-235-894-215,Z-202-2002,Store_2385,2022-04-29,Online Store,55.99
23894717,23-235-894-215,Z-223-2008,Store_2385,2022-04-29,Online Store,93.59
23894717,23-235-894-215,N-223-2001,Store_2385,2022-04-29,Online Store,66.99
23894718,23-235-894-215,Q-064-1986,Store_2401,2022-05-08,Onsite Store,51.99
23894718,23-235-894-215,N-274-2008,Store_2401,2022-05-08,Onsite Store,123.99
23894718,23-235-894-215,V-154-2012,Store_2401,2022-05-08,Onsite Store,81.59
23894718,23-235-894-215,H-277-1999,Store_2401,2022-05-08,Onsite Store,73.59
23894719,73-736-696-602,N-145-1992,Store_2387,2022-03-29,Online Store,63.59
23894719,73-736-696-602,G-136-1989,Store_2387,2022-03-29,Online Store,99.99
23894719,73-736-696-602,B-055-2015,Store_2387,2022-03-29,Online Store,47.59
23894719,73-736-696-602,Q-067-1994,Store_2387,2022-03-29,Online Store,66.59
23894719,73-736-696-602,H-088-1993,Store_2387,2022-03-29,Online Store,51.99
23894719,73-736-696-602,H-193-1998,Store_2387,2022-03-29,Online Store,101.59
23894719,73-736-696-602,J-064-2012,Store_2387,2022-03-29,Online Store,33.99
23894719,73-736-696-602,J-076-2015,Store_2387,2022-03-29,Online Store,37.99
23894720,73-736-696-602,V-253-2007,Store_2473,2022-07-24,Onsite Store,52.99
23894720,73-736-696-602,J-103-1992,Store_2473,2022-07-24,Onsite Store,78.99
23894720,73-736-696-602,F-238-2016,Store_2473,2022-07-24,Onsite Store,67.59
23894721,73-736-696-602,H-232-2000,Store_2392,2022-02-10,Online Store,67.99
23894721,73-736-696-602,A-181-1994,Store_2392,2022-02-10,Online Store,76.99
23894721,73-736-696-602,J-235-1992,Store_2392,2022-02-10,Online Store,59.59
23894721,73-736-696-602,Z-220-1984,Store_2392,2022-02-10,Online Store,37.99
23894721,73-736-696-602,G-199-1981,Store_2392,2022-02-10,Online Store,46.99
23894721,73-736-696-602,B-217-1982,Store_2392,2022-02-10,Online Store,34.99
23894721,73-736-696-602,A-250-2011,Store_2392,2022-02-10,Online Store,35.99
23894721,73-736-696-602,F-106-2015,Store_2392,2022-02-10,Online Store,55.59
23894721,73-736-696-602,V-136-1984,Store_2392,2022-02-10,Online Store,62.59
23894721,73-736-696-602,J-073-2007,Store_2392,2022-02-10,Online Store,109.59
23894721,73-736-696-602,W-010-2013,Store_2392,2022-02-10,Online Store,47.99
23894722,73-736-696-602,H-043-2001,Store_2464,2022-06-26,Onsite Store,77.59
23894722,73-736-696-602,Q-292-1999,Store_2464,2022-06-26,Onsite Store,63.99
23894722,73-736-696-602,H-238-2012,Store_2464,2022-06-26,Onsite Store,73.99
23894722,73-736-696-602,V-220-1992,Store_2464,2022-06-26,Onsite Store,94.99
23894722,73-736-696-602,H-229-2015,Store_2464,2022-06-26,Onsite Store,42.99
23894722,73-736-696-602,V-214-1986,Store_2464,2022-06-26,Onsite Store,79.59
23894722,73-736-696-602,V-193-1987,Store_2464,2022-06-26,Onsite Store,63.99
23894722,73-736-696-602,H-235-2013,Store_2464,2022-06-26,Onsite Store,44.99
23894722,73-736-696-602,V-217-2008,Store_2464,2022-06-26,Onsite Store,15.99
23894722,73-736-696-602,N-112-2010,Store_2464,2022-06-26,Onsite Store,90.99
23894722,73-736-696-602,W-277-2011,Store_2464,2022-06-26,Onsite Store,94.59
23894723,73-736-696-602,F-205-1996,Store_2469,2022-06-06,Onsite Store,104.59
23894723,73-736-696-602,Q-100-2011,Store_2469,2022-06-06,Onsite Store,9.99
23894723,73-736-696-602,J-103-1980,Store_2469,2022-06-06,Onsite Store,68.99
23894723,73-736-696-602,I-022-2009,Store_2469,2022-06-06,Onsite Store,67.99
23894723,73-736-696-602,J-250-2003,Store_2469,2022-06-06,Onsite Store,77.99
23894723,73-736-696-602,G-067-1998,Store_2469,2022-06-06,Onsite Store,68.59
23894723,73-736-696-602,Q-178-2018,Store_2469,2022-06-06,Onsite Store,50.59
23894723,73-736-696-602,W-109-2000,Store_2469,2022-06-06,Onsite Store,88.59
23894724,73-736-696-602,B-241-1980,Store_2368,2022-04-09,Online Store,40.99
23894724,73-736-696-602,F-022-1981,Store_2368,2022-04-09,Online Store,37.59
23894724,73-736-696-602,Z-220-1984,Store_2368,2022-04-09,Online Store,37.99
23894724,73-736-696-602,F-091-1980,Store_2368,2022-04-09,Online Store,75.99
23894724,73-736-696-602,N-193-2011,Store_2368,2022-04-09,Online Store,111.59
23894724,73-736-696-602,Q-289-1984,Store_2368,2022-04-09,Online Store,98.99
23894724,73-736-696-602,V-049-2007,Store_2368,2022-04-09,Online Store,43.59
23894725,73-736-696-602,F-217-2006,Store_2467,2022-03-26,Onsite Store,106.59
23894725,73-736-696-602,W-067-1993,Store_2467,2022-03-26,Onsite Store,58.59
23894725,73-736-696-602,B-193-2010,Store_2467,2022-03-26,Onsite Store,71.99
23894725,73-736-696-602,V-142-1980,Store_2467,2022-03-26,Onsite Store,70.59
23894725,73-736-696-602,V-283-1988,Store_2467,2022-03-26,Onsite Store,55.59
23894725,73-736-696-602,N-025-1986,Store_2467,2022-03-26,Onsite Store,53.99
23894725,73-736-696-602,Z-031-2012,Store_2467,2022-03-26,Onsite Store,91.99
23894726,73-736-696-602,B-196-2006,Store_2471,2022-06-20,Onsite Store,46.59
23894726,73-736-696-602,Z-286-2004,Store_2471,2022-06-20,Onsite Store,73.99
23894726,73-736-696-602,W-136-2011,Store_2471,2022-06-20,Onsite Store,43.99
23894726,73-736-696-602,V-274-2011,Store_2471,2022-06-20,Onsite Store,52.99
23894726,73-736-696-602,J-133-1984,Store_2471,2022-06-20,Onsite Store,88.99
23894726,73-736-696-602,I-277-2005,Store_2471,2022-06-20,Onsite Store,110.99
23894726,73-736-696-602,H-061-1996,Store_2471,2022-06-20,Onsite Store,74.99
23894726,73-736-696-602,F-238-2015,Store_2471,2022-06-20,Onsite Store,56.59
23894726,73-736-696-602,G-250-2016,Store_2471,2022-06-20,Onsite Store,45.59
23894726,73-736-696-602,I-178-2018,Store_2471,2022-06-20,Onsite Store,88.59
23894726,73-736-696-602,I-040-2016,Store_2471,2022-06-20,Onsite Store,51.99
23894727,73-736-696-602,N-253-1988,Store_2464,2022-01-21,Onsite Store,83.99
23894727,73-736-696-602,F-271-2012,Store_2464,2022-01-21,Onsite Store,46.99
23894727,73-736-696-602,G-115-2018,Store_2464,2022-01-21,Onsite Store,61.59
23894727,73-736-696-602,J-238-1996,Store_2464,2022-01-21,Onsite Store,42.59
23894727,73-736-696-602,C-136-1992,Store_2464,2022-01-21,Onsite Store,125.59
23894727,73-736-696-602,N-100-1999,Store_2464,2022-01-21,Onsite Store,85.59
23894728,90-904-777-147,H-010-2002,Store_2427,2022-12-01,Onsite Store,48.59
23894728,90-904-777-147,A-232-2002,Store_2427,2022-12-01,Onsite Store,28.99
23894728,90-904-777-147,W-052-2009,Store_2427,2022-12-01,Onsite Store,43.59
23894728,90-904-777-147,W-169-2006,Store_2427,2022-12-01,Onsite Store,84.99
23894728,90-904-777-147,A-142-2004,Store_2427,2022-12-01,Onsite Store,100.59
23894728,90-904-777-147,H-241-1996,Store_2427,2022-12-01,Onsite Store,42.59
23894728,90-904-777-147,I-208-2010,Store_2427,2022-12-01,Onsite Store,72.99
23894728,90-904-777-147,C-298-1994,Store_2427,2022-12-01,Onsite Store,65.59
23894728,90-904-777-147,B-016-2009,Store_2427,2022-12-01,Onsite Store,101.59
23894729,90-904-777-147,V-181-2010,Store_2363,2022-09-12,Online Store,48.99
23894729,90-904-777-147,G-235-2010,Store_2363,2022-09-12,Online Store,119.99
23894729,90-904-777-147,Q-133-1986,Store_2363,2022-09-12,Online Store,112.99
23894729,90-904-777-147,W-286-2010,Store_2363,2022-09-12,Online Store,61.59
23894730,90-904-777-147,J-226-2014,Store_2456,2022-04-12,Onsite Store,95.59
23894730,90-904-777-147,G-058-2001,Store_2456,2022-04-12,Onsite Store,45.99
23894730,90-904-777-147,J-256-1991,Store_2456,2022-04-12,Onsite Store,147.59
23894730,90-904-777-147,C-130-2015,Store_2456,2022-04-12,Onsite Store,74.59
23894730,90-904-777-147,V-208-1989,Store_2456,2022-04-12,Onsite Store,67.99
23894730,90-904-777-147,N-187-2009,Store_2456,2022-04-12,Onsite Store,43.99
23894730,90-904-777-147,Q-061-2007,Store_2456,2022-04-12,Onsite Store,18.59
23894730,90-904-777-147,Z-013-2015,Store_2456,2022-04-12,Onsite Store,105.59
23894730,90-904-777-147,G-064-2006,Store_2456,2022-04-12,Onsite Store,44.59
23894730,90-904-777-147,J-001-2017,Store_2456,2022-04-12,Onsite Store,120.59
23894731,90-904-777-147,V-271-2005,Store_2392,2022-02-18,Online Store,115.99
23894731,90-904-777-147,J-145-1999,Store_2392,2022-02-18,Online Store,50.99
23894731,90-904-777-147,I-115-2012,Store_2392,2022-02-18,Online Store,111.99
23894731,90-904-777-147,Q-223-1980,Store_2392,2022-02-18,Online Store,76.59
23894731,90-904-777-147,H-019-1987,Store_2392,2022-02-18,Online Store,85.99
23894731,90-904-777-147,C-190-2013,Store_2392,2022-02-18,Online Store,71.99
23894731,90-904-777-147,B-178-1985,Store_2392,2022-02-18,Online Store,91.99
23894731,90-904-777-147,N-211-1988,Store_2392,2022-02-18,Online Store,72.99
23894731,90-904-777-147,Z-205-2016,Store_2392,2022-02-18,Online Store,42.99
23894731,90-904-777-147,F-286-2006,Store_2392,2022-02-18,Online Store,93.99
23894731,90-904-777-147,A-199-1998,Store_2392,2022-02-18,Online Store,64.99
23894732,90-904-777-147,I-178-2017,Store_2364,2022-02-18,Online Store,48.59
23894733,90-904-777-147,A-124-1989,Store_2420,2022-12-27,Onsite Store,110.59
23894733,90-904-777-147,V-073-2012,Store_2420,2022-12-27,Onsite Store,81.99
23894733,90-904-777-147,N-022-1981,Store_2420,2022-12-27,Onsite Store,52.99
23894733,90-904-777-147,J-262-1996,Store_2420,2022-12-27,Onsite Store,77.59
23894733,90-904-777-147,H-244-2010,Store_2420,2022-12-27,Onsite Store,32.59
23894733,90-904-777-147,Q-238-2011,Store_2420,2022-12-27,Onsite Store,48.99
23894733,90-904-777-147,W-070-1989,Store_2420,2022-12-27,Onsite Store,92.59
23894733,90-904-777-147,Z-262-1998,Store_2420,2022-12-27,Onsite Store,64.59
23894733,90-904-777-147,B-172-1996,Store_2420,2022-12-27,Onsite Store,82.99
23894733,90-904-777-147,C-193-1993,Store_2420,2022-12-27,Onsite Store,30.99
23894734,90-904-777-147,W-235-1983,Store_2453,2022-05-05,Onsite Store,117.59
23894734,90-904-777-147,W-241-2003,Store_2453,2022-05-05,Onsite Store,84.59
23894734,90-904-777-147,H-280-2009,Store_2453,2022-05-05,Onsite Store,43.99
23894734,90-904-777-147,C-112-1992,Store_2453,2022-05-05,Onsite Store,64.59
23894734,90-904-777-147,H-127-1985,Store_2453,2022-05-05,Onsite Store,97.59
23894734,90-904-777-147,B-127-1984,Store_2453,2022-05-05,Onsite Store,31.59
23894734,90-904-777-147,V-037-1981,Store_2453,2022-05-05,Onsite Store,72.99
23894734,90-904-777-147,N-058-1994,Store_2453,2022-05-05,Onsite Store,62.99
23894734,90-904-777-147,B-235-2013,Store_2453,2022-05-05,Onsite Store,93.99
23894735,90-904-777-147,Z-010-2012,Store_2439,2022-10-24,Onsite Store,66.59
23894735,90-904-777-147,A-049-1980,Store_2439,2022-10-24,Onsite Store,66.99
23894735,90-904-777-147,N-244-1999,Store_2439,2022-10-24,Onsite Store,144.99
23894736,90-904-777-147,Q-136-1985,Store_2392,2022-11-15,Online Store,45.59
23894736,90-904-777-147,C-256-2017,Store_2392,2022-11-15,Online Store,94.59
23894736,90-904-777-147,C-262-1999,Store_2392,2022-11-15,Online Store,71.99
23894737,76-764-137-225,Z-130-2016,Store_2428,2022-11-02,Onsite Store,106.59
23894737,76-764-137-225,F-010-2008,Store_2428,2022-11-02,Onsite Store,85.99
23894737,76-764-137-225,F-205-2012,Store_2428,2022-11-02,Onsite Store,78.99
23894737,76-764-137-225,A-055-2006,Store_2428,2022-11-02,Onsite Store,37.59
23894737,76-764-137-225,F-130-1988,Store_2428,2022-11-02,Onsite Store,10.99
23894737,76-764-137-225,Q-088-2013,Store_2428,2022-11-02,Onsite Store,58.99
23894737,76-764-137-225,B-169-1998,Store_2428,2022-11-02,Onsite Store,116.59
23894737,76-764-137-225,N-004-2006,Store_2428,2022-11-02,Onsite Store,74.99
23894737,76-764-137-225,C-298-2017,Store_2428,2022-11-02,Onsite Store,54.59
23894737,76-764-137-225,F-133-2001,Store_2428,2022-11-02,Onsite Store,91.99
23894738,76-764-137-225,B-205-1987,Store_2383,2022-11-22,Online Store,21.99
23894738,76-764-137-225,V-238-1995,Store_2383,2022-11-22,Online Store,61.99
23894738,76-764-137-225,Q-004-1985,Store_2383,2022-11-22,Online Store,62.59
23894739,76-764-137-225,I-181-1994,Store_2383,2022-07-03,Online Store,52.59
23894739,76-764-137-225,I-289-1987,Store_2383,2022-07-03,Online Store,18.99
23894739,76-764-137-225,G-103-2006,Store_2383,2022-07-03,Online Store,66.99
23894739,76-764-137-225,H-115-1983,Store_2383,2022-07-03,Online Store,87.99
23894739,76-764-137-225,F-250-1991,Store_2383,2022-07-03,Online Store,79.99
23894739,76-764-137-225,G-133-2012,Store_2383,2022-07-03,Online Store,51.59
23894739,76-764-137-225,V-007-2018,Store_2383,2022-07-03,Online Store,60.59
23894739,76-764-137-225,G-166-1990,Store_2383,2022-07-03,Online Store,55.99
23894739,76-764-137-225,W-007-2018,Store_2383,2022-07-03,Online Store,65.99
23894740,76-764-137-225,N-220-2013,Store_2462,2022-02-08,Onsite Store,66.59
23894740,76-764-137-225,I-055-2011,Store_2462,2022-02-08,Onsite Store,38.99
23894740,76-764-137-225,W-133-1999,Store_2462,2022-02-08,Onsite Store,73.99
23894740,76-764-137-225,W-100-1983,Store_2462,2022-02-08,Onsite Store,80.59
23894740,76-764-137-225,G-253-1993,Store_2462,2022-02-08,Onsite Store,18.99
23894741,76-764-137-225,A-193-1983,Store_2420,2022-06-08,Onsite Store,46.59
23894741,76-764-137-225,V-265-1994,Store_2420,2022-06-08,Onsite Store,66.59
23894741,76-764-137-225,Q-124-1994,Store_2420,2022-06-08,Onsite Store,56.99
23894741,76-764-137-225,N-211-2001,Store_2420,2022-06-08,Onsite Store,59.59
23894741,76-764-137-225,G-118-1995,Store_2420,2022-06-08,Onsite Store,101.59
23894741,76-764-137-225,N-226-2011,Store_2420,2022-06-08,Onsite Store,64.59
23894742,76-764-137-225,J-286-2009,Store_2348,2022-02-08,Online Store,91.59
23894742,76-764-137-225,W-073-1990,Store_2348,2022-02-08,Online Store,60.59
23894742,76-764-137-225,G-112-2018,Store_2348,2022-02-08,Online Store,61.59
23894742,76-764-137-225,Z-154-1984,Store_2348,2022-02-08,Online Store,38.99
23894743,76-764-137-225,W-253-1989,Store_2469,2022-03-10,Onsite Store,70.99
23894743,76-764-137-225,B-031-2004,Store_2469,2022-03-10,Onsite Store,25.99
23894743,76-764-137-225,C-049-1996,Store_2469,2022-03-10,Onsite Store,61.59
23894743,76-764-137-225,B-163-2008,Store_2469,2022-03-10,Onsite Store,59.99
23894743,76-764-137-225,Z-013-2005,Store_2469,2022-03-10,Onsite Store,76.59
23894743,76-764-137-225,Z-280-1991,Store_2469,2022-03-10,Onsite Store,80.99
23894744,76-764-137-225,B-214-2007,Store_2358,2022-02-19,Online Store,92.99
23894744,76-764-137-225,I-175-1981,Store_2358,2022-02-19,Online Store,93.59
23894744,76-764-137-225,J-028-2013,Store_2358,2022-02-19,Online Store,77.99
23894744,76-764-137-225,B-286-1995,Store_2358,2022-02-19,Online Store,26.99
23894744,76-764-137-225,I-211-1981,Store_2358,2022-02-19,Online Store,96.59
23894744,76-764-137-225,F-010-2003,Store_2358,2022-02-19,Online Store,59.99
23894744,76-764-137-225,F-010-1980,Store_2358,2022-02-19,Online Store,35.59
23894745,76-764-137-225,J-043-2009,Store_2373,2022-08-03,Online Store,76.59
23894745,76-764-137-225,A-028-1984,Store_2373,2022-08-03,Online Store,78.59
23894745,76-764-137-225,C-199-1995,Store_2373,2022-08-03,Online Store,133.59
23894745,76-764-137-225,C-151-1984,Store_2373,2022-08-03,Online Store,81.99
23894745,76-764-137-225,A-037-1991,Store_2373,2022-08-03,Online Store,98.59
23894745,76-764-137-225,W-160-2001,Store_2373,2022-08-03,Online Store,80.59
23894745,76-764-137-225,A-157-2017,Store_2373,2022-08-03,Online Store,76.99
23894746,31-310-934-498,I-247-2000,Store_2388,2022-10-16,Online Store,32.99
23894746,31-310-934-498,H-121-1986,Store_2388,2022-10-16,Online Store,40.99
23894746,31-310-934-498,F-010-1985,Store_2388,2022-10-16,Online Store,94.59
23894746,31-310-934-498,Z-280-2008,Store_2388,2022-10-16,Online Store,14.99
23894746,31-310-934-498,H-067-1987,Store_2388,2022-10-16,Online Store,87.99
23894746,31-310-934-498,V-091-2015,Store_2388,2022-10-16,Online Store,60.99
23894746,31-310-934-498,N-088-2011,Store_2388,2022-10-16,Online Store,64.59
23894746,31-310-934-498,N-172-2007,Store_2388,2022-10-16,Online Store,56.59
23894747,31-310-934-498,C-094-1991,Store_2400,2022-09-03,Onsite Store,40.99
23894748,31-310-934-498,C-193-1987,Store_2441,2022-07-14,Onsite Store,26.99
23894748,31-310-934-498,N-064-1987,Store_2441,2022-07-14,Onsite Store,61.99
23894748,31-310-934-498,F-037-2006,Store_2441,2022-07-14,Onsite Store,47.59
23894748,31-310-934-498,B-097-1983,Store_2441,2022-07-14,Onsite Store,94.59
23894748,31-310-934-498,G-106-2009,Store_2441,2022-07-14,Onsite Store,66.99
23894748,31-310-934-498,J-199-2017,Store_2441,2022-07-14,Onsite Store,102.59
23894748,31-310-934-498,A-292-2000,Store_2441,2022-07-14,Onsite Store,62.59
23894748,31-310-934-498,G-280-1993,Store_2441,2022-07-14,Onsite Store,52.99
23894748,31-310-934-498,C-076-2005,Store_2441,2022-07-14,Onsite Store,58.59
23894748,31-310-934-498,Z-115-1980,Store_2441,2022-07-14,Onsite Store,76.59
23894749,31-310-934-498,B-286-1980,Store_2387,2022-01-05,Online Store,63.99
23894749,31-310-934-498,W-175-1992,Store_2387,2022-01-05,Online Store,74.59
23894749,31-310-934-498,V-058-2016,Store_2387,2022-01-05,Online Store,49.59
23894749,31-310-934-498,F-019-1981,Store_2387,2022-01-05,Online Store,81.99
23894749,31-310-934-498,H-103-1993,Store_2387,2022-01-05,Online Store,72.99
23894749,31-310-934-498,W-091-2016,Store_2387,2022-01-05,Online Store,75.99
23894749,31-310-934-498,I-214-2015,Store_2387,2022-01-05,Online Store,120.59
23894749,31-310-934-498,G-172-1987,Store_2387,2022-01-05,Online Store,69.99
23894749,31-310-934-498,F-172-1996,Store_2387,2022-01-05,Online Store,97.59
23894749,31-310-934-498,J-160-1980,Store_2387,2022-01-05,Online Store,75.59
23894749,31-310-934-498,V-202-2015,Store_2387,2022-01-05,Online Store,101.59
23894749,31-310-934-498,F-193-2008,Store_2387,2022-01-05,Online Store,44.59
23894750,31-310-934-498,V-214-1994,Store_2424,2022-03-17,Onsite Store,49.59
23894750,31-310-934-498,G-235-1997,Store_2424,2022-03-17,Onsite Store,82.99
23894750,31-310-934-498,W-088-2002,Store_2424,2022-03-17,Onsite Store,84.99
23894751,31-310-934-498,J-160-2018,Store_2447,2022-07-21,Onsite Store,68.99
23894751,31-310-934-498,F-196-2017,Store_2447,2022-07-21,Onsite Store,116.59
23894751,31-310-934-498,J-040-2008,Store_2447,2022-07-21,Onsite Store,100.99
23894751,31-310-934-498,Q-259-2011,Store_2447,2022-07-21,Onsite Store,58.99
23894751,31-310-934-498,N-265-1990,Store_2447,2022-07-21,Onsite Store,41.59
23894751,31-310-934-498,F-022-1989,Store_2447,2022-07-21,Onsite Store,73.59
23894751,31-310-934-498,V-040-1983,Store_2447,2022-07-21,Onsite Store,69.99
23894751,31-310-934-498,F-286-1989,Store_2447,2022-07-21,Onsite Store,78.99
23894752,31-310-934-498,B-184-1989,Store_2395,2022-02-25,Online Store,50.59
23894752,31-310-934-498,C-088-2011,Store_2395,2022-02-25,Online Store,54.59
23894752,31-310-934-498,W-295-1983,Store_2395,2022-02-25,Online Store,62.99
23894752,31-310-934-498,A-094-1996,Store_2395,2022-02-25,Online Store,19.59
23894752,31-310-934-498,N-262-1993,Store_2395,2022-02-25,Online Store,42.99
23894752,31-310-934-498,N-238-1989,Store_2395,2022-02-25,Online Store,62.99
23894752,31-310-934-498,V-202-1983,Store_2395,2022-02-25,Online Store,84.59
23894752,31-310-934-498,J-079-1984,Store_2395,2022-02-25,Online Store,82.99
23894753,31-310-934-498,H-142-1996,Store_2475,2022-09-04,Onsite Store,96.59
23894753,31-310-934-498,A-286-1989,Store_2475,2022-09-04,Onsite Store,62.59
23894753,31-310-934-498,I-043-1999,Store_2475,2022-09-04,Onsite Store,54.99
23894753,31-310-934-498,Q-205-2000,Store_2475,2022-09-04,Onsite Store,50.99
23894753,31-310-934-498,F-232-1996,Store_2475,2022-09-04,Onsite Store,54.99
23894753,31-310-934-498,F-163-2010,Store_2475,2022-09-04,Onsite Store,63.99
23894753,31-310-934-498,I-061-2005,Store_2475,2022-09-04,Onsite Store,54.59
23894754,31-310-934-498,Z-211-2011,Store_2421,2022-04-27,Onsite Store,56.99
23894754,31-310-934-498,H-136-2009,Store_2421,2022-04-27,Onsite Store,112.99
23894754,31-310-934-498,V-211-2013,Store_2421,2022-04-27,Onsite Store,58.59
23894754,31-310-934-498,B-238-1996,Store_2421,2022-04-27,Onsite Store,34.59
23894754,31-310-934-498,H-109-2012,Store_2421,2022-04-27,Onsite Store,56.99
23894755,70-702-150-618,Z-067-2012,Store_2441,2022-04-04,Onsite Store,96.99
23894755,70-702-150-618,V-232-1991,Store_2441,2022-04-04,Onsite Store,65.99
23894755,70-702-150-618,Q-190-2009,Store_2441,2022-04-04,Onsite Store,92.59
23894755,70-702-150-618,N-217-1987,Store_2441,2022-04-04,Onsite Store,92.99
23894755,70-702-150-618,N-046-1986,Store_2441,2022-04-04,Onsite Store,69.99
23894755,70-702-150-618,J-004-1994,Store_2441,2022-04-04,Onsite Store,60.59
23894755,70-702-150-618,Q-298-2010,Store_2441,2022-04-04,Onsite Store,84.59
23894755,70-702-150-618,C-070-2017,Store_2441,2022-04-04,Onsite Store,91.99
23894756,70-702-150-618,B-157-2010,Store_2388,2022-03-26,Online Store,73.59
23894757,70-702-150-618,V-004-2003,Store_2366,2022-07-17,Online Store,80.59
23894757,70-702-150-618,Q-118-1998,Store_2366,2022-07-17,Online Store,86.59
23894758,70-702-150-618,A-232-2018,Store_2375,2022-09-05,Online Store,46.59
23894758,70-702-150-618,C-040-1987,Store_2375,2022-09-05,Online Store,56.99
23894759,70-702-150-618,H-097-2018,Store_2421,2022-03-01,Onsite Store,63.99
23894759,70-702-150-618,Z-265-1985,Store_2421,2022-03-01,Onsite Store,35.99
23894759,70-702-150-618,W-091-2006,Store_2421,2022-03-01,Onsite Store,60.59
23894759,70-702-150-618,C-265-2014,Store_2421,2022-03-01,Onsite Store,88.59
23894759,70-702-150-618,B-046-2011,Store_2421,2022-03-01,Onsite Store,90.59
23894759,70-702-150-618,H-124-2013,Store_2421,2022-03-01,Onsite Store,40.99
23894759,70-702-150-618,W-049-2001,Store_2421,2022-03-01,Onsite Store,91.99
23894759,70-702-150-618,C-181-1995,Store_2421,2022-03-01,Onsite Store,105.59
23894759,70-702-150-618,F-115-1997,Store_2421,2022-03-01,Onsite Store,49.99
23894760,70-702-150-618,J-052-1982,Store_2412,2022-11-30,Onsite Store,46.99
23894760,70-702-150-618,N-004-1984,Store_2412,2022-11-30,Onsite Store,92.59
23894760,70-702-150-618,V-169-1991,Store_2412,2022-11-30,Onsite Store,53.99
23894760,70-702-150-618,N-238-1980,Store_2412,2022-11-30,Onsite Store,99.59
23894760,70-702-150-618,Q-235-1997,Store_2412,2022-11-30,Onsite Store,87.59
23894760,70-702-150-618,J-175-2011,Store_2412,2022-11-30,Onsite Store,59.59
23894760,70-702-150-618,Q-172-1997,Store_2412,2022-11-30,Onsite Store,103.99
23894760,70-702-150-618,V-025-1997,Store_2412,2022-11-30,Onsite Store,102.99
23894761,70-702-150-618,G-010-1990,Store_2383,2022-03-20,Online Store,59.59
23894761,70-702-150-618,C-067-1994,Store_2383,2022-03-20,Online Store,82.99
23894761,70-702-150-618,A-262-1996,Store_2383,2022-03-20,Online Store,63.99
23894761,70-702-150-618,Q-280-1997,Store_2383,2022-03-20,Online Store,52.99
23894761,70-702-150-618,Z-097-1983,Store_2383,2022-03-20,Online Store,45.99
23894762,70-702-150-618,N-148-2003,Store_2472,2022-05-08,Onsite Store,110.59
23894762,70-702-150-618,Q-235-2011,Store_2472,2022-05-08,Onsite Store,49.59
23894762,70-702-150-618,N-298-1997,Store_2472,2022-05-08,Onsite Store,60.59
23894762,70-702-150-618,J-250-1982,Store_2472,2022-05-08,Onsite Store,60.99
23894762,70-702-150-618,B-100-1981,Store_2472,2022-05-08,Onsite Store,63.99
23894762,70-702-150-618,G-196-1996,Store_2472,2022-05-08,Onsite Store,56.99
23894762,70-702-150-618,I-127-2008,Store_2472,2022-05-08,Onsite Store,71.59
23894762,70-702-150-618,B-211-2003,Store_2472,2022-05-08,Onsite Store,63.59
23894762,70-702-150-618,Q-124-1990,Store_2472,2022-05-08,Onsite Store,97.99
23894762,70-702-150-618,F-250-2010,Store_2472,2022-05-08,Onsite Store,66.59
23894763,70-702-150-618,A-226-1983,Store_2416,2022-10-25,Onsite Store,65.99
23894763,70-702-150-618,G-274-2012,Store_2416,2022-10-25,Onsite Store,75.99
23894763,70-702-150-618,C-010-2013,Store_2416,2022-10-25,Onsite Store,89.99
23894763,70-702-150-618,V-001-2001,Store_2416,2022-10-25,Onsite Store,60.59
23894763,70-702-150-618,C-292-1985,Store_2416,2022-10-25,Onsite Store,74.99
23894764,94-944-846-532,G-220-1987,Store_2388,2022-02-18,Online Store,32.99
23894764,94-944-846-532,V-115-2005,Store_2388,2022-02-18,Online Store,91.59
23894764,94-944-846-532,H-217-2017,Store_2388,2022-02-18,Online Store,71.99
23894764,94-944-846-532,Q-031-1984,Store_2388,2022-02-18,Online Store,27.59
23894764,94-944-846-532,F-100-1993,Store_2388,2022-02-18,Online Store,16.99
23894764,94-944-846-532,V-190-1989,Store_2388,2022-02-18,Online Store,63.59
23894764,94-944-846-532,A-013-1983,Store_2388,2022-02-18,Online Store,87.99
23894765,94-944-846-532,I-298-2000,Store_2404,2022-09-03,Onsite Store,78.59
23894765,94-944-846-532,N-130-1994,Store_2404,2022-09-03,Onsite Store,76.59
23894765,94-944-846-532,N-283-1983,Store_2404,2022-09-03,Onsite Store,67.99
23894765,94-944-846-532,F-007-2007,Store_2404,2022-09-03,Onsite Store,75.99
23894765,94-944-846-532,Q-082-2008,Store_2404,2022-09-03,Onsite Store,51.59
23894765,94-944-846-532,I-253-1998,Store_2404,2022-09-03,Onsite Store,77.59
23894765,94-944-846-532,C-058-2014,Store_2404,2022-09-03,Onsite Store,53.99
23894765,94-944-846-532,N-298-1995,Store_2404,2022-09-03,Onsite Store,58.99
23894766,94-944-846-532,W-097-1982,Store_2402,2022-03-07,Onsite Store,22.99
23894766,94-944-846-532,J-166-1997,Store_2402,2022-03-07,Onsite Store,73.99
23894767,94-944-846-532,C-139-2010,Store_2380,2022-05-04,Online Store,96.99
23894767,94-944-846-532,Z-073-2018,Store_2380,2022-05-04,Online Store,80.99
23894767,94-944-846-532,H-226-1980,Store_2380,2022-05-04,Online Store,56.99
23894767,94-944-846-532,Z-082-1986,Store_2380,2022-05-04,Online Store,64.99
23894767,94-944-846-532,F-232-1997,Store_2380,2022-05-04,Online Store,109.59
23894767,94-944-846-532,F-169-2001,Store_2380,2022-05-04,Online Store,78.59
23894767,94-944-846-532,F-037-1987,Store_2380,2022-05-04,Online Store,109.59
23894767,94-944-846-532,F-061-1983,Store_2380,2022-05-04,Online Store,67.99
23894768,94-944-846-532,N-016-1994,Store_2469,2022-03-08,Onsite Store,55.99
23894768,94-944-846-532,F-040-2012,Store_2469,2022-03-08,Onsite Store,80.99
23894768,94-944-846-532,H-238-2014,Store_2469,2022-03-08,Onsite Store,62.59
23894768,94-944-846-532,N-259-1984,Store_2469,2022-03-08,Onsite Store,76.99
23894768,94-944-846-532,H-004-1988,Store_2469,2022-03-08,Onsite Store,53.59
23894768,94-944-846-532,V-262-1983,Store_2469,2022-03-08,Onsite Store,60.59
23894768,94-944-846-532,Z-118-2004,Store_2469,2022-03-08,Onsite Store,48.99
23894769,94-944-846-532,F-019-2012,Store_2415,2022-10-22,Onsite Store,82.99
23894769,94-944-846-532,F-271-2010,Store_2415,2022-10-22,Onsite Store,75.99
23894769,94-944-846-532,H-256-1996,Store_2415,2022-10-22,Onsite Store,60.99
23894769,94-944-846-532,Q-226-2003,Store_2415,2022-10-22,Onsite Store,70.99
23894769,94-944-846-532,V-013-1991,Store_2415,2022-10-22,Onsite Store,73.59
23894770,94-944-846-532,J-001-1984,Store_2354,2022-10-29,Online Store,62.99
23894770,94-944-846-532,Z-094-1989,Store_2354,2022-10-29,Online Store,50.59
23894771,94-944-846-532,J-157-2000,Store_2360,2022-12-15,Online Store,71.99
23894771,94-944-846-532,I-007-2009,Store_2360,2022-12-15,Online Store,64.59
23894771,94-944-846-532,H-160-1983,Store_2360,2022-12-15,Online Store,50.99
23894772,94-944-846-532,C-208-1984,Store_2349,2022-06-22,Online Store,115.99
23894772,94-944-846-532,Z-217-1997,Store_2349,2022-06-22,Online Store,91.59
23894772,94-944-846-532,N-292-1985,Store_2349,2022-06-22,Online Store,87.59
23894772,94-944-846-532,A-022-2016,Store_2349,2022-06-22,Online Store,81.59
23894773,41-419-774-490,I-037-2009,Store_2447,2022-12-29,Onsite Store,50.99
23894773,41-419-774-490,F-286-2011,Store_2447,2022-12-29,Onsite Store,93.59
23894773,41-419-774-490,C-196-1992,Store_2447,2022-12-29,Onsite Store,57.59
23894774,41-419-774-490,I-031-1984,Store_2428,2022-07-06,Onsite Store,28.99
23894774,41-419-774-490,A-109-2013,Store_2428,2022-07-06,Onsite Store,46.99
23894774,41-419-774-490,C-208-1999,Store_2428,2022-07-06,Onsite Store,46.99
23894775,41-419-774-490,A-205-2000,Store_2459,2022-03-28,Onsite Store,65.99
23894775,41-419-774-490,F-235-1985,Store_2459,2022-03-28,Onsite Store,43.59
23894775,41-419-774-490,N-205-1983,Store_2459,2022-03-28,Onsite Store,72.59
23894775,41-419-774-490,B-157-1995,Store_2459,2022-03-28,Onsite Store,34.99
23894775,41-419-774-490,G-106-1992,Store_2459,2022-03-28,Onsite Store,55.99
23894775,41-419-774-490,A-154-1982,Store_2459,2022-03-28,Onsite Store,36.99
23894776,41-419-774-490,B-226-2015,Store_2418,2022-02-05,Onsite Store,78.59
23894776,41-419-774-490,V-094-1985,Store_2418,2022-02-05,Onsite Store,117.99
23894776,41-419-774-490,C-109-1996,Store_2418,2022-02-05,Onsite Store,62.59
23894777,41-419-774-490,W-067-2011,Store_2421,2022-12-07,Onsite Store,83.99
23894777,41-419-774-490,F-277-1999,Store_2421,2022-12-07,Onsite Store,33.99
23894777,41-419-774-490,B-169-2013,Store_2421,2022-12-07,Onsite Store,66.99
23894777,41-419-774-490,Q-055-2002,Store_2421,2022-12-07,Onsite Store,64.99
23894777,41-419-774-490,B-220-1983,Store_2421,2022-12-07,Onsite Store,100.59
23894778,41-419-774-490,I-091-2016,Store_2379,2022-04-06,Online Store,87.99
23894778,41-419-774-490,W-232-2011,Store_2379,2022-04-06,Online Store,133.59
23894778,41-419-774-490,W-100-1995,Store_2379,2022-04-06,Online Store,13.59
23894778,41-419-774-490,A-118-1992,Store_2379,2022-04-06,Online Store,99.59
23894778,41-419-774-490,W-007-2006,Store_2379,2022-04-06,Online Store,84.99
23894778,41-419-774-490,Z-028-2000,Store_2379,2022-04-06,Online Store,63.59
23894778,41-419-774-490,Q-070-1982,Store_2379,2022-04-06,Online Store,62.99
23894778,41-419-774-490,Z-220-1980,Store_2379,2022-04-06,Online Store,76.59
23894778,41-419-774-490,V-181-2000,Store_2379,2022-04-06,Online Store,59.99
23894778,41-419-774-490,C-163-2010,Store_2379,2022-04-06,Online Store,58.99
23894778,41-419-774-490,G-289-2014,Store_2379,2022-04-06,Online Store,85.59
23894779,41-419-774-490,I-247-1991,Store_2369,2022-12-24,Online Store,47.59
23894779,41-419-774-490,A-280-1982,Store_2369,2022-12-24,Online Store,60.59
23894779,41-419-774-490,A-133-1990,Store_2369,2022-12-24,Online Store,40.99
23894779,41-419-774-490,Q-085-2012,Store_2369,2022-12-24,Online Store,49.59
23894780,41-419-774-490,Q-247-2018,Store_2352,2022-12-15,Online Store,75.59
23894780,41-419-774-490,Z-127-2010,Store_2352,2022-12-15,Online Store,39.59
23894780,41-419-774-490,Z-001-1990,Store_2352,2022-12-15,Online Store,75.59
23894780,41-419-774-490,H-175-1985,Store_2352,2022-12-15,Online Store,52.99
23894780,41-419-774-490,G-298-2012,Store_2352,2022-12-15,Online Store,91.59
23894780,41-419-774-490,B-268-1988,Store_2352,2022-12-15,Online Store,82.59
23894781,41-419-774-490,I-046-1996,Store_2430,2022-04-29,Onsite Store,52.59
23894781,41-419-774-490,C-091-2007,Store_2430,2022-04-29,Onsite Store,43.99
23894781,41-419-774-490,N-211-1993,Store_2430,2022-04-29,Onsite Store,63.59
23894781,41-419-774-490,I-292-1985,Store_2430,2022-04-29,Onsite Store,111.99
23894781,41-419-774-490,I-043-2013,Store_2430,2022-04-29,Onsite Store,83.59
23894781,41-419-774-490,H-247-1990,Store_2430,2022-04-29,Onsite Store,32.99
23894781,41-419-774-490,C-013-1986,Store_2430,2022-04-29,Onsite Store,26.99
23894782,36-365-740-782,V-073-1999,Store_2421,2022-07-18,Onsite Store,73.99
23894782,36-365-740-782,J-271-2009,Store_2421,2022-07-18,Onsite Store,98.59
23894782,36-365-740-782,J-052-1992,Store_2421,2022-07-18,Onsite Store,78.99
23894782,36-365-740-782,B-121-1988,Store_2421,2022-07-18,Onsite Store,68.59
23894782,36-365-740-782,A-247-1993,Store_2421,2022-07-18,Onsite Store,74.59
23894782,36-365-740-782,Z-178-1983,Store_2421,2022-07-18,Onsite Store,35.99
23894782,36-365-740-782,N-115-1999,Store_2421,2022-07-18,Onsite Store,53.99
23894782,36-365-740-782,J-097-1991,Store_2421,2022-07-18,Onsite Store,99.59
23894782,36-365-740-782,J-040-2017,Store_2421,2022-07-18,Onsite Store,117.59
23894782,36-365-740-782,J-076-2012,Store_2421,2022-07-18,Onsite Store,44.59
23894782,36-365-740-782,B-220-1983,Store_2421,2022-07-18,Onsite Store,100.59
23894782,36-365-740-782,W-151-2000,Store_2421,2022-07-18,Onsite Store,151.99
23894783,36-365-740-782,A-253-2003,Store_2387,2022-08-12,Online Store,67.59
23894783,36-365-740-782,G-055-1996,Store_2387,2022-08-12,Online Store,74.59
23894783,36-365-740-782,H-100-1997,Store_2387,2022-08-12,Online Store,51.59
23894783,36-365-740-782,B-046-2011,Store_2387,2022-08-12,Online Store,90.59
23894783,36-365-740-782,F-184-1999,Store_2387,2022-08-12,Online Store,19.99
23894784,36-365-740-782,F-124-1994,Store_2476,2022-01-25,Onsite Store,26.59
23894784,36-365-740-782,F-028-1992,Store_2476,2022-01-25,Onsite Store,92.99
23894784,36-365-740-782,Q-133-1983,Store_2476,2022-01-25,Onsite Store,84.99
23894784,36-365-740-782,Z-259-2017,Store_2476,2022-01-25,Onsite Store,128.99
23894784,36-365-740-782,G-070-2004,Store_2476,2022-01-25,Onsite Store,101.59
23894784,36-365-740-782,V-289-2010,Store_2476,2022-01-25,Onsite Store,42.59
23894784,36-365-740-782,N-256-1992,Store_2476,2022-01-25,Onsite Store,63.99
23894784,36-365-740-782,Z-283-1996,Store_2476,2022-01-25,Onsite Store,60.99
23894784,36-365-740-782,Q-181-2009,Store_2476,2022-01-25,Onsite Store,138.59
23894784,36-365-740-782,F-253-2007,Store_2476,2022-01-25,Onsite Store,90.99
23894785,36-365-740-782,I-010-2001,Store_2468,2022-09-14,Onsite Store,79.99
23894785,36-365-740-782,G-217-1996,Store_2468,2022-09-14,Onsite Store,117.59
23894785,36-365-740-782,B-061-2018,Store_2468,2022-09-14,Onsite Store,36.99
23894785,36-365-740-782,V-046-2012,Store_2468,2022-09-14,Onsite Store,62.99
23894785,36-365-740-782,J-007-1997,Store_2468,2022-09-14,Onsite Store,68.99
23894785,36-365-740-782,A-037-2015,Store_2468,2022-09-14,Onsite Store,82.59
23894785,36-365-740-782,H-091-1993,Store_2468,2022-09-14,Onsite Store,48.99
23894785,36-365-740-782,B-076-2011,Store_2468,2022-09-14,Onsite Store,123.59
23894785,36-365-740-782,V-118-2015,Store_2468,2022-09-14,Onsite Store,76.59
23894785,36-365-740-782,F-091-1994,Store_2468,2022-09-14,Onsite Store,71.59
23894786,36-365-740-782,W-187-2016,Store_2424,2022-11-02,Onsite Store,45.99
23894786,36-365-740-782,C-109-2003,Store_2424,2022-11-02,Onsite Store,39.59
23894786,36-365-740-782,B-181-1990,Store_2424,2022-11-02,Onsite Store,83.59
23894786,36-365-740-782,F-289-2012,Store_2424,2022-11-02,Onsite Store,39.59
23894786,36-365-740-782,H-265-2009,Store_2424,2022-11-02,Onsite Store,68.59
23894786,36-365-740-782,Q-157-2004,Store_2424,2022-11-02,Onsite Store,74.99
23894786,36-365-740-782,J-151-1981,Store_2424,2022-11-02,Onsite Store,74.59
23894786,36-365-740-782,H-196-2004,Store_2424,2022-11-02,Onsite Store,50.59
23894787,36-365-740-782,B-250-1987,Store_2403,2022-12-23,Onsite Store,66.59
23894787,36-365-740-782,I-133-2003,Store_2403,2022-12-23,Onsite Store,91.99
23894787,36-365-740-782,V-055-1989,Store_2403,2022-12-23,Onsite Store,32.99
23894787,36-365-740-782,H-133-1984,Store_2403,2022-12-23,Onsite Store,40.59
23894787,36-365-740-782,C-253-1998,Store_2403,2022-12-23,Onsite Store,96.59
23894788,36-365-740-782,J-175-2010,Store_2472,2022-05-26,Onsite Store,46.59
23894788,36-365-740-782,Q-292-1985,Store_2472,2022-05-26,Onsite Store,35.99
23894788,36-365-740-782,C-055-1994,Store_2472,2022-05-26,Onsite Store,62.59
23894788,36-365-740-782,H-103-1992,Store_2472,2022-05-26,Onsite Store,78.59
23894788,36-365-740-782,Q-175-1983,Store_2472,2022-05-26,Onsite Store,23.59
23894789,36-365-740-782,H-214-2014,Store_2425,2022-01-21,Onsite Store,30.59
23894789,36-365-740-782,H-106-2015,Store_2425,2022-01-21,Onsite Store,102.59
23894789,36-365-740-782,Q-211-2017,Store_2425,2022-01-21,Onsite Store,37.99
23894790,36-365-740-782,Q-016-1980,Store_2425,2022-03-11,Onsite Store,74.59
23894790,36-365-740-782,Z-268-1992,Store_2425,2022-03-11,Onsite Store,59.99
23894790,36-365-740-782,A-277-2000,Store_2425,2022-03-11,Onsite Store,79.99
23894790,36-365-740-782,N-070-2012,Store_2425,2022-03-11,Onsite Store,85.59
23894790,36-365-740-782,N-244-2012,Store_2425,2022-03-11,Onsite Store,35.99
23894790,36-365-740-782,F-040-1981,Store_2425,2022-03-11,Onsite Store,93.59
23894790,36-365-740-782,J-073-1988,Store_2425,2022-03-11,Onsite Store,53.99
23894790,36-365-740-782,A-133-1989,Store_2425,2022-03-11,Onsite Store,39.59
23894790,36-365-740-782,G-163-2013,Store_2425,2022-03-11,Onsite Store,45.59
23894791,67-673-600-763,V-091-1997,Store_2402,2022-11-30,Onsite Store,86.99
23894791,67-673-600-763,I-058-1989,Store_2402,2022-11-30,Onsite Store,87.99
23894791,67-673-600-763,Q-052-2002,Store_2402,2022-11-30,Onsite Store,52.99
23894791,67-673-600-763,N-220-1991,Store_2402,2022-11-30,Onsite Store,85.59
23894792,67-673-600-763,J-292-2007,Store_2448,2022-12-31,Onsite Store,67.59
23894792,67-673-600-763,J-019-2005,Store_2448,2022-12-31,Onsite Store,81.59
23894792,67-673-600-763,G-016-2015,Store_2448,2022-12-31,Onsite Store,60.99
23894792,67-673-600-763,A-046-2010,Store_2448,2022-12-31,Onsite Store,78.59
23894792,67-673-600-763,I-187-2000,Store_2448,2022-12-31,Onsite Store,73.59
23894792,67-673-600-763,A-238-1988,Store_2448,2022-12-31,Onsite Store,38.99
23894792,67-673-600-763,Q-148-2011,Store_2448,2022-12-31,Onsite Store,64.59
23894792,67-673-600-763,N-073-2011,Store_2448,2022-12-31,Onsite Store,70.59
23894793,67-673-600-763,H-022-1986,Store_2470,2022-12-08,Onsite Store,94.59
23894793,67-673-600-763,Z-100-2016,Store_2470,2022-12-08,Onsite Store,105.59
23894793,67-673-600-763,W-205-2018,Store_2470,2022-12-08,Onsite Store,58.59
23894793,67-673-600-763,W-196-1993,Store_2470,2022-12-08,Onsite Store,58.99
23894793,67-673-600-763,N-256-2011,Store_2470,2022-12-08,Onsite Store,99.99
23894793,67-673-600-763,V-106-1998,Store_2470,2022-12-08,Onsite Store,108.59
23894793,67-673-600-763,G-082-2002,Store_2470,2022-12-08,Onsite Store,54.59
23894793,67-673-600-763,A-205-2005,Store_2470,2022-12-08,Onsite Store,53.99
23894793,67-673-600-763,H-148-1992,Store_2470,2022-12-08,Onsite Store,20.59
23894793,67-673-600-763,Z-181-2011,Store_2470,2022-12-08,Onsite Store,93.99
23894793,67-673-600-763,G-190-2001,Store_2470,2022-12-08,Onsite Store,77.59
23894794,67-673-600-763,W-283-2005,Store_2441,2022-05-15,Onsite Store,85.99
23894794,67-673-600-763,H-043-1982,Store_2441,2022-05-15,Onsite Store,58.59
23894794,67-673-600-763,A-067-2018,Store_2441,2022-05-15,Onsite Store,66.59
23894795,67-673-600-763,G-172-2014,Store_2361,2022-12-24,Online Store,58.59
23894795,67-673-600-763,B-268-1999,Store_2361,2022-12-24,Online Store,52.59
23894795,67-673-600-763,F-118-1989,Store_2361,2022-12-24,Online Store,83.59
23894795,67-673-600-763,C-259-1995,Store_2361,2022-12-24,Online Store,49.59
23894795,67-673-600-763,Q-172-2015,Store_2361,2022-12-24,Online Store,66.59
23894796,67-673-600-763,C-130-1982,Store_2358,2022-06-09,Online Store,61.99
23894796,67-673-600-763,Z-244-2018,Store_2358,2022-06-09,Online Store,40.59
23894796,67-673-600-763,W-262-2006,Store_2358,2022-06-09,Online Store,69.99
23894796,67-673-600-763,H-274-2017,Store_2358,2022-06-09,Online Store,21.59
23894796,67-673-600-763,F-112-2009,Store_2358,2022-06-09,Online Store,84.59
23894796,67-673-600-763,A-235-1993,Store_2358,2022-06-09,Online Store,86.99
23894796,67-673-600-763,W-001-2008,Store_2358,2022-06-09,Online Store,64.59
23894796,67-673-600-763,N-046-2016,Store_2358,2022-06-09,Online Store,17.59
23894797,67-673-600-763,G-001-2016,Store_2363,2022-12-07,Online Store,67.99
23894797,67-673-600-763,V-178-1988,Store_2363,2022-12-07,Online Store,95.99
23894797,67-673-600-763,F-160-1992,Store_2363,2022-12-07,Online Store,54.59
23894797,67-673-600-763,G-229-2009,Store_2363,2022-12-07,Online Store,27.59
23894797,67-673-600-763,J-040-2008,Store_2363,2022-12-07,Online Store,100.99
23894797,67-673-600-763,I-277-1998,Store_2363,2022-12-07,Online Store,86.59
23894798,67-673-600-763,B-061-2011,Store_2380,2022-12-23,Online Store,97.99
23894798,67-673-600-763,J-250-1991,Store_2380,2022-12-23,Online Store,127.59
23894798,67-673-600-763,C-235-1993,Store_2380,2022-12-23,Online Store,91.59
23894798,67-673-600-763,W-019-1996,Store_2380,2022-12-23,Online Store,110.59
23894799,67-673-600-763,B-247-1981,Store_2393,2022-07-22,Online Store,51.59
23894799,67-673-600-763,G-097-1990,Store_2393,2022-07-22,Online Store,63.99
23894799,67-673-600-763,I-067-1980,Store_2393,2022-07-22,Online Store,29.59
23894799,67-673-600-763,V-040-1992,Store_2393,2022-07-22,Online Store,98.99
23894800,25-254-567-213,J-166-1980,Store_2356,2022-07-01,Online Store,84.59
23894800,25-254-567-213,F-022-2001,Store_2356,2022-07-01,Online Store,99.59
23894800,25-254-567-213,C-073-1986,Store_2356,2022-07-01,Online Store,56.99
23894800,25-254-567-213,H-184-2017,Store_2356,2022-07-01,Online Store,37.99
23894800,25-254-567-213,G-241-2013,Store_2356,2022-07-01,Online Store,90.59
23894800,25-254-567-213,Z-220-1986,Store_2356,2022-07-01,Online Store,69.99
23894800,25-254-567-213,V-121-1981,Store_2356,2022-07-01,Online Store,42.59
23894800,25-254-567-213,G-136-2003,Store_2356,2022-07-01,Online Store,76.99
23894800,25-254-567-213,I-256-1997,Store_2356,2022-07-01,Online Store,59.59
23894800,25-254-567-213,H-130-2002,Store_2356,2022-07-01,Online Store,111.59
23894801,25-254-567-213,Q-079-1994,Store_2457,2022-09-30,Onsite Store,77.59
23894801,25-254-567-213,V-094-2013,Store_2457,2022-09-30,Onsite Store,93.99
23894801,25-254-567-213,J-106-2006,Store_2457,2022-09-30,Onsite Store,93.59
23894801,25-254-567-213,A-142-1981,Store_2457,2022-09-30,Onsite Store,110.59
23894801,25-254-567-213,C-181-1983,Store_2457,2022-09-30,Onsite Store,87.99
23894801,25-254-567-213,J-016-2007,Store_2457,2022-09-30,Onsite Store,78.59
23894802,25-254-567-213,A-241-2005,Store_2351,2022-01-06,Online Store,88.99
23894802,25-254-567-213,C-073-2013,Store_2351,2022-01-06,Online Store,39.59
23894802,25-254-567-213,J-259-1995,Store_2351,2022-01-06,Online Store,73.59
23894802,25-254-567-213,V-103-1982,Store_2351,2022-01-06,Online Store,53.99
23894803,25-254-567-213,J-280-2014,Store_2372,2022-05-24,Online Store,86.59
23894803,25-254-567-213,B-079-1995,Store_2372,2022-05-24,Online Store,63.99
23894803,25-254-567-213,V-031-2018,Store_2372,2022-05-24,Online Store,61.99
23894803,25-254-567-213,Q-055-2013,Store_2372,2022-05-24,Online Store,49.99
23894803,25-254-567-213,G-163-1995,Store_2372,2022-05-24,Online Store,73.99
23894804,25-254-567-213,V-013-2005,Store_2402,2022-09-11,Onsite Store,77.99
23894804,25-254-567-213,C-178-2009,Store_2402,2022-09-11,Onsite Store,102.59
23894804,25-254-567-213,F-190-1999,Store_2402,2022-09-11,Onsite Store,31.99
23894805,25-254-567-213,Z-175-1992,Store_2411,2022-02-24,Onsite Store,121.99
23894805,25-254-567-213,J-016-2007,Store_2411,2022-02-24,Onsite Store,78.59
23894805,25-254-567-213,H-127-1985,Store_2411,2022-02-24,Onsite Store,97.59
23894806,25-254-567-213,C-187-2013,Store_2353,2022-04-24,Online Store,41.59
23894806,25-254-567-213,I-088-1983,Store_2353,2022-04-24,Online Store,33.59
23894806,25-254-567-213,C-277-2009,Store_2353,2022-04-24,Online Store,127.59
23894806,25-254-567-213,Q-247-1992,Store_2353,2022-04-24,Online Store,74.59
23894806,25-254-567-213,B-232-1985,Store_2353,2022-04-24,Online Store,59.99
23894806,25-254-567-213,H-250-1988,Store_2353,2022-04-24,Online Store,70.59
23894807,25-254-567-213,Z-061-2000,Store_2352,2022-12-05,Online Store,81.59
23894807,25-254-567-213,J-208-2012,Store_2352,2022-12-05,Online Store,81.59
23894807,25-254-567-213,G-214-2011,Store_2352,2022-12-05,Online Store,83.59
23894807,25-254-567-213,Q-247-1992,Store_2352,2022-12-05,Online Store,74.59
23894807,25-254-567-213,A-211-2005,Store_2352,2022-12-05,Online Store,43.99
23894807,25-254-567-213,B-061-2012,Store_2352,2022-12-05,Online Store,79.59
23894808,25-254-567-213,W-085-1989,Store_2394,2022-05-06,Online Store,65.59
23894808,25-254-567-213,W-160-2013,Store_2394,2022-05-06,Online Store,102.59
23894808,25-254-567-213,I-079-2007,Store_2394,2022-05-06,Online Store,26.59
23894808,25-254-567-213,W-037-2003,Store_2394,2022-05-06,Online Store,85.99
23894808,25-254-567-213,N-175-1996,Store_2394,2022-05-06,Online Store,62.99
23894808,25-254-567-213,C-112-2011,Store_2394,2022-05-06,Online Store,66.99
23894808,25-254-567-213,I-214-2000,Store_2394,2022-05-06,Online Store,70.59
23894808,25-254-567-213,N-169-2002,Store_2394,2022-05-06,Online Store,72.99
23894809,80-805-440-615,Q-184-1985,Store_2457,2022-04-04,Onsite Store,106.59
23894809,80-805-440-615,Z-277-2005,Store_2457,2022-04-04,Onsite Store,62.59
23894809,80-805-440-615,H-142-2000,Store_2457,2022-04-04,Onsite Store,62.59
23894809,80-805-440-615,V-109-1989,Store_2457,2022-04-04,Onsite Store,50.99
23894809,80-805-440-615,C-244-2001,Store_2457,2022-04-04,Onsite Store,38.59
23894810,80-805-440-615,G-115-2004,Store_2348,2022-04-22,Online Store,53.99
23894810,80-805-440-615,A-127-1983,Store_2348,2022-04-22,Online Store,51.59
23894811,80-805-440-615,N-115-1992,Store_2352,2022-10-05,Online Store,50.59
23894811,80-805-440-615,Z-256-2003,Store_2352,2022-10-05,Online Store,59.59
23894811,80-805-440-615,V-034-2015,Store_2352,2022-10-05,Online Store,49.59
23894811,80-805-440-615,A-136-1990,Store_2352,2022-10-05,Online Store,109.59
23894811,80-805-440-615,J-049-1980,Store_2352,2022-10-05,Online Store,58.99
23894812,80-805-440-615,V-139-1996,Store_2390,2022-10-05,Online Store,55.99
23894812,80-805-440-615,Q-010-1989,Store_2390,2022-10-05,Online Store,53.99
23894812,80-805-440-615,N-019-1999,Store_2390,2022-10-05,Online Store,111.99
23894812,80-805-440-615,A-232-2014,Store_2390,2022-10-05,Online Store,74.99
23894812,80-805-440-615,F-277-2002,Store_2390,2022-10-05,Online Store,48.59
23894813,80-805-440-615,F-007-2013,Store_2362,2022-11-22,Online Store,30.59
23894813,80-805-440-615,V-259-2002,Store_2362,2022-11-22,Online Store,52.59
23894813,80-805-440-615,J-109-1982,Store_2362,2022-11-22,Online Store,44.59
23894814,80-805-440-615,C-253-2016,Store_2431,2022-04-08,Onsite Store,98.99
23894814,80-805-440-615,C-223-1990,Store_2431,2022-04-08,Onsite Store,57.59
23894814,80-805-440-615,J-187-1985,Store_2431,2022-04-08,Onsite Store,63.59
23894814,80-805-440-615,C-082-2005,Store_2431,2022-04-08,Onsite Store,46.59
23894815,80-805-440-615,B-274-2004,Store_2447,2022-10-06,Onsite Store,77.59
23894815,80-805-440-615,I-178-2010,Store_2447,2022-10-06,Onsite Store,67.59
23894815,80-805-440-615,W-244-1997,Store_2447,2022-10-06,Onsite Store,75.99
23894815,80-805-440-615,A-256-2010,Store_2447,2022-10-06,Onsite Store,59.59
23894815,80-805-440-615,W-103-2014,Store_2447,2022-10-06,Onsite Store,58.99
23894815,80-805-440-615,Z-229-1988,Store_2447,2022-10-06,Onsite Store,90.59
23894815,80-805-440-615,V-193-2009,Store_2447,2022-10-06,Onsite Store,62.59
23894815,80-805-440-615,G-193-1999,Store_2447,2022-10-06,Onsite Store,68.99
23894815,80-805-440-615,H-010-1981,Store_2447,2022-10-06,Onsite Store,48.59
23894816,80-805-440-615,W-130-1982,Store_2350,2022-04-20,Online Store,48.59
23894816,80-805-440-615,Z-160-2016,Store_2350,2022-04-20,Online Store,41.59
23894816,80-805-440-615,Z-082-2007,Store_2350,2022-04-20,Online Store,34.99
23894816,80-805-440-615,C-034-2010,Store_2350,2022-04-20,Online Store,30.59
23894816,80-805-440-615,F-031-2000,Store_2350,2022-04-20,Online Store,33.99
23894816,80-805-440-615,A-298-2006,Store_2350,2022-04-20,Online Store,63.99
23894816,80-805-440-615,W-184-2009,Store_2350,2022-04-20,Online Store,67.99
23894816,80-805-440-615,I-088-2012,Store_2350,2022-04-20,Online Store,56.59
23894816,80-805-440-615,F-058-1981,Store_2350,2022-04-20,Online Store,66.99
23894816,80-805-440-615,H-049-2014,Store_2350,2022-04-20,Online Store,71.59
23894817,80-805-440-615,H-022-1982,Store_2440,2022-01-09,Onsite Store,111.99
23894817,80-805-440-615,C-097-1993,Store_2440,2022-01-09,Onsite Store,32.59
23894817,80-805-440-615,V-271-2009,Store_2440,2022-01-09,Onsite Store,55.59
23894817,80-805-440-615,W-028-2009,Store_2440,2022-01-09,Onsite Store,43.59
23894817,80-805-440-615,C-010-1999,Store_2440,2022-01-09,Onsite Store,32.59
23894818,33-339-853-120,N-208-1990,Store_2412,2022-01-10,Onsite Store,86.99
23894818,33-339-853-120,V-034-2015,Store_2412,2022-01-10,Onsite Store,49.59
23894818,33-339-853-120,N-127-1989,Store_2412,2022-01-10,Onsite Store,56.59
23894819,33-339-853-120,B-052-1994,Store_2408,2022-10-28,Onsite Store,101.99
23894819,33-339-853-120,W-136-2016,Store_2408,2022-10-28,Onsite Store,75.59
23894819,33-339-853-120,W-124-2014,Store_2408,2022-10-28,Onsite Store,108.99
23894819,33-339-853-120,B-028-2011,Store_2408,2022-10-28,Onsite Store,87.99
23894819,33-339-853-120,F-250-1997,Store_2408,2022-10-28,Onsite Store,91.99
23894820,33-339-853-120,F-220-2009,Store_2384,2022-08-18,Online Store,87.59
23894820,33-339-853-120,C-181-2009,Store_2384,2022-08-18,Online Store,95.59
23894821,33-339-853-120,W-061-2013,Store_2355,2022-05-17,Online Store,94.99
23894821,33-339-853-120,A-241-1989,Store_2355,2022-05-17,Online Store,61.59
23894821,33-339-853-120,W-256-1994,Store_2355,2022-05-17,Online Store,17.99
23894821,33-339-853-120,Z-061-1985,Store_2355,2022-05-17,Online Store,84.99
23894821,33-339-853-120,A-178-2005,Store_2355,2022-05-17,Online Store,104.59
23894821,33-339-853-120,G-082-2017,Store_2355,2022-05-17,Online Store,74.59
23894822,33-339-853-120,Z-112-2011,Store_2413,2022-06-18,Onsite Store,55.59
23894822,33-339-853-120,A-298-1984,Store_2413,2022-06-18,Onsite Store,98.59
23894822,33-339-853-120,W-226-1981,Store_2413,2022-06-18,Onsite Store,68.59
23894822,33-339-853-120,F-190-1994,Store_2413,2022-06-18,Onsite Store,75.59
23894822,33-339-853-120,C-265-1994,Store_2413,2022-06-18,Onsite Store,122.99
23894822,33-339-853-120,H-172-1993,Store_2413,2022-06-18,Onsite Store,44.99
23894822,33-339-853-120,H-184-1984,Store_2413,2022-06-18,Onsite Store,95.59
23894823,33-339-853-120,F-127-2017,Store_2369,2022-03-23,Online Store,84.99
23894823,33-339-853-120,I-154-2015,Store_2369,2022-03-23,Online Store,112.99
23894823,33-339-853-120,V-112-1987,Store_2369,2022-03-23,Online Store,87.99
23894823,33-339-853-120,Q-166-1998,Store_2369,2022-03-23,Online Store,69.59
23894823,33-339-853-120,H-217-2008,Store_2369,2022-03-23,Online Store,88.99
23894823,33-339-853-120,V-157-2005,Store_2369,2022-03-23,Online Store,94.59
23894824,33-339-853-120,H-013-1997,Store_2426,2022-02-23,Onsite Store,50.59
23894824,33-339-853-120,F-085-1988,Store_2426,2022-02-23,Onsite Store,68.99
23894824,33-339-853-120,Q-055-1994,Store_2426,2022-02-23,Onsite Store,89.59
23894825,33-339-853-120,V-193-2017,Store_2405,2022-04-02,Onsite Store,42.59
23894825,33-339-853-120,J-064-1985,Store_2405,2022-04-02,Onsite Store,49.99
23894825,33-339-853-120,H-010-1994,Store_2405,2022-04-02,Onsite Store,40.59
23894825,33-339-853-120,N-052-1997,Store_2405,2022-04-02,Onsite Store,50.99
23894825,33-339-853-120,V-229-2017,Store_2405,2022-04-02,Onsite Store,59.59
23894825,33-339-853-120,Q-013-1985,Store_2405,2022-04-02,Onsite Store,101.59
23894826,33-339-853-120,Q-079-2003,Store_2467,2022-10-02,Onsite Store,32.99
23894826,33-339-853-120,J-199-2000,Store_2467,2022-10-02,Onsite Store,24.59
23894826,33-339-853-120,W-256-1981,Store_2467,2022-10-02,Onsite Store,18.99
23894826,33-339-853-120,J-295-1991,Store_2467,2022-10-02,Onsite Store,63.99
23894826,33-339-853-120,H-142-2017,Store_2467,2022-10-02,Onsite Store,86.59
23894826,33-339-853-120,H-232-1991,Store_2467,2022-10-02,Onsite Store,103.99
23894827,31-315-872-319,C-265-2003,Store_2348,2022-08-26,Online Store,69.99
23894827,31-315-872-319,A-178-2005,Store_2348,2022-08-26,Online Store,104.59
23894827,31-315-872-319,V-253-1989,Store_2348,2022-08-26,Online Store,135.59
23894827,31-315-872-319,H-076-1982,Store_2348,2022-08-26,Online Store,74.59
23894828,31-315-872-319,C-295-1988,Store_2426,2022-07-03,Onsite Store,52.99
23894828,31-315-872-319,H-127-1994,Store_2426,2022-07-03,Onsite Store,84.99
23894828,31-315-872-319,I-037-1981,Store_2426,2022-07-03,Onsite Store,176.59
23894828,31-315-872-319,Z-214-2013,Store_2426,2022-07-03,Onsite Store,79.59
23894828,31-315-872-319,V-235-1984,Store_2426,2022-07-03,Onsite Store,43.59
23894828,31-315-872-319,G-106-2005,Store_2426,2022-07-03,Onsite Store,102.99
23894828,31-315-872-319,J-208-2005,Store_2426,2022-07-03,Onsite Store,88.59
23894828,31-315-872-319,V-220-1992,Store_2426,2022-07-03,Onsite Store,94.99
23894828,31-315-872-319,W-217-2005,Store_2426,2022-07-03,Onsite Store,101.99
23894828,31-315-872-319,F-106-1994,Store_2426,2022-07-03,Onsite Store,15.59
23894829,31-315-872-319,N-268-1989,Store_2462,2022-06-20,Onsite Store,96.59
23894829,31-315-872-319,A-193-2018,Store_2462,2022-06-20,Onsite Store,64.99
23894829,31-315-872-319,J-166-2010,Store_2462,2022-06-20,Onsite Store,70.99
23894829,31-315-872-319,Q-298-1986,Store_2462,2022-06-20,Onsite Store,79.99
23894829,31-315-872-319,A-187-2010,Store_2462,2022-06-20,Onsite Store,54.59
23894829,31-315-872-319,V-238-1991,Store_2462,2022-06-20,Onsite Store,43.59
23894830,31-315-872-319,B-007-1988,Store_2436,2022-05-29,Onsite Store,81.99
23894830,31-315-872-319,G-235-2013,Store_2436,2022-05-29,Onsite Store,113.59
23894831,31-315-872-319,Q-292-1984,Store_2354,2022-03-17,Online Store,78.99
23894831,31-315-872-319,J-226-2005,Store_2354,2022-03-17,Online Store,69.99
23894831,31-315-872-319,V-154-2010,Store_2354,2022-03-17,Online Store,47.99
23894831,31-315-872-319,W-289-2016,Store_2354,2022-03-17,Online Store,94.59
23894831,31-315-872-319,W-094-1982,Store_2354,2022-03-17,Online Store,83.59
23894832,31-315-872-319,C-247-1980,Store_2463,2022-01-01,Onsite Store,46.99
23894832,31-315-872-319,I-154-1984,Store_2463,2022-01-01,Onsite Store,89.99
23894832,31-315-872-319,A-004-1997,Store_2463,2022-01-01,Onsite Store,82.59
23894832,31-315-872-319,N-244-2009,Store_2463,2022-01-01,Onsite Store,37.59
23894832,31-315-872-319,V-232-2018,Store_2463,2022-01-01,Onsite Store,75.99
23894832,31-315-872-319,A-127-2003,Store_2463,2022-01-01,Onsite Store,76.59
23894832,31-315-872-319,Q-052-1997,Store_2463,2022-01-01,Onsite Store,69.59
23894832,31-315-872-319,J-259-1989,Store_2463,2022-01-01,Onsite Store,53.99
23894832,31-315-872-319,I-295-2011,Store_2463,2022-01-01,Onsite Store,68.99
23894832,31-315-872-319,I-202-2001,Store_2463,2022-01-01,Onsite Store,76.99
23894833,31-315-872-319,I-079-2005,Store_2359,2022-04-23,Online Store,99.59
23894833,31-315-872-319,J-172-2003,Store_2359,2022-04-23,Online Store,58.59
23894833,31-315-872-319,Z-139-1991,Store_2359,2022-04-23,Online Store,77.99
23894833,31-315-872-319,Z-136-2012,Store_2359,2022-04-23,Online Store,62.99
23894833,31-315-872-319,C-112-2000,Store_2359,2022-04-23,Online Store,92.59
23894833,31-315-872-319,W-259-1991,Store_2359,2022-04-23,Online Store,100.59
23894834,31-315-872-319,G-034-1997,Store_2429,2022-06-18,Onsite Store,18.99
23894834,31-315-872-319,J-118-1998,Store_2429,2022-06-18,Onsite Store,32.59
23894834,31-315-872-319,I-223-2017,Store_2429,2022-06-18,Onsite Store,102.59
23894834,31-315-872-319,H-292-1984,Store_2429,2022-06-18,Onsite Store,50.99
23894835,31-315-872-319,J-274-1997,Store_2463,2022-10-29,Onsite Store,66.99
23894835,31-315-872-319,W-094-2011,Store_2463,2022-10-29,Onsite Store,44.99
23894835,31-315-872-319,J-115-2000,Store_2463,2022-10-29,Onsite Store,63.99
23894835,31-315-872-319,I-115-1991,Store_2463,2022-10-29,Onsite Store,64.59
23894835,31-315-872-319,G-019-1987,Store_2463,2022-10-29,Onsite Store,61.99
23894835,31-315-872-319,W-217-1986,Store_2463,2022-10-29,Onsite Store,54.99
23894836,18-185-477-906,F-118-1994,Store_2403,2022-09-23,Onsite Store,64.99
23894836,18-185-477-906,J-274-1991,Store_2403,2022-09-23,Onsite Store,77.99
23894836,18-185-477-906,H-139-1995,Store_2403,2022-09-23,Onsite Store,111.59
23894836,18-185-477-906,Z-151-2009,Store_2403,2022-09-23,Onsite Store,51.99
23894836,18-185-477-906,W-220-2005,Store_2403,2022-09-23,Onsite Store,40.99
23894837,18-185-477-906,F-247-2017,Store_2448,2022-02-15,Onsite Store,28.59
23894837,18-185-477-906,A-019-2004,Store_2448,2022-02-15,Onsite Store,106.59
23894837,18-185-477-906,B-193-2012,Store_2448,2022-02-15,Onsite Store,55.59
23894838,18-185-477-906,Z-130-1999,Store_2459,2022-01-17,Onsite Store,68.99
23894838,18-185-477-906,C-004-1994,Store_2459,2022-01-17,Onsite Store,60.59
23894838,18-185-477-906,V-139-2018,Store_2459,2022-01-17,Onsite Store,65.99
23894838,18-185-477-906,A-193-2015,Store_2459,2022-01-17,Onsite Store,59.59
23894838,18-185-477-906,V-181-1997,Store_2459,2022-01-17,Onsite Store,69.99
23894838,18-185-477-906,N-166-1983,Store_2459,2022-01-17,Onsite Store,69.59
23894839,18-185-477-906,Z-193-2003,Store_2427,2022-03-23,Onsite Store,45.59
23894839,18-185-477-906,N-196-1992,Store_2427,2022-03-23,Onsite Store,70.59
23894839,18-185-477-906,N-154-1982,Store_2427,2022-03-23,Onsite Store,66.59
23894839,18-185-477-906,N-043-2018,Store_2427,2022-03-23,Onsite Store,62.59
23894839,18-185-477-906,B-163-2006,Store_2427,2022-03-23,Onsite Store,100.99
23894839,18-185-477-906,G-184-1995,Store_2427,2022-03-23,Onsite Store,69.59
23894839,18-185-477-906,H-280-1997,Store_2427,2022-03-23,Onsite Store,118.99
23894839,18-185-477-906,A-079-2007,Store_2427,2022-03-23,Onsite Store,72.59
23894839,18-185-477-906,I-097-1985,Store_2427,2022-03-23,Onsite Store,68.59
23894839,18-185-477-906,F-034-2014,Store_2427,2022-03-23,Onsite Store,55.99
23894840,18-185-477-906,V-184-1988,Store_2473,2022-08-24,Onsite Store,60.99
23894840,18-185-477-906,N-067-1983,Store_2473,2022-08-24,Onsite Store,42.99
23894840,18-185-477-906,C-019-1983,Store_2473,2022-08-24,Onsite Store,67.99
23894840,18-185-477-906,W-115-1982,Store_2473,2022-08-24,Onsite Store,107.99
23894841,18-185-477-906,J-112-2013,Store_2431,2022-01-25,Onsite Store,33.99
23894841,18-185-477-906,G-136-1996,Store_2431,2022-01-25,Onsite Store,129.99
23894841,18-185-477-906,Q-103-1998,Store_2431,2022-01-25,Onsite Store,75.99
23894841,18-185-477-906,C-040-1985,Store_2431,2022-01-25,Onsite Store,62.59
23894841,18-185-477-906,J-004-1993,Store_2431,2022-01-25,Onsite Store,77.59
23894841,18-185-477-906,I-088-2012,Store_2431,2022-01-25,Onsite Store,56.59
23894841,18-185-477-906,A-184-1993,Store_2431,2022-01-25,Onsite Store,95.99
23894842,18-185-477-906,G-223-1997,Store_2449,2022-03-09,Onsite Store,65.99
23894843,18-185-477-906,N-151-2015,Store_2379,2022-10-14,Online Store,64.59
23894843,18-185-477-906,Z-268-1996,Store_2379,2022-10-14,Online Store,87.99
23894843,18-185-477-906,H-079-2017,Store_2379,2022-10-14,Online Store,105.59
23894844,18-185-477-906,F-166-1996,Store_2376,2022-05-23,Online Store,56.59
23894844,18-185-477-906,I-244-2013,Store_2376,2022-05-23,Online Store,64.59
23894844,18-185-477-906,Z-214-1995,Store_2376,2022-05-23,Online Store,59.99
23894844,18-185-477-906,G-175-1983,Store_2376,2022-05-23,Online Store,74.59
23894844,18-185-477-906,F-118-2012,Store_2376,2022-05-23,Online Store,78.99
23894844,18-185-477-906,F-109-2003,Store_2376,2022-05-23,Online Store,45.59
23894844,18-185-477-906,I-100-2013,Store_2376,2022-05-23,Online Store,69.59
23894844,18-185-477-906,V-292-2006,Store_2376,2022-05-23,Online Store,88.59
23894844,18-185-477-906,I-115-1981,Store_2376,2022-05-23,Online Store,42.99
23894844,18-185-477-906,B-073-2000,Store_2376,2022-05-23,Online Store,62.99
23894844,18-185-477-906,Q-184-2013,Store_2376,2022-05-23,Online Store,97.59
23894845,46-465-266-915,F-262-1981,Store_2391,2022-01-11,Online Store,68.99
23894845,46-465-266-915,W-250-2000,Store_2391,2022-01-11,Online Store,85.59
23894845,46-465-266-915,G-253-2015,Store_2391,2022-01-11,Online Store,108.59
23894845,46-465-266-915,A-061-2008,Store_2391,2022-01-11,Online Store,90.99
23894845,46-465-266-915,Q-166-1985,Store_2391,2022-01-11,Online Store,58.99
23894845,46-465-266-915,A-157-1980,Store_2391,2022-01-11,Online Store,84.99
23894845,46-465-266-915,F-247-2013,Store_2391,2022-01-11,Online Store,103.99
23894846,46-465-266-915,I-142-1994,Store_2408,2022-04-23,Onsite Store,74.59
23894846,46-465-266-915,V-247-1983,Store_2408,2022-04-23,Onsite Store,29.59
23894846,46-465-266-915,A-175-1983,Store_2408,2022-04-23,Onsite Store,49.99
23894846,46-465-266-915,Q-109-1992,Store_2408,2022-04-23,Onsite Store,81.59
23894846,46-465-266-915,H-289-1980,Store_2408,2022-04-23,Onsite Store,69.99
23894846,46-465-266-915,B-073-2004,Store_2408,2022-04-23,Onsite Store,107.99
23894846,46-465-266-915,Q-118-2001,Store_2408,2022-04-23,Onsite Store,80.99
23894846,46-465-266-915,B-277-1981,Store_2408,2022-04-23,Onsite Store,64.99
23894846,46-465-266-915,B-232-1997,Store_2408,2022-04-23,Onsite Store,47.59
23894846,46-465-266-915,F-217-1986,Store_2408,2022-04-23,Onsite Store,78.99
23894847,46-465-266-915,V-208-1999,Store_2350,2022-07-18,Online Store,31.59
23894847,46-465-266-915,Z-088-1982,Store_2350,2022-07-18,Online Store,74.99
23894847,46-465-266-915,Q-037-1982,Store_2350,2022-07-18,Online Store,90.59
23894848,46-465-266-915,G-118-1986,Store_2354,2022-11-23,Online Store,114.99
23894848,46-465-266-915,H-253-1991,Store_2354,2022-11-23,Online Store,71.99
23894848,46-465-266-915,B-028-2004,Store_2354,2022-11-23,Online Store,35.99
23894848,46-465-266-915,H-199-1984,Store_2354,2022-11-23,Online Store,115.99
23894848,46-465-266-915,A-181-2009,Store_2354,2022-11-23,Online Store,69.59
23894848,46-465-266-915,Q-298-1989,Store_2354,2022-11-23,Online Store,48.99
23894849,46-465-266-915,W-034-1996,Store_2457,2022-07-19,Onsite Store,33.99
23894849,46-465-266-915,Q-067-1991,Store_2457,2022-07-19,Onsite Store,74.59
23894849,46-465-266-915,Z-142-1982,Store_2457,2022-07-19,Onsite Store,78.99
23894849,46-465-266-915,G-037-1992,Store_2457,2022-07-19,Onsite Store,99.99
23894849,46-465-266-915,G-070-1998,Store_2457,2022-07-19,Onsite Store,92.59
23894849,46-465-266-915,G-169-2016,Store_2457,2022-07-19,Onsite Store,50.99
23894850,46-465-266-915,J-298-2005,Store_2356,2022-08-27,Online Store,75.99
23894850,46-465-266-915,A-037-2010,Store_2356,2022-08-27,Online Store,89.59
23894850,46-465-266-915,W-226-1998,Store_2356,2022-08-27,Online Store,85.99
23894850,46-465-266-915,W-082-1996,Store_2356,2022-08-27,Online Store,57.59
23894850,46-465-266-915,W-109-1992,Store_2356,2022-08-27,Online Store,27.59
23894851,46-465-266-915,F-271-2016,Store_2380,2022-03-23,Online Store,67.99
23894851,46-465-266-915,V-085-2010,Store_2380,2022-03-23,Online Store,12.59
23894851,46-465-266-915,J-193-2001,Store_2380,2022-03-23,Online Store,102.59
23894851,46-465-266-915,Q-058-1990,Store_2380,2022-03-23,Online Store,50.99
23894851,46-465-266-915,G-121-2000,Store_2380,2022-03-23,Online Store,104.99
23894851,46-465-266-915,I-118-2001,Store_2380,2022-03-23,Online Store,65.99
23894851,46-465-266-915,J-169-2018,Store_2380,2022-03-23,Online Store,38.99
23894852,46-465-266-915,A-292-1984,Store_2442,2022-09-14,Onsite Store,79.59
23894852,46-465-266-915,F-178-1985,Store_2442,2022-09-14,Onsite Store,100.99
23894852,46-465-266-915,J-262-1994,Store_2442,2022-09-14,Onsite Store,79.59
23894852,46-465-266-915,V-274-2012,Store_2442,2022-09-14,Onsite Store,59.99
23894852,46-465-266-915,I-229-1987,Store_2442,2022-09-14,Onsite Store,66.99
23894852,46-465-266-915,F-298-1993,Store_2442,2022-09-14,Onsite Store,43.59
23894853,46-465-266-915,F-130-1995,Store_2446,2022-08-29,Onsite Store,60.59
23894853,46-465-266-915,F-094-1997,Store_2446,2022-08-29,Onsite Store,57.99
23894853,46-465-266-915,Z-253-1991,Store_2446,2022-08-29,Onsite Store,34.99
23894853,46-465-266-915,G-001-2007,Store_2446,2022-08-29,Onsite Store,72.99
23894853,46-465-266-915,W-283-1995,Store_2446,2022-08-29,Onsite Store,60.59
23894853,46-465-266-915,B-223-2009,Store_2446,2022-08-29,Onsite Store,71.59
23894853,46-465-266-915,B-202-2015,Store_2446,2022-08-29,Onsite Store,29.99
23894853,46-465-266-915,G-259-2004,Store_2446,2022-08-29,Onsite Store,60.59
23894853,46-465-266-915,A-079-2010,Store_2446,2022-08-29,Onsite Store,23.59
23894853,46-465-266-915,C-265-2007,Store_2446,2022-08-29,Onsite Store,46.59
23894853,46-465-266-915,Q-232-2010,Store_2446,2022-08-29,Onsite Store,52.59
23894853,46-465-266-915,A-094-1982,Store_2446,2022-08-29,Onsite Store,47.59
23894854,96-965-654-717,N-064-2002,Store_2402,2022-05-19,Onsite Store,72.99
23894854,96-965-654-717,V-046-1981,Store_2402,2022-05-19,Onsite Store,48.99
23894854,96-965-654-717,W-082-2003,Store_2402,2022-05-19,Onsite Store,77.99
23894854,96-965-654-717,Q-148-2011,Store_2402,2022-05-19,Onsite Store,64.59
23894854,96-965-654-717,J-277-1996,Store_2402,2022-05-19,Onsite Store,77.59
23894854,96-965-654-717,C-031-2008,Store_2402,2022-05-19,Onsite Store,44.99
23894854,96-965-654-717,Z-295-1981,Store_2402,2022-05-19,Onsite Store,58.99
23894854,96-965-654-717,F-007-2012,Store_2402,2022-05-19,Onsite Store,107.99
23894855,96-965-654-717,Q-100-2010,Store_2376,2022-06-07,Online Store,74.99
23894855,96-965-654-717,B-217-1990,Store_2376,2022-06-07,Online Store,43.59
23894855,96-965-654-717,G-199-2009,Store_2376,2022-06-07,Online Store,55.59
23894856,96-965-654-717,B-277-1988,Store_2355,2022-12-08,Online Store,40.99
23894856,96-965-654-717,A-184-2005,Store_2355,2022-12-08,Online Store,51.99
23894856,96-965-654-717,W-166-1984,Store_2355,2022-12-08,Online Store,81.99
23894856,96-965-654-717,C-190-2017,Store_2355,2022-12-08,Online Store,64.99
23894856,96-965-654-717,N-298-1983,Store_2355,2022-12-08,Online Store,11.59
23894857,96-965-654-717,Z-007-2016,Store_2417,2022-10-07,Onsite Store,39.59
23894857,96-965-654-717,Q-268-1990,Store_2417,2022-10-07,Onsite Store,33.59
23894857,96-965-654-717,Q-046-2006,Store_2417,2022-10-07,Onsite Store,108.99
23894857,96-965-654-717,B-226-2016,Store_2417,2022-10-07,Onsite Store,107.59
23894857,96-965-654-717,J-118-1983,Store_2417,2022-10-07,Onsite Store,72.59
23894857,96-965-654-717,Z-271-1989,Store_2417,2022-10-07,Onsite Store,118.99
23894857,96-965-654-717,N-004-2004,Store_2417,2022-10-07,Onsite Store,87.99
23894857,96-965-654-717,B-067-1997,Store_2417,2022-10-07,Onsite Store,74.59
23894857,96-965-654-717,B-175-2003,Store_2417,2022-10-07,Onsite Store,43.99
23894857,96-965-654-717,A-286-1994,Store_2417,2022-10-07,Onsite Store,15.99
23894858,96-965-654-717,Q-205-2004,Store_2458,2022-04-18,Onsite Store,79.99
23894858,96-965-654-717,J-277-1985,Store_2458,2022-04-18,Onsite Store,52.99
23894858,96-965-654-717,J-256-2013,Store_2458,2022-04-18,Onsite Store,62.59
23894858,96-965-654-717,W-172-1984,Store_2458,2022-04-18,Onsite Store,53.99
23894858,96-965-654-717,G-088-1981,Store_2458,2022-04-18,Onsite Store,61.59
23894859,96-965-654-717,V-208-1988,Store_2353,2022-09-16,Online Store,68.99
23894859,96-965-654-717,N-160-1983,Store_2353,2022-09-16,Online Store,94.99
23894859,96-965-654-717,C-085-1987,Store_2353,2022-09-16,Online Store,76.99
23894860,96-965-654-717,F-178-1983,Store_2460,2022-04-01,Onsite Store,64.59
23894860,96-965-654-717,B-232-2000,Store_2460,2022-04-01,Onsite Store,85.99
23894860,96-965-654-717,A-250-2008,Store_2460,2022-04-01,Onsite Store,89.59
23894860,96-965-654-717,N-037-2008,Store_2460,2022-04-01,Onsite Store,57.99
23894860,96-965-654-717,N-151-1983,Store_2460,2022-04-01,Onsite Store,38.59
23894861,96-965-654-717,A-187-1994,Store_2449,2022-03-16,Onsite Store,14.59
23894861,96-965-654-717,W-070-2000,Store_2449,2022-03-16,Onsite Store,91.99
23894861,96-965-654-717,B-202-2012,Store_2449,2022-03-16,Onsite Store,84.59
23894861,96-965-654-717,I-235-1986,Store_2449,2022-03-16,Onsite Store,70.59
23894861,96-965-654-717,N-286-2012,Store_2449,2022-03-16,Onsite Store,48.99
23894861,96-965-654-717,C-004-2002,Store_2449,2022-03-16,Onsite Store,105.99
23894862,96-965-654-717,G-250-2013,Store_2443,2022-07-30,Onsite Store,44.59
23894862,96-965-654-717,G-163-2009,Store_2443,2022-07-30,Onsite Store,57.99
23894862,96-965-654-717,C-145-2014,Store_2443,2022-07-30,Onsite Store,59.59
23894862,96-965-654-717,B-250-1994,Store_2443,2022-07-30,Onsite Store,44.99
23894862,96-965-654-717,F-184-1996,Store_2443,2022-07-30,Onsite Store,86.59
23894862,96-965-654-717,N-256-2005,Store_2443,2022-07-30,Onsite Store,29.99
23894862,96-965-654-717,I-289-1985,Store_2443,2022-07-30,Onsite Store,44.59
23894862,96-965-654-717,A-229-2003,Store_2443,2022-07-30,Onsite Store,86.99
23894863,57-575-796-482,F-082-1988,Store_2429,2022-04-15,Onsite Store,88.99
23894863,57-575-796-482,Z-085-2017,Store_2429,2022-04-15,Onsite Store,48.59
23894863,57-575-796-482,N-163-2000,Store_2429,2022-04-15,Onsite Store,119.59
23894863,57-575-796-482,Q-022-2018,Store_2429,2022-04-15,Onsite Store,43.59
23894863,57-575-796-482,N-136-1981,Store_2429,2022-04-15,Onsite Store,74.59
23894863,57-575-796-482,W-109-1989,Store_2429,2022-04-15,Onsite Store,89.59
23894863,57-575-796-482,A-037-2008,Store_2429,2022-04-15,Onsite Store,100.59
23894863,57-575-796-482,Z-172-1986,Store_2429,2022-04-15,Onsite Store,121.99
23894864,57-575-796-482,H-232-2000,Store_2426,2022-01-08,Onsite Store,67.99
23894864,57-575-796-482,W-142-1986,Store_2426,2022-01-08,Onsite Store,43.59
23894864,57-575-796-482,Z-094-1981,Store_2426,2022-01-08,Onsite Store,70.59
23894864,57-575-796-482,G-244-1988,Store_2426,2022-01-08,Onsite Store,35.99
23894864,57-575-796-482,B-295-2018,Store_2426,2022-01-08,Onsite Store,61.99
23894864,57-575-796-482,V-088-1999,Store_2426,2022-01-08,Onsite Store,38.59
23894864,57-575-796-482,Q-253-1981,Store_2426,2022-01-08,Onsite Store,68.59
23894865,57-575-796-482,N-187-2012,Store_2372,2022-07-15,Online Store,56.59
23894865,57-575-796-482,F-253-1981,Store_2372,2022-07-15,Online Store,33.59
23894865,57-575-796-482,C-178-1999,Store_2372,2022-07-15,Online Store,64.59
23894865,57-575-796-482,G-070-1984,Store_2372,2022-07-15,Online Store,73.59
23894865,57-575-796-482,C-127-1986,Store_2372,2022-07-15,Online Store,45.99
23894866,57-575-796-482,J-022-1984,Store_2363,2022-02-26,Online Store,53.59
23894866,57-575-796-482,F-208-1992,Store_2363,2022-02-26,Online Store,65.59
23894866,57-575-796-482,W-016-1985,Store_2363,2022-02-26,Online Store,87.59
23894866,57-575-796-482,A-049-2001,Store_2363,2022-02-26,Online Store,62.99
23894866,57-575-796-482,I-262-1981,Store_2363,2022-02-26,Online Store,89.99
23894866,57-575-796-482,F-109-2014,Store_2363,2022-02-26,Online Store,65.99
23894866,57-575-796-482,G-244-1997,Store_2363,2022-02-26,Online Store,41.99
23894867,57-575-796-482,C-283-1982,Store_2403,2022-07-30,Onsite Store,111.99
23894867,57-575-796-482,W-265-1992,Store_2403,2022-07-30,Onsite Store,30.59
23894867,57-575-796-482,F-013-2008,Store_2403,2022-07-30,Onsite Store,124.59
23894867,57-575-796-482,Q-145-2009,Store_2403,2022-07-30,Onsite Store,61.99
23894868,57-575-796-482,Q-016-2014,Store_2467,2022-03-13,Onsite Store,88.59
23894868,57-575-796-482,H-145-1984,Store_2467,2022-03-13,Onsite Store,129.59
23894869,57-575-796-482,W-103-2013,Store_2366,2022-05-17,Online Store,76.59
23894869,57-575-796-482,H-208-1988,Store_2366,2022-05-17,Online Store,58.59
23894869,57-575-796-482,J-052-1994,Store_2366,2022-05-17,Online Store,74.99
23894869,57-575-796-482,J-235-1991,Store_2366,2022-05-17,Online Store,95.99
23894869,57-575-796-482,N-151-1989,Store_2366,2022-05-17,Online Store,49.99
23894869,57-575-796-482,N-034-1983,Store_2366,2022-05-17,Online Store,93.59
23894869,57-575-796-482,G-253-2005,Store_2366,2022-05-17,Online Store,60.59
23894869,57-575-796-482,H-058-1997,Store_2366,2022-05-17,Online Store,55.59
23894870,57-575-796-482,N-001-2013,Store_2469,2022-05-07,Onsite Store,34.59
23894870,57-575-796-482,G-226-2004,Store_2469,2022-05-07,Onsite Store,54.99
23894870,57-575-796-482,V-070-2008,Store_2469,2022-05-07,Onsite Store,73.99
23894870,57-575-796-482,W-127-1983,Store_2469,2022-05-07,Onsite Store,45.59
23894871,57-575-796-482,N-298-2001,Store_2464,2022-04-15,Onsite Store,70.99
23894871,57-575-796-482,I-256-1991,Store_2464,2022-04-15,Onsite Store,50.99
23894871,57-575-796-482,G-148-2012,Store_2464,2022-04-15,Onsite Store,59.59
23894871,57-575-796-482,V-124-1998,Store_2464,2022-04-15,Onsite Store,19.99
23894872,21-214-887-612,H-079-1998,Store_2355,2022-06-19,Online Store,25.59
23894872,21-214-887-612,J-280-1993,Store_2355,2022-06-19,Online Store,49.99
23894872,21-214-887-612,J-190-2011,Store_2355,2022-06-19,Online Store,53.99
23894872,21-214-887-612,G-034-2015,Store_2355,2022-06-19,Online Store,97.59
23894872,21-214-887-612,W-133-2004,Store_2355,2022-06-19,Online Store,52.59
23894872,21-214-887-612,B-130-1990,Store_2355,2022-06-19,Online Store,44.59
23894872,21-214-887-612,C-142-2005,Store_2355,2022-06-19,Online Store,104.99
23894872,21-214-887-612,Q-292-1988,Store_2355,2022-06-19,Online Store,101.59
23894873,21-214-887-612,A-283-2015,Store_2418,2022-02-06,Onsite Store,82.59
23894873,21-214-887-612,I-040-1984,Store_2418,2022-02-06,Onsite Store,32.59
23894873,21-214-887-612,I-121-1985,Store_2418,2022-02-06,Onsite Store,117.59
23894873,21-214-887-612,J-175-2008,Store_2418,2022-02-06,Onsite Store,22.59
23894873,21-214-887-612,H-040-1999,Store_2418,2022-02-06,Onsite Store,118.59
23894873,21-214-887-612,H-115-2005,Store_2418,2022-02-06,Onsite Store,35.99
23894873,21-214-887-612,F-100-2005,Store_2418,2022-02-06,Onsite Store,88.59
23894873,21-214-887-612,Z-061-1988,Store_2418,2022-02-06,Onsite Store,68.99
23894873,21-214-887-612,G-271-2017,Store_2418,2022-02-06,Onsite Store,64.99
23894873,21-214-887-612,A-106-1985,Store_2418,2022-02-06,Onsite Store,20.59
23894874,21-214-887-612,G-100-1980,Store_2393,2022-01-12,Online Store,88.59
23894874,21-214-887-612,N-037-2000,Store_2393,2022-01-12,Online Store,90.59
23894875,21-214-887-612,C-253-1987,Store_2355,2022-12-05,Online Store,84.59
23894875,21-214-887-612,H-214-1993,Store_2355,2022-12-05,Online Store,102.99
23894876,21-214-887-612,H-022-1982,Store_2403,2022-06-25,Onsite Store,111.99
23894876,21-214-887-612,G-184-1982,Store_2403,2022-06-25,Onsite Store,67.59
23894876,21-214-887-612,C-205-1988,Store_2403,2022-06-25,Onsite Store,21.59
23894876,21-214-887-612,I-241-2017,Store_2403,2022-06-25,Onsite Store,72.99
23894876,21-214-887-612,F-088-2007,Store_2403,2022-06-25,Onsite Store,22.59
23894876,21-214-887-612,G-289-1984,Store_2403,2022-06-25,Onsite Store,44.99
23894876,21-214-887-612,G-244-1992,Store_2403,2022-06-25,Onsite Store,98.59
23894876,21-214-887-612,I-253-1986,Store_2403,2022-06-25,Onsite Store,45.59
23894877,21-214-887-612,C-199-1983,Store_2367,2022-03-06,Online Store,67.99
23894877,21-214-887-612,I-112-1981,Store_2367,2022-03-06,Online Store,78.99
23894878,21-214-887-612,V-013-2010,Store_2466,2022-10-19,Onsite Store,34.99
23894878,21-214-887-612,H-025-2017,Store_2466,2022-10-19,Onsite Store,45.59
23894878,21-214-887-612,G-109-2014,Store_2466,2022-10-19,Onsite Store,81.99
23894878,21-214-887-612,Q-019-1996,Store_2466,2022-10-19,Onsite Store,57.59
23894878,21-214-887-612,V-196-2016,Store_2466,2022-10-19,Onsite Store,103.99
23894878,21-214-887-612,V-028-1989,Store_2466,2022-10-19,Onsite Store,106.99
23894878,21-214-887-612,J-214-2007,Store_2466,2022-10-19,Onsite Store,38.99
23894879,21-214-887-612,A-289-1987,Store_2444,2022-11-14,Onsite Store,53.99
23894879,21-214-887-612,A-136-1996,Store_2444,2022-11-14,Onsite Store,54.59
23894879,21-214-887-612,G-043-2000,Store_2444,2022-11-14,Onsite Store,66.99
23894879,21-214-887-612,H-280-2016,Store_2444,2022-11-14,Onsite Store,55.59
23894879,21-214-887-612,A-070-1998,Store_2444,2022-11-14,Onsite Store,43.59
23894879,21-214-887-612,V-136-2001,Store_2444,2022-11-14,Onsite Store,76.59
23894879,21-214-887-612,J-007-2014,Store_2444,2022-11-14,Onsite Store,72.59
23894879,21-214-887-612,V-166-1984,Store_2444,2022-11-14,Onsite Store,48.59
23894880,21-214-887-612,J-097-2013,Store_2406,2022-02-10,Onsite Store,83.59
23894880,21-214-887-612,Z-121-1987,Store_2406,2022-02-10,Onsite Store,41.99
23894880,21-214-887-612,Q-214-1992,Store_2406,2022-02-10,Onsite Store,84.59
23894880,21-214-887-612,G-166-2010,Store_2406,2022-02-10,Onsite Store,35.59
23894880,21-214-887-612,N-085-1987,Store_2406,2022-02-10,Onsite Store,137.99
23894880,21-214-887-612,H-280-2014,Store_2406,2022-02-10,Onsite Store,68.59
23894881,46-462-627-514,V-046-2000,Store_2355,2022-12-27,Online Store,59.99
23894881,46-462-627-514,Z-079-2000,Store_2355,2022-12-27,Online Store,36.59
23894881,46-462-627-514,J-274-2010,Store_2355,2022-12-27,Online Store,121.99
23894881,46-462-627-514,H-175-1992,Store_2355,2022-12-27,Online Store,102.99
23894882,46-462-627-514,Q-154-2018,Store_2376,2022-03-31,Online Store,44.99
23894882,46-462-627-514,V-214-2014,Store_2376,2022-03-31,Online Store,76.59
23894882,46-462-627-514,Q-043-2004,Store_2376,2022-03-31,Online Store,61.59
23894882,46-462-627-514,V-154-1987,Store_2376,2022-03-31,Online Store,28.99
23894882,46-462-627-514,H-115-2009,Store_2376,2022-03-31,Online Store,76.99
23894882,46-462-627-514,B-109-2006,Store_2376,2022-03-31,Online Store,33.99
23894882,46-462-627-514,Q-274-2008,Store_2376,2022-03-31,Online Store,86.59
23894882,46-462-627-514,F-265-1994,Store_2376,2022-03-31,Online Store,75.59
23894883,46-462-627-514,W-283-1985,Store_2396,2022-04-18,Online Store,117.59
23894883,46-462-627-514,I-208-2010,Store_2396,2022-04-18,Online Store,72.99
23894883,46-462-627-514,F-247-1995,Store_2396,2022-04-18,Online Store,57.99
23894883,46-462-627-514,J-196-2018,Store_2396,2022-04-18,Online Store,78.99
23894883,46-462-627-514,N-148-1997,Store_2396,2022-04-18,Online Store,34.99
23894883,46-462-627-514,W-079-1989,Store_2396,2022-04-18,Online Store,23.59
23894883,46-462-627-514,V-295-2006,Store_2396,2022-04-18,Online Store,94.59
23894883,46-462-627-514,J-292-2012,Store_2396,2022-04-18,Online Store,56.99
23894883,46-462-627-514,N-109-1995,Store_2396,2022-04-18,Online Store,73.99
23894883,46-462-627-514,G-229-2018,Store_2396,2022-04-18,Online Store,133.59
23894884,46-462-627-514,G-262-2010,Store_2375,2022-07-24,Online Store,45.59
23894885,46-462-627-514,J-283-1996,Store_2455,2022-10-04,Onsite Store,77.99
23894885,46-462-627-514,B-067-2000,Store_2455,2022-10-04,Onsite Store,108.99
23894885,46-462-627-514,N-037-2000,Store_2455,2022-10-04,Onsite Store,90.59
23894885,46-462-627-514,B-250-2003,Store_2455,2022-10-04,Onsite Store,58.59
23894885,46-462-627-514,V-034-2012,Store_2455,2022-10-04,Onsite Store,75.99
23894885,46-462-627-514,G-019-1994,Store_2455,2022-10-04,Onsite Store,51.59
23894886,46-462-627-514,H-040-1987,Store_2360,2022-08-21,Online Store,144.99
23894886,46-462-627-514,N-004-2000,Store_2360,2022-08-21,Online Store,44.99
23894886,46-462-627-514,C-127-2016,Store_2360,2022-08-21,Online Store,70.59
23894886,46-462-627-514,V-136-2008,Store_2360,2022-08-21,Online Store,55.59
23894886,46-462-627-514,Q-073-1988,Store_2360,2022-08-21,Online Store,20.99
23894886,46-462-627-514,F-100-2012,Store_2360,2022-08-21,Online Store,85.59
23894886,46-462-627-514,H-184-1991,Store_2360,2022-08-21,Online Store,74.59
23894886,46-462-627-514,B-061-2006,Store_2360,2022-08-21,Online Store,88.59
23894887,46-462-627-514,G-178-2015,Store_2477,2022-03-26,Onsite Store,81.59
23894887,46-462-627-514,G-016-2003,Store_2477,2022-03-26,Onsite Store,39.59
23894887,46-462-627-514,Q-193-2006,Store_2477,2022-03-26,Onsite Store,62.99
23894887,46-462-627-514,A-064-1984,Store_2477,2022-03-26,Onsite Store,63.59
23894887,46-462-627-514,I-172-2005,Store_2477,2022-03-26,Onsite Store,74.59
23894887,46-462-627-514,F-298-1990,Store_2477,2022-03-26,Onsite Store,52.59
23894887,46-462-627-514,J-091-2006,Store_2477,2022-03-26,Onsite Store,65.99
23894887,46-462-627-514,G-268-1993,Store_2477,2022-03-26,Onsite Store,55.59
23894887,46-462-627-514,F-148-1998,Store_2477,2022-03-26,Onsite Store,90.99
23894888,46-462-627-514,N-271-2004,Store_2349,2022-10-18,Online Store,18.99
23894888,46-462-627-514,N-181-1984,Store_2349,2022-10-18,Online Store,77.99
23894888,46-462-627-514,B-121-1983,Store_2349,2022-10-18,Online Store,80.99
23894888,46-462-627-514,Q-121-1994,Store_2349,2022-10-18,Online Store,29.99
23894888,46-462-627-514,N-190-1980,Store_2349,2022-10-18,Online Store,54.59
23894889,46-462-627-514,J-286-2004,Store_2411,2022-09-13,Onsite Store,100.99
23894889,46-462-627-514,N-145-2000,Store_2411,2022-09-13,Onsite Store,37.59
23894889,46-462-627-514,A-238-1994,Store_2411,2022-09-13,Onsite Store,117.99
23894889,46-462-627-514,A-184-1991,Store_2411,2022-09-13,Onsite Store,82.59
23894890,63-637-922-260,Q-247-2004,Store_2412,2022-06-23,Onsite Store,30.59
23894890,63-637-922-260,H-256-1999,Store_2412,2022-06-23,Onsite Store,52.59
23894890,63-637-922-260,B-160-1986,Store_2412,2022-06-23,Onsite Store,78.59
23894890,63-637-922-260,N-274-2015,Store_2412,2022-06-23,Onsite Store,71.99
23894891,63-637-922-260,I-289-1989,Store_2410,2022-10-24,Onsite Store,17.99
23894891,63-637-922-260,F-133-2009,Store_2410,2022-10-24,Onsite Store,92.99
23894891,63-637-922-260,W-259-2003,Store_2410,2022-10-24,Onsite Store,63.59
23894891,63-637-922-260,V-268-2013,Store_2410,2022-10-24,Onsite Store,77.59
23894891,63-637-922-260,W-046-1993,Store_2410,2022-10-24,Onsite Store,36.99
23894891,63-637-922-260,G-157-1993,Store_2410,2022-10-24,Onsite Store,65.99
23894891,63-637-922-260,B-292-2001,Store_2410,2022-10-24,Onsite Store,78.99
23894891,63-637-922-260,G-298-2002,Store_2410,2022-10-24,Onsite Store,36.99
23894892,63-637-922-260,G-277-1991,Store_2436,2022-03-12,Onsite Store,74.59
23894892,63-637-922-260,B-112-1991,Store_2436,2022-03-12,Onsite Store,77.99
23894892,63-637-922-260,J-238-1988,Store_2436,2022-03-12,Onsite Store,52.59
23894893,63-637-922-260,G-220-2018,Store_2435,2022-12-11,Onsite Store,46.99
23894893,63-637-922-260,W-022-1980,Store_2435,2022-12-11,Onsite Store,124.99
23894893,63-637-922-260,J-217-1984,Store_2435,2022-12-11,Onsite Store,97.59
23894893,63-637-922-260,J-022-2008,Store_2435,2022-12-11,Onsite Store,32.59
23894894,63-637-922-260,C-070-2009,Store_2461,2022-08-13,Onsite Store,58.59
23894895,63-637-922-260,B-157-2003,Store_2402,2022-03-23,Onsite Store,65.99
23894895,63-637-922-260,Z-247-2017,Store_2402,2022-03-23,Onsite Store,108.59
23894895,63-637-922-260,N-253-2017,Store_2402,2022-03-23,Onsite Store,36.59
23894895,63-637-922-260,N-103-1990,Store_2402,2022-03-23,Onsite Store,105.59
23894896,63-637-922-260,H-217-1995,Store_2477,2022-10-15,Onsite Store,33.99
23894896,63-637-922-260,A-004-1999,Store_2477,2022-10-15,Onsite Store,75.59
23894896,63-637-922-260,H-100-2011,Store_2477,2022-10-15,Onsite Store,36.59
23894896,63-637-922-260,F-226-2000,Store_2477,2022-10-15,Onsite Store,39.99
23894896,63-637-922-260,H-250-2016,Store_2477,2022-10-15,Onsite Store,75.99
23894896,63-637-922-260,G-097-1981,Store_2477,2022-10-15,Onsite Store,78.99
23894896,63-637-922-260,J-211-1992,Store_2477,2022-10-15,Onsite Store,53.99
23894896,63-637-922-260,W-109-2007,Store_2477,2022-10-15,Onsite Store,73.99
23894896,63-637-922-260,B-286-1997,Store_2477,2022-10-15,Onsite Store,59.59
23894896,63-637-922-260,G-193-1993,Store_2477,2022-10-15,Onsite Store,100.99
23894896,63-637-922-260,C-025-1988,Store_2477,2022-10-15,Onsite Store,76.99
23894897,63-637-922-260,V-187-1985,Store_2364,2022-03-26,Online Store,74.99
23894897,63-637-922-260,Z-250-2018,Store_2364,2022-03-26,Online Store,41.59
23894897,63-637-922-260,V-163-1988,Store_2364,2022-03-26,Online Store,53.59
23894897,63-637-922-260,Q-115-1980,Store_2364,2022-03-26,Online Store,18.99
23894897,63-637-922-260,N-106-2001,Store_2364,2022-03-26,Online Store,27.59
23894898,63-637-922-260,F-100-2001,Store_2470,2022-04-15,Onsite Store,36.59
23894898,63-637-922-260,A-157-2018,Store_2470,2022-04-15,Onsite Store,93.59
23894898,63-637-922-260,G-211-1998,Store_2470,2022-04-15,Onsite Store,91.99
23894898,63-637-922-260,A-037-2003,Store_2470,2022-04-15,Onsite Store,25.99
23894898,63-637-922-260,N-289-2005,Store_2470,2022-04-15,Onsite Store,17.59
23894898,63-637-922-260,C-214-2013,Store_2470,2022-04-15,Onsite Store,68.59
23894898,63-637-922-260,A-031-2003,Store_2470,2022-04-15,Onsite Store,47.59
23894898,63-637-922-260,A-280-1981,Store_2470,2022-04-15,Onsite Store,83.59
23894898,63-637-922-260,G-100-1987,Store_2470,2022-04-15,Onsite Store,103.99
23894898,63-637-922-260,J-214-2015,Store_2470,2022-04-15,Onsite Store,84.99
23894898,63-637-922-260,W-025-2003,Store_2470,2022-04-15,Onsite Store,103.59
23894899,39-397-713-297,V-100-1998,Store_2450,2022-07-11,Onsite Store,60.99
23894899,39-397-713-297,Q-064-1980,Store_2450,2022-07-11,Onsite Store,43.99
23894899,39-397-713-297,B-166-1980,Store_2450,2022-07-11,Onsite Store,38.59
23894900,39-397-713-297,Q-196-1997,Store_2400,2022-05-24,Onsite Store,108.59
23894900,39-397-713-297,W-268-1998,Store_2400,2022-05-24,Onsite Store,7.99
23894900,39-397-713-297,H-073-1999,Store_2400,2022-05-24,Onsite Store,51.59
23894900,39-397-713-297,Z-127-2010,Store_2400,2022-05-24,Onsite Store,39.59
23894900,39-397-713-297,G-127-2001,Store_2400,2022-05-24,Onsite Store,43.59
23894900,39-397-713-297,V-232-2003,Store_2400,2022-05-24,Onsite Store,43.99
23894901,39-397-713-297,F-085-2008,Store_2466,2022-07-01,Onsite Store,39.59
23894901,39-397-713-297,N-070-2000,Store_2466,2022-07-01,Onsite Store,26.99
23894901,39-397-713-297,G-139-1980,Store_2466,2022-07-01,Onsite Store,56.99
23894901,39-397-713-297,F-238-1991,Store_2466,2022-07-01,Onsite Store,43.99
23894901,39-397-713-297,B-136-1986,Store_2466,2022-07-01,Onsite Store,74.59
23894901,39-397-713-297,F-205-1994,Store_2466,2022-07-01,Onsite Store,79.99
23894901,39-397-713-297,N-262-1983,Store_2466,2022-07-01,Onsite Store,68.59
23894901,39-397-713-297,A-145-1987,Store_2466,2022-07-01,Onsite Store,68.59
23894901,39-397-713-297,H-232-2009,Store_2466,2022-07-01,Onsite Store,45.59
23894902,39-397-713-297,V-256-1995,Store_2350,2022-11-27,Online Store,92.59
23894902,39-397-713-297,F-217-1980,Store_2350,2022-11-27,Online Store,131.59
23894902,39-397-713-297,Q-187-1991,Store_2350,2022-11-27,Online Store,33.99
23894902,39-397-713-297,H-040-2009,Store_2350,2022-11-27,Online Store,69.99
23894903,39-397-713-297,F-028-1993,Store_2445,2022-09-06,Onsite Store,72.59
23894903,39-397-713-297,Q-160-2006,Store_2445,2022-09-06,Onsite Store,55.59
23894903,39-397-713-297,Z-010-2008,Store_2445,2022-09-06,Onsite Store,80.99
23894903,39-397-713-297,Q-184-2008,Store_2445,2022-09-06,Onsite Store,117.99
23894903,39-397-713-297,A-097-2013,Store_2445,2022-09-06,Onsite Store,27.59
23894903,39-397-713-297,Z-040-1991,Store_2445,2022-09-06,Onsite Store,39.99
23894903,39-397-713-297,A-256-1982,Store_2445,2022-09-06,Onsite Store,110.59
23894903,39-397-713-297,N-166-1984,Store_2445,2022-09-06,Onsite Store,58.99
23894904,39-397-713-297,A-046-1998,Store_2474,2022-11-27,Onsite Store,120.99
23894904,39-397-713-297,G-034-2005,Store_2474,2022-11-27,Onsite Store,57.59
23894904,39-397-713-297,H-058-1994,Store_2474,2022-11-27,Onsite Store,52.59
23894904,39-397-713-297,H-208-2012,Store_2474,2022-11-27,Onsite Store,74.59
23894904,39-397-713-297,H-250-1996,Store_2474,2022-11-27,Onsite Store,63.59
23894905,39-397-713-297,Z-031-1983,Store_2360,2022-08-05,Online Store,84.99
23894905,39-397-713-297,B-088-2011,Store_2360,2022-08-05,Online Store,72.99
23894905,39-397-713-297,Z-226-1985,Store_2360,2022-08-05,Online Store,63.99
23894905,39-397-713-297,F-274-2008,Store_2360,2022-08-05,Online Store,108.59
23894905,39-397-713-297,G-133-2010,Store_2360,2022-08-05,Online Store,46.99
23894905,39-397-713-297,B-103-1992,Store_2360,2022-08-05,Online Store,56.99
23894906,39-397-713-297,W-181-1994,Store_2457,2022-09-15,Onsite Store,83.59
23894906,39-397-713-297,I-256-1996,Store_2457,2022-09-15,Onsite Store,86.59
23894906,39-397-713-297,Q-067-2001,Store_2457,2022-09-15,Onsite Store,46.59
23894907,39-397-713-297,Q-016-2003,Store_2379,2022-07-25,Online Store,41.99
23894907,39-397-713-297,A-028-1992,Store_2379,2022-07-25,Online Store,17.59
23894907,39-397-713-297,N-205-1991,Store_2379,2022-07-25,Online Store,83.59
23894907,39-397-713-297,V-229-2006,Store_2379,2022-07-25,Online Store,109.99
23894907,39-397-713-297,F-109-2017,Store_2379,2022-07-25,Online Store,69.99
23894908,54-540-143-192,A-148-1985,Store_2352,2022-01-13,Online Store,93.99
23894908,54-540-143-192,J-160-1998,Store_2352,2022-01-13,Online Store,74.59
23894908,54-540-143-192,J-022-1988,Store_2352,2022-01-13,Online Store,85.59
23894908,54-540-143-192,B-142-2004,Store_2352,2022-01-13,Online Store,56.99
23894908,54-540-143-192,J-064-1996,Store_2352,2022-01-13,Online Store,109.99
23894908,54-540-143-192,Z-226-1982,Store_2352,2022-01-13,Online Store,143.99
23894908,54-540-143-192,N-007-1999,Store_2352,2022-01-13,Online Store,76.59
23894908,54-540-143-192,V-103-2017,Store_2352,2022-01-13,Online Store,89.59
23894908,54-540-143-192,B-013-1991,Store_2352,2022-01-13,Online Store,78.59
23894908,54-540-143-192,A-148-1990,Store_2352,2022-01-13,Online Store,64.59
23894908,54-540-143-192,I-283-2015,Store_2352,2022-01-13,Online Store,66.99
23894909,54-540-143-192,V-163-2018,Store_2382,2022-06-29,Online Store,33.59
23894909,54-540-143-192,C-151-1980,Store_2382,2022-06-29,Online Store,72.59
23894909,54-540-143-192,J-058-2002,Store_2382,2022-06-29,Online Store,90.59
23894909,54-540-143-192,A-229-2009,Store_2382,2022-06-29,Online Store,74.99
23894909,54-540-143-192,Q-181-2000,Store_2382,2022-06-29,Online Store,47.59
23894909,54-540-143-192,A-157-1980,Store_2382,2022-06-29,Online Store,84.99
23894909,54-540-143-192,I-016-2016,Store_2382,2022-06-29,Online Store,99.59
23894910,54-540-143-192,F-070-1988,Store_2431,2022-10-17,Onsite Store,99.99
23894910,54-540-143-192,A-055-1989,Store_2431,2022-10-17,Onsite Store,122.99
23894910,54-540-143-192,F-238-1984,Store_2431,2022-10-17,Onsite Store,83.99
23894910,54-540-143-192,B-262-2000,Store_2431,2022-10-17,Onsite Store,80.59
23894910,54-540-143-192,N-076-2014,Store_2431,2022-10-17,Onsite Store,83.99
23894910,54-540-143-192,H-241-1981,Store_2431,2022-10-17,Onsite Store,88.59
23894911,54-540-143-192,N-028-1983,Store_2405,2022-02-09,Onsite Store,56.99
23894911,54-540-143-192,C-034-1990,Store_2405,2022-02-09,Onsite Store,31.99
23894911,54-540-143-192,C-112-1986,Store_2405,2022-02-09,Onsite Store,85.59
23894911,54-540-143-192,G-208-1982,Store_2405,2022-02-09,Onsite Store,47.59
23894911,54-540-143-192,Q-277-2003,Store_2405,2022-02-09,Onsite Store,36.99
23894911,54-540-143-192,N-181-1991,Store_2405,2022-02-09,Onsite Store,70.99
23894911,54-540-143-192,V-019-2012,Store_2405,2022-02-09,Onsite Store,46.99
23894912,54-540-143-192,B-157-2000,Store_2399,2022-07-10,Onsite Store,113.59
23894912,54-540-143-192,A-127-1994,Store_2399,2022-07-10,Onsite Store,48.99
23894912,54-540-143-192,H-025-2003,Store_2399,2022-07-10,Onsite Store,89.59
23894912,54-540-143-192,Q-286-1991,Store_2399,2022-07-10,Onsite Store,88.59
23894912,54-540-143-192,C-247-2008,Store_2399,2022-07-10,Onsite Store,15.59
23894912,54-540-143-192,N-244-2002,Store_2399,2022-07-10,Onsite Store,23.99
23894912,54-540-143-192,A-082-1989,Store_2399,2022-07-10,Onsite Store,79.59
23894913,54-540-143-192,B-292-2018,Store_2422,2022-09-03,Onsite Store,100.99
23894913,54-540-143-192,J-154-2015,Store_2422,2022-09-03,Onsite Store,110.59
23894913,54-540-143-192,V-262-1995,Store_2422,2022-09-03,Onsite Store,68.99
23894913,54-540-143-192,A-187-2016,Store_2422,2022-09-03,Onsite Store,68.99
23894913,54-540-143-192,I-265-2001,Store_2422,2022-09-03,Onsite Store,90.59
23894913,54-540-143-192,N-106-2004,Store_2422,2022-09-03,Onsite Store,12.59
23894914,54-540-143-192,G-232-1986,Store_2420,2022-07-19,Onsite Store,52.59
23894914,54-540-143-192,F-097-2010,Store_2420,2022-07-19,Onsite Store,66.59
23894914,54-540-143-192,N-238-1991,Store_2420,2022-07-19,Onsite Store,67.99
23894914,54-540-143-192,G-130-1981,Store_2420,2022-07-19,Onsite Store,69.59
23894914,54-540-143-192,J-184-2000,Store_2420,2022-07-19,Onsite Store,71.99
23894915,54-540-143-192,Z-124-1998,Store_2423,2022-03-26,Onsite Store,92.99
23894915,54-540-143-192,G-037-2009,Store_2423,2022-03-26,Onsite Store,43.99
23894916,54-540-143-192,W-289-1990,Store_2403,2022-10-17,Onsite Store,81.99
23894916,54-540-143-192,Z-247-2007,Store_2403,2022-10-17,Onsite Store,30.59
23894916,54-540-143-192,A-160-2014,Store_2403,2022-10-17,Onsite Store,97.59
23894916,54-540-143-192,G-199-1983,Store_2403,2022-10-17,Onsite Store,65.99
23894916,54-540-143-192,I-052-1986,Store_2403,2022-10-17,Onsite Store,55.59
23894916,54-540-143-192,G-256-1982,Store_2403,2022-10-17,Onsite Store,128.99
23894916,54-540-143-192,W-235-2011,Store_2403,2022-10-17,Onsite Store,19.59
23894917,80-804-141-824,Q-163-1980,Store_2420,2022-09-21,Onsite Store,55.59
23894917,80-804-141-824,G-298-2008,Store_2420,2022-09-21,Onsite Store,75.59
23894917,80-804-141-824,N-187-1981,Store_2420,2022-09-21,Onsite Store,35.59
23894917,80-804-141-824,A-268-1990,Store_2420,2022-09-21,Onsite Store,67.99
23894917,80-804-141-824,F-115-1981,Store_2420,2022-09-21,Onsite Store,44.59
23894917,80-804-141-824,F-139-1990,Store_2420,2022-09-21,Onsite Store,68.99
23894917,80-804-141-824,B-010-1985,Store_2420,2022-09-21,Onsite Store,60.99
23894917,80-804-141-824,I-193-1987,Store_2420,2022-09-21,Onsite Store,77.99
23894918,80-804-141-824,Z-256-2003,Store_2351,2022-06-18,Online Store,59.59
23894918,80-804-141-824,B-004-1990,Store_2351,2022-06-18,Online Store,96.59
23894918,80-804-141-824,W-295-1985,Store_2351,2022-06-18,Online Store,98.99
23894919,80-804-141-824,J-154-2009,Store_2433,2022-09-09,Onsite Store,75.99
23894919,80-804-141-824,G-166-1997,Store_2433,2022-09-09,Onsite Store,46.99
23894919,80-804-141-824,C-178-1987,Store_2433,2022-09-09,Onsite Store,27.59
23894919,80-804-141-824,I-037-1981,Store_2433,2022-09-09,Onsite Store,176.59
23894919,80-804-141-824,I-169-2013,Store_2433,2022-09-09,Onsite Store,32.99
23894920,80-804-141-824,C-082-2016,Store_2382,2022-08-09,Online Store,35.59
23894920,80-804-141-824,W-229-2006,Store_2382,2022-08-09,Online Store,52.99
23894920,80-804-141-824,G-202-1987,Store_2382,2022-08-09,Online Store,24.59
23894920,80-804-141-824,Q-097-2006,Store_2382,2022-08-09,Online Store,26.59
23894920,80-804-141-824,Q-166-1993,Store_2382,2022-08-09,Online Store,56.59
23894921,80-804-141-824,G-265-1995,Store_2361,2022-05-22,Online Store,49.59
23894921,80-804-141-824,H-088-2010,Store_2361,2022-05-22,Online Store,108.99
23894921,80-804-141-824,A-235-1995,Store_2361,2022-05-22,Online Store,53.59
23894921,80-804-141-824,Z-205-2010,Store_2361,2022-05-22,Online Store,66.59
23894921,80-804-141-824,I-106-1995,Store_2361,2022-05-22,Online Store,40.99
23894921,80-804-141-824,F-151-1983,Store_2361,2022-05-22,Online Store,112.59
23894922,80-804-141-824,H-232-2004,Store_2466,2022-01-11,Onsite Store,61.59
23894922,80-804-141-824,Z-235-2006,Store_2466,2022-01-11,Onsite Store,119.99
23894922,80-804-141-824,I-109-1996,Store_2466,2022-01-11,Onsite Store,75.99
23894922,80-804-141-824,V-220-1984,Store_2466,2022-01-11,Onsite Store,96.99
23894922,80-804-141-824,A-277-2002,Store_2466,2022-01-11,Onsite Store,49.59
23894922,80-804-141-824,I-130-2005,Store_2466,2022-01-11,Onsite Store,60.99
23894922,80-804-141-824,I-127-1986,Store_2466,2022-01-11,Onsite Store,91.99
23894923,80-804-141-824,Z-157-1999,Store_2403,2022-02-01,Onsite Store,79.59
23894923,80-804-141-824,W-031-1983,Store_2403,2022-02-01,Onsite Store,12.99
23894923,80-804-141-824,C-235-1985,Store_2403,2022-02-01,Onsite Store,96.99
23894923,80-804-141-824,F-010-2006,Store_2403,2022-02-01,Onsite Store,71.59
23894924,80-804-141-824,J-079-1997,Store_2367,2022-02-09,Online Store,57.59
23894924,80-804-141-824,B-046-2009,Store_2367,2022-02-09,Online Store,66.59
23894924,80-804-141-824,B-022-1987,Store_2367,2022-02-09,Online Store,32.99
23894924,80-804-141-824,I-187-2018,Store_2367,2022-02-09,Online Store,45.99
23894924,80-804-141-824,I-025-2015,Store_2367,2022-02-09,Online Store,84.59
23894924,80-804-141-824,B-145-1988,Store_2367,2022-02-09,Online Store,97.59
23894924,80-804-141-824,H-106-2005,Store_2367,2022-02-09,Online Store,29.99
23894924,80-804-141-824,A-190-1984,Store_2367,2022-02-09,Online Store,48.99
23894924,80-804-141-824,B-211-2007,Store_2367,2022-02-09,Online Store,73.59
23894925,80-804-141-824,C-274-1988,Store_2349,2022-09-12,Online Store,60.99
23894925,80-804-141-824,N-244-1994,Store_2349,2022-09-12,Online Store,32.99
23894925,80-804-141-824,F-055-1993,Store_2349,2022-09-12,Online Store,32.99
23894925,80-804-141-824,F-205-1998,Store_2349,2022-09-12,Online Store,76.59
23894925,80-804-141-824,A-205-1990,Store_2349,2022-09-12,Online Store,86.59
23894925,80-804-141-824,B-112-1984,Store_2349,2022-09-12,Online Store,11.59
23894926,69-694-979-487,N-034-2004,Store_2412,2022-12-11,Onsite Store,51.99
23894926,69-694-979-487,Q-064-1989,Store_2412,2022-12-11,Onsite Store,138.99
23894926,69-694-979-487,J-253-1989,Store_2412,2022-12-11,Onsite Store,79.59
23894927,69-694-979-487,H-220-2006,Store_2359,2022-01-08,Online Store,45.59
23894927,69-694-979-487,A-094-2009,Store_2359,2022-01-08,Online Store,25.99
23894927,69-694-979-487,A-139-1994,Store_2359,2022-01-08,Online Store,82.99
23894928,69-694-979-487,G-088-1994,Store_2404,2022-08-28,Onsite Store,67.99
23894928,69-694-979-487,I-055-1981,Store_2404,2022-08-28,Onsite Store,42.99
23894928,69-694-979-487,C-013-1983,Store_2404,2022-08-28,Onsite Store,93.59
23894928,69-694-979-487,G-037-2008,Store_2404,2022-08-28,Onsite Store,61.99
23894928,69-694-979-487,G-214-2001,Store_2404,2022-08-28,Onsite Store,37.59
23894928,69-694-979-487,W-142-1987,Store_2404,2022-08-28,Onsite Store,111.99
23894928,69-694-979-487,Z-253-1997,Store_2404,2022-08-28,Onsite Store,95.59
23894928,69-694-979-487,W-091-2018,Store_2404,2022-08-28,Onsite Store,114.99
23894928,69-694-979-487,G-067-2001,Store_2404,2022-08-28,Onsite Store,71.99
23894929,69-694-979-487,F-175-2018,Store_2464,2022-08-07,Onsite Store,78.59
23894929,69-694-979-487,A-025-2013,Store_2464,2022-08-07,Onsite Store,56.59
23894929,69-694-979-487,Q-208-2002,Store_2464,2022-08-07,Onsite Store,65.59
23894929,69-694-979-487,A-127-2003,Store_2464,2022-08-07,Onsite Store,76.59
23894930,69-694-979-487,W-268-2016,Store_2356,2022-01-31,Online Store,104.99
23894930,69-694-979-487,G-202-1981,Store_2356,2022-01-31,Online Store,13.59
23894930,69-694-979-487,V-136-1992,Store_2356,2022-01-31,Online Store,57.59
23894930,69-694-979-487,Q-034-1988,Store_2356,2022-01-31,Online Store,79.59
23894931,69-694-979-487,W-127-2002,Store_2348,2022-10-04,Online Store,77.99
23894931,69-694-979-487,F-034-2001,Store_2348,2022-10-04,Online Store,58.59
23894931,69-694-979-487,Z-259-2009,Store_2348,2022-10-04,Online Store,80.59
23894931,69-694-979-487,I-166-2005,Store_2348,2022-10-04,Online Store,74.59
23894931,69-694-979-487,N-241-2005,Store_2348,2022-10-04,Online Store,73.99
23894931,69-694-979-487,C-022-1980,Store_2348,2022-10-04,Online Store,34.99
23894931,69-694-979-487,Q-022-1995,Store_2348,2022-10-04,Online Store,21.99
23894932,69-694-979-487,A-037-2015,Store_2459,2022-06-20,Onsite Store,82.59
23894932,69-694-979-487,J-034-2013,Store_2459,2022-06-20,Onsite Store,94.99
23894932,69-694-979-487,Q-091-1996,Store_2459,2022-06-20,Onsite Store,82.59
23894932,69-694-979-487,J-028-1994,Store_2459,2022-06-20,Onsite Store,51.99
23894932,69-694-979-487,H-004-2002,Store_2459,2022-06-20,Onsite Store,86.99
23894933,69-694-979-487,V-022-1999,Store_2380,2022-04-30,Online Store,70.59
23894933,69-694-979-487,G-253-2011,Store_2380,2022-04-30,Online Store,84.59
23894933,69-694-979-487,W-004-1983,Store_2380,2022-04-30,Online Store,56.59
23894933,69-694-979-487,C-286-2007,Store_2380,2022-04-30,Online Store,27.99
23894933,69-694-979-487,B-160-2001,Store_2380,2022-04-30,Online Store,63.99
23894933,69-694-979-487,N-184-1982,Store_2380,2022-04-30,Online Store,42.99
23894933,69-694-979-487,N-184-2010,Store_2380,2022-04-30,Online Store,53.59
23894933,69-694-979-487,J-295-1987,Store_2380,2022-04-30,Online Store,56.99
23894933,69-694-979-487,I-262-1982,Store_2380,2022-04-30,Online Store,77.59
23894934,69-694-979-487,Z-091-1985,Store_2453,2022-07-17,Onsite Store,100.59
23894934,69-694-979-487,B-025-2008,Store_2453,2022-07-17,Onsite Store,40.59
23894934,69-694-979-487,J-232-2013,Store_2453,2022-07-17,Onsite Store,80.59
23894935,30-303-374-202,W-106-1983,Store_2391,2022-09-03,Online Store,112.59
23894935,30-303-374-202,A-037-1987,Store_2391,2022-09-03,Online Store,54.99
23894935,30-303-374-202,F-229-1980,Store_2391,2022-09-03,Online Store,46.99
23894935,30-303-374-202,J-076-1983,Store_2391,2022-09-03,Online Store,45.99
23894935,30-303-374-202,J-052-1980,Store_2391,2022-09-03,Online Store,53.99
23894935,30-303-374-202,G-061-2012,Store_2391,2022-09-03,Online Store,61.59
23894936,30-303-374-202,F-187-2008,Store_2413,2022-06-28,Onsite Store,55.59
23894936,30-303-374-202,Z-058-2014,Store_2413,2022-06-28,Onsite Store,124.99
23894936,30-303-374-202,V-196-2006,Store_2413,2022-06-28,Onsite Store,87.59
23894936,30-303-374-202,N-259-2008,Store_2413,2022-06-28,Onsite Store,80.99
23894936,30-303-374-202,C-040-1992,Store_2413,2022-06-28,Onsite Store,46.59
23894936,30-303-374-202,G-073-1995,Store_2413,2022-06-28,Onsite Store,36.99
23894936,30-303-374-202,V-178-2006,Store_2413,2022-06-28,Onsite Store,29.99
23894937,30-303-374-202,G-103-2011,Store_2388,2022-05-19,Online Store,81.99
23894937,30-303-374-202,W-001-2015,Store_2388,2022-05-19,Online Store,40.99
23894937,30-303-374-202,A-121-2000,Store_2388,2022-05-19,Online Store,24.99
23894937,30-303-374-202,G-181-2010,Store_2388,2022-05-19,Online Store,73.99
23894937,30-303-374-202,B-037-1983,Store_2388,2022-05-19,Online Store,96.99
23894937,30-303-374-202,W-208-1984,Store_2388,2022-05-19,Online Store,44.59
23894938,30-303-374-202,V-022-1990,Store_2454,2022-03-06,Onsite Store,61.99
23894938,30-303-374-202,F-145-1986,Store_2454,2022-03-06,Onsite Store,73.99
23894938,30-303-374-202,G-085-2014,Store_2454,2022-03-06,Onsite Store,67.99
23894938,30-303-374-202,Q-058-1992,Store_2454,2022-03-06,Onsite Store,66.59
23894938,30-303-374-202,A-154-2018,Store_2454,2022-03-06,Onsite Store,63.99
23894939,30-303-374-202,N-178-2015,Store_2399,2022-07-05,Onsite Store,71.99
23894939,30-303-374-202,G-037-1998,Store_2399,2022-07-05,Onsite Store,39.59
23894939,30-303-374-202,Z-076-2006,Store_2399,2022-07-05,Onsite Store,12.59
23894939,30-303-374-202,I-118-2004,Store_2399,2022-07-05,Onsite Store,41.59
23894939,30-303-374-202,Q-253-1982,Store_2399,2022-07-05,Onsite Store,17.99
23894939,30-303-374-202,Q-004-2000,Store_2399,2022-07-05,Onsite Store,45.59
23894939,30-303-374-202,N-208-1980,Store_2399,2022-07-05,Onsite Store,88.59
23894939,30-303-374-202,F-193-1994,Store_2399,2022-07-05,Onsite Store,96.99
23894939,30-303-374-202,A-295-2002,Store_2399,2022-07-05,Onsite Store,33.99
23894939,30-303-374-202,H-034-2016,Store_2399,2022-07-05,Onsite Store,34.59
23894940,30-303-374-202,B-172-2002,Store_2421,2022-09-10,Onsite Store,69.99
23894940,30-303-374-202,V-223-1991,Store_2421,2022-09-10,Onsite Store,101.59
23894940,30-303-374-202,N-229-2017,Store_2421,2022-09-10,Onsite Store,57.59
23894941,30-303-374-202,N-286-2007,Store_2388,2022-07-02,Online Store,89.59
23894941,30-303-374-202,B-088-2002,Store_2388,2022-07-02,Online Store,31.99
23894941,30-303-374-202,B-115-2012,Store_2388,2022-07-02,Online Store,59.99
23894941,30-303-374-202,N-163-2005,Store_2388,2022-07-02,Online Store,103.99
23894941,30-303-374-202,J-265-1999,Store_2388,2022-07-02,Online Store,32.59
23894941,30-303-374-202,B-295-1997,Store_2388,2022-07-02,Online Store,46.99
23894941,30-303-374-202,Q-262-2007,Store_2388,2022-07-02,Online Store,94.99
23894941,30-303-374-202,F-013-1992,Store_2388,2022-07-02,Online Store,113.99
23894941,30-303-374-202,B-067-1998,Store_2388,2022-07-02,Online Store,43.59
23894942,30-303-374-202,J-208-2012,Store_2439,2022-04-13,Onsite Store,81.59
23894942,30-303-374-202,W-160-1997,Store_2439,2022-04-13,Onsite Store,61.59
23894942,30-303-374-202,C-244-1989,Store_2439,2022-04-13,Onsite Store,128.59
23894942,30-303-374-202,C-169-1992,Store_2439,2022-04-13,Onsite Store,44.59
23894942,30-303-374-202,C-148-2004,Store_2439,2022-04-13,Onsite Store,98.99
23894942,30-303-374-202,V-274-1990,Store_2439,2022-04-13,Onsite Store,65.99
23894943,30-303-374-202,Q-151-2011,Store_2424,2022-08-02,Onsite Store,56.99
23894943,30-303-374-202,N-157-1989,Store_2424,2022-08-02,Onsite Store,89.59
23894943,30-303-374-202,H-256-1985,Store_2424,2022-08-02,Onsite Store,104.99
23894944,56-568-138-743,H-151-2008,Store_2470,2022-08-03,Onsite Store,73.59
23894944,56-568-138-743,V-205-2012,Store_2470,2022-08-03,Onsite Store,108.59
23894944,56-568-138-743,Z-223-2008,Store_2470,2022-08-03,Onsite Store,93.59
23894944,56-568-138-743,W-025-1994,Store_2470,2022-08-03,Onsite Store,77.99
23894944,56-568-138-743,Z-031-1986,Store_2470,2022-08-03,Onsite Store,76.59
23894944,56-568-138-743,N-085-1987,Store_2470,2022-08-03,Onsite Store,137.99
23894944,56-568-138-743,A-040-2013,Store_2470,2022-08-03,Onsite Store,57.59
23894945,56-568-138-743,W-166-1988,Store_2436,2022-09-20,Onsite Store,36.59
23894945,56-568-138-743,F-265-1996,Store_2436,2022-09-20,Onsite Store,79.99
23894945,56-568-138-743,Q-049-1990,Store_2436,2022-09-20,Onsite Store,106.59
23894945,56-568-138-743,N-283-1991,Store_2436,2022-09-20,Onsite Store,78.59
23894945,56-568-138-743,C-223-1983,Store_2436,2022-09-20,Onsite Store,65.59
23894945,56-568-138-743,N-277-2005,Store_2436,2022-09-20,Onsite Store,53.99
23894945,56-568-138-743,H-283-1983,Store_2436,2022-09-20,Onsite Store,80.99
23894945,56-568-138-743,W-283-1998,Store_2436,2022-09-20,Onsite Store,130.99
23894946,56-568-138-743,A-202-1997,Store_2383,2022-02-01,Online Store,27.59
23894946,56-568-138-743,A-103-2001,Store_2383,2022-02-01,Online Store,64.59
23894947,56-568-138-743,W-139-1998,Store_2461,2022-10-08,Onsite Store,88.99
23894947,56-568-138-743,A-118-2011,Store_2461,2022-10-08,Onsite Store,84.99
23894947,56-568-138-743,J-175-2014,Store_2461,2022-10-08,Onsite Store,81.59
23894947,56-568-138-743,N-214-2009,Store_2461,2022-10-08,Onsite Store,86.99
23894947,56-568-138-743,I-286-2002,Store_2461,2022-10-08,Onsite Store,64.59
23894947,56-568-138-743,H-253-1995,Store_2461,2022-10-08,Onsite Store,33.59
23894947,56-568-138-743,V-187-1995,Store_2461,2022-10-08,Onsite Store,118.99
23894948,56-568-138-743,A-217-1996,Store_2449,2022-02-15,Onsite Store,53.99
23894948,56-568-138-743,W-262-1981,Store_2449,2022-02-15,Onsite Store,46.59
23894948,56-568-138-743,H-079-2007,Store_2449,2022-02-15,Onsite Store,70.99
23894948,56-568-138-743,Q-112-1986,Store_2449,2022-02-15,Onsite Store,118.99
23894948,56-568-138-743,V-232-2018,Store_2449,2022-02-15,Onsite Store,75.99
23894948,56-568-138-743,G-139-2015,Store_2449,2022-02-15,Onsite Store,40.59
23894949,56-568-138-743,W-055-2018,Store_2460,2022-11-22,Onsite Store,52.99
23894949,56-568-138-743,I-007-1993,Store_2460,2022-11-22,Onsite Store,51.99
23894949,56-568-138-743,V-274-1986,Store_2460,2022-11-22,Onsite Store,65.59
23894949,56-568-138-743,Q-160-1997,Store_2460,2022-11-22,Onsite Store,65.99
23894949,56-568-138-743,G-175-2004,Store_2460,2022-11-22,Onsite Store,69.59
23894949,56-568-138-743,J-256-2003,Store_2460,2022-11-22,Onsite Store,43.59
23894949,56-568-138-743,Q-298-1998,Store_2460,2022-11-22,Onsite Store,81.99
23894949,56-568-138-743,V-205-2015,Store_2460,2022-11-22,Onsite Store,56.99
23894949,56-568-138-743,A-049-2006,Store_2460,2022-11-22,Onsite Store,87.59
23894949,56-568-138-743,C-226-1987,Store_2460,2022-11-22,Onsite Store,54.99
23894949,56-568-138-743,F-262-1995,Store_2460,2022-11-22,Onsite Store,56.59
23894949,56-568-138-743,J-172-2011,Store_2460,2022-11-22,Onsite Store,83.99
23894950,56-568-138-743,Z-052-2016,Store_2384,2022-10-17,Online Store,52.99
23894950,56-568-138-743,Q-190-2001,Store_2384,2022-10-17,Online Store,28.99
23894951,56-568-138-743,B-286-1988,Store_2367,2022-12-17,Online Store,82.59
23894951,56-568-138-743,C-010-2006,Store_2367,2022-12-17,Online Store,43.59
23894951,56-568-138-743,W-007-1988,Store_2367,2022-12-17,Online Store,47.99
23894951,56-568-138-743,F-214-2012,Store_2367,2022-12-17,Online Store,80.59
23894951,56-568-138-743,F-253-1990,Store_2367,2022-12-17,Online Store,129.59
23894951,56-568-138-743,Q-130-1996,Store_2367,2022-12-17,Online Store,103.59
23894951,56-568-138-743,A-232-1985,Store_2367,2022-12-17,Online Store,115.99
23894951,56-568-138-743,N-037-2012,Store_2367,2022-12-17,Online Store,94.99
23894951,56-568-138-743,Q-073-1989,Store_2367,2022-12-17,Online Store,52.99
23894951,56-568-138-743,C-247-1991,Store_2367,2022-12-17,Online Store,45.59
23894952,56-568-138-743,C-157-2007,Store_2407,2022-12-16,Onsite Store,111.99
23894952,56-568-138-743,G-118-2001,Store_2407,2022-12-16,Onsite Store,87.59
23894952,56-568-138-743,W-193-2010,Store_2407,2022-12-16,Onsite Store,58.99
23894952,56-568-138-743,G-097-1984,Store_2407,2022-12-16,Onsite Store,53.99
23894953,72-722-268-559,N-262-1986,Store_2421,2022-08-20,Onsite Store,32.99
23894953,72-722-268-559,G-115-1982,Store_2421,2022-08-20,Onsite Store,42.59
23894953,72-722-268-559,V-112-1999,Store_2421,2022-08-20,Onsite Store,108.99
23894953,72-722-268-559,A-055-2012,Store_2421,2022-08-20,Onsite Store,100.59
23894953,72-722-268-559,N-166-1998,Store_2421,2022-08-20,Onsite Store,46.99
23894953,72-722-268-559,B-034-1996,Store_2421,2022-08-20,Onsite Store,55.59
23894954,72-722-268-559,I-067-2006,Store_2427,2022-09-08,Onsite Store,31.59
23894954,72-722-268-559,G-034-2014,Store_2427,2022-09-08,Onsite Store,27.59
23894954,72-722-268-559,Z-055-2003,Store_2427,2022-09-08,Onsite Store,90.59
23894954,72-722-268-559,V-067-2009,Store_2427,2022-09-08,Onsite Store,56.99
23894954,72-722-268-559,G-154-2010,Store_2427,2022-09-08,Onsite Store,39.59
23894954,72-722-268-559,F-148-2009,Store_2427,2022-09-08,Onsite Store,61.59
23894954,72-722-268-559,I-223-1997,Store_2427,2022-09-08,Onsite Store,51.99
23894954,72-722-268-559,I-133-1995,Store_2427,2022-09-08,Onsite Store,72.59
23894954,72-722-268-559,J-262-1988,Store_2427,2022-09-08,Onsite Store,87.99
23894955,72-722-268-559,H-130-1993,Store_2389,2022-03-10,Online Store,66.59
23894955,72-722-268-559,W-127-2016,Store_2389,2022-03-10,Online Store,97.99
23894955,72-722-268-559,I-298-2014,Store_2389,2022-03-10,Online Store,81.99
23894955,72-722-268-559,Z-205-2009,Store_2389,2022-03-10,Online Store,67.99
23894955,72-722-268-559,I-286-2000,Store_2389,2022-03-10,Online Store,51.99
23894955,72-722-268-559,C-154-2011,Store_2389,2022-03-10,Online Store,54.59
23894955,72-722-268-559,Z-007-1985,Store_2389,2022-03-10,Online Store,107.99
23894956,72-722-268-559,H-103-1992,Store_2353,2022-11-16,Online Store,78.59
23894956,72-722-268-559,N-055-2016,Store_2353,2022-11-16,Online Store,115.99
23894956,72-722-268-559,C-196-1986,Store_2353,2022-11-16,Online Store,123.99
23894956,72-722-268-559,W-157-1992,Store_2353,2022-11-16,Online Store,80.99
23894957,72-722-268-559,Z-169-1994,Store_2400,2022-10-12,Onsite Store,80.99
23894957,72-722-268-559,B-217-2001,Store_2400,2022-10-12,Onsite Store,29.59
23894957,72-722-268-559,Z-121-2010,Store_2400,2022-10-12,Onsite Store,89.59
23894957,72-722-268-559,I-178-1985,Store_2400,2022-10-12,Onsite Store,74.99
23894957,72-722-268-559,H-232-1999,Store_2400,2022-10-12,Onsite Store,58.99
23894957,72-722-268-559,W-190-1980,Store_2400,2022-10-12,Onsite Store,114.59
23894957,72-722-268-559,N-136-2008,Store_2400,2022-10-12,Onsite Store,47.99
23894957,72-722-268-559,V-256-1980,Store_2400,2022-10-12,Onsite Store,75.99
23894957,72-722-268-559,A-115-2011,Store_2400,2022-10-12,Onsite Store,83.99
23894957,72-722-268-559,C-214-1996,Store_2400,2022-10-12,Onsite Store,47.99
23894957,72-722-268-559,H-193-1991,Store_2400,2022-10-12,Onsite Store,104.59
23894958,72-722-268-559,Q-127-2004,Store_2406,2022-06-02,Onsite Store,79.59
23894958,72-722-268-559,W-022-1983,Store_2406,2022-06-02,Onsite Store,43.99
23894958,72-722-268-559,Z-088-2018,Store_2406,2022-06-02,Onsite Store,59.99
23894958,72-722-268-559,G-277-1997,Store_2406,2022-06-02,Onsite Store,61.59
23894958,72-722-268-559,C-295-1991,Store_2406,2022-06-02,Onsite Store,95.99
23894958,72-722-268-559,H-295-1982,Store_2406,2022-06-02,Onsite Store,57.99
23894958,72-722-268-559,G-205-1989,Store_2406,2022-06-02,Onsite Store,92.99
23894959,72-722-268-559,V-085-1984,Store_2413,2022-12-18,Onsite Store,46.99
23894959,72-722-268-559,N-085-2012,Store_2413,2022-12-18,Onsite Store,55.99
23894959,72-722-268-559,F-010-1994,Store_2413,2022-12-18,Onsite Store,45.59
23894959,72-722-268-559,N-193-1993,Store_2413,2022-12-18,Onsite Store,81.59
23894959,72-722-268-559,J-256-1982,Store_2413,2022-12-18,Onsite Store,61.59
23894959,72-722-268-559,Q-208-2006,Store_2413,2022-12-18,Onsite Store,80.99
23894959,72-722-268-559,C-037-1984,Store_2413,2022-12-18,Onsite Store,76.99
23894959,72-722-268-559,F-241-2004,Store_2413,2022-12-18,Onsite Store,22.59
23894960,72-722-268-559,Z-151-2017,Store_2376,2022-02-26,Online Store,109.99
23894960,72-722-268-559,G-067-1991,Store_2376,2022-02-26,Online Store,7.59
23894960,72-722-268-559,W-241-2011,Store_2376,2022-02-26,Online Store,76.99
23894960,72-722-268-559,A-085-2005,Store_2376,2022-02-26,Online Store,66.99
23894960,72-722-268-559,I-283-1990,Store_2376,2022-02-26,Online Store,62.59
23894960,72-722-268-559,Q-241-1980,Store_2376,2022-02-26,Online Store,58.99
23894960,72-722-268-559,Q-031-2008,Store_2376,2022-02-26,Online Store,42.59
23894960,72-722-268-559,G-202-1991,Store_2376,2022-02-26,Online Store,28.59
23894960,72-722-268-559,W-268-1983,Store_2376,2022-02-26,Online Store,43.59
23894960,72-722-268-559,A-151-2007,Store_2376,2022-02-26,Online Store,47.99
23894960,72-722-268-559,N-010-1996,Store_2376,2022-02-26,Online Store,75.59
23894961,72-722-268-559,Z-181-1980,Store_2446,2022-08-13,Onsite Store,60.99
23894961,72-722-268-559,V-238-1993,Store_2446,2022-08-13,Onsite Store,45.59
23894961,72-722-268-559,Z-250-1997,Store_2446,2022-08-13,Onsite Store,90.59
23894961,72-722-268-559,Z-214-2009,Store_2446,2022-08-13,Onsite Store,34.59
23894961,72-722-268-559,H-265-1981,Store_2446,2022-08-13,Onsite Store,135.99
23894961,72-722-268-559,F-031-1980,Store_2446,2022-08-13,Onsite Store,124.59
23894961,72-722-268-559,H-223-2010,Store_2446,2022-08-13,Onsite Store,71.59
23894962,57-572-939-747,G-016-2001,Store_2390,2022-02-18,Online Store,68.59
23894962,57-572-939-747,V-052-2011,Store_2390,2022-02-18,Online Store,104.59
23894962,57-572-939-747,G-250-1989,Store_2390,2022-02-18,Online Store,95.59
23894962,57-572-939-747,B-151-1995,Store_2390,2022-02-18,Online Store,135.99
23894962,57-572-939-747,A-082-2005,Store_2390,2022-02-18,Online Store,52.59
23894962,57-572-939-747,Z-163-1990,Store_2390,2022-02-18,Online Store,71.59
23894962,57-572-939-747,G-022-1984,Store_2390,2022-02-18,Online Store,78.59
23894962,57-572-939-747,I-244-2009,Store_2390,2022-02-18,Online Store,73.99
23894962,57-572-939-747,Q-115-2018,Store_2390,2022-02-18,Online Store,89.99
23894962,57-572-939-747,J-181-1986,Store_2390,2022-02-18,Online Store,51.59
23894962,57-572-939-747,Q-199-1985,Store_2390,2022-02-18,Online Store,160.59
23894962,57-572-939-747,Q-079-1987,Store_2390,2022-02-18,Online Store,76.99
23894963,57-572-939-747,J-010-1987,Store_2459,2022-03-02,Onsite Store,105.99
23894963,57-572-939-747,B-001-1993,Store_2459,2022-03-02,Onsite Store,63.59
23894963,57-572-939-747,Z-133-2015,Store_2459,2022-03-02,Onsite Store,118.99
23894963,57-572-939-747,N-220-2007,Store_2459,2022-03-02,Onsite Store,123.59
23894963,57-572-939-747,C-208-1984,Store_2459,2022-03-02,Onsite Store,115.99
23894963,57-572-939-747,N-292-1992,Store_2459,2022-03-02,Onsite Store,53.99
23894963,57-572-939-747,Z-124-1990,Store_2459,2022-03-02,Onsite Store,83.99
23894964,57-572-939-747,A-025-1987,Store_2422,2022-08-23,Onsite Store,80.59
23894964,57-572-939-747,H-100-1991,Store_2422,2022-08-23,Onsite Store,23.59
23894964,57-572-939-747,B-205-1985,Store_2422,2022-08-23,Onsite Store,77.99
23894964,57-572-939-747,W-214-2011,Store_2422,2022-08-23,Onsite Store,135.59
23894964,57-572-939-747,F-154-1998,Store_2422,2022-08-23,Onsite Store,38.59
23894965,57-572-939-747,W-259-2013,Store_2429,2022-06-17,Onsite Store,81.59
23894965,57-572-939-747,V-295-1999,Store_2429,2022-06-17,Onsite Store,115.99
23894965,57-572-939-747,V-151-1984,Store_2429,2022-06-17,Onsite Store,62.99
23894965,57-572-939-747,N-283-2006,Store_2429,2022-06-17,Onsite Store,103.59
23894966,57-572-939-747,I-151-1995,Store_2435,2022-04-07,Onsite Store,31.59
23894966,57-572-939-747,J-136-2014,Store_2435,2022-04-07,Onsite Store,45.59
23894966,57-572-939-747,G-205-1990,Store_2435,2022-04-07,Onsite Store,43.59
23894966,57-572-939-747,B-229-1993,Store_2435,2022-04-07,Onsite Store,50.99
23894966,57-572-939-747,Z-052-1997,Store_2435,2022-04-07,Onsite Store,45.59
23894966,57-572-939-747,Q-232-1987,Store_2435,2022-04-07,Onsite Store,77.59
23894966,57-572-939-747,W-223-2008,Store_2435,2022-04-07,Onsite Store,71.59
23894966,57-572-939-747,G-121-1999,Store_2435,2022-04-07,Onsite Store,80.99
23894967,57-572-939-747,I-265-1985,Store_2456,2022-05-17,Onsite Store,117.59
23894967,57-572-939-747,W-112-1986,Store_2456,2022-05-17,Onsite Store,44.59
23894967,57-572-939-747,N-187-2003,Store_2456,2022-05-17,Onsite Store,55.99
23894967,57-572-939-747,Q-256-2014,Store_2456,2022-05-17,Onsite Store,85.59
23894967,57-572-939-747,H-088-2015,Store_2456,2022-05-17,Onsite Store,91.99
23894967,57-572-939-747,C-004-1984,Store_2456,2022-05-17,Onsite Store,58.59
23894968,57-572-939-747,W-232-2012,Store_2401,2022-10-03,Onsite Store,31.99
23894968,57-572-939-747,G-115-1994,Store_2401,2022-10-03,Onsite Store,34.99
23894968,57-572-939-747,I-100-2003,Store_2401,2022-10-03,Onsite Store,41.59
23894969,57-572-939-747,G-058-1980,Store_2422,2022-04-29,Onsite Store,61.99
23894969,57-572-939-747,I-088-2007,Store_2422,2022-04-29,Onsite Store,45.99
23894969,57-572-939-747,G-049-1988,Store_2422,2022-04-29,Onsite Store,91.59
23894969,57-572-939-747,C-205-2009,Store_2422,2022-04-29,Onsite Store,71.99
23894969,57-572-939-747,F-073-2002,Store_2422,2022-04-29,Onsite Store,52.99
23894969,57-572-939-747,W-292-1986,Store_2422,2022-04-29,Onsite Store,107.59
23894969,57-572-939-747,I-136-1987,Store_2422,2022-04-29,Onsite Store,37.59
23894969,57-572-939-747,A-286-2005,Store_2422,2022-04-29,Onsite Store,132.59
23894969,57-572-939-747,I-067-2005,Store_2422,2022-04-29,Onsite Store,40.99
23894969,57-572-939-747,A-139-2018,Store_2422,2022-04-29,Onsite Store,104.59
23894970,57-572-939-747,N-172-2011,Store_2416,2022-06-19,Onsite Store,76.59
23894970,57-572-939-747,N-289-1988,Store_2416,2022-06-19,Onsite Store,48.99
23894970,57-572-939-747,G-091-1992,Store_2416,2022-06-19,Onsite Store,73.99
23894970,57-572-939-747,A-214-1990,Store_2416,2022-06-19,Onsite Store,83.59
23894970,57-572-939-747,A-145-2002,Store_2416,2022-06-19,Onsite Store,78.99
23894971,30-300-182-641,J-031-1991,Store_2427,2022-04-01,Onsite Store,86.59
23894971,30-300-182-641,B-169-1998,Store_2427,2022-04-01,Onsite Store,116.59
23894971,30-300-182-641,B-160-1986,Store_2427,2022-04-01,Onsite Store,78.59
23894971,30-300-182-641,W-085-2010,Store_2427,2022-04-01,Onsite Store,45.99
23894971,30-300-182-641,F-109-2014,Store_2427,2022-04-01,Onsite Store,65.99
23894972,30-300-182-641,B-004-1990,Store_2462,2022-11-01,Onsite Store,96.59
23894972,30-300-182-641,J-286-1986,Store_2462,2022-11-01,Onsite Store,83.59
23894972,30-300-182-641,I-217-2016,Store_2462,2022-11-01,Onsite Store,49.59
23894972,30-300-182-641,Q-205-1996,Store_2462,2022-11-01,Onsite Store,47.99
23894972,30-300-182-641,Q-097-2005,Store_2462,2022-11-01,Onsite Store,61.99
23894972,30-300-182-641,C-229-1982,Store_2462,2022-11-01,Onsite Store,84.59
23894972,30-300-182-641,A-184-1998,Store_2462,2022-11-01,Onsite Store,54.59
23894973,30-300-182-641,W-061-1988,Store_2465,2022-10-17,Onsite Store,52.59
23894973,30-300-182-641,G-118-1989,Store_2465,2022-10-17,Onsite Store,65.59
23894973,30-300-182-641,I-199-1999,Store_2465,2022-10-17,Onsite Store,59.99
23894974,30-300-182-641,H-178-1982,Store_2393,2022-07-31,Online Store,97.99
23894974,30-300-182-641,J-037-1980,Store_2393,2022-07-31,Online Store,112.59
23894974,30-300-182-641,F-070-2003,Store_2393,2022-07-31,Online Store,118.59
23894974,30-300-182-641,J-013-1989,Store_2393,2022-07-31,Online Store,80.99
23894974,30-300-182-641,J-169-1990,Store_2393,2022-07-31,Online Store,92.59
23894974,30-300-182-641,J-091-1982,Store_2393,2022-07-31,Online Store,6.99
23894974,30-300-182-641,W-136-2005,Store_2393,2022-07-31,Online Store,97.99
23894974,30-300-182-641,V-118-2008,Store_2393,2022-07-31,Online Store,85.99
23894975,30-300-182-641,H-292-1985,Store_2365,2022-12-17,Online Store,63.99
23894975,30-300-182-641,V-163-1983,Store_2365,2022-12-17,Online Store,96.99
23894975,30-300-182-641,W-244-1992,Store_2365,2022-12-17,Online Store,32.59
23894975,30-300-182-641,C-199-1987,Store_2365,2022-12-17,Online Store,21.59
23894975,30-300-182-641,G-085-1980,Store_2365,2022-12-17,Online Store,60.59
23894976,30-300-182-641,F-142-1986,Store_2421,2022-12-24,Onsite Store,83.59
23894976,30-300-182-641,H-046-2015,Store_2421,2022-12-24,Onsite Store,29.59
23894976,30-300-182-641,V-109-2009,Store_2421,2022-12-24,Onsite Store,27.59
23894976,30-300-182-641,J-283-2015,Store_2421,2022-12-24,Onsite Store,43.99
23894977,30-300-182-641,J-175-1998,Store_2435,2022-01-17,Onsite Store,62.59
23894977,30-300-182-641,I-136-2014,Store_2435,2022-01-17,Onsite Store,36.99
23894977,30-300-182-641,H-226-2013,Store_2435,2022-01-17,Onsite Store,100.59
23894977,30-300-182-641,B-112-1995,Store_2435,2022-01-17,Onsite Store,109.59
23894977,30-300-182-641,W-100-1983,Store_2435,2022-01-17,Onsite Store,80.59
23894977,30-300-182-641,V-163-1987,Store_2435,2022-01-17,Onsite Store,73.99
23894977,30-300-182-641,G-007-2015,Store_2435,2022-01-17,Onsite Store,71.59
23894978,30-300-182-641,C-295-1992,Store_2446,2022-01-23,Onsite Store,76.99
23894978,30-300-182-641,B-094-2001,Store_2446,2022-01-23,Onsite Store,2.99
23894978,30-300-182-641,G-187-2003,Store_2446,2022-01-23,Onsite Store,91.59
23894978,30-300-182-641,N-058-2002,Store_2446,2022-01-23,Onsite Store,47.59
23894978,30-300-182-641,C-178-1982,Store_2446,2022-01-23,Onsite Store,61.99
23894978,30-300-182-641,I-178-2011,Store_2446,2022-01-23,Onsite Store,45.99
23894978,30-300-182-641,J-280-1988,Store_2446,2022-01-23,Onsite Store,46.99
23894978,30-300-182-641,I-037-1995,Store_2446,2022-01-23,Onsite Store,21.99
23894978,30-300-182-641,A-079-2000,Store_2446,2022-01-23,Onsite Store,89.59
23894978,30-300-182-641,A-274-1989,Store_2446,2022-01-23,Onsite Store,18.99
23894979,30-300-182-641,Z-085-1989,Store_2359,2022-07-16,Online Store,119.99
23894979,30-300-182-641,F-115-1990,Store_2359,2022-07-16,Online Store,79.99
23894980,16-167-327-189,J-034-1983,Store_2475,2022-11-17,Onsite Store,88.59
23894980,16-167-327-189,C-241-1991,Store_2475,2022-11-17,Onsite Store,71.99
23894980,16-167-327-189,G-295-1982,Store_2475,2022-11-17,Onsite Store,42.59
23894981,16-167-327-189,J-298-2014,Store_2383,2022-12-24,Online Store,55.99
23894981,16-167-327-189,A-055-1980,Store_2383,2022-12-24,Online Store,36.99
23894982,16-167-327-189,N-130-1988,Store_2413,2022-12-10,Onsite Store,69.59
23894982,16-167-327-189,Z-274-2010,Store_2413,2022-12-10,Onsite Store,101.59
23894982,16-167-327-189,C-094-1983,Store_2413,2022-12-10,Onsite Store,73.99
23894982,16-167-327-189,B-172-2018,Store_2413,2022-12-10,Onsite Store,62.59
23894982,16-167-327-189,A-070-1998,Store_2413,2022-12-10,Onsite Store,43.59
23894982,16-167-327-189,H-217-2007,Store_2413,2022-12-10,Onsite Store,64.99
23894983,16-167-327-189,H-157-1994,Store_2408,2022-05-06,Onsite Store,65.59
23894983,16-167-327-189,G-055-2015,Store_2408,2022-05-06,Onsite Store,56.59
23894983,16-167-327-189,I-205-1997,Store_2408,2022-05-06,Onsite Store,91.99
23894984,16-167-327-189,Q-229-1986,Store_2403,2022-06-18,Onsite Store,107.99
23894984,16-167-327-189,H-271-2009,Store_2403,2022-06-18,Onsite Store,49.99
23894984,16-167-327-189,J-046-1986,Store_2403,2022-06-18,Onsite Store,81.59
23894984,16-167-327-189,Z-037-1981,Store_2403,2022-06-18,Onsite Store,99.59
23894984,16-167-327-189,N-283-1991,Store_2403,2022-06-18,Onsite Store,78.59
23894984,16-167-327-189,Z-040-1993,Store_2403,2022-06-18,Onsite Store,56.99
23894984,16-167-327-189,W-130-1988,Store_2403,2022-06-18,Onsite Store,51.99
23894985,16-167-327-189,F-088-1995,Store_2476,2022-11-04,Onsite Store,49.59
23894985,16-167-327-189,I-151-2011,Store_2476,2022-11-04,Onsite Store,71.59
23894985,16-167-327-189,A-226-1986,Store_2476,2022-11-04,Onsite Store,73.59
23894986,16-167-327-189,V-121-1996,Store_2349,2022-09-27,Online Store,32.99
23894986,16-167-327-189,Q-217-1983,Store_2349,2022-09-27,Online Store,53.99
23894986,16-167-327-189,V-079-1993,Store_2349,2022-09-27,Online Store,68.99
23894986,16-167-327-189,J-229-2004,Store_2349,2022-09-27,Online Store,80.59
23894987,16-167-327-189,Z-163-2018,Store_2407,2022-07-25,Onsite Store,44.99
23894987,16-167-327-189,G-052-2018,Store_2407,2022-07-25,Onsite Store,59.99
23894987,16-167-327-189,F-025-2015,Store_2407,2022-07-25,Onsite Store,54.99
23894987,16-167-327-189,Z-172-1986,Store_2407,2022-07-25,Onsite Store,121.99
23894987,16-167-327-189,N-049-2008,Store_2407,2022-07-25,Onsite Store,33.99
23894987,16-167-327-189,H-292-1988,Store_2407,2022-07-25,Onsite Store,69.59
23894987,16-167-327-189,I-091-2003,Store_2407,2022-07-25,Onsite Store,54.99
23894987,16-167-327-189,Z-259-2002,Store_2407,2022-07-25,Onsite Store,35.99
23894988,16-167-327-189,J-271-1992,Store_2422,2022-05-10,Onsite Store,61.99
23894988,16-167-327-189,Z-124-2002,Store_2422,2022-05-10,Onsite Store,66.99
23894988,16-167-327-189,N-025-2006,Store_2422,2022-05-10,Onsite Store,47.59
23894988,16-167-327-189,A-271-2000,Store_2422,2022-05-10,Onsite Store,97.59
23894988,16-167-327-189,A-067-2004,Store_2422,2022-05-10,Onsite Store,52.99
23894988,16-167-327-189,J-286-1997,Store_2422,2022-05-10,Onsite Store,58.59
23894989,49-499-892-266,N-280-1993,Store_2369,2022-10-10,Online Store,70.59
23894989,49-499-892-266,I-034-1982,Store_2369,2022-10-10,Online Store,58.59
23894989,49-499-892-266,G-250-1989,Store_2369,2022-10-10,Online Store,95.59
23894989,49-499-892-266,B-262-1980,Store_2369,2022-10-10,Online Store,75.99
23894990,49-499-892-266,A-214-2010,Store_2432,2022-07-15,Onsite Store,54.99
23894990,49-499-892-266,A-097-2015,Store_2432,2022-07-15,Onsite Store,92.59
23894990,49-499-892-266,V-103-1980,Store_2432,2022-07-15,Onsite Store,78.59
23894990,49-499-892-266,V-226-2008,Store_2432,2022-07-15,Onsite Store,53.99
23894990,49-499-892-266,C-199-2017,Store_2432,2022-07-15,Onsite Store,81.59
23894990,49-499-892-266,I-241-2016,Store_2432,2022-07-15,Onsite Store,89.59
23894991,49-499-892-266,B-082-1989,Store_2360,2022-03-07,Online Store,40.99
23894991,49-499-892-266,J-019-1992,Store_2360,2022-03-07,Online Store,47.99
23894991,49-499-892-266,H-154-1988,Store_2360,2022-03-07,Online Store,74.99
23894992,49-499-892-266,G-241-2017,Store_2374,2022-07-22,Online Store,114.99
23894992,49-499-892-266,H-073-2000,Store_2374,2022-07-22,Online Store,64.59
23894992,49-499-892-266,B-220-1991,Store_2374,2022-07-22,Online Store,107.59
23894992,49-499-892-266,V-130-2014,Store_2374,2022-07-22,Online Store,98.99
23894992,49-499-892-266,I-085-1994,Store_2374,2022-07-22,Online Store,59.99
23894993,49-499-892-266,C-031-2005,Store_2349,2022-03-21,Online Store,114.59
23894993,49-499-892-266,J-220-2016,Store_2349,2022-03-21,Online Store,131.59
23894993,49-499-892-266,A-292-1983,Store_2349,2022-03-21,Online Store,76.99
23894993,49-499-892-266,W-064-1999,Store_2349,2022-03-21,Online Store,66.59
23894993,49-499-892-266,G-064-1996,Store_2349,2022-03-21,Online Store,75.99
23894994,49-499-892-266,B-139-1996,Store_2349,2022-03-18,Online Store,122.59
23894994,49-499-892-266,J-148-1984,Store_2349,2022-03-18,Online Store,58.59
23894994,49-499-892-266,W-283-1998,Store_2349,2022-03-18,Online Store,130.99
23894994,49-499-892-266,Z-115-1980,Store_2349,2022-03-18,Online Store,76.59
23894995,49-499-892-266,A-286-1987,Store_2397,2022-10-14,Online Store,31.59
23894995,49-499-892-266,G-103-1995,Store_2397,2022-10-14,Online Store,103.59
23894996,49-499-892-266,I-016-2003,Store_2444,2022-02-22,Onsite Store,63.99
23894996,49-499-892-266,H-115-2001,Store_2444,2022-02-22,Onsite Store,38.59
23894996,49-499-892-266,A-193-2004,Store_2444,2022-02-22,Onsite Store,27.99
23894996,49-499-892-266,Q-097-2010,Store_2444,2022-02-22,Onsite Store,27.59
23894996,49-499-892-266,J-292-1989,Store_2444,2022-02-22,Onsite Store,90.99
23894996,49-499-892-266,N-280-1991,Store_2444,2022-02-22,Onsite Store,49.59
23894996,49-499-892-266,A-070-2005,Store_2444,2022-02-22,Onsite Store,64.99
23894996,49-499-892-266,H-226-1991,Store_2444,2022-02-22,Onsite Store,40.59
23894996,49-499-892-266,F-226-2012,Store_2444,2022-02-22,Onsite Store,69.59
23894997,49-499-892-266,N-079-2017,Store_2437,2022-03-16,Onsite Store,88.99
23894997,49-499-892-266,B-298-1994,Store_2437,2022-03-16,Onsite Store,113.99
23894997,49-499-892-266,A-067-1995,Store_2437,2022-03-16,Onsite Store,48.99
23894997,49-499-892-266,F-265-2001,Store_2437,2022-03-16,Onsite Store,64.59
23894997,49-499-892-266,A-220-2001,Store_2437,2022-03-16,Onsite Store,44.59
23894997,49-499-892-266,V-247-1990,Store_2437,2022-03-16,Onsite Store,40.99
23894997,49-499-892-266,W-118-2010,Store_2437,2022-03-16,Onsite Store,54.59
23894998,98-988-214-855,W-211-1998,Store_2398,2022-02-04,Onsite Store,85.59
23894998,98-988-214-855,Z-256-1991,Store_2398,2022-02-04,Onsite Store,71.59
23894998,98-988-214-855,Q-295-1997,Store_2398,2022-02-04,Onsite Store,86.59
23894998,98-988-214-855,B-106-2013,Store_2398,2022-02-04,Onsite Store,114.59
23894998,98-988-214-855,N-175-2014,Store_2398,2022-02-04,Onsite Store,118.99
23894998,98-988-214-855,H-277-1994,Store_2398,2022-02-04,Onsite Store,68.99
23894999,98-988-214-855,Z-142-2010,Store_2397,2022-03-15,Online Store,50.99
23894999,98-988-214-855,Z-025-1993,Store_2397,2022-03-15,Online Store,51.99
23894999,98-988-214-855,A-238-2015,Store_2397,2022-03-15,Online Store,87.99
23895000,98-988-214-855,N-043-2006,Store_2383,2022-11-05,Online Store,48.59
23895000,98-988-214-855,Q-286-1993,Store_2383,2022-11-05,Online Store,102.59
23895000,98-988-214-855,A-121-1995,Store_2383,2022-11-05,Online Store,44.59
23895000,98-988-214-855,I-217-2016,Store_2383,2022-11-05,Online Store,49.59
23895000,98-988-214-855,H-091-2008,Store_2383,2022-11-05,Online Store,60.99
23895000,98-988-214-855,N-022-1995,Store_2383,2022-11-05,Online Store,92.99
23895001,98-988-214-855,B-268-1990,Store_2441,2022-08-12,Onsite Store,73.59
23895001,98-988-214-855,C-271-2002,Store_2441,2022-08-12,Onsite Store,46.59
23895001,98-988-214-855,G-232-2009,Store_2441,2022-08-12,Onsite Store,75.59
23895001,98-988-214-855,H-139-1989,Store_2441,2022-08-12,Onsite Store,97.99
23895001,98-988-214-855,A-034-1990,Store_2441,2022-08-12,Onsite Store,55.99
23895001,98-988-214-855,N-133-2003,Store_2441,2022-08-12,Onsite Store,38.59
23895001,98-988-214-855,G-241-2001,Store_2441,2022-08-12,Onsite Store,6.59
23895001,98-988-214-855,G-082-1996,Store_2441,2022-08-12,Onsite Store,75.59
23895001,98-988-214-855,C-268-1999,Store_2441,2022-08-12,Onsite Store,50.99
23895002,98-988-214-855,A-100-2010,Store_2430,2022-05-21,Onsite Store,109.59
23895002,98-988-214-855,G-070-1982,Store_2430,2022-05-21,Onsite Store,79.99
23895002,98-988-214-855,Q-079-2013,Store_2430,2022-05-21,Onsite Store,74.59
23895002,98-988-214-855,N-187-1995,Store_2430,2022-05-21,Onsite Store,37.59
23895002,98-988-214-855,N-061-1993,Store_2430,2022-05-21,Onsite Store,43.59
23895002,98-988-214-855,G-163-1991,Store_2430,2022-05-21,Onsite Store,74.99
23895003,98-988-214-855,A-013-1995,Store_2421,2022-02-01,Onsite Store,42.99
23895003,98-988-214-855,B-172-1982,Store_2421,2022-02-01,Onsite Store,33.99
23895003,98-988-214-855,H-037-2018,Store_2421,2022-02-01,Onsite Store,76.59
23895003,98-988-214-855,C-163-1995,Store_2421,2022-02-01,Onsite Store,102.99
23895003,98-988-214-855,N-040-1985,Store_2421,2022-02-01,Onsite Store,7.99
23895003,98-988-214-855,B-205-1982,Store_2421,2022-02-01,Onsite Store,31.59
23895004,98-988-214-855,Q-262-1988,Store_2436,2022-05-21,Onsite Store,42.59
23895004,98-988-214-855,N-211-2012,Store_2436,2022-05-21,Onsite Store,81.99
23895004,98-988-214-855,J-277-1998,Store_2436,2022-05-21,Onsite Store,41.59
23895004,98-988-214-855,F-025-2010,Store_2436,2022-05-21,Onsite Store,56.59
23895004,98-988-214-855,N-028-1991,Store_2436,2022-05-21,Onsite Store,103.59
23895004,98-988-214-855,W-217-1990,Store_2436,2022-05-21,Onsite Store,69.99
23895004,98-988-214-855,A-298-1991,Store_2436,2022-05-21,Onsite Store,94.99
23895004,98-988-214-855,F-025-1992,Store_2436,2022-05-21,Onsite Store,67.59
23895004,98-988-214-855,A-049-1990,Store_2436,2022-05-21,Onsite Store,50.59
23895005,98-988-214-855,N-286-2002,Store_2447,2022-03-11,Onsite Store,38.99
23895005,98-988-214-855,V-217-1999,Store_2447,2022-03-11,Onsite Store,47.99
23895006,98-988-214-855,V-178-2002,Store_2451,2022-03-29,Onsite Store,82.59
23895007,95-953-543-571,C-016-1986,Store_2457,2022-08-27,Onsite Store,80.59
23895007,95-953-543-571,N-043-1980,Store_2457,2022-08-27,Onsite Store,38.99
23895007,95-953-543-571,Z-280-1999,Store_2457,2022-08-27,Onsite Store,36.59
23895007,95-953-543-571,N-010-1982,Store_2457,2022-08-27,Onsite Store,34.99
23895007,95-953-543-571,W-070-2015,Store_2457,2022-08-27,Onsite Store,56.99
23895007,95-953-543-571,Z-004-1985,Store_2457,2022-08-27,Onsite Store,86.99
23895007,95-953-543-571,A-058-2015,Store_2457,2022-08-27,Onsite Store,100.59
23895008,95-953-543-571,Q-106-1998,Store_2467,2022-04-26,Onsite Store,11.99
23895008,95-953-543-571,Q-187-2008,Store_2467,2022-04-26,Onsite Store,38.59
23895008,95-953-543-571,A-097-2004,Store_2467,2022-04-26,Onsite Store,54.99
23895008,95-953-543-571,C-112-2000,Store_2467,2022-04-26,Onsite Store,92.59
23895008,95-953-543-571,V-253-2013,Store_2467,2022-04-26,Onsite Store,87.99
23895008,95-953-543-571,G-298-1987,Store_2467,2022-04-26,Onsite Store,71.59
23895009,95-953-543-571,W-247-2000,Store_2458,2022-03-21,Onsite Store,23.99
23895009,95-953-543-571,V-127-1998,Store_2458,2022-03-21,Onsite Store,72.99
23895009,95-953-543-571,C-268-1982,Store_2458,2022-03-21,Onsite Store,95.99
23895009,95-953-543-571,Q-172-2008,Store_2458,2022-03-21,Onsite Store,73.99
23895009,95-953-543-571,A-199-1988,Store_2458,2022-03-21,Onsite Store,25.99
23895009,95-953-543-571,J-274-2005,Store_2458,2022-03-21,Onsite Store,73.59
23895010,95-953-543-571,J-085-2003,Store_2367,2022-03-11,Online Store,94.59
23895010,95-953-543-571,Z-127-1980,Store_2367,2022-03-11,Online Store,27.59
23895010,95-953-543-571,A-259-1985,Store_2367,2022-03-11,Online Store,70.59
23895010,95-953-543-571,Q-013-2003,Store_2367,2022-03-11,Online Store,84.59
23895011,95-953-543-571,H-004-1981,Store_2430,2022-08-01,Onsite Store,66.99
23895011,95-953-543-571,C-193-2018,Store_2430,2022-08-01,Onsite Store,69.99
23895011,95-953-543-571,B-064-2009,Store_2430,2022-08-01,Onsite Store,45.99
23895011,95-953-543-571,W-073-1980,Store_2430,2022-08-01,Onsite Store,59.59
23895011,95-953-543-571,F-130-2007,Store_2430,2022-08-01,Onsite Store,51.59
23895011,95-953-543-571,F-157-1984,Store_2430,2022-08-01,Onsite Store,55.99
23895012,95-953-543-571,I-076-2008,Store_2408,2022-01-11,Onsite Store,23.99
23895012,95-953-543-571,W-280-1995,Store_2408,2022-01-11,Onsite Store,20.99
23895012,95-953-543-571,I-022-2002,Store_2408,2022-01-11,Onsite Store,7.59
23895012,95-953-543-571,G-271-1994,Store_2408,2022-01-11,Onsite Store,69.99
23895013,95-953-543-571,N-190-1996,Store_2352,2022-01-14,Online Store,40.59
23895013,95-953-543-571,Z-193-2008,Store_2352,2022-01-14,Online Store,91.99
23895013,95-953-543-571,W-271-2013,Store_2352,2022-01-14,Online Store,66.99
23895013,95-953-543-571,C-256-1981,Store_2352,2022-01-14,Online Store,58.59
23895013,95-953-543-571,G-127-1985,Store_2352,2022-01-14,Online Store,90.59
23895013,95-953-543-571,F-265-2010,Store_2352,2022-01-14,Online Store,109.99
23895013,95-953-543-571,N-250-1991,Store_2352,2022-01-14,Online Store,47.99
23895013,95-953-543-571,W-001-2000,Store_2352,2022-01-14,Online Store,70.59
23895013,95-953-543-571,G-184-1998,Store_2352,2022-01-14,Online Store,46.99
23895014,95-953-543-571,H-178-1990,Store_2360,2022-01-26,Online Store,49.59
23895014,95-953-543-571,A-001-2008,Store_2360,2022-01-26,Online Store,102.99
23895014,95-953-543-571,C-154-1989,Store_2360,2022-01-26,Online Store,117.59
23895014,95-953-543-571,C-112-2000,Store_2360,2022-01-26,Online Store,92.59
23895014,95-953-543-571,F-253-2009,Store_2360,2022-01-26,Online Store,50.59
23895014,95-953-543-571,V-007-2005,Store_2360,2022-01-26,Online Store,33.99
23895015,95-953-543-571,G-142-1994,Store_2414,2022-06-18,Onsite Store,58.59
23895015,95-953-543-571,A-220-2003,Store_2414,2022-06-18,Onsite Store,72.59
23895015,95-953-543-571,J-262-1996,Store_2414,2022-06-18,Onsite Store,77.59
23895016,88-888-739-388,V-055-1993,Store_2427,2022-05-01,Onsite Store,89.99
23895016,88-888-739-388,H-052-1998,Store_2427,2022-05-01,Onsite Store,62.59
23895016,88-888-739-388,V-016-1989,Store_2427,2022-05-01,Onsite Store,71.59
23895016,88-888-739-388,C-205-1982,Store_2427,2022-05-01,Onsite Store,63.99
23895016,88-888-739-388,N-034-2005,Store_2427,2022-05-01,Onsite Store,94.59
23895016,88-888-739-388,G-145-1998,Store_2427,2022-05-01,Onsite Store,46.59
23895016,88-888-739-388,J-001-2016,Store_2427,2022-05-01,Onsite Store,45.59
23895017,88-888-739-388,G-190-2011,Store_2405,2022-07-10,Onsite Store,65.99
23895017,88-888-739-388,J-010-1994,Store_2405,2022-07-10,Onsite Store,89.99
23895017,88-888-739-388,B-019-2007,Store_2405,2022-07-10,Onsite Store,67.59
23895018,88-888-739-388,I-193-1987,Store_2353,2022-10-25,Online Store,77.99
23895018,88-888-739-388,H-196-2018,Store_2353,2022-10-25,Online Store,70.59
23895018,88-888-739-388,V-130-1983,Store_2353,2022-10-25,Online Store,76.59
23895018,88-888-739-388,F-094-1980,Store_2353,2022-10-25,Online Store,80.99
23895018,88-888-739-388,A-136-1987,Store_2353,2022-10-25,Online Store,53.99
23895019,88-888-739-388,C-046-2016,Store_2400,2022-02-06,Onsite Store,49.99
23895019,88-888-739-388,Z-073-1996,Store_2400,2022-02-06,Onsite Store,55.59
23895019,88-888-739-388,V-229-2012,Store_2400,2022-02-06,Onsite Store,38.99
23895019,88-888-739-388,N-175-2018,Store_2400,2022-02-06,Onsite Store,37.99
23895019,88-888-739-388,A-118-1984,Store_2400,2022-02-06,Onsite Store,73.59
23895019,88-888-739-388,H-094-1980,Store_2400,2022-02-06,Onsite Store,75.59
23895019,88-888-739-388,F-061-2008,Store_2400,2022-02-06,Onsite Store,90.99
23895020,88-888-739-388,J-097-2012,Store_2420,2022-05-03,Onsite Store,108.59
23895020,88-888-739-388,G-193-1987,Store_2420,2022-05-03,Onsite Store,78.59
23895020,88-888-739-388,C-187-2015,Store_2420,2022-05-03,Onsite Store,113.99
23895020,88-888-739-388,W-181-1980,Store_2420,2022-05-03,Onsite Store,48.59
23895020,88-888-739-388,C-283-2015,Store_2420,2022-05-03,Onsite Store,94.99
23895020,88-888-739-388,J-271-2000,Store_2420,2022-05-03,Onsite Store,91.99
23895020,88-888-739-388,V-049-1997,Store_2420,2022-05-03,Onsite Store,51.59
23895021,88-888-739-388,H-199-2017,Store_2348,2022-12-08,Online Store,52.59
23895021,88-888-739-388,V-133-2005,Store_2348,2022-12-08,Online Store,55.99
23895021,88-888-739-388,F-211-1980,Store_2348,2022-12-08,Online Store,41.99
23895021,88-888-739-388,A-196-1991,Store_2348,2022-12-08,Online Store,93.59
23895021,88-888-739-388,W-100-2011,Store_2348,2022-12-08,Online Store,86.59
23895021,88-888-739-388,W-133-1984,Store_2348,2022-12-08,Online Store,81.99
23895021,88-888-739-388,V-253-1998,Store_2348,2022-12-08,Online Store,81.59
23895021,88-888-739-388,B-025-1995,Store_2348,2022-12-08,Online Store,75.59
23895021,88-888-739-388,Z-043-2017,Store_2348,2022-12-08,Online Store,56.59
23895021,88-888-739-388,C-229-1994,Store_2348,2022-12-08,Online Store,65.59
23895022,88-888-739-388,J-175-2004,Store_2450,2022-05-31,Onsite Store,33.99
23895022,88-888-739-388,I-034-2004,Store_2450,2022-05-31,Onsite Store,59.99
23895022,88-888-739-388,B-265-2011,Store_2450,2022-05-31,Onsite Store,70.59
23895022,88-888-739-388,A-007-2009,Store_2450,2022-05-31,Onsite Store,51.59
23895022,88-888-739-388,H-292-2008,Store_2450,2022-05-31,Onsite Store,50.59
23895022,88-888-739-388,I-145-2013,Store_2450,2022-05-31,Onsite Store,108.59
23895022,88-888-739-388,W-169-2015,Store_2450,2022-05-31,Onsite Store,82.99
23895022,88-888-739-388,F-025-2004,Store_2450,2022-05-31,Onsite Store,76.99
23895022,88-888-739-388,A-160-1996,Store_2450,2022-05-31,Onsite Store,84.59
23895023,88-888-739-388,N-007-2001,Store_2447,2022-05-04,Onsite Store,32.99
23895023,88-888-739-388,I-181-2002,Store_2447,2022-05-04,Onsite Store,93.59
23895023,88-888-739-388,J-076-1995,Store_2447,2022-05-04,Onsite Store,62.99
23895023,88-888-739-388,I-097-1990,Store_2447,2022-05-04,Onsite Store,40.99
23895023,88-888-739-388,F-130-1982,Store_2447,2022-05-04,Onsite Store,55.99
23895024,88-888-739-388,I-145-1996,Store_2414,2022-04-04,Onsite Store,24.59
23895024,88-888-739-388,Z-112-2018,Store_2414,2022-04-04,Onsite Store,88.59
23895024,88-888-739-388,G-166-2001,Store_2414,2022-04-04,Onsite Store,47.99
23895024,88-888-739-388,G-061-1992,Store_2414,2022-04-04,Onsite Store,100.99
23895024,88-888-739-388,B-259-2017,Store_2414,2022-04-04,Onsite Store,52.99
23895025,72-723-708-919,H-232-2007,Store_2351,2022-06-06,Online Store,83.59
23895025,72-723-708-919,B-238-2010,Store_2351,2022-06-06,Online Store,92.59
23895025,72-723-708-919,I-235-2013,Store_2351,2022-06-06,Online Store,52.99
23895025,72-723-708-919,F-238-1981,Store_2351,2022-06-06,Online Store,56.59
23895025,72-723-708-919,B-112-1986,Store_2351,2022-06-06,Online Store,66.59
23895025,72-723-708-919,A-097-2005,Store_2351,2022-06-06,Online Store,56.99
23895025,72-723-708-919,G-253-1982,Store_2351,2022-06-06,Online Store,48.99
23895026,72-723-708-919,C-037-1996,Store_2365,2022-03-20,Online Store,91.99
23895026,72-723-708-919,H-028-2004,Store_2365,2022-03-20,Online Store,82.99
23895027,72-723-708-919,W-223-1984,Store_2398,2022-11-30,Onsite Store,62.99
23895027,72-723-708-919,A-178-2007,Store_2398,2022-11-30,Onsite Store,47.99
23895027,72-723-708-919,V-271-1980,Store_2398,2022-11-30,Onsite Store,88.59
23895027,72-723-708-919,W-142-2005,Store_2398,2022-11-30,Onsite Store,58.59
23895028,72-723-708-919,C-196-1992,Store_2422,2022-12-25,Onsite Store,57.59
23895028,72-723-708-919,G-106-1986,Store_2422,2022-12-25,Onsite Store,72.59
23895028,72-723-708-919,J-148-1982,Store_2422,2022-12-25,Onsite Store,59.59
23895028,72-723-708-919,V-157-2008,Store_2422,2022-12-25,Onsite Store,54.59
23895028,72-723-708-919,I-253-1998,Store_2422,2022-12-25,Onsite Store,77.59
23895028,72-723-708-919,Q-016-1989,Store_2422,2022-12-25,Onsite Store,82.59
23895028,72-723-708-919,B-256-2016,Store_2422,2022-12-25,Onsite Store,43.99
23895028,72-723-708-919,Z-067-1996,Store_2422,2022-12-25,Onsite Store,24.59
23895028,72-723-708-919,V-034-2009,Store_2422,2022-12-25,Onsite Store,60.59
23895029,72-723-708-919,A-256-1987,Store_2371,2022-11-11,Online Store,58.59
23895029,72-723-708-919,B-058-2000,Store_2371,2022-11-11,Online Store,106.59
23895029,72-723-708-919,Q-196-1998,Store_2371,2022-11-11,Online Store,54.59
23895029,72-723-708-919,N-139-1987,Store_2371,2022-11-11,Online Store,120.99
23895029,72-723-708-919,G-184-2012,Store_2371,2022-11-11,Online Store,53.59
23895029,72-723-708-919,I-244-2007,Store_2371,2022-11-11,Online Store,66.99
23895029,72-723-708-919,W-013-2016,Store_2371,2022-11-11,Online Store,57.59
23895029,72-723-708-919,Q-274-1993,Store_2371,2022-11-11,Online Store,17.59
23895029,72-723-708-919,H-145-2016,Store_2371,2022-11-11,Online Store,99.59
23895029,72-723-708-919,J-178-2006,Store_2371,2022-11-11,Online Store,56.59
23895030,72-723-708-919,F-184-1991,Store_2439,2022-09-25,Onsite Store,74.99
23895030,72-723-708-919,I-178-1987,Store_2439,2022-09-25,Onsite Store,67.59
23895030,72-723-708-919,G-268-2004,Store_2439,2022-09-25,Onsite Store,79.59
23895030,72-723-708-919,F-040-1995,Store_2439,2022-09-25,Onsite Store,85.59
23895031,72-723-708-919,H-025-1983,Store_2365,2022-07-19,Online Store,67.59
23895031,72-723-708-919,Q-271-2002,Store_2365,2022-07-19,Online Store,78.59
23895031,72-723-708-919,G-022-2017,Store_2365,2022-07-19,Online Store,105.99
23895031,72-723-708-919,G-208-2012,Store_2365,2022-07-19,Online Store,106.59
23895032,72-723-708-919,A-061-1984,Store_2393,2022-12-12,Online Store,23.59
23895032,72-723-708-919,Z-103-2008,Store_2393,2022-12-12,Online Store,97.99
23895032,72-723-708-919,B-244-2016,Store_2393,2022-12-12,Online Store,47.59
23895032,72-723-708-919,F-157-1996,Store_2393,2022-12-12,Online Store,141.59
23895032,72-723-708-919,A-052-1995,Store_2393,2022-12-12,Online Store,60.59
23895033,72-723-708-919,J-091-2015,Store_2454,2022-08-05,Onsite Store,77.99
23895033,72-723-708-919,J-049-2010,Store_2454,2022-08-05,Onsite Store,78.99
23895033,72-723-708-919,W-124-2014,Store_2454,2022-08-05,Onsite Store,108.99
23895033,72-723-708-919,V-118-1980,Store_2454,2022-08-05,Onsite Store,40.99
23895034,30-303-191-696,C-163-1983,Store_2447,2022-02-26,Onsite Store,75.99
23895034,30-303-191-696,H-022-1987,Store_2447,2022-02-26,Onsite Store,50.99
23895034,30-303-191-696,I-121-2011,Store_2447,2022-02-26,Onsite Store,53.99
23895034,30-303-191-696,A-091-2018,Store_2447,2022-02-26,Onsite Store,75.59
23895034,30-303-191-696,G-088-2013,Store_2447,2022-02-26,Onsite Store,48.59
23895034,30-303-191-696,A-025-2006,Store_2447,2022-02-26,Onsite Store,68.59
23895034,30-303-191-696,I-232-2006,Store_2447,2022-02-26,Onsite Store,111.59
23895034,30-303-191-696,I-109-2016,Store_2447,2022-02-26,Onsite Store,44.99
23895035,30-303-191-696,G-004-2007,Store_2418,2022-09-13,Onsite Store,91.99
23895035,30-303-191-696,I-256-1983,Store_2418,2022-09-13,Onsite Store,59.59
23895035,30-303-191-696,J-202-2000,Store_2418,2022-09-13,Onsite Store,41.59
23895035,30-303-191-696,F-238-1996,Store_2418,2022-09-13,Onsite Store,65.99
23895035,30-303-191-696,A-244-1991,Store_2418,2022-09-13,Onsite Store,66.59
23895035,30-303-191-696,Z-181-1981,Store_2418,2022-09-13,Onsite Store,79.99
23895036,30-303-191-696,N-118-1981,Store_2353,2022-07-25,Online Store,68.59
23895036,30-303-191-696,N-175-2003,Store_2353,2022-07-25,Online Store,78.59
23895036,30-303-191-696,C-046-1980,Store_2353,2022-07-25,Online Store,56.99
23895036,30-303-191-696,V-103-2017,Store_2353,2022-07-25,Online Store,89.59
23895036,30-303-191-696,I-037-1987,Store_2353,2022-07-25,Online Store,49.99
23895037,30-303-191-696,F-226-1981,Store_2446,2022-03-10,Onsite Store,96.59
23895037,30-303-191-696,A-244-2001,Store_2446,2022-03-10,Onsite Store,78.99
23895037,30-303-191-696,Z-043-1981,Store_2446,2022-03-10,Onsite Store,88.59
23895037,30-303-191-696,N-277-1980,Store_2446,2022-03-10,Onsite Store,93.59
23895037,30-303-191-696,V-211-1981,Store_2446,2022-03-10,Onsite Store,83.99
23895037,30-303-191-696,A-145-2010,Store_2446,2022-03-10,Onsite Store,72.99
23895037,30-303-191-696,I-214-2018,Store_2446,2022-03-10,Onsite Store,39.59
23895037,30-303-191-696,N-280-1999,Store_2446,2022-03-10,Onsite Store,84.99
23895038,30-303-191-696,I-055-1991,Store_2423,2022-05-08,Onsite Store,74.59
23895038,30-303-191-696,J-043-1998,Store_2423,2022-05-08,Onsite Store,59.59
23895038,30-303-191-696,Q-205-2014,Store_2423,2022-05-08,Onsite Store,72.59
23895038,30-303-191-696,J-034-1980,Store_2423,2022-05-08,Onsite Store,24.99
23895038,30-303-191-696,J-088-1996,Store_2423,2022-05-08,Onsite Store,104.59
23895038,30-303-191-696,F-259-1986,Store_2423,2022-05-08,Onsite Store,96.59
23895038,30-303-191-696,B-058-1994,Store_2423,2022-05-08,Onsite Store,109.99
23895038,30-303-191-696,F-049-1996,Store_2423,2022-05-08,Onsite Store,39.99
23895038,30-303-191-696,F-232-2000,Store_2423,2022-05-08,Onsite Store,53.99
23895038,30-303-191-696,G-280-2002,Store_2423,2022-05-08,Onsite Store,56.99
23895038,30-303-191-696,A-202-1980,Store_2423,2022-05-08,Onsite Store,45.99
23895039,30-303-191-696,A-142-1987,Store_2424,2022-01-11,Onsite Store,19.99
23895039,30-303-191-696,C-025-1981,Store_2424,2022-01-11,Onsite Store,81.99
23895039,30-303-191-696,B-175-2014,Store_2424,2022-01-11,Onsite Store,102.59
23895040,30-303-191-696,W-067-1992,Store_2362,2022-04-08,Online Store,79.59
23895040,30-303-191-696,Z-022-2008,Store_2362,2022-04-08,Online Store,90.59
23895040,30-303-191-696,B-235-1983,Store_2362,2022-04-08,Online Store,26.59
23895040,30-303-191-696,Q-247-1981,Store_2362,2022-04-08,Online Store,61.59
23895040,30-303-191-696,F-271-2015,Store_2362,2022-04-08,Online Store,60.99
23895040,30-303-191-696,Z-289-1994,Store_2362,2022-04-08,Online Store,50.99
23895040,30-303-191-696,B-079-1982,Store_2362,2022-04-08,Online Store,5.99
23895040,30-303-191-696,N-187-1998,Store_2362,2022-04-08,Online Store,13.99
23895040,30-303-191-696,B-166-1983,Store_2362,2022-04-08,Online Store,53.59
23895041,30-303-191-696,J-037-1981,Store_2415,2022-10-30,Onsite Store,67.59
23895042,30-303-191-696,G-034-2009,Store_2445,2022-08-25,Onsite Store,31.99
23895042,30-303-191-696,F-178-1987,Store_2445,2022-08-25,Onsite Store,117.59
23895042,30-303-191-696,F-040-1995,Store_2445,2022-08-25,Onsite Store,85.59
23895042,30-303-191-696,W-091-1987,Store_2445,2022-08-25,Onsite Store,67.59
23895042,30-303-191-696,Z-166-1992,Store_2445,2022-08-25,Onsite Store,81.59
23895042,30-303-191-696,V-259-1996,Store_2445,2022-08-25,Onsite Store,104.99
23895043,92-923-342-427,J-112-2015,Store_2451,2022-12-14,Onsite Store,53.99
23895043,92-923-342-427,Z-214-1995,Store_2451,2022-12-14,Onsite Store,59.99
23895043,92-923-342-427,F-016-2016,Store_2451,2022-12-14,Onsite Store,88.59
23895043,92-923-342-427,A-139-2010,Store_2451,2022-12-14,Onsite Store,102.59
23895043,92-923-342-427,C-019-1986,Store_2451,2022-12-14,Onsite Store,108.99
23895043,92-923-342-427,G-145-1993,Store_2451,2022-12-14,Onsite Store,71.59
23895043,92-923-342-427,V-052-1994,Store_2451,2022-12-14,Onsite Store,55.59
23895043,92-923-342-427,I-091-1991,Store_2451,2022-12-14,Onsite Store,98.99
23895043,92-923-342-427,I-019-1993,Store_2451,2022-12-14,Onsite Store,52.99
23895043,92-923-342-427,B-139-1999,Store_2451,2022-12-14,Onsite Store,41.99
23895043,92-923-342-427,V-229-2006,Store_2451,2022-12-14,Onsite Store,109.99
23895044,92-923-342-427,B-217-2011,Store_2381,2022-08-13,Online Store,26.99
23895044,92-923-342-427,I-286-1999,Store_2381,2022-08-13,Online Store,83.99
23895044,92-923-342-427,N-205-1992,Store_2381,2022-08-13,Online Store,45.99
23895044,92-923-342-427,H-154-2003,Store_2381,2022-08-13,Online Store,45.99
23895044,92-923-342-427,H-259-1980,Store_2381,2022-08-13,Online Store,70.99
23895044,92-923-342-427,H-133-1999,Store_2381,2022-08-13,Online Store,58.99
23895044,92-923-342-427,A-094-2017,Store_2381,2022-08-13,Online Store,55.59
23895044,92-923-342-427,W-103-2018,Store_2381,2022-08-13,Online Store,53.99
23895044,92-923-342-427,A-259-1994,Store_2381,2022-08-13,Online Store,103.59
23895044,92-923-342-427,I-274-1991,Store_2381,2022-08-13,Online Store,104.99
23895045,92-923-342-427,W-010-1989,Store_2374,2022-08-30,Online Store,57.99
23895045,92-923-342-427,V-205-2009,Store_2374,2022-08-30,Online Store,35.99
23895045,92-923-342-427,Z-106-1999,Store_2374,2022-08-30,Online Store,73.99
23895045,92-923-342-427,F-040-1990,Store_2374,2022-08-30,Online Store,84.99
23895045,92-923-342-427,B-241-2002,Store_2374,2022-08-30,Online Store,48.59
23895045,92-923-342-427,V-049-1983,Store_2374,2022-08-30,Online Store,103.99
23895045,92-923-342-427,C-169-1980,Store_2374,2022-08-30,Online Store,83.59
23895045,92-923-342-427,V-292-2012,Store_2374,2022-08-30,Online Store,60.99
23895046,92-923-342-427,G-295-1982,Store_2395,2022-10-19,Online Store,42.59
23895046,92-923-342-427,Q-121-1984,Store_2395,2022-10-19,Online Store,48.59
23895046,92-923-342-427,B-268-2010,Store_2395,2022-10-19,Online Store,24.59
23895046,92-923-342-427,G-139-1999,Store_2395,2022-10-19,Online Store,55.59
23895046,92-923-342-427,N-271-2010,Store_2395,2022-10-19,Online Store,84.59
23895046,92-923-342-427,N-262-1999,Store_2395,2022-10-19,Online Store,35.99
23895046,92-923-342-427,A-085-2003,Store_2395,2022-10-19,Online Store,49.59
23895046,92-923-342-427,F-226-2008,Store_2395,2022-10-19,Online Store,60.59
23895046,92-923-342-427,Z-133-1986,Store_2395,2022-10-19,Online Store,69.99
23895047,92-923-342-427,H-199-2007,Store_2456,2022-10-15,Onsite Store,27.59
23895047,92-923-342-427,Q-046-1983,Store_2456,2022-10-15,Onsite Store,63.99
23895047,92-923-342-427,B-073-2012,Store_2456,2022-10-15,Onsite Store,80.99
23895047,92-923-342-427,Z-100-2008,Store_2456,2022-10-15,Onsite Store,66.59
23895047,92-923-342-427,W-259-1983,Store_2456,2022-10-15,Onsite Store,34.99
23895047,92-923-342-427,F-280-2009,Store_2456,2022-10-15,Onsite Store,64.59
23895048,92-923-342-427,V-016-1984,Store_2406,2022-08-14,Onsite Store,55.59
23895048,92-923-342-427,Q-175-1991,Store_2406,2022-08-14,Onsite Store,87.99
23895048,92-923-342-427,H-109-1990,Store_2406,2022-08-14,Onsite Store,43.99
23895048,92-923-342-427,Q-091-2003,Store_2406,2022-08-14,Onsite Store,58.59
23895048,92-923-342-427,I-133-1992,Store_2406,2022-08-14,Onsite Store,45.99
23895048,92-923-342-427,W-166-2005,Store_2406,2022-08-14,Onsite Store,58.99
23895049,92-923-342-427,C-019-1993,Store_2437,2022-01-28,Onsite Store,89.59
23895049,92-923-342-427,B-031-2005,Store_2437,2022-01-28,Onsite Store,54.99
23895049,92-923-342-427,A-100-2001,Store_2437,2022-01-28,Onsite Store,43.99
23895050,92-923-342-427,I-295-1995,Store_2360,2022-05-23,Online Store,117.99
23895050,92-923-342-427,Q-148-1996,Store_2360,2022-05-23,Online Store,89.59
23895050,92-923-342-427,G-034-1998,Store_2360,2022-05-23,Online Store,42.59
23895050,92-923-342-427,J-067-2005,Store_2360,2022-05-23,Online Store,66.99
23895051,92-923-342-427,V-112-2016,Store_2395,2022-01-11,Online Store,33.99
23895051,92-923-342-427,A-133-2001,Store_2395,2022-01-11,Online Store,74.59
23895051,92-923-342-427,I-292-1988,Store_2395,2022-01-11,Online Store,71.99
23895051,92-923-342-427,G-292-1991,Store_2395,2022-01-11,Online Store,64.59
23895051,92-923-342-427,V-073-1990,Store_2395,2022-01-11,Online Store,24.99
23895052,39-398-376-883,G-151-2010,Store_2387,2022-06-05,Online Store,88.59
23895052,39-398-376-883,A-241-2004,Store_2387,2022-06-05,Online Store,72.59
23895052,39-398-376-883,V-166-1981,Store_2387,2022-06-05,Online Store,31.59
23895052,39-398-376-883,J-157-1991,Store_2387,2022-06-05,Online Store,31.99
23895052,39-398-376-883,V-082-1994,Store_2387,2022-06-05,Online Store,26.99
23895052,39-398-376-883,V-169-2008,Store_2387,2022-06-05,Online Store,78.99
23895052,39-398-376-883,C-268-2012,Store_2387,2022-06-05,Online Store,93.59
23895053,39-398-376-883,B-028-1995,Store_2452,2022-12-15,Onsite Store,46.59
23895053,39-398-376-883,W-244-1996,Store_2452,2022-12-15,Onsite Store,85.99
23895053,39-398-376-883,G-022-2013,Store_2452,2022-12-15,Onsite Store,43.59
23895053,39-398-376-883,A-025-2003,Store_2452,2022-12-15,Onsite Store,35.99
23895053,39-398-376-883,G-217-1995,Store_2452,2022-12-15,Onsite Store,41.59
23895053,39-398-376-883,J-226-1996,Store_2452,2022-12-15,Onsite Store,35.99
23895053,39-398-376-883,A-190-1992,Store_2452,2022-12-15,Onsite Store,73.59
23895053,39-398-376-883,C-253-1993,Store_2452,2022-12-15,Onsite Store,70.59
23895053,39-398-376-883,N-247-2001,Store_2452,2022-12-15,Onsite Store,100.59
23895054,39-398-376-883,Q-055-1981,Store_2376,2022-09-03,Online Store,30.59
23895054,39-398-376-883,N-244-1987,Store_2376,2022-09-03,Online Store,49.59
23895054,39-398-376-883,G-148-1993,Store_2376,2022-09-03,Online Store,39.99
23895055,39-398-376-883,Z-196-2005,Store_2430,2022-04-23,Onsite Store,56.59
23895055,39-398-376-883,H-250-1983,Store_2430,2022-04-23,Onsite Store,65.59
23895055,39-398-376-883,Z-154-1994,Store_2430,2022-04-23,Onsite Store,69.99
23895055,39-398-376-883,W-100-1997,Store_2430,2022-04-23,Onsite Store,78.59
23895055,39-398-376-883,H-022-1991,Store_2430,2022-04-23,Onsite Store,101.59
23895056,39-398-376-883,A-097-1993,Store_2402,2022-11-16,Onsite Store,90.99
23895056,39-398-376-883,C-016-1983,Store_2402,2022-11-16,Onsite Store,88.59
23895056,39-398-376-883,Z-037-1997,Store_2402,2022-11-16,Onsite Store,43.59
23895056,39-398-376-883,F-271-2009,Store_2402,2022-11-16,Onsite Store,35.59
23895056,39-398-376-883,W-235-2009,Store_2402,2022-11-16,Onsite Store,32.99
23895056,39-398-376-883,G-145-2010,Store_2402,2022-11-16,Onsite Store,52.59
23895057,39-398-376-883,H-175-1992,Store_2370,2022-03-31,Online Store,102.99
23895057,39-398-376-883,C-043-2014,Store_2370,2022-03-31,Online Store,56.99
23895057,39-398-376-883,I-268-2010,Store_2370,2022-03-31,Online Store,53.59
23895057,39-398-376-883,V-214-2016,Store_2370,2022-03-31,Online Store,57.99
23895058,39-398-376-883,J-043-2004,Store_2410,2022-08-16,Onsite Store,77.99
23895058,39-398-376-883,C-259-1999,Store_2410,2022-08-16,Onsite Store,51.99
23895058,39-398-376-883,I-061-1982,Store_2410,2022-08-16,Onsite Store,35.59
23895059,39-398-376-883,B-172-1984,Store_2390,2022-08-29,Online Store,107.59
23895059,39-398-376-883,G-004-1989,Store_2390,2022-08-29,Online Store,67.99
23895059,39-398-376-883,J-262-1999,Store_2390,2022-08-29,Online Store,52.59
23895059,39-398-376-883,Z-127-1981,Store_2390,2022-08-29,Online Store,59.99
23895059,39-398-376-883,A-082-2003,Store_2390,2022-08-29,Online Store,73.59
23895060,39-398-376-883,W-079-1999,Store_2413,2022-10-20,Onsite Store,78.59
23895060,39-398-376-883,G-067-2006,Store_2413,2022-10-20,Onsite Store,67.59
23895060,39-398-376-883,J-067-2001,Store_2413,2022-10-20,Onsite Store,77.59
23895060,39-398-376-883,I-283-2005,Store_2413,2022-10-20,Onsite Store,82.99
23895060,39-398-376-883,V-001-1998,Store_2413,2022-10-20,Onsite Store,66.59
23895060,39-398-376-883,A-013-2014,Store_2413,2022-10-20,Onsite Store,75.99
23895060,39-398-376-883,H-001-1982,Store_2413,2022-10-20,Onsite Store,67.59
23895060,39-398-376-883,B-121-2007,Store_2413,2022-10-20,Onsite Store,141.59
23895060,39-398-376-883,J-229-2003,Store_2413,2022-10-20,Onsite Store,103.59
23895061,26-268-687-261,J-034-2013,Store_2461,2022-09-01,Onsite Store,94.99
23895061,26-268-687-261,G-058-2017,Store_2461,2022-09-01,Onsite Store,56.59
23895061,26-268-687-261,F-199-2002,Store_2461,2022-09-01,Onsite Store,50.59
23895061,26-268-687-261,H-040-2015,Store_2461,2022-09-01,Onsite Store,100.99
23895061,26-268-687-261,Z-229-1993,Store_2461,2022-09-01,Onsite Store,78.99
23895061,26-268-687-261,Z-034-1991,Store_2461,2022-09-01,Onsite Store,67.99
23895061,26-268-687-261,F-034-2016,Store_2461,2022-09-01,Onsite Store,56.59
23895061,26-268-687-261,A-106-2014,Store_2461,2022-09-01,Onsite Store,73.59
23895061,26-268-687-261,F-163-1993,Store_2461,2022-09-01,Onsite Store,107.99
23895062,26-268-687-261,J-076-2001,Store_2412,2022-01-06,Onsite Store,128.59
23895062,26-268-687-261,V-229-1986,Store_2412,2022-01-06,Onsite Store,51.99
23895062,26-268-687-261,Z-169-1985,Store_2412,2022-01-06,Onsite Store,78.59
23895062,26-268-687-261,A-295-1989,Store_2412,2022-01-06,Onsite Store,34.99
23895063,26-268-687-261,Q-208-1997,Store_2362,2022-04-26,Online Store,75.59
23895063,26-268-687-261,W-277-2012,Store_2362,2022-04-26,Online Store,87.99
23895063,26-268-687-261,J-049-2018,Store_2362,2022-04-26,Online Store,35.99
23895063,26-268-687-261,J-076-1990,Store_2362,2022-04-26,Online Store,34.99
23895063,26-268-687-261,C-265-1980,Store_2362,2022-04-26,Online Store,42.59
23895063,26-268-687-261,H-106-2012,Store_2362,2022-04-26,Online Store,48.59
23895063,26-268-687-261,F-259-2003,Store_2362,2022-04-26,Online Store,64.59
23895064,26-268-687-261,Q-175-2017,Store_2379,2022-10-25,Online Store,80.99
23895064,26-268-687-261,N-256-2014,Store_2379,2022-10-25,Online Store,63.59
23895064,26-268-687-261,I-151-2017,Store_2379,2022-10-25,Online Store,55.99
23895065,26-268-687-261,A-205-1996,Store_2473,2022-08-19,Onsite Store,70.99
23895065,26-268-687-261,A-247-2002,Store_2473,2022-08-19,Onsite Store,76.99
23895066,26-268-687-261,J-286-2012,Store_2468,2022-03-17,Onsite Store,85.99
23895066,26-268-687-261,V-193-1997,Store_2468,2022-03-17,Onsite Store,23.99
23895066,26-268-687-261,N-202-2017,Store_2468,2022-03-17,Onsite Store,45.99
23895066,26-268-687-261,F-295-1990,Store_2468,2022-03-17,Onsite Store,48.59
23895066,26-268-687-261,I-076-1991,Store_2468,2022-03-17,Onsite Store,79.99
23895066,26-268-687-261,B-217-2007,Store_2468,2022-03-17,Onsite Store,62.59
23895066,26-268-687-261,C-187-1982,Store_2468,2022-03-17,Onsite Store,39.59
23895067,26-268-687-261,G-154-2008,Store_2385,2022-08-28,Online Store,133.99
23895067,26-268-687-261,I-088-1989,Store_2385,2022-08-28,Online Store,95.99
23895067,26-268-687-261,J-232-1998,Store_2385,2022-08-28,Online Store,45.99
23895067,26-268-687-261,A-163-2000,Store_2385,2022-08-28,Online Store,69.59
23895067,26-268-687-261,I-253-1995,Store_2385,2022-08-28,Online Store,37.99
23895068,26-268-687-261,B-079-1999,Store_2449,2022-07-31,Onsite Store,96.99
23895068,26-268-687-261,I-133-1984,Store_2449,2022-07-31,Onsite Store,84.99
23895068,26-268-687-261,W-217-2009,Store_2449,2022-07-31,Onsite Store,65.59
23895069,26-268-687-261,C-025-1996,Store_2464,2022-03-09,Onsite Store,76.59
23895069,26-268-687-261,C-055-1995,Store_2464,2022-03-09,Onsite Store,101.99
23895069,26-268-687-261,Z-280-2009,Store_2464,2022-03-09,Onsite Store,56.99
23895069,26-268-687-261,I-160-1995,Store_2464,2022-03-09,Onsite Store,112.59
23895069,26-268-687-261,I-073-2012,Store_2464,2022-03-09,Onsite Store,105.99
23895069,26-268-687-261,J-052-1985,Store_2464,2022-03-09,Onsite Store,76.99
23895069,26-268-687-261,I-091-2018,Store_2464,2022-03-09,Onsite Store,34.99
23895069,26-268-687-261,C-145-2017,Store_2464,2022-03-09,Onsite Store,75.99
23895069,26-268-687-261,Q-049-2002,Store_2464,2022-03-09,Onsite Store,52.59
23895070,71-714-127-514,C-244-2007,Store_2376,2022-02-11,Online Store,54.99
23895070,71-714-127-514,Q-094-1985,Store_2376,2022-02-11,Online Store,49.59
23895070,71-714-127-514,W-046-1980,Store_2376,2022-02-11,Online Store,91.99
23895070,71-714-127-514,W-064-2000,Store_2376,2022-02-11,Online Store,132.59
23895070,71-714-127-514,I-133-1985,Store_2376,2022-02-11,Online Store,87.99
23895070,71-714-127-514,G-031-1997,Store_2376,2022-02-11,Online Store,102.59
23895070,71-714-127-514,F-223-2015,Store_2376,2022-02-11,Online Store,88.99
23895071,71-714-127-514,Z-016-1999,Store_2349,2022-07-25,Online Store,38.99
23895072,71-714-127-514,F-184-1994,Store_2454,2022-08-02,Onsite Store,71.99
23895072,71-714-127-514,Z-019-1995,Store_2454,2022-08-02,Onsite Store,46.99
23895072,71-714-127-514,Z-268-2017,Store_2454,2022-08-02,Onsite Store,32.99
23895072,71-714-127-514,N-154-1988,Store_2454,2022-08-02,Onsite Store,33.59
23895073,71-714-127-514,C-181-1980,Store_2476,2022-03-28,Onsite Store,37.59
23895073,71-714-127-514,G-103-2006,Store_2476,2022-03-28,Onsite Store,66.99
23895073,71-714-127-514,G-298-1981,Store_2476,2022-03-28,Onsite Store,125.99
23895073,71-714-127-514,H-196-2003,Store_2476,2022-03-28,Onsite Store,78.99
23895073,71-714-127-514,C-022-2015,Store_2476,2022-03-28,Onsite Store,70.99
23895073,71-714-127-514,B-037-1999,Store_2476,2022-03-28,Onsite Store,35.59
23895073,71-714-127-514,H-298-1995,Store_2476,2022-03-28,Onsite Store,50.99
23895073,71-714-127-514,G-235-2009,Store_2476,2022-03-28,Onsite Store,59.59
23895073,71-714-127-514,I-235-2012,Store_2476,2022-03-28,Onsite Store,135.59
23895073,71-714-127-514,Q-058-1998,Store_2476,2022-03-28,Onsite Store,60.99
23895074,71-714-127-514,Z-145-1982,Store_2368,2022-07-27,Online Store,89.99
23895074,71-714-127-514,H-199-1993,Store_2368,2022-07-27,Online Store,54.59
23895074,71-714-127-514,C-157-2007,Store_2368,2022-07-27,Online Store,111.99
23895074,71-714-127-514,F-229-2016,Store_2368,2022-07-27,Online Store,56.59
23895074,71-714-127-514,C-262-1993,Store_2368,2022-07-27,Online Store,121.99
23895074,71-714-127-514,C-115-1989,Store_2368,2022-07-27,Online Store,32.59
23895074,71-714-127-514,I-004-2018,Store_2368,2022-07-27,Online Store,73.59
23895074,71-714-127-514,F-250-2018,Store_2368,2022-07-27,Online Store,67.59
23895075,71-714-127-514,Q-022-1995,Store_2418,2022-02-01,Onsite Store,21.99
23895076,71-714-127-514,N-049-2001,Store_2444,2022-06-08,Onsite Store,16.99
23895076,71-714-127-514,F-259-1981,Store_2444,2022-06-08,Onsite Store,42.59
23895076,71-714-127-514,A-259-1982,Store_2444,2022-06-08,Onsite Store,61.59
23895077,71-714-127-514,G-136-2005,Store_2458,2022-02-18,Onsite Store,3.59
23895077,71-714-127-514,Q-268-1980,Store_2458,2022-02-18,Onsite Store,27.59
23895077,71-714-127-514,V-073-2015,Store_2458,2022-02-18,Onsite Store,40.99
23895078,71-714-127-514,Z-268-1983,Store_2389,2022-01-02,Online Store,35.99
23895078,71-714-127-514,C-283-1987,Store_2389,2022-01-02,Online Store,59.59
23895078,71-714-127-514,I-274-1996,Store_2389,2022-01-02,Online Store,58.59
23895078,71-714-127-514,C-112-2015,Store_2389,2022-01-02,Online Store,37.59
23895078,71-714-127-514,Q-061-1985,Store_2389,2022-01-02,Online Store,47.59
23895078,71-714-127-514,A-298-2005,Store_2389,2022-01-02,Online Store,47.99
23895078,71-714-127-514,I-145-1993,Store_2389,2022-01-02,Online Store,54.99
23895078,71-714-127-514,H-037-1986,Store_2389,2022-01-02,Online Store,84.99
23895078,71-714-127-514,C-151-1995,Store_2389,2022-01-02,Online Store,53.59
23895078,71-714-127-514,J-157-2007,Store_2389,2022-01-02,Online Store,116.59
23895078,71-714-127-514,Z-094-2016,Store_2389,2022-01-02,Online Store,63.59
23895079,28-285-871-592,A-094-2004,Store_2380,2022-10-19,Online Store,110.59
23895079,28-285-871-592,J-238-1999,Store_2380,2022-10-19,Online Store,12.99
23895079,28-285-871-592,V-190-1982,Store_2380,2022-10-19,Online Store,66.99
23895079,28-285-871-592,G-235-2010,Store_2380,2022-10-19,Online Store,119.99
23895079,28-285-871-592,W-043-2012,Store_2380,2022-10-19,Online Store,20.99
23895080,28-285-871-592,I-229-1988,Store_2472,2022-05-10,Onsite Store,86.59
23895080,28-285-871-592,F-094-2014,Store_2472,2022-05-10,Onsite Store,69.99
23895080,28-285-871-592,I-040-2013,Store_2472,2022-05-10,Onsite Store,45.99
23895080,28-285-871-592,V-076-1995,Store_2472,2022-05-10,Onsite Store,78.59
23895080,28-285-871-592,F-049-1984,Store_2472,2022-05-10,Onsite Store,37.59
23895080,28-285-871-592,W-136-1982,Store_2472,2022-05-10,Onsite Store,18.59
23895080,28-285-871-592,V-175-1996,Store_2472,2022-05-10,Onsite Store,52.59
23895080,28-285-871-592,Z-082-1984,Store_2472,2022-05-10,Onsite Store,72.59
23895080,28-285-871-592,I-163-2016,Store_2472,2022-05-10,Onsite Store,68.59
23895080,28-285-871-592,V-208-2016,Store_2472,2022-05-10,Onsite Store,67.99
23895080,28-285-871-592,C-181-1991,Store_2472,2022-05-10,Onsite Store,44.59
23895080,28-285-871-592,C-223-2013,Store_2472,2022-05-10,Onsite Store,40.59
23895080,28-285-871-592,Q-025-1995,Store_2472,2022-05-10,Onsite Store,44.99
23895081,28-285-871-592,B-259-1991,Store_2434,2022-11-22,Onsite Store,44.99
23895081,28-285-871-592,A-238-1994,Store_2434,2022-11-22,Onsite Store,117.99
23895081,28-285-871-592,A-130-2009,Store_2434,2022-11-22,Onsite Store,50.59
23895081,28-285-871-592,F-112-2007,Store_2434,2022-11-22,Onsite Store,84.59
23895081,28-285-871-592,Q-241-2003,Store_2434,2022-11-22,Onsite Store,45.99
23895081,28-285-871-592,F-196-2014,Store_2434,2022-11-22,Onsite Store,74.59
23895081,28-285-871-592,J-100-2014,Store_2434,2022-11-22,Onsite Store,111.99
23895082,28-285-871-592,G-097-1999,Store_2400,2022-09-07,Onsite Store,81.99
23895082,28-285-871-592,A-112-1983,Store_2400,2022-09-07,Onsite Store,27.59
23895082,28-285-871-592,Q-163-2000,Store_2400,2022-09-07,Onsite Store,55.59
23895082,28-285-871-592,B-286-1980,Store_2400,2022-09-07,Onsite Store,63.99
23895083,28-285-871-592,C-277-2011,Store_2386,2022-12-02,Online Store,85.99
23895083,28-285-871-592,N-298-2005,Store_2386,2022-12-02,Online Store,2.99
23895083,28-285-871-592,H-088-2017,Store_2386,2022-12-02,Online Store,54.99
23895083,28-285-871-592,Q-157-2008,Store_2386,2022-12-02,Online Store,28.59
23895083,28-285-871-592,F-298-1992,Store_2386,2022-12-02,Online Store,96.59
23895083,28-285-871-592,B-166-2018,Store_2386,2022-12-02,Online Store,96.59
23895083,28-285-871-592,H-013-2011,Store_2386,2022-12-02,Online Store,109.59
23895083,28-285-871-592,Z-070-1998,Store_2386,2022-12-02,Online Store,56.59
23895083,28-285-871-592,N-250-2009,Store_2386,2022-12-02,Online Store,62.99
23895083,28-285-871-592,I-043-1980,Store_2386,2022-12-02,Online Store,45.59
23895084,28-285-871-592,W-250-1993,Store_2413,2022-03-22,Onsite Store,59.99
23895085,28-285-871-592,F-091-2007,Store_2430,2022-08-21,Onsite Store,44.59
23895085,28-285-871-592,C-223-2013,Store_2430,2022-08-21,Onsite Store,40.59
23895085,28-285-871-592,H-034-2006,Store_2430,2022-08-21,Onsite Store,23.99
23895085,28-285-871-592,C-271-1995,Store_2430,2022-08-21,Onsite Store,66.59
23895085,28-285-871-592,A-040-2005,Store_2430,2022-08-21,Onsite Store,76.99
23895085,28-285-871-592,C-262-1993,Store_2430,2022-08-21,Onsite Store,121.99
23895085,28-285-871-592,G-175-2018,Store_2430,2022-08-21,Onsite Store,71.59
23895086,28-285-871-592,B-175-1998,Store_2448,2022-04-20,Onsite Store,46.59
23895086,28-285-871-592,H-082-2015,Store_2448,2022-04-20,Onsite Store,57.99
23895086,28-285-871-592,V-289-1993,Store_2448,2022-04-20,Onsite Store,39.59
23895086,28-285-871-592,J-181-2013,Store_2448,2022-04-20,Onsite Store,94.59
23895087,28-285-871-592,V-019-1990,Store_2444,2022-09-13,Onsite Store,73.59
23895087,28-285-871-592,Q-046-1989,Store_2444,2022-09-13,Onsite Store,58.99
23895087,28-285-871-592,C-046-1984,Store_2444,2022-09-13,Onsite Store,48.99
23895087,28-285-871-592,J-094-1985,Store_2444,2022-09-13,Onsite Store,68.99
23895087,28-285-871-592,B-016-2008,Store_2444,2022-09-13,Onsite Store,134.99
23895087,28-285-871-592,V-016-2012,Store_2444,2022-09-13,Onsite Store,64.59
23895087,28-285-871-592,C-262-1990,Store_2444,2022-09-13,Onsite Store,96.99
23895087,28-285-871-592,Z-031-2003,Store_2444,2022-09-13,Onsite Store,94.99
23895087,28-285-871-592,C-112-1989,Store_2444,2022-09-13,Onsite Store,98.59
23895088,79-798-772-686,Q-130-2006,Store_2349,2022-07-22,Online Store,75.59
23895088,79-798-772-686,Z-253-1985,Store_2349,2022-07-22,Online Store,40.99
23895088,79-798-772-686,N-139-1989,Store_2349,2022-07-22,Online Store,103.99
23895088,79-798-772-686,W-205-2015,Store_2349,2022-07-22,Online Store,64.99
23895088,79-798-772-686,V-247-2011,Store_2349,2022-07-22,Online Store,52.99
23895088,79-798-772-686,F-178-1988,Store_2349,2022-07-22,Online Store,105.99
23895088,79-798-772-686,H-103-1990,Store_2349,2022-07-22,Online Store,54.99
23895089,79-798-772-686,N-109-2014,Store_2389,2022-01-17,Online Store,49.59
23895090,79-798-772-686,F-274-1981,Store_2370,2022-02-18,Online Store,58.59
23895090,79-798-772-686,Q-277-1995,Store_2370,2022-02-18,Online Store,112.99
23895090,79-798-772-686,N-232-1982,Store_2370,2022-02-18,Online Store,94.59
23895091,79-798-772-686,H-250-2001,Store_2407,2022-06-07,Onsite Store,18.59
23895091,79-798-772-686,Z-091-1990,Store_2407,2022-06-07,Onsite Store,62.99
23895091,79-798-772-686,J-232-1991,Store_2407,2022-06-07,Onsite Store,78.99
23895091,79-798-772-686,C-154-1983,Store_2407,2022-06-07,Onsite Store,53.59
23895091,79-798-772-686,N-220-1984,Store_2407,2022-06-07,Onsite Store,51.99
23895092,79-798-772-686,Q-121-2005,Store_2394,2022-12-12,Online Store,38.59
23895092,79-798-772-686,Z-085-2005,Store_2394,2022-12-12,Online Store,93.99
23895092,79-798-772-686,F-061-2003,Store_2394,2022-12-12,Online Store,15.59
23895092,79-798-772-686,W-187-2005,Store_2394,2022-12-12,Online Store,31.99
23895092,79-798-772-686,B-208-1985,Store_2394,2022-12-12,Online Store,59.59
23895093,79-798-772-686,Z-148-2001,Store_2473,2022-12-01,Onsite Store,81.99
23895093,79-798-772-686,C-082-1984,Store_2473,2022-12-01,Onsite Store,60.59
23895093,79-798-772-686,G-151-1998,Store_2473,2022-12-01,Onsite Store,28.99
23895093,79-798-772-686,Z-163-1996,Store_2473,2022-12-01,Onsite Store,134.99
23895093,79-798-772-686,F-076-1989,Store_2473,2022-12-01,Onsite Store,54.59
23895094,79-798-772-686,F-034-2003,Store_2437,2022-09-26,Onsite Store,55.99
23895094,79-798-772-686,J-055-1984,Store_2437,2022-09-26,Onsite Store,77.99
23895094,79-798-772-686,I-031-2005,Store_2437,2022-09-26,Onsite Store,58.59
23895094,79-798-772-686,Q-031-1999,Store_2437,2022-09-26,Onsite Store,90.99
23895095,79-798-772-686,B-217-2016,Store_2460,2022-10-14,Onsite Store,84.59
23895095,79-798-772-686,V-211-2012,Store_2460,2022-10-14,Onsite Store,108.99
23895095,79-798-772-686,F-235-2012,Store_2460,2022-10-14,Onsite Store,74.99
23895095,79-798-772-686,Q-193-2011,Store_2460,2022-10-14,Onsite Store,61.59
23895095,79-798-772-686,J-211-1992,Store_2460,2022-10-14,Onsite Store,53.99
23895095,79-798-772-686,N-292-2008,Store_2460,2022-10-14,Onsite Store,43.59
23895096,79-798-772-686,J-085-2004,Store_2469,2022-03-20,Onsite Store,31.99
23895096,79-798-772-686,B-073-1996,Store_2469,2022-03-20,Onsite Store,72.59
23895096,79-798-772-686,Q-232-1996,Store_2469,2022-03-20,Onsite Store,80.99
23895096,79-798-772-686,V-166-2005,Store_2469,2022-03-20,Onsite Store,23.59
23895096,79-798-772-686,H-232-1999,Store_2469,2022-03-20,Onsite Store,58.99
23895097,86-865-588-545,C-238-2006,Store_2355,2022-09-26,Online Store,51.59
23895097,86-865-588-545,I-160-1985,Store_2355,2022-09-26,Online Store,89.59
23895097,86-865-588-545,C-277-2009,Store_2355,2022-09-26,Online Store,127.59
23895097,86-865-588-545,N-298-1990,Store_2355,2022-09-26,Online Store,18.99
23895097,86-865-588-545,J-127-2002,Store_2355,2022-09-26,Online Store,82.59
23895098,86-865-588-545,Q-121-1991,Store_2390,2022-10-26,Online Store,120.59
23895098,86-865-588-545,J-265-1995,Store_2390,2022-10-26,Online Store,91.59
23895098,86-865-588-545,V-007-2001,Store_2390,2022-10-26,Online Store,48.99
23895098,86-865-588-545,G-283-2016,Store_2390,2022-10-26,Online Store,45.59
23895099,86-865-588-545,H-286-1985,Store_2369,2022-02-22,Online Store,84.99
23895099,86-865-588-545,H-061-2001,Store_2369,2022-02-22,Online Store,116.59
23895099,86-865-588-545,Z-193-2015,Store_2369,2022-02-22,Online Store,74.59
23895100,86-865-588-545,F-139-2014,Store_2470,2022-09-29,Onsite Store,67.59
23895100,86-865-588-545,I-163-1983,Store_2470,2022-09-29,Onsite Store,20.59
23895100,86-865-588-545,Q-184-1985,Store_2470,2022-09-29,Onsite Store,106.59
23895100,86-865-588-545,C-184-2016,Store_2470,2022-09-29,Onsite Store,125.59
23895100,86-865-588-545,F-097-1980,Store_2470,2022-09-29,Onsite Store,60.59
23895100,86-865-588-545,J-286-1986,Store_2470,2022-09-29,Onsite Store,83.59
23895100,86-865-588-545,J-280-1991,Store_2470,2022-09-29,Onsite Store,32.99
23895101,86-865-588-545,H-109-1996,Store_2369,2022-08-05,Online Store,107.99
23895101,86-865-588-545,J-175-2013,Store_2369,2022-08-05,Online Store,44.99
23895101,86-865-588-545,Q-037-2010,Store_2369,2022-08-05,Online Store,130.59
23895101,86-865-588-545,I-103-2010,Store_2369,2022-08-05,Online Store,131.59
23895101,86-865-588-545,H-064-1983,Store_2369,2022-08-05,Online Store,53.99
23895101,86-865-588-545,G-172-1994,Store_2369,2022-08-05,Online Store,54.59
23895101,86-865-588-545,I-214-1993,Store_2369,2022-08-05,Online Store,74.99
23895101,86-865-588-545,Z-040-2015,Store_2369,2022-08-05,Online Store,72.59
23895101,86-865-588-545,B-049-2015,Store_2369,2022-08-05,Online Store,50.99
23895102,86-865-588-545,I-040-2004,Store_2418,2022-04-25,Onsite Store,90.99
23895102,86-865-588-545,W-187-1992,Store_2418,2022-04-25,Onsite Store,93.59
23895103,86-865-588-545,I-127-1986,Store_2351,2022-07-18,Online Store,91.99
23895103,86-865-588-545,Z-058-2004,Store_2351,2022-07-18,Online Store,20.59
23895103,86-865-588-545,H-028-1989,Store_2351,2022-07-18,Online Store,56.59
23895103,86-865-588-545,Q-187-1992,Store_2351,2022-07-18,Online Store,57.59
23895104,86-865-588-545,Z-223-1989,Store_2475,2022-08-26,Onsite Store,77.99
23895104,86-865-588-545,N-073-2012,Store_2475,2022-08-26,Onsite Store,68.99
23895104,86-865-588-545,H-043-1997,Store_2475,2022-08-26,Onsite Store,59.99
23895104,86-865-588-545,N-220-2013,Store_2475,2022-08-26,Onsite Store,66.59
23895104,86-865-588-545,B-025-2016,Store_2475,2022-08-26,Onsite Store,75.59
23895104,86-865-588-545,W-157-2018,Store_2475,2022-08-26,Onsite Store,86.59
23895104,86-865-588-545,F-163-2006,Store_2475,2022-08-26,Onsite Store,31.59
23895105,86-865-588-545,N-037-2016,Store_2396,2022-12-03,Online Store,58.99
23895105,86-865-588-545,W-232-1994,Store_2396,2022-12-03,Online Store,61.59
23895105,86-865-588-545,H-271-2002,Store_2396,2022-12-03,Online Store,85.99
23895105,86-865-588-545,C-022-2006,Store_2396,2022-12-03,Online Store,39.99
23895105,86-865-588-545,B-232-2001,Store_2396,2022-12-03,Online Store,36.99
23895105,86-865-588-545,W-217-2009,Store_2396,2022-12-03,Online Store,65.59
23895105,86-865-588-545,I-097-1980,Store_2396,2022-12-03,Online Store,95.99
23895105,86-865-588-545,Z-094-1997,Store_2396,2022-12-03,Online Store,28.59
23895105,86-865-588-545,Z-181-2016,Store_2396,2022-12-03,Online Store,91.59
23895106,28-280-348-613,A-109-2018,Store_2446,2022-11-16,Onsite Store,51.99
23895106,28-280-348-613,G-055-2005,Store_2446,2022-11-16,Onsite Store,83.99
23895106,28-280-348-613,V-160-1996,Store_2446,2022-11-16,Onsite Store,48.59
23895106,28-280-348-613,C-127-2005,Store_2446,2022-11-16,Onsite Store,68.59
23895106,28-280-348-613,N-256-1982,Store_2446,2022-11-16,Onsite Store,23.59
23895107,28-280-348-613,W-118-1984,Store_2383,2022-11-08,Online Store,59.59
23895107,28-280-348-613,J-103-2009,Store_2383,2022-11-08,Online Store,56.99
23895107,28-280-348-613,B-118-2018,Store_2383,2022-11-08,Online Store,62.59
23895107,28-280-348-613,N-178-2010,Store_2383,2022-11-08,Online Store,97.99
23895107,28-280-348-613,Z-082-2001,Store_2383,2022-11-08,Online Store,60.59
23895108,28-280-348-613,F-292-1988,Store_2407,2022-06-30,Onsite Store,48.59
23895108,28-280-348-613,I-070-1995,Store_2407,2022-06-30,Onsite Store,67.59
23895108,28-280-348-613,J-286-1985,Store_2407,2022-06-30,Onsite Store,54.59
23895108,28-280-348-613,F-022-1984,Store_2407,2022-06-30,Onsite Store,59.99
23895108,28-280-348-613,A-286-2017,Store_2407,2022-06-30,Onsite Store,74.59
23895108,28-280-348-613,Z-274-2013,Store_2407,2022-06-30,Onsite Store,46.59
23895109,28-280-348-613,I-028-1995,Store_2398,2022-07-03,Onsite Store,95.99
23895109,28-280-348-613,F-166-1981,Store_2398,2022-07-03,Onsite Store,48.59
23895109,28-280-348-613,N-184-1996,Store_2398,2022-07-03,Onsite Store,62.99
23895109,28-280-348-613,I-064-2009,Store_2398,2022-07-03,Onsite Store,51.99
23895109,28-280-348-613,G-010-2006,Store_2398,2022-07-03,Onsite Store,81.99
23895109,28-280-348-613,Q-238-1998,Store_2398,2022-07-03,Onsite Store,43.99
23895109,28-280-348-613,Z-124-1999,Store_2398,2022-07-03,Onsite Store,58.99
23895109,28-280-348-613,N-232-2009,Store_2398,2022-07-03,Onsite Store,78.99
23895110,28-280-348-613,B-163-2013,Store_2477,2022-09-08,Onsite Store,30.99
23895110,28-280-348-613,A-163-2018,Store_2477,2022-09-08,Onsite Store,54.99
23895110,28-280-348-613,C-118-1982,Store_2477,2022-09-08,Onsite Store,49.59
23895111,28-280-348-613,F-088-2012,Store_2476,2022-10-08,Onsite Store,51.99
23895111,28-280-348-613,B-163-2008,Store_2476,2022-10-08,Onsite Store,59.99
23895111,28-280-348-613,G-232-2007,Store_2476,2022-10-08,Onsite Store,115.59
23895111,28-280-348-613,B-133-1981,Store_2476,2022-10-08,Onsite Store,45.99
23895111,28-280-348-613,B-070-1992,Store_2476,2022-10-08,Onsite Store,19.99
23895112,28-280-348-613,V-289-1989,Store_2385,2022-05-31,Online Store,40.59
23895112,28-280-348-613,J-067-1988,Store_2385,2022-05-31,Online Store,83.59
23895112,28-280-348-613,I-271-1986,Store_2385,2022-05-31,Online Store,73.59
23895113,28-280-348-613,Q-229-1982,Store_2409,2022-02-19,Onsite Store,70.59
23895113,28-280-348-613,I-262-2009,Store_2409,2022-02-19,Onsite Store,62.59
23895113,28-280-348-613,H-193-1984,Store_2409,2022-02-19,Onsite Store,72.59
23895113,28-280-348-613,N-049-2011,Store_2409,2022-02-19,Onsite Store,71.99
23895114,28-280-348-613,Z-097-2000,Store_2415,2022-10-01,Onsite Store,84.99
23895114,28-280-348-613,G-097-2011,Store_2415,2022-10-01,Onsite Store,64.59
23895115,71-719-449-668,C-289-1992,Store_2383,2022-09-07,Online Store,138.99
23895116,71-719-449-668,W-184-1988,Store_2417,2022-03-04,Onsite Store,77.99
23895116,71-719-449-668,F-076-2001,Store_2417,2022-03-04,Onsite Store,67.99
23895116,71-719-449-668,W-220-1987,Store_2417,2022-03-04,Onsite Store,69.59
23895116,71-719-449-668,N-040-2002,Store_2417,2022-03-04,Onsite Store,28.59
23895116,71-719-449-668,I-136-1984,Store_2417,2022-03-04,Onsite Store,32.99
23895116,71-719-449-668,J-025-1993,Store_2417,2022-03-04,Onsite Store,49.99
23895116,71-719-449-668,J-169-2018,Store_2417,2022-03-04,Onsite Store,38.99
23895116,71-719-449-668,Q-196-2013,Store_2417,2022-03-04,Onsite Store,53.59
23895116,71-719-449-668,A-271-1995,Store_2417,2022-03-04,Onsite Store,51.59
23895116,71-719-449-668,B-148-1987,Store_2417,2022-03-04,Onsite Store,110.59
23895116,71-719-449-668,G-088-2006,Store_2417,2022-03-04,Onsite Store,26.99
23895117,71-719-449-668,V-121-1982,Store_2374,2022-01-30,Online Store,52.59
23895117,71-719-449-668,C-043-2009,Store_2374,2022-01-30,Online Store,81.99
23895117,71-719-449-668,C-070-1984,Store_2374,2022-01-30,Online Store,53.59
23895118,71-719-449-668,V-094-1991,Store_2359,2022-01-02,Online Store,86.99
23895118,71-719-449-668,C-211-1987,Store_2359,2022-01-02,Online Store,84.59
23895118,71-719-449-668,Q-259-1999,Store_2359,2022-01-02,Online Store,39.59
23895118,71-719-449-668,B-004-1991,Store_2359,2022-01-02,Online Store,34.59
23895118,71-719-449-668,Z-058-2011,Store_2359,2022-01-02,Online Store,62.59
23895118,71-719-449-668,N-115-1992,Store_2359,2022-01-02,Online Store,50.59
23895118,71-719-449-668,Z-214-2001,Store_2359,2022-01-02,Online Store,86.99
23895119,71-719-449-668,H-292-1980,Store_2451,2022-04-30,Onsite Store,97.99
23895119,71-719-449-668,H-055-1987,Store_2451,2022-04-30,Onsite Store,55.59
23895119,71-719-449-668,H-274-1989,Store_2451,2022-04-30,Onsite Store,63.59
23895119,71-719-449-668,J-268-1994,Store_2451,2022-04-30,Onsite Store,61.99
23895119,71-719-449-668,F-283-2018,Store_2451,2022-04-30,Onsite Store,110.99
23895119,71-719-449-668,C-115-1988,Store_2451,2022-04-30,Onsite Store,30.59
23895119,71-719-449-668,H-055-2004,Store_2451,2022-04-30,Onsite Store,68.99
23895119,71-719-449-668,A-232-1984,Store_2451,2022-04-30,Onsite Store,79.99
23895120,71-719-449-668,B-196-2000,Store_2413,2022-06-28,Onsite Store,58.99
23895120,71-719-449-668,F-034-2012,Store_2413,2022-06-28,Onsite Store,58.59
23895120,71-719-449-668,F-019-1990,Store_2413,2022-06-28,Onsite Store,30.59
23895120,71-719-449-668,A-184-2014,Store_2413,2022-06-28,Onsite Store,64.59
23895120,71-719-449-668,W-052-1992,Store_2413,2022-06-28,Onsite Store,68.59
23895120,71-719-449-668,C-064-1981,Store_2413,2022-06-28,Onsite Store,74.59
23895120,71-719-449-668,F-283-1993,Store_2413,2022-06-28,Onsite Store,42.99
23895120,71-719-449-668,W-097-2016,Store_2413,2022-06-28,Onsite Store,116.99
23895120,71-719-449-668,V-292-2017,Store_2413,2022-06-28,Onsite Store,61.99
23895120,71-719-449-668,N-004-2018,Store_2413,2022-06-28,Onsite Store,87.99
23895121,71-719-449-668,F-145-2013,Store_2367,2022-12-18,Online Store,38.59
23895121,71-719-449-668,J-214-2016,Store_2367,2022-12-18,Online Store,47.99
23895121,71-719-449-668,C-022-1986,Store_2367,2022-12-18,Online Store,68.59
23895121,71-719-449-668,Q-181-2010,Store_2367,2022-12-18,Online Store,24.59
23895121,71-719-449-668,G-082-1987,Store_2367,2022-12-18,Online Store,127.59
23895121,71-719-449-668,V-208-1991,Store_2367,2022-12-18,Online Store,58.99
23895121,71-719-449-668,H-082-1982,Store_2367,2022-12-18,Online Store,64.59
23895122,71-719-449-668,W-124-1982,Store_2416,2022-07-02,Onsite Store,49.99
23895122,71-719-449-668,A-262-2010,Store_2416,2022-07-02,Onsite Store,95.59
23895122,71-719-449-668,G-286-1996,Store_2416,2022-07-02,Onsite Store,127.99
23895122,71-719-449-668,F-184-2012,Store_2416,2022-07-02,Onsite Store,29.99
23895122,71-719-449-668,H-199-1999,Store_2416,2022-07-02,Onsite Store,72.99
23895122,71-719-449-668,N-151-2006,Store_2416,2022-07-02,Onsite Store,94.59
23895123,71-719-449-668,C-073-2016,Store_2395,2022-11-17,Online Store,106.59
23895123,71-719-449-668,J-067-2013,Store_2395,2022-11-17,Online Store,96.59
23895123,71-719-449-668,F-112-2002,Store_2395,2022-11-17,Online Store,68.59
23895123,71-719-449-668,H-172-2018,Store_2395,2022-11-17,Online Store,56.59
23895123,71-719-449-668,N-043-1988,Store_2395,2022-11-17,Online Store,136.99
23895123,71-719-449-668,G-268-2016,Store_2395,2022-11-17,Online Store,83.99
23895124,54-546-589-923,N-046-1995,Store_2377,2022-12-25,Online Store,18.59
23895124,54-546-589-923,I-208-1986,Store_2377,2022-12-25,Online Store,88.59
23895124,54-546-589-923,Q-298-2009,Store_2377,2022-12-25,Online Store,53.59
23895124,54-546-589-923,H-211-2016,Store_2377,2022-12-25,Online Store,75.59
23895124,54-546-589-923,H-052-1993,Store_2377,2022-12-25,Online Store,100.59
23895124,54-546-589-923,B-232-2016,Store_2377,2022-12-25,Online Store,69.59
23895124,54-546-589-923,G-286-2009,Store_2377,2022-12-25,Online Store,49.99
23895124,54-546-589-923,Z-271-2005,Store_2377,2022-12-25,Online Store,87.59
23895124,54-546-589-923,I-082-2005,Store_2377,2022-12-25,Online Store,60.99
23895125,54-546-589-923,N-241-1992,Store_2361,2022-09-14,Online Store,126.99
23895125,54-546-589-923,B-145-1997,Store_2361,2022-09-14,Online Store,49.99
23895126,54-546-589-923,C-298-2010,Store_2438,2022-04-19,Onsite Store,96.59
23895126,54-546-589-923,Z-163-1999,Store_2438,2022-04-19,Onsite Store,26.99
23895126,54-546-589-923,N-130-1984,Store_2438,2022-04-19,Onsite Store,85.99
23895126,54-546-589-923,V-211-2015,Store_2438,2022-04-19,Onsite Store,53.99
23895126,54-546-589-923,C-112-1981,Store_2438,2022-04-19,Onsite Store,90.59
23895126,54-546-589-923,B-007-2006,Store_2438,2022-04-19,Onsite Store,60.99
23895126,54-546-589-923,H-103-1988,Store_2438,2022-04-19,Onsite Store,113.99
23895126,54-546-589-923,A-046-1990,Store_2438,2022-04-19,Onsite Store,118.59
23895126,54-546-589-923,W-244-2013,Store_2438,2022-04-19,Onsite Store,36.59
23895127,54-546-589-923,Z-232-1997,Store_2397,2022-02-23,Online Store,68.99
23895127,54-546-589-923,F-223-1996,Store_2397,2022-02-23,Online Store,63.59
23895127,54-546-589-923,Q-079-1986,Store_2397,2022-02-23,Online Store,63.99
23895128,54-546-589-923,J-223-2003,Store_2455,2022-11-25,Onsite Store,99.99
23895128,54-546-589-923,F-064-2016,Store_2455,2022-11-25,Onsite Store,57.99
23895128,54-546-589-923,J-085-1981,Store_2455,2022-11-25,Onsite Store,85.59
23895128,54-546-589-923,J-007-1993,Store_2455,2022-11-25,Onsite Store,60.59
23895128,54-546-589-923,C-298-2003,Store_2455,2022-11-25,Onsite Store,69.99
23895128,54-546-589-923,C-052-1993,Store_2455,2022-11-25,Onsite Store,85.99
23895128,54-546-589-923,V-235-1990,Store_2455,2022-11-25,Onsite Store,105.59
23895128,54-546-589-923,A-100-2015,Store_2455,2022-11-25,Onsite Store,97.99
23895128,54-546-589-923,G-265-1992,Store_2455,2022-11-25,Onsite Store,29.59
23895128,54-546-589-923,C-004-2006,Store_2455,2022-11-25,Onsite Store,43.59
23895129,54-546-589-923,I-205-1989,Store_2474,2022-04-30,Onsite Store,46.99
23895129,54-546-589-923,F-085-1996,Store_2474,2022-04-30,Onsite Store,64.59
23895130,54-546-589-923,H-028-1985,Store_2470,2022-05-22,Onsite Store,94.59
23895130,54-546-589-923,Q-028-1987,Store_2470,2022-05-22,Onsite Store,76.59
23895130,54-546-589-923,J-118-2009,Store_2470,2022-05-22,Onsite Store,38.99
23895130,54-546-589-923,G-226-2002,Store_2470,2022-05-22,Onsite Store,102.99
23895130,54-546-589-923,N-244-1997,Store_2470,2022-05-22,Onsite Store,93.59
23895131,54-546-589-923,J-187-2009,Store_2364,2022-03-31,Online Store,38.99
23895131,54-546-589-923,I-175-1985,Store_2364,2022-03-31,Online Store,62.99
23895131,54-546-589-923,J-100-2002,Store_2364,2022-03-31,Online Store,43.99
23895131,54-546-589-923,C-151-2012,Store_2364,2022-03-31,Online Store,114.59
23895131,54-546-589-923,Z-145-1986,Store_2364,2022-03-31,Online Store,97.99
23895131,54-546-589-923,V-214-2015,Store_2364,2022-03-31,Online Store,104.59
23895131,54-546-589-923,J-247-1988,Store_2364,2022-03-31,Online Store,52.99
23895131,54-546-589-923,W-010-2016,Store_2364,2022-03-31,Online Store,77.99
23895131,54-546-589-923,I-268-1992,Store_2364,2022-03-31,Online Store,42.59
23895132,54-546-589-923,C-004-2016,Store_2380,2022-07-26,Online Store,28.99
23895132,54-546-589-923,Z-031-1997,Store_2380,2022-07-26,Online Store,73.59
23895132,54-546-589-923,J-190-2002,Store_2380,2022-07-26,Online Store,79.99
23895132,54-546-589-923,J-094-2001,Store_2380,2022-07-26,Online Store,33.59
23895132,54-546-589-923,J-166-2009,Store_2380,2022-07-26,Online Store,102.99
23895132,54-546-589-923,I-142-1986,Store_2380,2022-07-26,Online Store,102.59
23895132,54-546-589-923,B-202-1993,Store_2380,2022-07-26,Online Store,75.59
23895133,22-222-175-878,G-073-1995,Store_2444,2022-05-17,Onsite Store,36.99
23895133,22-222-175-878,B-181-1981,Store_2444,2022-05-17,Onsite Store,57.59
23895133,22-222-175-878,Q-157-1989,Store_2444,2022-05-17,Onsite Store,52.59
23895133,22-222-175-878,B-208-1994,Store_2444,2022-05-17,Onsite Store,81.59
23895133,22-222-175-878,Q-040-2007,Store_2444,2022-05-17,Onsite Store,58.59
23895133,22-222-175-878,H-067-1990,Store_2444,2022-05-17,Onsite Store,48.99
23895133,22-222-175-878,J-121-1997,Store_2444,2022-05-17,Onsite Store,43.99
23895134,22-222-175-878,A-268-2006,Store_2415,2022-08-06,Onsite Store,47.59
23895134,22-222-175-878,H-103-1992,Store_2415,2022-08-06,Onsite Store,78.59
23895134,22-222-175-878,W-232-1995,Store_2415,2022-08-06,Onsite Store,41.59
23895134,22-222-175-878,A-001-2015,Store_2415,2022-08-06,Onsite Store,54.99
23895134,22-222-175-878,A-256-2001,Store_2415,2022-08-06,Onsite Store,77.59
23895134,22-222-175-878,J-040-1998,Store_2415,2022-08-06,Onsite Store,77.59
23895134,22-222-175-878,F-118-2009,Store_2415,2022-08-06,Onsite Store,46.99
23895134,22-222-175-878,Z-142-2014,Store_2415,2022-08-06,Onsite Store,84.99
23895134,22-222-175-878,Z-043-1984,Store_2415,2022-08-06,Onsite Store,95.59
23895135,22-222-175-878,C-115-2007,Store_2414,2022-03-29,Onsite Store,85.59
23895135,22-222-175-878,N-169-1982,Store_2414,2022-03-29,Onsite Store,101.59
23895135,22-222-175-878,V-205-1993,Store_2414,2022-03-29,Onsite Store,47.59
23895136,22-222-175-878,W-100-1999,Store_2366,2022-11-23,Online Store,53.99
23895136,22-222-175-878,F-271-2012,Store_2366,2022-11-23,Online Store,46.99
23895136,22-222-175-878,G-016-2005,Store_2366,2022-11-23,Online Store,103.59
23895136,22-222-175-878,F-148-2000,Store_2366,2022-11-23,Online Store,81.99
23895137,22-222-175-878,G-094-2010,Store_2438,2022-04-06,Onsite Store,126.59
23895137,22-222-175-878,Z-154-1999,Store_2438,2022-04-06,Onsite Store,111.99
23895137,22-222-175-878,N-256-2007,Store_2438,2022-04-06,Onsite Store,38.59
23895137,22-222-175-878,G-034-2010,Store_2438,2022-04-06,Onsite Store,67.59
23895137,22-222-175-878,V-241-1993,Store_2438,2022-04-06,Onsite Store,52.99
23895138,22-222-175-878,V-175-1992,Store_2433,2022-05-09,Onsite Store,64.59
23895138,22-222-175-878,I-181-1991,Store_2433,2022-05-09,Onsite Store,85.59
23895138,22-222-175-878,N-160-1988,Store_2433,2022-05-09,Onsite Store,46.99
23895138,22-222-175-878,I-133-1991,Store_2433,2022-05-09,Onsite Store,76.59
23895138,22-222-175-878,F-211-1991,Store_2433,2022-05-09,Onsite Store,31.99
23895139,22-222-175-878,Q-109-1994,Store_2404,2022-06-30,Onsite Store,30.59
23895139,22-222-175-878,G-208-1996,Store_2404,2022-06-30,Onsite Store,22.99
23895139,22-222-175-878,A-031-2004,Store_2404,2022-06-30,Onsite Store,45.59
23895139,22-222-175-878,Z-007-2003,Store_2404,2022-06-30,Onsite Store,45.99
23895139,22-222-175-878,V-298-1989,Store_2404,2022-06-30,Onsite Store,43.59
23895139,22-222-175-878,I-283-1995,Store_2404,2022-06-30,Onsite Store,81.59
23895139,22-222-175-878,N-241-1990,Store_2404,2022-06-30,Onsite Store,52.59
23895139,22-222-175-878,I-169-2001,Store_2404,2022-06-30,Onsite Store,79.59
23895139,22-222-175-878,I-253-1990,Store_2404,2022-06-30,Onsite Store,32.59
23895139,22-222-175-878,G-253-1998,Store_2404,2022-06-30,Onsite Store,18.59
23895139,22-222-175-878,W-232-2006,Store_2404,2022-06-30,Onsite Store,73.99
23895140,22-222-175-878,H-043-2014,Store_2427,2022-07-23,Onsite Store,24.59
23895140,22-222-175-878,H-136-2016,Store_2427,2022-07-23,Onsite Store,79.59
23895140,22-222-175-878,B-244-1984,Store_2427,2022-07-23,Onsite Store,85.59
23895140,22-222-175-878,C-247-2010,Store_2427,2022-07-23,Onsite Store,71.99
23895140,22-222-175-878,Q-124-1994,Store_2427,2022-07-23,Onsite Store,56.99
23895140,22-222-175-878,F-208-1993,Store_2427,2022-07-23,Onsite Store,90.99
23895140,22-222-175-878,A-220-2001,Store_2427,2022-07-23,Onsite Store,44.59
23895141,22-222-175-878,G-022-2000,Store_2443,2022-08-03,Onsite Store,13.99
23895141,22-222-175-878,W-058-2004,Store_2443,2022-08-03,Onsite Store,98.99
23895141,22-222-175-878,G-295-2010,Store_2443,2022-08-03,Onsite Store,68.99
23895141,22-222-175-878,Q-154-1994,Store_2443,2022-08-03,Onsite Store,64.59
23895141,22-222-175-878,A-007-1983,Store_2443,2022-08-03,Onsite Store,92.99
23895141,22-222-175-878,Z-268-1994,Store_2443,2022-08-03,Onsite Store,63.59
23895141,22-222-175-878,F-010-2007,Store_2443,2022-08-03,Onsite Store,35.59
23895141,22-222-175-878,Z-256-2018,Store_2443,2022-08-03,Onsite Store,82.59
23895141,22-222-175-878,Z-073-1998,Store_2443,2022-08-03,Onsite Store,117.99
23895141,22-222-175-878,B-277-2007,Store_2443,2022-08-03,Onsite Store,85.99
23895142,29-295-408-168,G-049-1988,Store_2352,2022-06-21,Online Store,91.59
23895142,29-295-408-168,V-226-2012,Store_2352,2022-06-21,Online Store,58.99
23895142,29-295-408-168,I-193-2016,Store_2352,2022-06-21,Online Store,59.59
23895142,29-295-408-168,H-139-2011,Store_2352,2022-06-21,Online Store,73.99
23895142,29-295-408-168,Z-142-1980,Store_2352,2022-06-21,Online Store,32.99
23895143,29-295-408-168,W-283-1984,Store_2365,2022-10-10,Online Store,69.59
23895143,29-295-408-168,B-145-1997,Store_2365,2022-10-10,Online Store,49.99
23895143,29-295-408-168,W-091-2016,Store_2365,2022-10-10,Online Store,75.99
23895143,29-295-408-168,H-211-1985,Store_2365,2022-10-10,Online Store,84.59
23895143,29-295-408-168,F-013-2011,Store_2365,2022-10-10,Online Store,119.99
23895143,29-295-408-168,Z-292-1997,Store_2365,2022-10-10,Online Store,91.99
23895143,29-295-408-168,C-103-2017,Store_2365,2022-10-10,Online Store,52.99
23895144,29-295-408-168,W-004-1996,Store_2394,2022-12-19,Online Store,77.99
23895144,29-295-408-168,Q-259-1983,Store_2394,2022-12-19,Online Store,86.99
23895144,29-295-408-168,A-265-2004,Store_2394,2022-12-19,Online Store,57.99
23895144,29-295-408-168,I-289-1988,Store_2394,2022-12-19,Online Store,98.99
23895144,29-295-408-168,F-226-1997,Store_2394,2022-12-19,Online Store,94.99
23895144,29-295-408-168,H-112-2002,Store_2394,2022-12-19,Online Store,42.99
23895144,29-295-408-168,G-109-1984,Store_2394,2022-12-19,Online Store,36.99
23895144,29-295-408-168,G-037-1997,Store_2394,2022-12-19,Online Store,11.99
23895144,29-295-408-168,N-124-1992,Store_2394,2022-12-19,Online Store,39.59
23895145,29-295-408-168,I-097-1992,Store_2460,2022-04-16,Onsite Store,48.59
23895145,29-295-408-168,N-217-2010,Store_2460,2022-04-16,Onsite Store,83.59
23895146,29-295-408-168,J-130-2004,Store_2357,2022-02-04,Online Store,47.99
23895146,29-295-408-168,N-295-2010,Store_2357,2022-02-04,Online Store,34.59
23895146,29-295-408-168,G-067-1999,Store_2357,2022-02-04,Online Store,108.99
23895146,29-295-408-168,Q-181-1997,Store_2357,2022-02-04,Online Store,54.99
23895147,29-295-408-168,Q-175-2017,Store_2454,2022-11-27,Onsite Store,80.99
23895147,29-295-408-168,G-112-2012,Store_2454,2022-11-27,Onsite Store,57.59
23895147,29-295-408-168,W-073-2001,Store_2454,2022-11-27,Onsite Store,56.59
23895147,29-295-408-168,G-169-1984,Store_2454,2022-11-27,Onsite Store,78.59
23895148,29-295-408-168,A-106-2015,Store_2360,2022-02-17,Online Store,36.59
23895148,29-295-408-168,J-295-2013,Store_2360,2022-02-17,Online Store,32.59
23895148,29-295-408-168,Z-262-1991,Store_2360,2022-02-17,Online Store,79.99
23895148,29-295-408-168,H-214-1982,Store_2360,2022-02-17,Online Store,83.99
23895148,29-295-408-168,B-229-1988,Store_2360,2022-02-17,Online Store,32.99
23895148,29-295-408-168,B-247-2001,Store_2360,2022-02-17,Online Store,61.99
23895148,29-295-408-168,I-154-1999,Store_2360,2022-02-17,Online Store,43.59
23895148,29-295-408-168,Q-229-2012,Store_2360,2022-02-17,Online Store,68.59
23895149,29-295-408-168,Z-037-1982,Store_2436,2022-04-25,Onsite Store,85.99
23895149,29-295-408-168,B-274-1996,Store_2436,2022-04-25,Onsite Store,122.99
23895149,29-295-408-168,G-130-2015,Store_2436,2022-04-25,Onsite Store,64.99
23895149,29-295-408-168,F-136-2003,Store_2436,2022-04-25,Onsite Store,56.59
23895149,29-295-408-168,B-169-2005,Store_2436,2022-04-25,Onsite Store,51.59
23895149,29-295-408-168,V-289-1985,Store_2436,2022-04-25,Onsite Store,50.59
23895149,29-295-408-168,J-013-1989,Store_2436,2022-04-25,Onsite Store,80.99
23895149,29-295-408-168,C-115-1992,Store_2436,2022-04-25,Onsite Store,43.59
23895149,29-295-408-168,Z-256-1994,Store_2436,2022-04-25,Onsite Store,64.59
23895149,29-295-408-168,G-121-1996,Store_2436,2022-04-25,Onsite Store,128.99
23895150,29-295-408-168,W-073-1988,Store_2402,2022-05-08,Onsite Store,24.99
23895150,29-295-408-168,H-256-1986,Store_2402,2022-05-08,Onsite Store,84.99
23895150,29-295-408-168,H-025-1980,Store_2402,2022-05-08,Onsite Store,6.99
23895150,29-295-408-168,I-292-2008,Store_2402,2022-05-08,Onsite Store,42.59
23895150,29-295-408-168,B-109-1985,Store_2402,2022-05-08,Onsite Store,91.99
23895150,29-295-408-168,W-088-1997,Store_2402,2022-05-08,Onsite Store,72.99
23895150,29-295-408-168,A-292-2012,Store_2402,2022-05-08,Onsite Store,88.99
23895150,29-295-408-168,H-259-2001,Store_2402,2022-05-08,Onsite Store,16.59
23895151,39-396-176-959,B-109-1995,Store_2400,2022-07-07,Onsite Store,71.99
23895151,39-396-176-959,Q-091-1997,Store_2400,2022-07-07,Onsite Store,26.99
23895151,39-396-176-959,N-214-1980,Store_2400,2022-07-07,Onsite Store,68.59
23895151,39-396-176-959,F-205-1986,Store_2400,2022-07-07,Onsite Store,77.99
23895152,39-396-176-959,J-205-2012,Store_2388,2022-02-13,Online Store,72.99
23895152,39-396-176-959,C-124-1991,Store_2388,2022-02-13,Online Store,65.59
23895152,39-396-176-959,V-229-1987,Store_2388,2022-02-13,Online Store,66.99
23895152,39-396-176-959,A-223-1995,Store_2388,2022-02-13,Online Store,32.59
23895152,39-396-176-959,C-256-1999,Store_2388,2022-02-13,Online Store,85.99
23895152,39-396-176-959,B-280-2000,Store_2388,2022-02-13,Online Store,69.99
23895153,39-396-176-959,Z-130-2013,Store_2366,2022-06-25,Online Store,97.59
23895153,39-396-176-959,B-151-2013,Store_2366,2022-06-25,Online Store,73.59
23895153,39-396-176-959,N-151-1991,Store_2366,2022-06-25,Online Store,41.59
23895153,39-396-176-959,F-151-1984,Store_2366,2022-06-25,Online Store,86.59
23895153,39-396-176-959,Z-043-2010,Store_2366,2022-06-25,Online Store,100.99
23895153,39-396-176-959,I-175-1990,Store_2366,2022-06-25,Online Store,68.59
23895153,39-396-176-959,A-199-1991,Store_2366,2022-06-25,Online Store,46.99
23895153,39-396-176-959,Q-217-2006,Store_2366,2022-06-25,Online Store,78.59
23895154,39-396-176-959,C-070-1987,Store_2349,2022-10-01,Online Store,80.99
23895154,39-396-176-959,A-082-1981,Store_2349,2022-10-01,Online Store,71.99
23895154,39-396-176-959,Z-187-2009,Store_2349,2022-10-01,Online Store,71.99
23895154,39-396-176-959,I-268-1995,Store_2349,2022-10-01,Online Store,66.99
23895155,39-396-176-959,I-193-2011,Store_2401,2022-09-24,Onsite Store,37.59
23895155,39-396-176-959,J-211-2018,Store_2401,2022-09-24,Onsite Store,59.99
23895155,39-396-176-959,A-109-2014,Store_2401,2022-09-24,Onsite Store,116.99
23895155,39-396-176-959,W-112-1999,Store_2401,2022-09-24,Onsite Store,92.99
23895155,39-396-176-959,N-139-1995,Store_2401,2022-09-24,Onsite Store,109.59
23895155,39-396-176-959,N-160-2009,Store_2401,2022-09-24,Onsite Store,58.59
23895155,39-396-176-959,C-220-1988,Store_2401,2022-09-24,Onsite Store,60.99
23895156,39-396-176-959,F-262-2013,Store_2349,2022-02-05,Online Store,38.59
23895157,39-396-176-959,V-202-2003,Store_2394,2022-01-14,Online Store,69.59
23895157,39-396-176-959,Q-058-2001,Store_2394,2022-01-14,Online Store,55.99
23895157,39-396-176-959,A-160-2006,Store_2394,2022-01-14,Online Store,36.99
23895157,39-396-176-959,J-229-1985,Store_2394,2022-01-14,Online Store,26.59
23895158,39-396-176-959,C-139-1988,Store_2352,2022-03-04,Online Store,57.59
23895158,39-396-176-959,G-091-2004,Store_2352,2022-03-04,Online Store,25.59
23895158,39-396-176-959,J-091-2013,Store_2352,2022-03-04,Online Store,96.59
23895158,39-396-176-959,J-040-1992,Store_2352,2022-03-04,Online Store,65.99
23895158,39-396-176-959,F-169-1988,Store_2352,2022-03-04,Online Store,25.99
23895159,39-396-176-959,G-151-2014,Store_2412,2022-06-06,Onsite Store,70.99
23895159,39-396-176-959,J-172-1994,Store_2412,2022-06-06,Onsite Store,59.59
23895159,39-396-176-959,Q-289-2001,Store_2412,2022-06-06,Onsite Store,44.59
23895159,39-396-176-959,B-004-2012,Store_2412,2022-06-06,Onsite Store,57.59
23895159,39-396-176-959,A-046-2018,Store_2412,2022-06-06,Onsite Store,82.59
23895159,39-396-176-959,V-070-2001,Store_2412,2022-06-06,Onsite Store,103.59
23895159,39-396-176-959,I-223-2006,Store_2412,2022-06-06,Onsite Store,89.59
23895159,39-396-176-959,C-274-1985,Store_2412,2022-06-06,Onsite Store,48.99
23895160,50-503-271-385,V-268-2015,Store_2421,2022-12-20,Onsite Store,92.99
23895160,50-503-271-385,J-268-2013,Store_2421,2022-12-20,Onsite Store,71.59
23895160,50-503-271-385,B-004-1989,Store_2421,2022-12-20,Onsite Store,57.59
23895160,50-503-271-385,V-286-2010,Store_2421,2022-12-20,Onsite Store,51.59
23895161,50-503-271-385,H-208-1986,Store_2464,2022-05-22,Onsite Store,88.59
23895161,50-503-271-385,F-073-2002,Store_2464,2022-05-22,Onsite Store,52.99
23895161,50-503-271-385,I-022-2018,Store_2464,2022-05-22,Onsite Store,30.99
23895161,50-503-271-385,W-052-2010,Store_2464,2022-05-22,Onsite Store,70.99
23895161,50-503-271-385,A-295-1997,Store_2464,2022-05-22,Onsite Store,41.99
23895162,50-503-271-385,J-145-1994,Store_2447,2022-03-12,Onsite Store,71.99
23895162,50-503-271-385,Q-097-2001,Store_2447,2022-03-12,Onsite Store,108.59
23895162,50-503-271-385,G-178-2007,Store_2447,2022-03-12,Onsite Store,88.99
23895162,50-503-271-385,G-160-2016,Store_2447,2022-03-12,Onsite Store,34.99
23895162,50-503-271-385,A-010-1980,Store_2447,2022-03-12,Onsite Store,18.59
23895162,50-503-271-385,H-115-1991,Store_2447,2022-03-12,Onsite Store,52.99
23895162,50-503-271-385,Z-082-2010,Store_2447,2022-03-12,Onsite Store,136.59
23895163,50-503-271-385,G-055-2004,Store_2438,2022-04-01,Onsite Store,33.59
23895163,50-503-271-385,C-043-1992,Store_2438,2022-04-01,Onsite Store,17.59
23895163,50-503-271-385,W-166-2016,Store_2438,2022-04-01,Onsite Store,54.59
23895164,50-503-271-385,N-070-1988,Store_2362,2022-06-23,Online Store,73.99
23895164,50-503-271-385,C-211-2007,Store_2362,2022-06-23,Online Store,62.99
23895164,50-503-271-385,A-052-1994,Store_2362,2022-06-23,Online Store,126.99
23895164,50-503-271-385,Q-262-1995,Store_2362,2022-06-23,Online Store,92.59
23895164,50-503-271-385,J-109-2004,Store_2362,2022-06-23,Online Store,76.99
23895164,50-503-271-385,F-193-1985,Store_2362,2022-06-23,Online Store,88.99
23895165,50-503-271-385,I-133-1981,Store_2477,2022-07-18,Onsite Store,65.99
23895165,50-503-271-385,C-232-2010,Store_2477,2022-07-18,Onsite Store,20.99
23895166,50-503-271-385,B-004-1993,Store_2372,2022-03-04,Online Store,51.99
23895166,50-503-271-385,A-220-1998,Store_2372,2022-03-04,Online Store,50.59
23895167,50-503-271-385,Q-265-1995,Store_2388,2022-03-30,Online Store,70.99
23895167,50-503-271-385,F-229-2012,Store_2388,2022-03-30,Online Store,48.99
23895167,50-503-271-385,N-028-2000,Store_2388,2022-03-30,Online Store,31.99
23895167,50-503-271-385,Q-037-2013,Store_2388,2022-03-30,Online Store,22.99
23895167,50-503-271-385,C-175-2014,Store_2388,2022-03-30,Online Store,64.59
23895168,50-503-271-385,V-187-1993,Store_2368,2022-08-24,Online Store,55.59
23895168,50-503-271-385,Q-028-1984,Store_2368,2022-08-24,Online Store,58.99
23895168,50-503-271-385,V-079-2002,Store_2368,2022-08-24,Online Store,99.99
23895168,50-503-271-385,C-145-2006,Store_2368,2022-08-24,Online Store,60.59
23895168,50-503-271-385,F-298-1983,Store_2368,2022-08-24,Online Store,82.99
23895168,50-503-271-385,I-187-1986,Store_2368,2022-08-24,Online Store,155.99
23895168,50-503-271-385,F-292-2002,Store_2368,2022-08-24,Online Store,54.99
23895168,50-503-271-385,J-061-2004,Store_2368,2022-08-24,Online Store,120.99
23895169,19-197-381-689,F-274-1986,Store_2349,2022-07-06,Online Store,86.99
23895169,19-197-381-689,N-253-2009,Store_2349,2022-07-06,Online Store,31.99
23895169,19-197-381-689,C-151-2016,Store_2349,2022-07-06,Online Store,76.99
23895169,19-197-381-689,W-289-1993,Store_2349,2022-07-06,Online Store,63.99
23895169,19-197-381-689,Q-100-2012,Store_2349,2022-07-06,Online Store,78.99
23895169,19-197-381-689,C-145-1997,Store_2349,2022-07-06,Online Store,34.59
23895169,19-197-381-689,Q-079-1985,Store_2349,2022-07-06,Online Store,60.59
23895169,19-197-381-689,C-130-1982,Store_2349,2022-07-06,Online Store,61.99
23895169,19-197-381-689,B-124-1987,Store_2349,2022-07-06,Online Store,89.99
23895169,19-197-381-689,B-298-1997,Store_2349,2022-07-06,Online Store,95.99
23895170,19-197-381-689,W-058-2016,Store_2476,2022-12-06,Onsite Store,58.99
23895170,19-197-381-689,A-022-1987,Store_2476,2022-12-06,Onsite Store,18.59
23895170,19-197-381-689,N-064-1993,Store_2476,2022-12-06,Onsite Store,35.99
23895170,19-197-381-689,C-070-2003,Store_2476,2022-12-06,Onsite Store,71.59
23895170,19-197-381-689,C-085-1996,Store_2476,2022-12-06,Onsite Store,65.59
23895170,19-197-381-689,Q-268-2017,Store_2476,2022-12-06,Onsite Store,142.59
23895170,19-197-381-689,H-043-2003,Store_2476,2022-12-06,Onsite Store,66.99
23895170,19-197-381-689,H-103-2004,Store_2476,2022-12-06,Onsite Store,23.99
23895170,19-197-381-689,B-130-1998,Store_2476,2022-12-06,Onsite Store,41.99
23895171,19-197-381-689,B-133-2007,Store_2365,2022-06-20,Online Store,85.99
23895171,19-197-381-689,C-085-1985,Store_2365,2022-06-20,Online Store,77.99
23895171,19-197-381-689,A-178-1988,Store_2365,2022-06-20,Online Store,96.59
23895171,19-197-381-689,G-166-1990,Store_2365,2022-06-20,Online Store,55.99
23895171,19-197-381-689,G-295-1987,Store_2365,2022-06-20,Online Store,99.59
23895171,19-197-381-689,H-037-2001,Store_2365,2022-06-20,Online Store,106.99
23895171,19-197-381-689,H-046-2016,Store_2365,2022-06-20,Online Store,100.99
23895172,19-197-381-689,F-283-2006,Store_2464,2022-01-15,Onsite Store,93.99
23895172,19-197-381-689,J-217-2004,Store_2464,2022-01-15,Onsite Store,75.99
23895172,19-197-381-689,F-202-2018,Store_2464,2022-01-15,Onsite Store,77.99
23895172,19-197-381-689,V-121-2002,Store_2464,2022-01-15,Onsite Store,82.59
23895172,19-197-381-689,Q-217-1995,Store_2464,2022-01-15,Onsite Store,60.99
23895172,19-197-381-689,I-214-2014,Store_2464,2022-01-15,Onsite Store,35.99
23895172,19-197-381-689,G-298-1984,Store_2464,2022-01-15,Onsite Store,63.99
23895172,19-197-381-689,H-136-1980,Store_2464,2022-01-15,Onsite Store,74.59
23895172,19-197-381-689,V-220-1995,Store_2464,2022-01-15,Onsite Store,52.99
23895172,19-197-381-689,Q-196-2011,Store_2464,2022-01-15,Onsite Store,71.59
23895172,19-197-381-689,V-127-2011,Store_2464,2022-01-15,Onsite Store,67.59
23895172,19-197-381-689,Q-085-1980,Store_2464,2022-01-15,Onsite Store,75.99
23895172,19-197-381-689,A-241-2003,Store_2464,2022-01-15,Onsite Store,55.99
23895173,19-197-381-689,N-010-2003,Store_2398,2022-03-17,Onsite Store,71.59
23895173,19-197-381-689,B-142-1996,Store_2398,2022-03-17,Onsite Store,79.99
23895173,19-197-381-689,A-256-1999,Store_2398,2022-03-17,Onsite Store,98.99
23895174,19-197-381-689,A-046-1995,Store_2412,2022-07-27,Onsite Store,54.59
23895174,19-197-381-689,W-196-2005,Store_2412,2022-07-27,Onsite Store,118.59
23895174,19-197-381-689,G-043-2006,Store_2412,2022-07-27,Onsite Store,58.99
23895174,19-197-381-689,F-166-1990,Store_2412,2022-07-27,Onsite Store,43.59
23895174,19-197-381-689,I-157-1989,Store_2412,2022-07-27,Onsite Store,110.99
23895174,19-197-381-689,A-298-1999,Store_2412,2022-07-27,Onsite Store,55.59
23895174,19-197-381-689,I-148-1993,Store_2412,2022-07-27,Onsite Store,56.59
23895174,19-197-381-689,J-040-1987,Store_2412,2022-07-27,Onsite Store,48.99
23895174,19-197-381-689,A-226-1995,Store_2412,2022-07-27,Onsite Store,88.59
23895175,19-197-381-689,B-031-1983,Store_2380,2022-12-22,Online Store,34.59
23895175,19-197-381-689,I-196-1994,Store_2380,2022-12-22,Online Store,37.59
23895175,19-197-381-689,Q-157-2003,Store_2380,2022-12-22,Online Store,91.59
23895175,19-197-381-689,V-061-1987,Store_2380,2022-12-22,Online Store,40.99
23895176,19-197-381-689,I-184-2014,Store_2471,2022-12-21,Onsite Store,104.99
23895176,19-197-381-689,J-196-2010,Store_2471,2022-12-21,Onsite Store,75.59
23895177,19-197-381-689,Z-292-1986,Store_2454,2022-07-11,Onsite Store,113.59
23895177,19-197-381-689,F-004-2016,Store_2454,2022-07-11,Onsite Store,90.99
23895177,19-197-381-689,Q-166-2018,Store_2454,2022-07-11,Onsite Store,92.99
23895177,19-197-381-689,F-262-1989,Store_2454,2022-07-11,Onsite Store,69.59
23895177,19-197-381-689,I-130-1990,Store_2454,2022-07-11,Onsite Store,30.99
23895177,19-197-381-689,Z-202-2011,Store_2454,2022-07-11,Onsite Store,93.59
23895177,19-197-381-689,V-163-1985,Store_2454,2022-07-11,Onsite Store,106.99
23895177,19-197-381-689,B-112-2007,Store_2454,2022-07-11,Onsite Store,70.99
23895177,19-197-381-689,F-157-1997,Store_2454,2022-07-11,Onsite Store,23.59
23895177,19-197-381-689,G-217-1991,Store_2454,2022-07-11,Onsite Store,91.99
23895178,72-723-529-356,J-037-2001,Store_2393,2022-10-08,Online Store,56.59
23895178,72-723-529-356,J-235-2016,Store_2393,2022-10-08,Online Store,61.59
23895178,72-723-529-356,F-043-2007,Store_2393,2022-10-08,Online Store,77.99
23895178,72-723-529-356,B-226-1999,Store_2393,2022-10-08,Online Store,34.59
23895178,72-723-529-356,A-106-1981,Store_2393,2022-10-08,Online Store,115.59
23895178,72-723-529-356,H-298-2017,Store_2393,2022-10-08,Online Store,58.59
23895178,72-723-529-356,N-025-1980,Store_2393,2022-10-08,Online Store,28.99
23895179,72-723-529-356,C-157-2005,Store_2353,2022-10-03,Online Store,54.59
23895179,72-723-529-356,W-154-1992,Store_2353,2022-10-03,Online Store,84.99
23895179,72-723-529-356,A-064-2010,Store_2353,2022-10-03,Online Store,46.59
23895180,72-723-529-356,W-091-2004,Store_2448,2022-05-30,Onsite Store,65.59
23895180,72-723-529-356,J-211-1996,Store_2448,2022-05-30,Onsite Store,32.99
23895180,72-723-529-356,J-220-1985,Store_2448,2022-05-30,Onsite Store,51.59
23895180,72-723-529-356,Z-079-2007,Store_2448,2022-05-30,Onsite Store,67.99
23895180,72-723-529-356,Q-151-2000,Store_2448,2022-05-30,Onsite Store,83.99
23895180,72-723-529-356,H-289-1989,Store_2448,2022-05-30,Onsite Store,34.99
23895181,72-723-529-356,C-208-1987,Store_2385,2022-02-28,Online Store,53.59
23895181,72-723-529-356,W-226-1995,Store_2385,2022-02-28,Online Store,59.99
23895181,72-723-529-356,G-256-1991,Store_2385,2022-02-28,Online Store,89.99
23895181,72-723-529-356,N-007-2007,Store_2385,2022-02-28,Online Store,61.99
23895181,72-723-529-356,A-187-2004,Store_2385,2022-02-28,Online Store,41.59
23895181,72-723-529-356,J-121-1993,Store_2385,2022-02-28,Online Store,54.99
23895181,72-723-529-356,B-025-1986,Store_2385,2022-02-28,Online Store,45.59
23895181,72-723-529-356,N-283-2007,Store_2385,2022-02-28,Online Store,67.59
23895181,72-723-529-356,Q-256-2010,Store_2385,2022-02-28,Online Store,96.59
23895181,72-723-529-356,G-094-1984,Store_2385,2022-02-28,Online Store,48.59
23895181,72-723-529-356,G-103-1995,Store_2385,2022-02-28,Online Store,103.59
23895182,72-723-529-356,I-229-2005,Store_2396,2022-04-09,Online Store,61.99
23895182,72-723-529-356,C-100-1989,Store_2396,2022-04-09,Online Store,100.59
23895182,72-723-529-356,G-181-2003,Store_2396,2022-04-09,Online Store,74.99
23895182,72-723-529-356,G-259-1984,Store_2396,2022-04-09,Online Store,68.99
23895182,72-723-529-356,C-118-1983,Store_2396,2022-04-09,Online Store,76.99
23895182,72-723-529-356,G-094-1980,Store_2396,2022-04-09,Online Store,89.59
23895182,72-723-529-356,F-019-1998,Store_2396,2022-04-09,Online Store,100.99
23895182,72-723-529-356,N-259-2014,Store_2396,2022-04-09,Online Store,104.99
23895182,72-723-529-356,Q-199-1991,Store_2396,2022-04-09,Online Store,74.99
23895183,72-723-529-356,N-283-2001,Store_2423,2022-10-22,Onsite Store,22.99
23895183,72-723-529-356,Z-058-2003,Store_2423,2022-10-22,Onsite Store,28.59
23895183,72-723-529-356,N-139-1989,Store_2423,2022-10-22,Onsite Store,103.99
23895183,72-723-529-356,W-088-2018,Store_2423,2022-10-22,Onsite Store,82.59
23895183,72-723-529-356,Z-064-1987,Store_2423,2022-10-22,Onsite Store,52.99
23895183,72-723-529-356,V-211-2003,Store_2423,2022-10-22,Onsite Store,83.99
23895184,72-723-529-356,B-256-1996,Store_2449,2022-09-13,Onsite Store,86.99
23895184,72-723-529-356,F-286-2003,Store_2449,2022-09-13,Onsite Store,75.59
23895184,72-723-529-356,H-214-2009,Store_2449,2022-09-13,Onsite Store,94.59
23895185,72-723-529-356,Z-214-1985,Store_2427,2022-11-28,Onsite Store,89.99
23895185,72-723-529-356,V-283-2004,Store_2427,2022-11-28,Onsite Store,141.59
23895185,72-723-529-356,N-022-2011,Store_2427,2022-11-28,Onsite Store,52.59
23895185,72-723-529-356,H-067-1985,Store_2427,2022-11-28,Onsite Store,77.99
23895185,72-723-529-356,A-205-2018,Store_2427,2022-11-28,Onsite Store,43.99
23895185,72-723-529-356,Z-265-2018,Store_2427,2022-11-28,Onsite Store,90.99
23895185,72-723-529-356,Z-262-2007,Store_2427,2022-11-28,Onsite Store,56.99
23895186,72-723-529-356,W-265-1983,Store_2427,2022-12-16,Onsite Store,86.59
23895186,72-723-529-356,A-187-1999,Store_2427,2022-12-16,Onsite Store,105.99
23895186,72-723-529-356,H-070-1980,Store_2427,2022-12-16,Onsite Store,87.99
23895186,72-723-529-356,N-085-1992,Store_2427,2022-12-16,Onsite Store,119.59
23895186,72-723-529-356,G-043-1996,Store_2427,2022-12-16,Onsite Store,40.59
23895186,72-723-529-356,F-154-2018,Store_2427,2022-12-16,Onsite Store,28.99
23895187,48-484-318-274,H-166-1980,Store_2457,2022-02-08,Onsite Store,58.99
23895187,48-484-318-274,A-292-2002,Store_2457,2022-02-08,Onsite Store,70.99
23895187,48-484-318-274,I-028-1984,Store_2457,2022-02-08,Onsite Store,76.99
23895187,48-484-318-274,W-184-1998,Store_2457,2022-02-08,Onsite Store,30.99
23895187,48-484-318-274,B-100-1992,Store_2457,2022-02-08,Onsite Store,86.99
23895187,48-484-318-274,V-073-2002,Store_2457,2022-02-08,Onsite Store,56.59
23895187,48-484-318-274,V-064-2011,Store_2457,2022-02-08,Onsite Store,78.59
23895187,48-484-318-274,J-058-1982,Store_2457,2022-02-08,Onsite Store,97.99
23895187,48-484-318-274,G-022-1990,Store_2457,2022-02-08,Onsite Store,86.99
23895187,48-484-318-274,J-100-1988,Store_2457,2022-02-08,Onsite Store,86.99
23895188,48-484-318-274,A-091-1992,Store_2353,2022-03-26,Online Store,49.59
23895188,48-484-318-274,A-034-2016,Store_2353,2022-03-26,Online Store,102.99
23895188,48-484-318-274,F-142-2013,Store_2353,2022-03-26,Online Store,44.59
23895188,48-484-318-274,N-109-1982,Store_2353,2022-03-26,Online Store,64.99
23895189,48-484-318-274,C-205-1986,Store_2474,2022-11-03,Onsite Store,32.99
23895189,48-484-318-274,V-052-1998,Store_2474,2022-11-03,Onsite Store,49.59
23895189,48-484-318-274,G-142-1992,Store_2474,2022-11-03,Onsite Store,89.99
23895189,48-484-318-274,A-166-2016,Store_2474,2022-11-03,Onsite Store,25.99
23895189,48-484-318-274,A-049-2005,Store_2474,2022-11-03,Onsite Store,71.99
23895190,48-484-318-274,C-280-1991,Store_2462,2022-06-29,Onsite Store,93.59
23895190,48-484-318-274,Z-052-1995,Store_2462,2022-06-29,Onsite Store,90.59
23895190,48-484-318-274,B-061-1993,Store_2462,2022-06-29,Onsite Store,86.59
23895190,48-484-318-274,I-115-1994,Store_2462,2022-06-29,Onsite Store,59.59
23895190,48-484-318-274,A-160-2001,Store_2462,2022-06-29,Onsite Store,67.59
23895190,48-484-318-274,J-070-2011,Store_2462,2022-06-29,Onsite Store,69.59
23895190,48-484-318-274,V-256-1984,Store_2462,2022-06-29,Onsite Store,141.59
23895190,48-484-318-274,Z-271-1984,Store_2462,2022-06-29,Onsite Store,64.59
23895190,48-484-318-274,Z-286-1995,Store_2462,2022-06-29,Onsite Store,77.99
23895191,48-484-318-274,G-169-2002,Store_2416,2022-10-25,Onsite Store,44.99
23895191,48-484-318-274,H-298-2014,Store_2416,2022-10-25,Onsite Store,55.59
23895191,48-484-318-274,I-091-1992,Store_2416,2022-10-25,Onsite Store,52.59
23895191,48-484-318-274,I-262-2008,Store_2416,2022-10-25,Onsite Store,68.59
23895192,48-484-318-274,A-097-2016,Store_2448,2022-04-27,Onsite Store,65.59
23895192,48-484-318-274,V-010-2008,Store_2448,2022-04-27,Onsite Store,45.59
23895192,48-484-318-274,N-061-2017,Store_2448,2022-04-27,Onsite Store,105.99
23895192,48-484-318-274,J-121-1981,Store_2448,2022-04-27,Onsite Store,48.59
23895192,48-484-318-274,I-016-1993,Store_2448,2022-04-27,Onsite Store,19.59
23895193,48-484-318-274,J-124-2014,Store_2408,2022-05-22,Onsite Store,24.99
23895193,48-484-318-274,A-037-2008,Store_2408,2022-05-22,Onsite Store,100.59
23895193,48-484-318-274,W-082-2011,Store_2408,2022-05-22,Onsite Store,23.99
23895194,48-484-318-274,J-106-1985,Store_2416,2022-12-16,Onsite Store,38.99
23895194,48-484-318-274,Z-283-1989,Store_2416,2022-12-16,Onsite Store,53.99
23895194,48-484-318-274,C-250-1997,Store_2416,2022-12-16,Onsite Store,50.99
23895194,48-484-318-274,Q-217-1989,Store_2416,2022-12-16,Onsite Store,69.99
23895194,48-484-318-274,G-040-1989,Store_2416,2022-12-16,Onsite Store,30.99
23895194,48-484-318-274,Z-229-1982,Store_2416,2022-12-16,Onsite Store,85.59
23895194,48-484-318-274,C-229-1992,Store_2416,2022-12-16,Onsite Store,78.59
23895194,48-484-318-274,Q-106-2004,Store_2416,2022-12-16,Onsite Store,38.99
23895194,48-484-318-274,N-211-2003,Store_2416,2022-12-16,Onsite Store,47.59
23895194,48-484-318-274,G-076-1999,Store_2416,2022-12-16,Onsite Store,62.99
23895195,48-484-318-274,A-271-2005,Store_2420,2022-06-01,Onsite Store,91.99
23895195,48-484-318-274,Q-025-2001,Store_2420,2022-06-01,Onsite Store,46.59
23895195,48-484-318-274,W-148-1988,Store_2420,2022-06-01,Onsite Store,58.59
23895195,48-484-318-274,F-103-1993,Store_2420,2022-06-01,Onsite Store,65.59
23895196,66-666-371-719,Z-043-1988,Store_2434,2022-10-04,Onsite Store,61.99
23895196,66-666-371-719,B-031-2009,Store_2434,2022-10-04,Onsite Store,60.99
23895196,66-666-371-719,Q-037-1997,Store_2434,2022-10-04,Onsite Store,109.59
23895196,66-666-371-719,Z-298-2014,Store_2434,2022-10-04,Onsite Store,73.59
23895196,66-666-371-719,J-163-2010,Store_2434,2022-10-04,Onsite Store,78.59
23895196,66-666-371-719,H-271-1996,Store_2434,2022-10-04,Onsite Store,100.59
23895197,66-666-371-719,F-097-2018,Store_2392,2022-10-24,Online Store,84.99
23895197,66-666-371-719,G-091-2011,Store_2392,2022-10-24,Online Store,97.59
23895197,66-666-371-719,H-052-1987,Store_2392,2022-10-24,Online Store,120.59
23895198,66-666-371-719,W-094-2006,Store_2390,2022-03-23,Online Store,51.99
23895198,66-666-371-719,Q-217-2015,Store_2390,2022-03-23,Online Store,76.99
23895198,66-666-371-719,N-292-2010,Store_2390,2022-03-23,Online Store,68.59
23895198,66-666-371-719,H-094-2010,Store_2390,2022-03-23,Online Store,74.99
23895198,66-666-371-719,H-271-1983,Store_2390,2022-03-23,Online Store,94.59
23895198,66-666-371-719,F-283-2006,Store_2390,2022-03-23,Online Store,93.99
23895198,66-666-371-719,G-115-1990,Store_2390,2022-03-23,Online Store,120.59
23895199,66-666-371-719,A-049-2014,Store_2373,2022-03-13,Online Store,61.59
23895199,66-666-371-719,J-049-1996,Store_2373,2022-03-13,Online Store,49.99
23895199,66-666-371-719,G-265-1984,Store_2373,2022-03-13,Online Store,20.99
23895199,66-666-371-719,B-082-2000,Store_2373,2022-03-13,Online Store,73.99
23895200,66-666-371-719,V-064-2007,Store_2390,2022-03-27,Online Store,55.99
23895200,66-666-371-719,B-019-1995,Store_2390,2022-03-27,Online Store,35.59
23895200,66-666-371-719,B-013-2018,Store_2390,2022-03-27,Online Store,79.59
23895200,66-666-371-719,A-130-2015,Store_2390,2022-03-27,Online Store,46.99
23895200,66-666-371-719,C-190-1989,Store_2390,2022-03-27,Online Store,17.59
23895200,66-666-371-719,C-154-2012,Store_2390,2022-03-27,Online Store,37.99
23895201,66-666-371-719,Q-163-2016,Store_2413,2022-07-23,Onsite Store,60.59
23895201,66-666-371-719,I-034-2015,Store_2413,2022-07-23,Onsite Store,43.99
23895202,66-666-371-719,G-115-1986,Store_2354,2022-07-16,Online Store,43.99
23895202,66-666-371-719,Z-256-2001,Store_2354,2022-07-16,Online Store,85.99
23895202,66-666-371-719,H-292-2011,Store_2354,2022-07-16,Online Store,23.99
23895203,66-666-371-719,B-097-2005,Store_2430,2022-05-18,Onsite Store,10.99
23895203,66-666-371-719,C-136-1981,Store_2430,2022-05-18,Onsite Store,61.59
23895203,66-666-371-719,B-295-1984,Store_2430,2022-05-18,Onsite Store,69.59
23895204,66-666-371-719,N-055-2015,Store_2457,2022-10-15,Onsite Store,73.59
23895204,66-666-371-719,I-241-2010,Store_2457,2022-10-15,Onsite Store,18.99
23895204,66-666-371-719,A-232-2012,Store_2457,2022-10-15,Onsite Store,62.59
23895204,66-666-371-719,H-100-2009,Store_2457,2022-10-15,Onsite Store,91.99
23895204,66-666-371-719,G-031-1997,Store_2457,2022-10-15,Onsite Store,102.59
23895204,66-666-371-719,J-202-2003,Store_2457,2022-10-15,Onsite Store,46.59
23895204,66-666-371-719,H-238-2013,Store_2457,2022-10-15,Onsite Store,70.59
23895204,66-666-371-719,F-079-2016,Store_2457,2022-10-15,Onsite Store,85.59
23895204,66-666-371-719,N-262-2009,Store_2457,2022-10-15,Onsite Store,60.99
23895204,66-666-371-719,B-181-2006,Store_2457,2022-10-15,Onsite Store,45.99
23895205,26-262-275-824,N-001-1994,Store_2453,2022-05-25,Onsite Store,105.99
23895205,26-262-275-824,N-280-2001,Store_2453,2022-05-25,Onsite Store,7.99
23895205,26-262-275-824,A-241-1988,Store_2453,2022-05-25,Onsite Store,47.99
23895205,26-262-275-824,J-103-2009,Store_2453,2022-05-25,Onsite Store,56.99
23895205,26-262-275-824,C-247-1985,Store_2453,2022-05-25,Onsite Store,57.59
23895205,26-262-275-824,Z-226-1992,Store_2453,2022-05-25,Onsite Store,77.99
23895205,26-262-275-824,Q-295-1981,Store_2453,2022-05-25,Onsite Store,38.59
23895205,26-262-275-824,J-172-1984,Store_2453,2022-05-25,Onsite Store,106.99
23895205,26-262-275-824,F-097-2013,Store_2453,2022-05-25,Onsite Store,81.99
23895205,26-262-275-824,G-181-1999,Store_2453,2022-05-25,Onsite Store,51.99
23895205,26-262-275-824,A-103-2017,Store_2453,2022-05-25,Onsite Store,49.59
23895205,26-262-275-824,A-259-1991,Store_2453,2022-05-25,Onsite Store,56.59
23895206,26-262-275-824,G-184-1987,Store_2371,2022-01-20,Online Store,63.99
23895206,26-262-275-824,Z-211-1985,Store_2371,2022-01-20,Online Store,74.59
23895206,26-262-275-824,I-091-1991,Store_2371,2022-01-20,Online Store,98.99
23895206,26-262-275-824,B-190-2004,Store_2371,2022-01-20,Online Store,65.59
23895206,26-262-275-824,I-175-1985,Store_2371,2022-01-20,Online Store,62.99
23895206,26-262-275-824,F-082-1988,Store_2371,2022-01-20,Online Store,88.99
23895206,26-262-275-824,F-298-1987,Store_2371,2022-01-20,Online Store,55.59
23895207,26-262-275-824,V-025-1988,Store_2351,2022-04-17,Online Store,78.59
23895207,26-262-275-824,B-124-2015,Store_2351,2022-04-17,Online Store,95.59
23895207,26-262-275-824,B-115-1988,Store_2351,2022-04-17,Online Store,16.99
23895207,26-262-275-824,C-079-2011,Store_2351,2022-04-17,Online Store,117.99
23895208,26-262-275-824,N-238-1984,Store_2431,2022-12-18,Onsite Store,94.59
23895208,26-262-275-824,V-265-2002,Store_2431,2022-12-18,Onsite Store,41.59
23895208,26-262-275-824,I-274-1990,Store_2431,2022-12-18,Onsite Store,85.99
23895208,26-262-275-824,I-109-1997,Store_2431,2022-12-18,Onsite Store,58.59
23895208,26-262-275-824,N-103-2000,Store_2431,2022-12-18,Onsite Store,67.59
23895208,26-262-275-824,Z-085-1994,Store_2431,2022-12-18,Onsite Store,90.99
23895208,26-262-275-824,V-094-2017,Store_2431,2022-12-18,Onsite Store,45.99
23895208,26-262-275-824,B-202-2010,Store_2431,2022-12-18,Onsite Store,78.99
23895209,26-262-275-824,N-031-2003,Store_2444,2022-05-12,Onsite Store,96.59
23895209,26-262-275-824,N-202-1980,Store_2444,2022-05-12,Onsite Store,53.59
23895209,26-262-275-824,H-142-1985,Store_2444,2022-05-12,Onsite Store,100.99
23895209,26-262-275-824,B-064-1984,Store_2444,2022-05-12,Onsite Store,76.99
23895210,26-262-275-824,B-028-2002,Store_2351,2022-10-12,Online Store,63.59
23895210,26-262-275-824,F-259-1986,Store_2351,2022-10-12,Online Store,96.59
23895210,26-262-275-824,W-028-1991,Store_2351,2022-10-12,Online Store,80.59
23895210,26-262-275-824,C-142-2005,Store_2351,2022-10-12,Online Store,104.99
23895210,26-262-275-824,V-136-2006,Store_2351,2022-10-12,Online Store,58.99
23895210,26-262-275-824,B-163-2005,Store_2351,2022-10-12,Online Store,71.99
23895211,26-262-275-824,B-004-2010,Store_2412,2022-03-28,Onsite Store,45.59
23895211,26-262-275-824,H-172-1990,Store_2412,2022-03-28,Onsite Store,55.59
23895211,26-262-275-824,A-151-1989,Store_2412,2022-03-28,Onsite Store,87.99
23895211,26-262-275-824,I-223-2002,Store_2412,2022-03-28,Onsite Store,56.59
23895211,26-262-275-824,N-172-1986,Store_2412,2022-03-28,Onsite Store,53.99
23895212,26-262-275-824,F-283-1996,Store_2474,2022-12-08,Onsite Store,63.59
23895212,26-262-275-824,W-085-2013,Store_2474,2022-12-08,Onsite Store,45.99
23895213,26-262-275-824,B-106-1987,Store_2357,2022-12-22,Online Store,27.99
23895213,26-262-275-824,F-175-1998,Store_2357,2022-12-22,Online Store,74.59
23895213,26-262-275-824,F-139-1983,Store_2357,2022-12-22,Online Store,40.59
23895213,26-262-275-824,A-016-1990,Store_2357,2022-12-22,Online Store,36.59
23895213,26-262-275-824,H-061-1991,Store_2357,2022-12-22,Online Store,70.59
23895213,26-262-275-824,C-091-2005,Store_2357,2022-12-22,Online Store,62.59
23895213,26-262-275-824,H-064-1993,Store_2357,2022-12-22,Online Store,84.99
23895213,26-262-275-824,G-100-2008,Store_2357,2022-12-22,Online Store,83.99
23895214,27-271-983-899,B-229-2000,Store_2471,2022-02-08,Onsite Store,52.99
23895214,27-271-983-899,G-208-2000,Store_2471,2022-02-08,Onsite Store,47.59
23895214,27-271-983-899,B-025-2010,Store_2471,2022-02-08,Onsite Store,55.99
23895214,27-271-983-899,H-193-2017,Store_2471,2022-02-08,Onsite Store,102.99
23895214,27-271-983-899,N-223-2009,Store_2471,2022-02-08,Onsite Store,90.99
23895214,27-271-983-899,W-124-1983,Store_2471,2022-02-08,Onsite Store,25.99
23895214,27-271-983-899,W-133-2003,Store_2471,2022-02-08,Onsite Store,96.99
23895215,27-271-983-899,W-028-2002,Store_2385,2022-01-15,Online Store,96.99
23895215,27-271-983-899,V-163-2004,Store_2385,2022-01-15,Online Store,28.59
23895215,27-271-983-899,N-295-2018,Store_2385,2022-01-15,Online Store,111.59
23895215,27-271-983-899,Q-118-1986,Store_2385,2022-01-15,Online Store,56.59
23895215,27-271-983-899,F-226-2007,Store_2385,2022-01-15,Online Store,55.99
23895215,27-271-983-899,H-157-2017,Store_2385,2022-01-15,Online Store,70.99
23895215,27-271-983-899,V-139-1985,Store_2385,2022-01-15,Online Store,67.99
23895215,27-271-983-899,G-184-2014,Store_2385,2022-01-15,Online Store,60.99
23895215,27-271-983-899,B-232-2008,Store_2385,2022-01-15,Online Store,85.59
23895216,27-271-983-899,V-274-1990,Store_2353,2022-10-07,Online Store,65.99
23895216,27-271-983-899,Z-154-1996,Store_2353,2022-10-07,Online Store,40.99
23895216,27-271-983-899,G-202-1989,Store_2353,2022-10-07,Online Store,67.99
23895216,27-271-983-899,N-040-1997,Store_2353,2022-10-07,Online Store,13.59
23895216,27-271-983-899,C-235-2015,Store_2353,2022-10-07,Online Store,60.99
23895216,27-271-983-899,Q-046-2002,Store_2353,2022-10-07,Online Store,52.59
23895216,27-271-983-899,C-019-2016,Store_2353,2022-10-07,Online Store,70.59
23895216,27-271-983-899,G-109-1999,Store_2353,2022-10-07,Online Store,79.99
23895216,27-271-983-899,C-067-1982,Store_2353,2022-10-07,Online Store,16.99
23895216,27-271-983-899,B-283-1993,Store_2353,2022-10-07,Online Store,42.59
23895216,27-271-983-899,W-040-1982,Store_2353,2022-10-07,Online Store,47.99
23895217,27-271-983-899,Z-211-2009,Store_2358,2022-02-06,Online Store,102.59
23895217,27-271-983-899,A-028-2008,Store_2358,2022-02-06,Online Store,69.59
23895217,27-271-983-899,V-103-1993,Store_2358,2022-02-06,Online Store,63.59
23895217,27-271-983-899,A-037-1997,Store_2358,2022-02-06,Online Store,96.59
23895218,27-271-983-899,F-253-2008,Store_2416,2022-04-03,Onsite Store,49.99
23895218,27-271-983-899,I-184-1998,Store_2416,2022-04-03,Onsite Store,30.59
23895219,27-271-983-899,J-283-2009,Store_2364,2022-05-18,Online Store,45.59
23895219,27-271-983-899,Z-295-2003,Store_2364,2022-05-18,Online Store,78.59
23895219,27-271-983-899,A-178-1989,Store_2364,2022-05-18,Online Store,69.99
23895219,27-271-983-899,I-142-1983,Store_2364,2022-05-18,Online Store,66.59
23895219,27-271-983-899,C-193-2001,Store_2364,2022-05-18,Online Store,14.99
23895219,27-271-983-899,J-235-2013,Store_2364,2022-05-18,Online Store,96.59
23895219,27-271-983-899,H-271-2013,Store_2364,2022-05-18,Online Store,56.59
23895219,27-271-983-899,H-073-1980,Store_2364,2022-05-18,Online Store,78.59
23895219,27-271-983-899,I-295-1995,Store_2364,2022-05-18,Online Store,117.99
23895219,27-271-983-899,Z-088-1991,Store_2364,2022-05-18,Online Store,13.99
23895220,27-271-983-899,W-277-2012,Store_2379,2022-09-26,Online Store,87.99
23895220,27-271-983-899,V-034-1986,Store_2379,2022-09-26,Online Store,89.59
23895220,27-271-983-899,I-265-2016,Store_2379,2022-09-26,Online Store,52.99
23895220,27-271-983-899,C-103-2009,Store_2379,2022-09-26,Online Store,55.99
23895220,27-271-983-899,N-214-2002,Store_2379,2022-09-26,Online Store,76.99
23895220,27-271-983-899,N-277-1996,Store_2379,2022-09-26,Online Store,70.59
23895220,27-271-983-899,H-004-1982,Store_2379,2022-09-26,Online Store,68.59
23895220,27-271-983-899,Z-040-1987,Store_2379,2022-09-26,Online Store,113.59
23895220,27-271-983-899,F-043-2012,Store_2379,2022-09-26,Online Store,74.99
23895220,27-271-983-899,I-265-2002,Store_2379,2022-09-26,Online Store,67.99
23895220,27-271-983-899,Z-055-2011,Store_2379,2022-09-26,Online Store,122.59
23895220,27-271-983-899,G-256-2017,Store_2379,2022-09-26,Online Store,80.59
23895220,27-271-983-899,Q-025-2009,Store_2379,2022-09-26,Online Store,65.59
23895220,27-271-983-899,C-121-2018,Store_2379,2022-09-26,Online Store,52.99
23895220,27-271-983-899,N-016-2003,Store_2379,2022-09-26,Online Store,70.59
23895220,27-271-983-899,B-283-1986,Store_2379,2022-09-26,Online Store,70.59
23895220,27-271-983-899,G-112-1996,Store_2379,2022-09-26,Online Store,108.99
23895220,27-271-983-899,G-199-1986,Store_2379,2022-09-26,Online Store,80.99
23895221,27-271-983-899,A-163-1983,Store_2376,2022-10-07,Online Store,29.59
23895221,27-271-983-899,F-154-2008,Store_2376,2022-10-07,Online Store,51.59
23895221,27-271-983-899,C-286-1991,Store_2376,2022-10-07,Online Store,107.59
23895221,27-271-983-899,G-112-1998,Store_2376,2022-10-07,Online Store,65.59
23895221,27-271-983-899,F-037-1990,Store_2376,2022-10-07,Online Store,66.99
23895222,27-271-983-899,A-166-2007,Store_2452,2022-10-13,Onsite Store,41.59
23895222,27-271-983-899,H-295-1995,Store_2452,2022-10-13,Onsite Store,44.59
23895222,27-271-983-899,F-190-2009,Store_2452,2022-10-13,Onsite Store,51.59
23895222,27-271-983-899,A-199-2001,Store_2452,2022-10-13,Onsite Store,43.99
23895222,27-271-983-899,A-121-1995,Store_2452,2022-10-13,Onsite Store,44.59
23895222,27-271-983-899,I-196-2014,Store_2452,2022-10-13,Onsite Store,51.59
23895222,27-271-983-899,V-004-1995,Store_2452,2022-10-13,Onsite Store,68.59
23895222,27-271-983-899,N-118-2001,Store_2452,2022-10-13,Onsite Store,54.99
23895222,27-271-983-899,N-145-1986,Store_2452,2022-10-13,Onsite Store,58.59
23895223,46-463-371-677,A-148-1996,Store_2351,2022-04-16,Online Store,61.59
23895223,46-463-371-677,W-115-2010,Store_2351,2022-04-16,Online Store,42.59
23895223,46-463-371-677,J-277-2004,Store_2351,2022-04-16,Online Store,42.99
23895223,46-463-371-677,Z-082-2016,Store_2351,2022-04-16,Online Store,72.99
23895223,46-463-371-677,I-022-2007,Store_2351,2022-04-16,Online Store,63.99
23895223,46-463-371-677,N-061-2013,Store_2351,2022-04-16,Online Store,86.99
23895223,46-463-371-677,B-232-1995,Store_2351,2022-04-16,Online Store,51.99
23895223,46-463-371-677,V-295-1991,Store_2351,2022-04-16,Online Store,41.59
23895223,46-463-371-677,G-229-2004,Store_2351,2022-04-16,Online Store,111.99
23895224,46-463-371-677,V-190-1982,Store_2383,2022-12-13,Online Store,66.99
23895224,46-463-371-677,Z-025-1992,Store_2383,2022-12-13,Online Store,54.99
23895224,46-463-371-677,V-067-1982,Store_2383,2022-12-13,Online Store,105.99
23895224,46-463-371-677,F-091-1994,Store_2383,2022-12-13,Online Store,71.59
23895224,46-463-371-677,J-286-1982,Store_2383,2022-12-13,Online Store,69.99
23895224,46-463-371-677,F-289-2004,Store_2383,2022-12-13,Online Store,86.59
23895225,46-463-371-677,H-064-2002,Store_2406,2022-06-19,Onsite Store,35.59
23895225,46-463-371-677,B-271-1992,Store_2406,2022-06-19,Onsite Store,65.59
23895225,46-463-371-677,W-181-1988,Store_2406,2022-06-19,Onsite Store,16.59
23895225,46-463-371-677,G-298-1987,Store_2406,2022-06-19,Onsite Store,71.59
23895225,46-463-371-677,Q-061-1992,Store_2406,2022-06-19,Onsite Store,79.99
23895225,46-463-371-677,V-268-1982,Store_2406,2022-06-19,Onsite Store,87.59
23895225,46-463-371-677,Z-160-2004,Store_2406,2022-06-19,Onsite Store,26.99
23895226,46-463-371-677,J-001-2010,Store_2361,2022-04-12,Online Store,62.59
23895226,46-463-371-677,Z-283-1999,Store_2361,2022-04-12,Online Store,75.99
23895226,46-463-371-677,F-031-1982,Store_2361,2022-04-12,Online Store,99.59
23895226,46-463-371-677,I-223-2018,Store_2361,2022-04-12,Online Store,77.99
23895226,46-463-371-677,F-115-2004,Store_2361,2022-04-12,Online Store,43.59
23895226,46-463-371-677,I-058-1982,Store_2361,2022-04-12,Online Store,46.99
23895226,46-463-371-677,B-211-2000,Store_2361,2022-04-12,Online Store,52.99
23895226,46-463-371-677,I-265-1992,Store_2361,2022-04-12,Online Store,43.59
23895226,46-463-371-677,I-145-2012,Store_2361,2022-04-12,Online Store,12.99
23895227,46-463-371-677,W-199-2005,Store_2368,2022-04-13,Online Store,69.99
23895227,46-463-371-677,V-253-1989,Store_2368,2022-04-13,Online Store,135.59
23895227,46-463-371-677,H-127-1998,Store_2368,2022-04-13,Online Store,44.59
23895227,46-463-371-677,A-262-1996,Store_2368,2022-04-13,Online Store,63.99
23895227,46-463-371-677,G-055-2011,Store_2368,2022-04-13,Online Store,58.59
23895227,46-463-371-677,Q-118-2004,Store_2368,2022-04-13,Online Store,64.99
23895227,46-463-371-677,A-298-2000,Store_2368,2022-04-13,Online Store,88.59
23895227,46-463-371-677,W-223-1993,Store_2368,2022-04-13,Online Store,82.59
23895228,46-463-371-677,Z-142-1983,Store_2441,2022-04-04,Onsite Store,59.59
23895228,46-463-371-677,Z-250-1998,Store_2441,2022-04-04,Onsite Store,87.99
23895228,46-463-371-677,G-250-2016,Store_2441,2022-04-04,Onsite Store,45.59
23895228,46-463-371-677,F-100-2002,Store_2441,2022-04-04,Onsite Store,89.99
23895228,46-463-371-677,C-175-1989,Store_2441,2022-04-04,Onsite Store,65.99
23895228,46-463-371-677,F-079-1992,Store_2441,2022-04-04,Onsite Store,77.59
23895229,46-463-371-677,J-181-1989,Store_2387,2022-12-02,Online Store,110.99
23895230,46-463-371-677,J-151-1992,Store_2350,2022-01-31,Online Store,38.99
23895230,46-463-371-677,V-049-1987,Store_2350,2022-01-31,Online Store,43.99
23895230,46-463-371-677,C-010-2014,Store_2350,2022-01-31,Online Store,30.59
23895230,46-463-371-677,V-241-2001,Store_2350,2022-01-31,Online Store,88.99
23895231,46-463-371-677,W-187-2004,Store_2357,2022-06-20,Online Store,76.99
23895231,46-463-371-677,Q-280-2010,Store_2357,2022-06-20,Online Store,45.99
23895231,46-463-371-677,C-262-1985,Store_2357,2022-06-20,Online Store,44.99
23895231,46-463-371-677,A-031-2010,Store_2357,2022-06-20,Online Store,71.99
23895232,73-734-870-592,W-166-2014,Store_2354,2022-02-19,Online Store,48.99
23895232,73-734-870-592,C-046-2016,Store_2354,2022-02-19,Online Store,49.99
23895232,73-734-870-592,B-217-2008,Store_2354,2022-02-19,Online Store,31.59
23895232,73-734-870-592,H-121-1991,Store_2354,2022-02-19,Online Store,38.99
23895232,73-734-870-592,W-160-2014,Store_2354,2022-02-19,Online Store,77.59
23895232,73-734-870-592,G-010-1987,Store_2354,2022-02-19,Online Store,69.59
23895233,73-734-870-592,Q-124-1989,Store_2396,2022-01-22,Online Store,85.99
23895233,73-734-870-592,A-148-1989,Store_2396,2022-01-22,Online Store,80.99
23895233,73-734-870-592,C-079-1988,Store_2396,2022-01-22,Online Store,72.99
23895233,73-734-870-592,B-004-2013,Store_2396,2022-01-22,Online Store,63.99
23895233,73-734-870-592,H-010-1996,Store_2396,2022-01-22,Online Store,66.59
23895234,73-734-870-592,N-082-1983,Store_2390,2022-06-26,Online Store,146.59
23895234,73-734-870-592,C-130-1991,Store_2390,2022-06-26,Online Store,107.99
23895234,73-734-870-592,I-178-1987,Store_2390,2022-06-26,Online Store,67.59
23895234,73-734-870-592,H-184-2013,Store_2390,2022-06-26,Online Store,102.99
23895234,73-734-870-592,Q-220-1991,Store_2390,2022-06-26,Online Store,19.99
23895234,73-734-870-592,V-289-2005,Store_2390,2022-06-26,Online Store,45.99
23895234,73-734-870-592,H-001-1996,Store_2390,2022-06-26,Online Store,55.99
23895235,73-734-870-592,F-082-2007,Store_2474,2022-02-24,Onsite Store,35.59
23895235,73-734-870-592,F-157-1996,Store_2474,2022-02-24,Onsite Store,141.59
23895235,73-734-870-592,F-298-1992,Store_2474,2022-02-24,Onsite Store,96.59
23895235,73-734-870-592,F-127-2017,Store_2474,2022-02-24,Onsite Store,84.99
23895235,73-734-870-592,V-220-1990,Store_2474,2022-02-24,Onsite Store,80.99
23895235,73-734-870-592,C-091-2002,Store_2474,2022-02-24,Onsite Store,75.59
23895235,73-734-870-592,F-133-2014,Store_2474,2022-02-24,Onsite Store,103.59
23895235,73-734-870-592,F-244-1992,Store_2474,2022-02-24,Onsite Store,3.59
23895235,73-734-870-592,N-136-1989,Store_2474,2022-02-24,Onsite Store,33.59
23895235,73-734-870-592,C-118-1993,Store_2474,2022-02-24,Onsite Store,57.99
23895236,73-734-870-592,Q-232-2012,Store_2417,2022-08-26,Onsite Store,30.59
23895236,73-734-870-592,H-100-2001,Store_2417,2022-08-26,Onsite Store,88.99
23895236,73-734-870-592,I-283-2014,Store_2417,2022-08-26,Onsite Store,80.99
23895236,73-734-870-592,A-133-2014,Store_2417,2022-08-26,Onsite Store,67.99
23895236,73-734-870-592,A-190-1985,Store_2417,2022-08-26,Onsite Store,50.99
23895236,73-734-870-592,J-268-1987,Store_2417,2022-08-26,Onsite Store,44.99
23895237,73-734-870-592,Q-220-2008,Store_2469,2022-10-14,Onsite Store,105.99
23895237,73-734-870-592,Q-256-1982,Store_2469,2022-10-14,Onsite Store,83.99
23895237,73-734-870-592,Q-085-1995,Store_2469,2022-10-14,Onsite Store,81.99
23895237,73-734-870-592,I-295-2016,Store_2469,2022-10-14,Onsite Store,100.99
23895237,73-734-870-592,Z-145-1991,Store_2469,2022-10-14,Onsite Store,94.99
23895237,73-734-870-592,B-037-2008,Store_2469,2022-10-14,Onsite Store,66.59
23895237,73-734-870-592,J-142-2005,Store_2469,2022-10-14,Onsite Store,35.59
23895237,73-734-870-592,Z-199-1997,Store_2469,2022-10-14,Onsite Store,94.59
23895237,73-734-870-592,B-274-2014,Store_2469,2022-10-14,Onsite Store,68.99
23895237,73-734-870-592,N-232-1984,Store_2469,2022-10-14,Onsite Store,75.59
23895238,73-734-870-592,J-019-2012,Store_2380,2022-12-21,Online Store,52.59
23895239,73-734-870-592,Q-199-1980,Store_2412,2022-07-02,Onsite Store,121.99
23895239,73-734-870-592,A-058-1985,Store_2412,2022-07-02,Onsite Store,58.99
23895239,73-734-870-592,Z-019-2010,Store_2412,2022-07-02,Onsite Store,75.99
23895239,73-734-870-592,B-094-2014,Store_2412,2022-07-02,Onsite Store,90.99
23895239,73-734-870-592,G-148-2000,Store_2412,2022-07-02,Onsite Store,90.99
23895240,73-734-870-592,Q-205-1984,Store_2477,2022-05-08,Onsite Store,86.59
23895240,73-734-870-592,F-064-1983,Store_2477,2022-05-08,Onsite Store,86.59
23895240,73-734-870-592,F-166-2006,Store_2477,2022-05-08,Onsite Store,61.59
23895240,73-734-870-592,C-109-1986,Store_2477,2022-05-08,Onsite Store,72.59
23895241,27-279-209-629,V-163-1989,Store_2449,2022-04-10,Onsite Store,107.59
23895241,27-279-209-629,W-253-1985,Store_2449,2022-04-10,Onsite Store,91.99
23895241,27-279-209-629,W-202-2015,Store_2449,2022-04-10,Onsite Store,122.59
23895241,27-279-209-629,W-085-1998,Store_2449,2022-04-10,Onsite Store,53.59
23895241,27-279-209-629,A-094-1999,Store_2449,2022-04-10,Onsite Store,67.99
23895241,27-279-209-629,F-094-1991,Store_2449,2022-04-10,Onsite Store,84.59
23895241,27-279-209-629,C-025-1982,Store_2449,2022-04-10,Onsite Store,64.59
23895242,27-279-209-629,J-136-2010,Store_2411,2022-04-05,Onsite Store,32.59
23895242,27-279-209-629,A-025-1989,Store_2411,2022-04-05,Onsite Store,32.59
23895242,27-279-209-629,F-172-2009,Store_2411,2022-04-05,Onsite Store,23.99
23895243,27-279-209-629,V-268-1997,Store_2395,2022-07-14,Online Store,85.99
23895243,27-279-209-629,G-187-1991,Store_2395,2022-07-14,Online Store,38.99
23895243,27-279-209-629,A-031-1991,Store_2395,2022-07-14,Online Store,105.59
23895243,27-279-209-629,J-133-1988,Store_2395,2022-07-14,Online Store,94.99
23895243,27-279-209-629,W-298-1982,Store_2395,2022-07-14,Online Store,43.59
23895243,27-279-209-629,I-256-1989,Store_2395,2022-07-14,Online Store,94.59
23895243,27-279-209-629,G-064-2010,Store_2395,2022-07-14,Online Store,33.59
23895243,27-279-209-629,G-280-2009,Store_2395,2022-07-14,Online Store,17.99
23895243,27-279-209-629,C-244-2003,Store_2395,2022-07-14,Online Store,86.99
23895243,27-279-209-629,B-067-1990,Store_2395,2022-07-14,Online Store,43.99
23895244,27-279-209-629,G-208-1982,Store_2438,2022-09-30,Onsite Store,47.59
23895244,27-279-209-629,V-253-2002,Store_2438,2022-09-30,Onsite Store,47.59
23895244,27-279-209-629,G-049-2014,Store_2438,2022-09-30,Onsite Store,72.99
23895244,27-279-209-629,J-037-1988,Store_2438,2022-09-30,Onsite Store,44.99
23895244,27-279-209-629,Q-031-2005,Store_2438,2022-09-30,Onsite Store,68.59
23895244,27-279-209-629,N-265-2010,Store_2438,2022-09-30,Onsite Store,74.99
23895245,27-279-209-629,W-280-2000,Store_2437,2022-02-26,Onsite Store,61.59
23895245,27-279-209-629,H-070-2000,Store_2437,2022-02-26,Onsite Store,35.99
23895245,27-279-209-629,W-295-1995,Store_2437,2022-02-26,Onsite Store,52.59
23895245,27-279-209-629,H-007-1980,Store_2437,2022-02-26,Onsite Store,56.59
23895245,27-279-209-629,N-190-2001,Store_2437,2022-02-26,Onsite Store,47.99
23895245,27-279-209-629,H-109-1988,Store_2437,2022-02-26,Onsite Store,21.99
23895245,27-279-209-629,B-238-1985,Store_2437,2022-02-26,Onsite Store,68.99
23895245,27-279-209-629,F-019-2008,Store_2437,2022-02-26,Onsite Store,61.59
23895245,27-279-209-629,A-064-1986,Store_2437,2022-02-26,Onsite Store,139.99
23895246,27-279-209-629,Z-091-1992,Store_2452,2022-01-20,Onsite Store,28.59
23895246,27-279-209-629,C-163-1995,Store_2452,2022-01-20,Onsite Store,102.99
23895246,27-279-209-629,Z-127-2011,Store_2452,2022-01-20,Onsite Store,32.99
23895246,27-279-209-629,J-193-2003,Store_2452,2022-01-20,Onsite Store,73.59
23895246,27-279-209-629,Q-178-1991,Store_2452,2022-01-20,Onsite Store,54.59
23895246,27-279-209-629,B-031-1983,Store_2452,2022-01-20,Onsite Store,34.59
23895246,27-279-209-629,W-061-1992,Store_2452,2022-01-20,Onsite Store,99.59
23895247,27-279-209-629,G-112-2014,Store_2432,2022-03-02,Onsite Store,69.59
23895247,27-279-209-629,W-139-2018,Store_2432,2022-03-02,Onsite Store,96.59
23895247,27-279-209-629,I-151-2005,Store_2432,2022-03-02,Onsite Store,61.59
23895247,27-279-209-629,I-157-1994,Store_2432,2022-03-02,Onsite Store,56.59
23895247,27-279-209-629,J-241-1986,Store_2432,2022-03-02,Onsite Store,81.59
23895247,27-279-209-629,I-064-2002,Store_2432,2022-03-02,Onsite Store,89.59
23895247,27-279-209-629,B-121-2013,Store_2432,2022-03-02,Onsite Store,41.99
23895247,27-279-209-629,F-145-1987,Store_2432,2022-03-02,Onsite Store,93.99
23895247,27-279-209-629,I-220-2010,Store_2432,2022-03-02,Onsite Store,87.59
23895248,27-279-209-629,F-121-2006,Store_2463,2022-03-27,Onsite Store,80.59
23895248,27-279-209-629,H-007-1981,Store_2463,2022-03-27,Onsite Store,38.99
23895248,27-279-209-629,Z-253-1984,Store_2463,2022-03-27,Onsite Store,82.99
23895248,27-279-209-629,C-190-2012,Store_2463,2022-03-27,Onsite Store,87.59
23895248,27-279-209-629,H-190-2016,Store_2463,2022-03-27,Onsite Store,65.99
23895248,27-279-209-629,Z-037-2011,Store_2463,2022-03-27,Onsite Store,69.99
23895248,27-279-209-629,C-016-1994,Store_2463,2022-03-27,Onsite Store,61.99
23895248,27-279-209-629,N-247-2003,Store_2463,2022-03-27,Onsite Store,69.99
23895248,27-279-209-629,W-169-1997,Store_2463,2022-03-27,Onsite Store,76.59
23895249,27-279-209-629,V-133-1990,Store_2449,2022-05-09,Onsite Store,78.99
23895249,27-279-209-629,A-118-2015,Store_2449,2022-05-09,Onsite Store,52.99
23895249,27-279-209-629,Z-121-1987,Store_2449,2022-05-09,Onsite Store,41.99
23895249,27-279-209-629,W-277-1999,Store_2449,2022-05-09,Onsite Store,95.59
23895249,27-279-209-629,J-244-2001,Store_2449,2022-05-09,Onsite Store,63.59
23895249,27-279-209-629,H-229-1991,Store_2449,2022-05-09,Onsite Store,98.99
23895249,27-279-209-629,N-061-1988,Store_2449,2022-05-09,Onsite Store,41.99
23895249,27-279-209-629,B-133-1983,Store_2449,2022-05-09,Onsite Store,91.99
23895250,47-477-443-848,B-070-1988,Store_2435,2022-09-21,Onsite Store,42.59
23895250,47-477-443-848,G-031-1983,Store_2435,2022-09-21,Onsite Store,84.59
23895250,47-477-443-848,V-175-1984,Store_2435,2022-09-21,Onsite Store,50.59
23895250,47-477-443-848,C-109-1980,Store_2435,2022-09-21,Onsite Store,41.59
23895251,47-477-443-848,H-040-2010,Store_2373,2022-03-05,Online Store,103.59
23895251,47-477-443-848,B-061-1983,Store_2373,2022-03-05,Online Store,71.59
23895251,47-477-443-848,A-160-2002,Store_2373,2022-03-05,Online Store,137.99
23895251,47-477-443-848,B-175-1996,Store_2373,2022-03-05,Online Store,75.59
23895251,47-477-443-848,V-019-2000,Store_2373,2022-03-05,Online Store,88.59
23895251,47-477-443-848,Z-286-1989,Store_2373,2022-03-05,Online Store,49.99
23895251,47-477-443-848,Z-109-1996,Store_2373,2022-03-05,Online Store,59.99
23895251,47-477-443-848,W-250-2009,Store_2373,2022-03-05,Online Store,41.59
23895251,47-477-443-848,V-160-1989,Store_2373,2022-03-05,Online Store,94.99
23895251,47-477-443-848,C-076-2017,Store_2373,2022-03-05,Online Store,44.99
23895251,47-477-443-848,F-076-2005,Store_2373,2022-03-05,Online Store,16.59
23895252,47-477-443-848,J-280-1996,Store_2381,2022-05-08,Online Store,10.99
23895252,47-477-443-848,Q-241-1993,Store_2381,2022-05-08,Online Store,47.59
23895252,47-477-443-848,V-157-1999,Store_2381,2022-05-08,Online Store,98.59
23895252,47-477-443-848,Z-106-1999,Store_2381,2022-05-08,Online Store,73.99
23895252,47-477-443-848,H-094-1992,Store_2381,2022-05-08,Online Store,75.99
23895252,47-477-443-848,F-001-1995,Store_2381,2022-05-08,Online Store,86.59
23895252,47-477-443-848,B-112-1992,Store_2381,2022-05-08,Online Store,68.59
23895252,47-477-443-848,H-271-2008,Store_2381,2022-05-08,Online Store,81.59
23895252,47-477-443-848,I-007-2006,Store_2381,2022-05-08,Online Store,44.99
23895252,47-477-443-848,A-118-1980,Store_2381,2022-05-08,Online Store,90.59
23895252,47-477-443-848,A-046-1998,Store_2381,2022-05-08,Online Store,120.99
23895253,47-477-443-848,H-232-2018,Store_2381,2022-10-09,Online Store,57.59
23895254,47-477-443-848,Z-139-1981,Store_2454,2022-06-13,Onsite Store,80.59
23895254,47-477-443-848,V-226-1998,Store_2454,2022-06-13,Onsite Store,50.59
23895254,47-477-443-848,W-133-2003,Store_2454,2022-06-13,Onsite Store,96.99
23895254,47-477-443-848,V-100-1985,Store_2454,2022-06-13,Onsite Store,38.59
23895254,47-477-443-848,H-193-2013,Store_2454,2022-06-13,Onsite Store,54.99
23895254,47-477-443-848,W-238-1989,Store_2454,2022-06-13,Onsite Store,102.59
23895254,47-477-443-848,W-112-1999,Store_2454,2022-06-13,Onsite Store,92.99
23895255,47-477-443-848,G-118-1999,Store_2465,2022-12-24,Onsite Store,64.99
23895255,47-477-443-848,Q-079-1984,Store_2465,2022-12-24,Onsite Store,79.99
23895255,47-477-443-848,C-247-2014,Store_2465,2022-12-24,Onsite Store,58.59
23895255,47-477-443-848,F-124-1993,Store_2465,2022-12-24,Onsite Store,78.59
23895255,47-477-443-848,Q-133-1983,Store_2465,2022-12-24,Onsite Store,84.99
23895255,47-477-443-848,Z-178-2001,Store_2465,2022-12-24,Onsite Store,53.99
23895255,47-477-443-848,C-070-1981,Store_2465,2022-12-24,Onsite Store,22.59
23895256,47-477-443-848,I-106-1990,Store_2420,2022-10-10,Onsite Store,29.59
23895256,47-477-443-848,F-103-2006,Store_2420,2022-10-10,Onsite Store,99.99
23895256,47-477-443-848,B-229-1989,Store_2420,2022-10-10,Onsite Store,114.99
23895256,47-477-443-848,I-253-2004,Store_2420,2022-10-10,Onsite Store,101.99
23895256,47-477-443-848,H-085-2006,Store_2420,2022-10-10,Onsite Store,59.99
23895256,47-477-443-848,Z-256-1984,Store_2420,2022-10-10,Onsite Store,33.99
23895257,47-477-443-848,N-241-1997,Store_2369,2022-01-03,Online Store,30.59
23895257,47-477-443-848,B-115-2014,Store_2369,2022-01-03,Online Store,86.99
23895258,47-477-443-848,N-205-2011,Store_2366,2022-03-19,Online Store,48.59
23895258,47-477-443-848,J-298-2017,Store_2366,2022-03-19,Online Store,116.99
23895258,47-477-443-848,W-082-2006,Store_2366,2022-03-19,Online Store,71.59
23895258,47-477-443-848,F-205-1986,Store_2366,2022-03-19,Online Store,77.99
23895258,47-477-443-848,Z-088-1992,Store_2366,2022-03-19,Online Store,39.99
23895259,11-119-963-528,H-013-1981,Store_2428,2022-05-31,Onsite Store,98.59
23895259,11-119-963-528,B-064-2008,Store_2428,2022-05-31,Onsite Store,53.99
23895259,11-119-963-528,A-034-2014,Store_2428,2022-05-31,Onsite Store,50.99
23895259,11-119-963-528,C-187-1983,Store_2428,2022-05-31,Onsite Store,60.59
23895259,11-119-963-528,I-025-2017,Store_2428,2022-05-31,Onsite Store,66.59
23895260,11-119-963-528,B-208-1986,Store_2425,2022-04-02,Onsite Store,80.59
23895260,11-119-963-528,A-247-2005,Store_2425,2022-04-02,Onsite Store,82.99
23895260,11-119-963-528,C-088-1991,Store_2425,2022-04-02,Onsite Store,124.59
23895260,11-119-963-528,H-163-1997,Store_2425,2022-04-02,Onsite Store,93.59
23895260,11-119-963-528,C-241-2016,Store_2425,2022-04-02,Onsite Store,72.59
23895260,11-119-963-528,C-277-1988,Store_2425,2022-04-02,Onsite Store,22.59
23895261,11-119-963-528,A-193-1984,Store_2467,2022-11-12,Onsite Store,56.59
23895261,11-119-963-528,Q-064-2000,Store_2467,2022-11-12,Onsite Store,48.59
23895261,11-119-963-528,Z-112-1994,Store_2467,2022-11-12,Onsite Store,82.99
23895261,11-119-963-528,H-223-2014,Store_2467,2022-11-12,Onsite Store,69.59
23895261,11-119-963-528,W-289-2009,Store_2467,2022-11-12,Onsite Store,72.99
23895261,11-119-963-528,B-019-2009,Store_2467,2022-11-12,Onsite Store,92.59
23895262,11-119-963-528,I-298-1994,Store_2411,2022-08-28,Onsite Store,96.59
23895262,11-119-963-528,N-025-1995,Store_2411,2022-08-28,Onsite Store,87.99
23895262,11-119-963-528,I-106-2016,Store_2411,2022-08-28,Onsite Store,75.59
23895262,11-119-963-528,Z-289-2008,Store_2411,2022-08-28,Onsite Store,105.59
23895262,11-119-963-528,B-001-2006,Store_2411,2022-08-28,Onsite Store,77.59
23895262,11-119-963-528,F-115-1994,Store_2411,2022-08-28,Onsite Store,87.59
23895262,11-119-963-528,I-100-1982,Store_2411,2022-08-28,Onsite Store,37.99
23895262,11-119-963-528,C-175-1980,Store_2411,2022-08-28,Onsite Store,68.59
23895262,11-119-963-528,I-256-1993,Store_2411,2022-08-28,Onsite Store,67.99
23895263,11-119-963-528,G-064-1994,Store_2395,2022-09-28,Online Store,92.99
23895263,11-119-963-528,Q-148-1983,Store_2395,2022-09-28,Online Store,52.59
23895263,11-119-963-528,G-055-1984,Store_2395,2022-09-28,Online Store,30.59
23895263,11-119-963-528,F-154-2003,Store_2395,2022-09-28,Online Store,28.59
23895263,11-119-963-528,W-118-1989,Store_2395,2022-09-28,Online Store,41.59
23895263,11-119-963-528,G-196-2012,Store_2395,2022-09-28,Online Store,81.99
23895264,11-119-963-528,Z-088-1998,Store_2358,2022-03-11,Online Store,31.99
23895264,11-119-963-528,V-193-2002,Store_2358,2022-03-11,Online Store,42.59
23895264,11-119-963-528,Z-082-1996,Store_2358,2022-03-11,Online Store,94.99
23895264,11-119-963-528,B-025-2003,Store_2358,2022-03-11,Online Store,52.59
23895264,11-119-963-528,G-130-2004,Store_2358,2022-03-11,Online Store,53.59
23895264,11-119-963-528,H-253-2001,Store_2358,2022-03-11,Online Store,98.59
23895264,11-119-963-528,V-037-2008,Store_2358,2022-03-11,Online Store,36.59
23895264,11-119-963-528,Z-187-1998,Store_2358,2022-03-11,Online Store,71.99
23895265,11-119-963-528,B-091-1987,Store_2437,2022-02-13,Onsite Store,34.99
23895265,11-119-963-528,H-151-2016,Store_2437,2022-02-13,Onsite Store,61.59
23895265,11-119-963-528,H-169-1992,Store_2437,2022-02-13,Onsite Store,12.99
23895265,11-119-963-528,Q-004-1993,Store_2437,2022-02-13,Onsite Store,123.99
23895265,11-119-963-528,B-241-1996,Store_2437,2022-02-13,Onsite Store,48.99
23895265,11-119-963-528,G-091-2014,Store_2437,2022-02-13,Onsite Store,123.59
23895265,11-119-963-528,Z-235-1998,Store_2437,2022-02-13,Onsite Store,77.99
23895265,11-119-963-528,J-025-2003,Store_2437,2022-02-13,Onsite Store,28.99
23895266,11-119-963-528,B-190-2005,Store_2456,2022-07-09,Onsite Store,31.99
23895266,11-119-963-528,A-223-1986,Store_2456,2022-07-09,Onsite Store,22.59
23895266,11-119-963-528,B-067-1990,Store_2456,2022-07-09,Onsite Store,43.99
23895266,11-119-963-528,W-091-2010,Store_2456,2022-07-09,Onsite Store,59.99
23895266,11-119-963-528,J-070-2000,Store_2456,2022-07-09,Onsite Store,61.99
23895267,11-119-963-528,N-235-2018,Store_2446,2022-10-29,Onsite Store,58.99
23895267,11-119-963-528,Z-106-1992,Store_2446,2022-10-29,Onsite Store,56.59
23895267,11-119-963-528,V-079-2003,Store_2446,2022-10-29,Onsite Store,77.59
23895268,75-759-152-529,I-118-2010,Store_2372,2022-08-09,Online Store,37.59
23895268,75-759-152-529,V-214-2002,Store_2372,2022-08-09,Online Store,71.59
23895268,75-759-152-529,J-004-1989,Store_2372,2022-08-09,Online Store,59.99
23895268,75-759-152-529,J-253-1987,Store_2372,2022-08-09,Online Store,114.99
23895268,75-759-152-529,H-166-2012,Store_2372,2022-08-09,Online Store,108.99
23895268,75-759-152-529,Z-061-2012,Store_2372,2022-08-09,Online Store,45.99
23895268,75-759-152-529,B-046-2014,Store_2372,2022-08-09,Online Store,81.99
23895268,75-759-152-529,F-037-2000,Store_2372,2022-08-09,Online Store,56.99
23895268,75-759-152-529,N-226-1980,Store_2372,2022-08-09,Online Store,90.99
23895268,75-759-152-529,W-166-1990,Store_2372,2022-08-09,Online Store,113.59
23895268,75-759-152-529,I-106-1981,Store_2372,2022-08-09,Online Store,58.59
23895268,75-759-152-529,Q-052-1991,Store_2372,2022-08-09,Online Store,60.99
23895269,75-759-152-529,N-259-2016,Store_2385,2022-01-31,Online Store,81.99
23895269,75-759-152-529,W-088-1997,Store_2385,2022-01-31,Online Store,72.99
23895269,75-759-152-529,B-172-1989,Store_2385,2022-01-31,Online Store,39.59
23895269,75-759-152-529,Q-049-2012,Store_2385,2022-01-31,Online Store,29.99
23895269,75-759-152-529,W-208-2012,Store_2385,2022-01-31,Online Store,87.59
23895269,75-759-152-529,F-184-1981,Store_2385,2022-01-31,Online Store,71.99
23895269,75-759-152-529,W-241-1996,Store_2385,2022-01-31,Online Store,66.59
23895270,75-759-152-529,W-220-2013,Store_2422,2022-12-09,Onsite Store,94.59
23895270,75-759-152-529,V-019-1989,Store_2422,2022-12-09,Onsite Store,37.59
23895271,75-759-152-529,H-268-1980,Store_2451,2022-05-19,Onsite Store,50.99
23895271,75-759-152-529,Q-211-1985,Store_2451,2022-05-19,Onsite Store,14.99
23895271,75-759-152-529,N-019-1991,Store_2451,2022-05-19,Onsite Store,50.99
23895271,75-759-152-529,C-142-1981,Store_2451,2022-05-19,Onsite Store,74.99
23895271,75-759-152-529,H-040-2016,Store_2451,2022-05-19,Onsite Store,85.99
23895271,75-759-152-529,N-160-1985,Store_2451,2022-05-19,Onsite Store,46.99
23895271,75-759-152-529,J-133-2016,Store_2451,2022-05-19,Onsite Store,34.99
23895271,75-759-152-529,H-208-1991,Store_2451,2022-05-19,Onsite Store,54.59
23895271,75-759-152-529,N-013-2014,Store_2451,2022-05-19,Onsite Store,44.99
23895271,75-759-152-529,Z-112-2008,Store_2451,2022-05-19,Onsite Store,9.99
23895272,75-759-152-529,Q-148-1991,Store_2455,2022-11-20,Onsite Store,130.59
23895272,75-759-152-529,N-289-2017,Store_2455,2022-11-20,Onsite Store,78.99
23895272,75-759-152-529,V-055-1984,Store_2455,2022-11-20,Onsite Store,71.99
23895272,75-759-152-529,B-205-1999,Store_2455,2022-11-20,Onsite Store,58.99
23895272,75-759-152-529,A-274-1990,Store_2455,2022-11-20,Onsite Store,77.99
23895272,75-759-152-529,Q-229-2013,Store_2455,2022-11-20,Onsite Store,64.99
23895272,75-759-152-529,Z-082-1988,Store_2455,2022-11-20,Onsite Store,72.99
23895272,75-759-152-529,J-202-2017,Store_2455,2022-11-20,Onsite Store,63.59
23895272,75-759-152-529,Z-217-1993,Store_2455,2022-11-20,Onsite Store,19.99
23895273,75-759-152-529,Q-262-1995,Store_2391,2022-02-06,Online Store,92.59
23895273,75-759-152-529,J-247-2003,Store_2391,2022-02-06,Online Store,38.99
23895273,75-759-152-529,Z-091-1993,Store_2391,2022-02-06,Online Store,64.59
23895274,75-759-152-529,N-019-1989,Store_2470,2022-01-09,Onsite Store,86.59
23895274,75-759-152-529,J-100-1998,Store_2470,2022-01-09,Onsite Store,58.59
23895274,75-759-152-529,A-232-1999,Store_2470,2022-01-09,Onsite Store,15.99
23895274,75-759-152-529,V-151-1986,Store_2470,2022-01-09,Onsite Store,55.99
23895274,75-759-152-529,Q-157-2012,Store_2470,2022-01-09,Onsite Store,34.59
23895274,75-759-152-529,J-280-1980,Store_2470,2022-01-09,Onsite Store,92.99
23895275,75-759-152-529,I-295-2013,Store_2447,2022-05-31,Onsite Store,47.99
23895275,75-759-152-529,J-223-2008,Store_2447,2022-05-31,Onsite Store,55.99
23895275,75-759-152-529,H-250-1995,Store_2447,2022-05-31,Onsite Store,102.59
23895275,75-759-152-529,W-295-1982,Store_2447,2022-05-31,Onsite Store,44.59
23895276,75-759-152-529,H-124-1999,Store_2378,2022-06-02,Online Store,56.59
23895277,98-986-122-862,G-214-2018,Store_2355,2022-10-08,Online Store,106.99
23895277,98-986-122-862,H-229-2003,Store_2355,2022-10-08,Online Store,49.59
23895277,98-986-122-862,Z-199-2012,Store_2355,2022-10-08,Online Store,110.59
23895277,98-986-122-862,Z-028-2009,Store_2355,2022-10-08,Online Store,76.99
23895277,98-986-122-862,B-295-2010,Store_2355,2022-10-08,Online Store,40.59
23895278,98-986-122-862,G-025-2018,Store_2362,2022-06-14,Online Store,102.59
23895278,98-986-122-862,J-019-1998,Store_2362,2022-06-14,Online Store,70.99
23895278,98-986-122-862,V-205-2002,Store_2362,2022-06-14,Online Store,44.99
23895278,98-986-122-862,B-034-2009,Store_2362,2022-06-14,Online Store,95.59
23895278,98-986-122-862,B-055-1999,Store_2362,2022-06-14,Online Store,36.99
23895278,98-986-122-862,Q-013-2017,Store_2362,2022-06-14,Online Store,100.99
23895278,98-986-122-862,C-115-1986,Store_2362,2022-06-14,Online Store,43.99
23895279,98-986-122-862,W-028-2013,Store_2475,2022-04-30,Onsite Store,72.99
23895279,98-986-122-862,N-232-1994,Store_2475,2022-04-30,Onsite Store,58.59
23895279,98-986-122-862,J-196-1984,Store_2475,2022-04-30,Onsite Store,89.99
23895280,98-986-122-862,I-091-1991,Store_2395,2022-05-19,Online Store,98.99
23895280,98-986-122-862,J-187-2010,Store_2395,2022-05-19,Online Store,34.59
23895280,98-986-122-862,Z-151-2001,Store_2395,2022-05-19,Online Store,48.59
23895280,98-986-122-862,Q-208-2005,Store_2395,2022-05-19,Online Store,45.99
23895280,98-986-122-862,W-211-1984,Store_2395,2022-05-19,Online Store,49.59
23895280,98-986-122-862,Q-109-2008,Store_2395,2022-05-19,Online Store,72.59
23895280,98-986-122-862,C-292-2017,Store_2395,2022-05-19,Online Store,30.59
23895280,98-986-122-862,G-253-2007,Store_2395,2022-05-19,Online Store,60.99
23895281,98-986-122-862,W-073-1990,Store_2452,2022-05-12,Onsite Store,60.59
23895281,98-986-122-862,B-274-1986,Store_2452,2022-05-12,Onsite Store,105.59
23895281,98-986-122-862,F-031-2014,Store_2452,2022-05-12,Onsite Store,83.99
23895281,98-986-122-862,C-052-2005,Store_2452,2022-05-12,Onsite Store,66.99
23895282,98-986-122-862,Q-022-1996,Store_2411,2022-07-21,Onsite Store,51.59
23895282,98-986-122-862,F-280-1986,Store_2411,2022-07-21,Onsite Store,84.59
23895282,98-986-122-862,F-010-2012,Store_2411,2022-07-21,Onsite Store,13.59
23895282,98-986-122-862,G-064-1982,Store_2411,2022-07-21,Onsite Store,62.59
23895282,98-986-122-862,B-184-2001,Store_2411,2022-07-21,Onsite Store,58.59
23895282,98-986-122-862,I-004-1988,Store_2411,2022-07-21,Onsite Store,108.99
23895282,98-986-122-862,V-112-1994,Store_2411,2022-07-21,Onsite Store,98.99
23895282,98-986-122-862,A-160-2015,Store_2411,2022-07-21,Onsite Store,60.59
23895283,98-986-122-862,W-046-1987,Store_2431,2022-06-27,Onsite Store,108.99
23895283,98-986-122-862,V-247-2013,Store_2431,2022-06-27,Onsite Store,71.99
23895283,98-986-122-862,W-121-2003,Store_2431,2022-06-27,Onsite Store,85.59
23895283,98-986-122-862,B-250-2016,Store_2431,2022-06-27,Onsite Store,43.99
23895283,98-986-122-862,W-109-2012,Store_2431,2022-06-27,Onsite Store,28.59
23895283,98-986-122-862,B-205-1995,Store_2431,2022-06-27,Onsite Store,86.99
23895283,98-986-122-862,C-289-1984,Store_2431,2022-06-27,Onsite Store,49.99
23895284,98-986-122-862,W-223-1985,Store_2421,2022-05-07,Onsite Store,103.99
23895284,98-986-122-862,W-226-1984,Store_2421,2022-05-07,Onsite Store,74.99
23895284,98-986-122-862,N-067-1999,Store_2421,2022-05-07,Onsite Store,76.99
23895284,98-986-122-862,W-040-1986,Store_2421,2022-05-07,Onsite Store,79.59
23895284,98-986-122-862,Z-247-1990,Store_2421,2022-05-07,Onsite Store,48.59
23895284,98-986-122-862,H-289-2015,Store_2421,2022-05-07,Onsite Store,63.99
23895284,98-986-122-862,N-061-1990,Store_2421,2022-05-07,Onsite Store,42.99
23895285,98-986-122-862,F-160-2008,Store_2387,2022-12-26,Online Store,68.99
23895285,98-986-122-862,G-238-2000,Store_2387,2022-12-26,Online Store,51.59
23895285,98-986-122-862,H-031-1982,Store_2387,2022-12-26,Online Store,109.59
23895285,98-986-122-862,F-220-2005,Store_2387,2022-12-26,Online Store,92.99
23895285,98-986-122-862,V-109-1983,Store_2387,2022-12-26,Online Store,127.99
23895286,90-901-691-179,N-055-2015,Store_2397,2022-04-20,Online Store,73.59
23895286,90-901-691-179,J-031-2006,Store_2397,2022-04-20,Online Store,35.99
23895286,90-901-691-179,V-151-2015,Store_2397,2022-04-20,Online Store,27.99
23895287,90-901-691-179,G-253-1996,Store_2384,2022-04-16,Online Store,106.99
23895287,90-901-691-179,I-259-1988,Store_2384,2022-04-16,Online Store,61.59
23895287,90-901-691-179,W-268-2014,Store_2384,2022-04-16,Online Store,80.59
23895287,90-901-691-179,Z-052-2007,Store_2384,2022-04-16,Online Store,118.99
23895287,90-901-691-179,I-079-1980,Store_2384,2022-04-16,Online Store,22.99
23895288,90-901-691-179,F-025-1989,Store_2391,2022-06-30,Online Store,70.59
23895288,90-901-691-179,I-220-2008,Store_2391,2022-06-30,Online Store,72.59
23895288,90-901-691-179,G-136-1993,Store_2391,2022-06-30,Online Store,44.59
23895288,90-901-691-179,H-082-2003,Store_2391,2022-06-30,Online Store,28.59
23895288,90-901-691-179,C-100-2018,Store_2391,2022-06-30,Online Store,98.99
23895288,90-901-691-179,G-226-2017,Store_2391,2022-06-30,Online Store,81.99
23895289,90-901-691-179,Z-289-1998,Store_2448,2022-02-16,Onsite Store,41.59
23895289,90-901-691-179,W-286-2013,Store_2448,2022-02-16,Onsite Store,94.59
23895289,90-901-691-179,A-001-1998,Store_2448,2022-02-16,Onsite Store,43.59
23895289,90-901-691-179,V-127-1989,Store_2448,2022-02-16,Onsite Store,48.59
23895290,90-901-691-179,Q-283-1981,Store_2364,2022-03-22,Online Store,103.59
23895290,90-901-691-179,J-043-2007,Store_2364,2022-03-22,Online Store,62.59
23895290,90-901-691-179,F-085-1988,Store_2364,2022-03-22,Online Store,68.99
23895290,90-901-691-179,B-124-2010,Store_2364,2022-03-22,Online Store,42.59
23895290,90-901-691-179,J-130-2009,Store_2364,2022-03-22,Online Store,54.59
23895290,90-901-691-179,V-229-1997,Store_2364,2022-03-22,Online Store,39.99
23895290,90-901-691-179,Q-178-1980,Store_2364,2022-03-22,Online Store,63.59
23895290,90-901-691-179,A-145-1981,Store_2364,2022-03-22,Online Store,64.99
23895290,90-901-691-179,I-136-2015,Store_2364,2022-03-22,Online Store,37.99
23895291,90-901-691-179,F-106-2012,Store_2440,2022-10-23,Onsite Store,66.99
23895291,90-901-691-179,C-106-1997,Store_2440,2022-10-23,Onsite Store,89.99
23895291,90-901-691-179,Z-292-1987,Store_2440,2022-10-23,Onsite Store,59.99
23895292,90-901-691-179,Q-055-1996,Store_2409,2022-07-09,Onsite Store,93.99
23895292,90-901-691-179,G-268-1993,Store_2409,2022-07-09,Onsite Store,55.59
23895292,90-901-691-179,C-001-2008,Store_2409,2022-07-09,Onsite Store,60.59
23895292,90-901-691-179,F-007-2003,Store_2409,2022-07-09,Onsite Store,62.99
23895292,90-901-691-179,N-028-1987,Store_2409,2022-07-09,Onsite Store,24.99
23895292,90-901-691-179,B-133-2007,Store_2409,2022-07-09,Onsite Store,85.99
23895292,90-901-691-179,J-109-1990,Store_2409,2022-07-09,Onsite Store,96.59
23895292,90-901-691-179,F-247-2000,Store_2409,2022-07-09,Onsite Store,15.59
23895292,90-901-691-179,B-175-2004,Store_2409,2022-07-09,Onsite Store,83.99
23895292,90-901-691-179,G-244-1987,Store_2409,2022-07-09,Onsite Store,121.99
23895293,90-901-691-179,I-100-1990,Store_2416,2022-10-31,Onsite Store,39.59
23895293,90-901-691-179,B-217-2004,Store_2416,2022-10-31,Onsite Store,60.59
23895293,90-901-691-179,Q-253-1987,Store_2416,2022-10-31,Onsite Store,46.59
23895293,90-901-691-179,Q-268-1986,Store_2416,2022-10-31,Onsite Store,48.59
23895293,90-901-691-179,Z-280-2018,Store_2416,2022-10-31,Onsite Store,74.59
23895293,90-901-691-179,Q-139-1997,Store_2416,2022-10-31,Onsite Store,50.59
23895294,90-901-691-179,Z-115-2010,Store_2429,2022-02-23,Onsite Store,60.99
23895294,90-901-691-179,H-250-2010,Store_2429,2022-02-23,Onsite Store,91.59
23895294,90-901-691-179,V-271-2000,Store_2429,2022-02-23,Onsite Store,73.59
23895294,90-901-691-179,Z-094-1986,Store_2429,2022-02-23,Onsite Store,94.59
23895294,90-901-691-179,W-223-1983,Store_2429,2022-02-23,Onsite Store,82.99
23895294,90-901-691-179,C-088-2000,Store_2429,2022-02-23,Onsite Store,58.99
23895294,90-901-691-179,B-226-2016,Store_2429,2022-02-23,Onsite Store,107.59
23895294,90-901-691-179,N-046-1997,Store_2429,2022-02-23,Onsite Store,72.59
23895294,90-901-691-179,H-286-2006,Store_2429,2022-02-23,Onsite Store,71.99
23895295,47-471-930-309,W-241-1996,Store_2410,2022-11-12,Onsite Store,66.59
23895295,47-471-930-309,H-166-1980,Store_2410,2022-11-12,Onsite Store,58.99
23895295,47-471-930-309,B-226-2002,Store_2410,2022-11-12,Onsite Store,90.99
23895295,47-471-930-309,G-013-2006,Store_2410,2022-11-12,Onsite Store,39.99
23895296,47-471-930-309,F-220-2006,Store_2422,2022-11-09,Onsite Store,60.59
23895296,47-471-930-309,F-121-2016,Store_2422,2022-11-09,Onsite Store,94.59
23895296,47-471-930-309,F-055-2007,Store_2422,2022-11-09,Onsite Store,64.59
23895296,47-471-930-309,J-067-1987,Store_2422,2022-11-09,Onsite Store,48.99
23895297,47-471-930-309,W-109-2011,Store_2442,2022-11-11,Onsite Store,88.59
23895297,47-471-930-309,N-130-2000,Store_2442,2022-11-11,Onsite Store,82.99
23895297,47-471-930-309,W-187-2011,Store_2442,2022-11-11,Onsite Store,44.59
23895297,47-471-930-309,A-256-1999,Store_2442,2022-11-11,Onsite Store,98.99
23895298,47-471-930-309,G-298-1993,Store_2375,2022-03-29,Online Store,54.59
23895298,47-471-930-309,H-055-1987,Store_2375,2022-03-29,Online Store,55.59
23895298,47-471-930-309,W-148-1983,Store_2375,2022-03-29,Online Store,48.99
23895298,47-471-930-309,F-148-1983,Store_2375,2022-03-29,Online Store,105.59
23895298,47-471-930-309,C-256-2016,Store_2375,2022-03-29,Online Store,102.59
23895299,47-471-930-309,G-244-2000,Store_2452,2022-03-16,Onsite Store,80.59
23895299,47-471-930-309,N-004-2010,Store_2452,2022-03-16,Onsite Store,99.59
23895299,47-471-930-309,H-100-2007,Store_2452,2022-03-16,Onsite Store,110.59
23895299,47-471-930-309,H-136-2014,Store_2452,2022-03-16,Onsite Store,33.99
23895299,47-471-930-309,C-052-2010,Store_2452,2022-03-16,Onsite Store,62.59
23895299,47-471-930-309,C-124-1982,Store_2452,2022-03-16,Onsite Store,76.59
23895299,47-471-930-309,B-010-2006,Store_2452,2022-03-16,Onsite Store,73.59
23895300,47-471-930-309,F-250-1980,Store_2361,2022-06-04,Online Store,67.59
23895300,47-471-930-309,N-259-2009,Store_2361,2022-06-04,Online Store,73.99
23895300,47-471-930-309,A-109-2000,Store_2361,2022-06-04,Online Store,82.59
23895301,47-471-930-309,V-073-1992,Store_2425,2022-11-01,Onsite Store,88.99
23895301,47-471-930-309,I-076-1989,Store_2425,2022-11-01,Onsite Store,65.59
23895301,47-471-930-309,Z-007-1995,Store_2425,2022-11-01,Onsite Store,52.59
23895301,47-471-930-309,G-157-1988,Store_2425,2022-11-01,Onsite Store,88.99
23895301,47-471-930-309,Q-250-1985,Store_2425,2022-11-01,Onsite Store,37.59
23895302,47-471-930-309,N-004-1997,Store_2405,2022-07-20,Onsite Store,111.59
23895302,47-471-930-309,Z-265-2017,Store_2405,2022-07-20,Onsite Store,60.99
23895302,47-471-930-309,B-040-1986,Store_2405,2022-07-20,Onsite Store,80.59
23895302,47-471-930-309,I-271-2008,Store_2405,2022-07-20,Onsite Store,79.59
23895302,47-471-930-309,B-286-2012,Store_2405,2022-07-20,Onsite Store,78.99
23895302,47-471-930-309,V-094-1987,Store_2405,2022-07-20,Onsite Store,77.59
23895302,47-471-930-309,B-214-1998,Store_2405,2022-07-20,Onsite Store,60.99
23895303,47-471-930-309,J-094-2006,Store_2406,2022-03-20,Onsite Store,46.59
23895303,47-471-930-309,H-073-2001,Store_2406,2022-03-20,Onsite Store,72.99
23895303,47-471-930-309,I-250-2001,Store_2406,2022-03-20,Onsite Store,82.99
23895303,47-471-930-309,F-109-1983,Store_2406,2022-03-20,Onsite Store,36.59
23895304,39-393-623-110,C-178-1994,Store_2449,2022-03-13,Onsite Store,109.99
23895304,39-393-623-110,V-082-2006,Store_2449,2022-03-13,Onsite Store,81.99
23895304,39-393-623-110,A-133-2014,Store_2449,2022-03-13,Onsite Store,67.99
23895304,39-393-623-110,I-094-1992,Store_2449,2022-03-13,Onsite Store,76.59
23895304,39-393-623-110,H-037-1995,Store_2449,2022-03-13,Onsite Store,90.59
23895304,39-393-623-110,B-028-2008,Store_2449,2022-03-13,Onsite Store,50.99
23895304,39-393-623-110,C-094-2000,Store_2449,2022-03-13,Onsite Store,50.99
23895304,39-393-623-110,H-274-1987,Store_2449,2022-03-13,Onsite Store,88.59
23895305,39-393-623-110,B-073-2000,Store_2357,2022-04-19,Online Store,62.99
23895305,39-393-623-110,B-280-1986,Store_2357,2022-04-19,Online Store,41.59
23895305,39-393-623-110,G-061-2014,Store_2357,2022-04-19,Online Store,39.59
23895305,39-393-623-110,A-202-2007,Store_2357,2022-04-19,Online Store,77.99
23895305,39-393-623-110,G-169-2016,Store_2357,2022-04-19,Online Store,50.99
23895305,39-393-623-110,V-127-1994,Store_2357,2022-04-19,Online Store,79.99
23895305,39-393-623-110,I-076-1994,Store_2357,2022-04-19,Online Store,33.99
23895306,39-393-623-110,W-013-1992,Store_2381,2022-06-05,Online Store,109.59
23895306,39-393-623-110,H-280-2005,Store_2381,2022-06-05,Online Store,57.59
23895306,39-393-623-110,B-274-1997,Store_2381,2022-06-05,Online Store,29.99
23895306,39-393-623-110,C-274-1983,Store_2381,2022-06-05,Online Store,50.99
23895306,39-393-623-110,G-100-1989,Store_2381,2022-06-05,Online Store,131.99
23895306,39-393-623-110,G-097-1999,Store_2381,2022-06-05,Online Store,81.99
23895306,39-393-623-110,F-100-2007,Store_2381,2022-06-05,Online Store,88.99
23895306,39-393-623-110,B-199-1997,Store_2381,2022-06-05,Online Store,40.99
23895306,39-393-623-110,A-079-1982,Store_2381,2022-06-05,Online Store,62.59
23895307,39-393-623-110,A-208-2009,Store_2365,2022-04-07,Online Store,67.59
23895307,39-393-623-110,N-130-2006,Store_2365,2022-04-07,Online Store,38.59
23895307,39-393-623-110,C-157-1992,Store_2365,2022-04-07,Online Store,51.99
23895307,39-393-623-110,I-205-2006,Store_2365,2022-04-07,Online Store,131.59
23895307,39-393-623-110,N-169-1982,Store_2365,2022-04-07,Online Store,101.59
23895308,39-393-623-110,H-130-2003,Store_2475,2022-03-30,Onsite Store,70.59
23895308,39-393-623-110,W-268-2010,Store_2475,2022-03-30,Onsite Store,76.59
23895308,39-393-623-110,A-220-1997,Store_2475,2022-03-30,Onsite Store,95.99
23895308,39-393-623-110,W-181-2017,Store_2475,2022-03-30,Onsite Store,54.99
23895308,39-393-623-110,Q-076-2017,Store_2475,2022-03-30,Onsite Store,79.99
23895308,39-393-623-110,Z-145-1994,Store_2475,2022-03-30,Onsite Store,76.59
23895308,39-393-623-110,F-250-2001,Store_2475,2022-03-30,Onsite Store,13.59
23895308,39-393-623-110,V-208-2011,Store_2475,2022-03-30,Onsite Store,74.59
23895309,39-393-623-110,B-076-2000,Store_2368,2022-09-28,Online Store,50.59
23895309,39-393-623-110,W-169-1998,Store_2368,2022-09-28,Online Store,126.59
23895309,39-393-623-110,G-211-1987,Store_2368,2022-09-28,Online Store,61.59
23895309,39-393-623-110,B-025-1984,Store_2368,2022-09-28,Online Store,56.99
23895309,39-393-623-110,H-097-1990,Store_2368,2022-09-28,Online Store,44.59
23895310,39-393-623-110,Z-088-2018,Store_2386,2022-09-30,Online Store,59.99
23895310,39-393-623-110,F-163-1993,Store_2386,2022-09-30,Online Store,107.99
23895311,39-393-623-110,G-208-2001,Store_2401,2022-11-27,Onsite Store,101.99
23895311,39-393-623-110,W-034-1994,Store_2401,2022-11-27,Onsite Store,29.59
23895311,39-393-623-110,C-028-1980,Store_2401,2022-11-27,Onsite Store,62.99
23895311,39-393-623-110,A-145-2018,Store_2401,2022-11-27,Onsite Store,79.59
23895311,39-393-623-110,H-028-2006,Store_2401,2022-11-27,Onsite Store,49.59
23895311,39-393-623-110,G-223-1981,Store_2401,2022-11-27,Onsite Store,59.59
23895312,39-393-623-110,Q-130-1985,Store_2392,2022-06-07,Online Store,72.59
23895312,39-393-623-110,Z-064-1985,Store_2392,2022-06-07,Online Store,129.99
23895312,39-393-623-110,C-157-2006,Store_2392,2022-06-07,Online Store,133.59
23895312,39-393-623-110,W-130-2012,Store_2392,2022-06-07,Online Store,88.99
23895312,39-393-623-110,H-259-2000,Store_2392,2022-06-07,Online Store,53.59
23895312,39-393-623-110,C-118-1983,Store_2392,2022-06-07,Online Store,76.99
23895313,24-246-799-939,Q-118-1989,Store_2385,2022-11-20,Online Store,86.59
23895313,24-246-799-939,V-097-2010,Store_2385,2022-11-20,Online Store,57.99
23895313,24-246-799-939,G-226-1995,Store_2385,2022-11-20,Online Store,58.99
23895313,24-246-799-939,A-073-1995,Store_2385,2022-11-20,Online Store,34.59
23895313,24-246-799-939,I-217-1986,Store_2385,2022-11-20,Online Store,32.99
23895313,24-246-799-939,W-064-2006,Store_2385,2022-11-20,Online Store,85.59
23895313,24-246-799-939,W-121-1984,Store_2385,2022-11-20,Online Store,61.99
23895314,24-246-799-939,Z-037-1992,Store_2439,2022-12-26,Onsite Store,72.59
23895314,24-246-799-939,V-019-2002,Store_2439,2022-12-26,Onsite Store,67.99
23895314,24-246-799-939,C-175-2007,Store_2439,2022-12-26,Onsite Store,35.99
23895314,24-246-799-939,W-058-2008,Store_2439,2022-12-26,Onsite Store,12.59
23895315,24-246-799-939,B-211-2009,Store_2395,2022-06-08,Online Store,66.99
23895315,24-246-799-939,V-031-1981,Store_2395,2022-06-08,Online Store,18.99
23895315,24-246-799-939,W-055-1986,Store_2395,2022-06-08,Online Store,43.99
23895316,24-246-799-939,Q-007-2000,Store_2373,2022-09-18,Online Store,73.59
23895316,24-246-799-939,W-187-1985,Store_2373,2022-09-18,Online Store,66.59
23895316,24-246-799-939,W-046-1985,Store_2373,2022-09-18,Online Store,40.99
23895316,24-246-799-939,N-079-2004,Store_2373,2022-09-18,Online Store,71.59
23895316,24-246-799-939,H-100-2002,Store_2373,2022-09-18,Online Store,66.99
23895316,24-246-799-939,Z-004-1980,Store_2373,2022-09-18,Online Store,71.59
23895316,24-246-799-939,C-115-1986,Store_2373,2022-09-18,Online Store,43.99
23895316,24-246-799-939,I-010-1983,Store_2373,2022-09-18,Online Store,57.99
23895317,24-246-799-939,Z-061-1980,Store_2395,2022-08-27,Online Store,98.99
23895317,24-246-799-939,W-142-1992,Store_2395,2022-08-27,Online Store,141.99
23895317,24-246-799-939,G-145-1988,Store_2395,2022-08-27,Online Store,57.99
23895317,24-246-799-939,I-130-2005,Store_2395,2022-08-27,Online Store,60.99
23895318,24-246-799-939,G-205-1996,Store_2351,2022-09-24,Online Store,34.59
23895318,24-246-799-939,W-175-1981,Store_2351,2022-09-24,Online Store,121.59
23895318,24-246-799-939,W-031-2000,Store_2351,2022-09-24,Online Store,54.99
23895318,24-246-799-939,A-265-1981,Store_2351,2022-09-24,Online Store,16.59
23895319,24-246-799-939,G-220-2017,Store_2436,2022-01-21,Onsite Store,85.99
23895319,24-246-799-939,Z-163-1993,Store_2436,2022-01-21,Onsite Store,68.99
23895319,24-246-799-939,V-292-1998,Store_2436,2022-01-21,Onsite Store,41.59
23895320,24-246-799-939,Z-223-1992,Store_2401,2022-06-30,Onsite Store,30.99
23895320,24-246-799-939,Z-160-2003,Store_2401,2022-06-30,Onsite Store,34.99
23895320,24-246-799-939,I-166-2007,Store_2401,2022-06-30,Onsite Store,51.99
23895320,24-246-799-939,J-256-1995,Store_2401,2022-06-30,Onsite Store,49.99
23895320,24-246-799-939,N-133-2015,Store_2401,2022-06-30,Onsite Store,86.99
23895321,24-246-799-939,F-124-1980,Store_2405,2022-02-20,Onsite Store,43.99
23895321,24-246-799-939,I-169-1996,Store_2405,2022-02-20,Onsite Store,57.99
23895321,24-246-799-939,H-148-1994,Store_2405,2022-02-20,Onsite Store,81.99
23895321,24-246-799-939,Z-274-1985,Store_2405,2022-02-20,Onsite Store,58.99
23895321,24-246-799-939,B-211-2017,Store_2405,2022-02-20,Onsite Store,107.99
23895321,24-246-799-939,V-025-1995,Store_2405,2022-02-20,Onsite Store,91.59
23895321,24-246-799-939,Z-079-1988,Store_2405,2022-02-20,Onsite Store,57.99
23895321,24-246-799-939,B-178-2008,Store_2405,2022-02-20,Onsite Store,58.99
23895322,45-450-887-511,V-007-1989,Store_2384,2022-03-09,Online Store,36.59
23895322,45-450-887-511,V-097-1986,Store_2384,2022-03-09,Online Store,51.99
23895322,45-450-887-511,W-238-1989,Store_2384,2022-03-09,Online Store,102.59
23895322,45-450-887-511,Z-202-2009,Store_2384,2022-03-09,Online Store,74.59
23895322,45-450-887-511,W-295-2009,Store_2384,2022-03-09,Online Store,54.59
23895322,45-450-887-511,B-067-1980,Store_2384,2022-03-09,Online Store,25.59
23895322,45-450-887-511,W-193-2011,Store_2384,2022-03-09,Online Store,76.59
23895323,45-450-887-511,V-007-1995,Store_2436,2022-05-25,Onsite Store,61.59
23895323,45-450-887-511,H-292-2000,Store_2436,2022-05-25,Onsite Store,57.99
23895323,45-450-887-511,Q-061-2011,Store_2436,2022-05-25,Onsite Store,67.99
23895323,45-450-887-511,G-055-1993,Store_2436,2022-05-25,Onsite Store,93.59
23895323,45-450-887-511,A-106-2010,Store_2436,2022-05-25,Onsite Store,44.59
23895323,45-450-887-511,J-268-1996,Store_2436,2022-05-25,Onsite Store,75.59
23895323,45-450-887-511,Z-001-1983,Store_2436,2022-05-25,Onsite Store,84.99
23895323,45-450-887-511,Q-064-1981,Store_2436,2022-05-25,Onsite Store,58.99
23895323,45-450-887-511,N-229-1987,Store_2436,2022-05-25,Onsite Store,41.99
23895323,45-450-887-511,Z-190-1983,Store_2436,2022-05-25,Onsite Store,37.99
23895323,45-450-887-511,N-292-1990,Store_2436,2022-05-25,Onsite Store,84.99
23895323,45-450-887-511,Z-232-1991,Store_2436,2022-05-25,Onsite Store,32.59
23895324,45-450-887-511,C-100-2018,Store_2383,2022-03-10,Online Store,98.99
23895324,45-450-887-511,G-193-1998,Store_2383,2022-03-10,Online Store,118.59
23895324,45-450-887-511,Q-094-1982,Store_2383,2022-03-10,Online Store,99.99
23895325,45-450-887-511,I-286-2003,Store_2424,2022-06-18,Onsite Store,81.99
23895325,45-450-887-511,W-184-1989,Store_2424,2022-06-18,Onsite Store,60.99
23895326,45-450-887-511,W-241-1996,Store_2390,2022-09-22,Online Store,66.59
23895326,45-450-887-511,C-103-1980,Store_2390,2022-09-22,Online Store,40.99
23895326,45-450-887-511,B-142-2013,Store_2390,2022-09-22,Online Store,64.59
23895327,45-450-887-511,F-070-1999,Store_2385,2022-08-17,Online Store,82.99
23895327,45-450-887-511,J-226-1983,Store_2385,2022-08-17,Online Store,69.99
23895327,45-450-887-511,Q-277-1994,Store_2385,2022-08-17,Online Store,39.59
23895327,45-450-887-511,Z-190-2005,Store_2385,2022-08-17,Online Store,63.59
23895327,45-450-887-511,C-160-2000,Store_2385,2022-08-17,Online Store,93.99
23895327,45-450-887-511,Z-205-1989,Store_2385,2022-08-17,Online Store,56.99
23895327,45-450-887-511,B-274-1996,Store_2385,2022-08-17,Online Store,122.99
23895327,45-450-887-511,A-031-2003,Store_2385,2022-08-17,Online Store,47.59
23895327,45-450-887-511,Q-205-1986,Store_2385,2022-08-17,Online Store,28.59
23895328,45-450-887-511,F-010-1990,Store_2407,2022-04-17,Onsite Store,60.59
23895329,45-450-887-511,H-253-1989,Store_2368,2022-11-02,Online Store,58.59
23895329,45-450-887-511,G-055-1981,Store_2368,2022-11-02,Online Store,49.99
23895329,45-450-887-511,J-253-1993,Store_2368,2022-11-02,Online Store,26.59
23895329,45-450-887-511,I-049-1984,Store_2368,2022-11-02,Online Store,115.99
23895330,45-450-887-511,G-205-2015,Store_2369,2022-05-30,Online Store,74.59
23895330,45-450-887-511,I-256-1982,Store_2369,2022-05-30,Online Store,68.99
23895330,45-450-887-511,I-199-2005,Store_2369,2022-05-30,Online Store,110.99
23895330,45-450-887-511,B-034-1990,Store_2369,2022-05-30,Online Store,71.99
23895330,45-450-887-511,Z-094-1983,Store_2369,2022-05-30,Online Store,40.99
23895330,45-450-887-511,C-058-1995,Store_2369,2022-05-30,Online Store,108.59
23895331,13-139-268-634,F-109-1995,Store_2420,2022-07-25,Onsite Store,95.59
23895331,13-139-268-634,G-181-2006,Store_2420,2022-07-25,Onsite Store,62.99
23895332,13-139-268-634,Q-292-2012,Store_2348,2022-07-15,Online Store,75.99
23895332,13-139-268-634,I-151-1989,Store_2348,2022-07-15,Online Store,36.99
23895332,13-139-268-634,C-268-1993,Store_2348,2022-07-15,Online Store,100.99
23895333,13-139-268-634,W-277-1986,Store_2407,2022-05-05,Onsite Store,94.99
23895334,13-139-268-634,W-142-2000,Store_2431,2022-11-09,Onsite Store,57.99
23895334,13-139-268-634,B-031-2002,Store_2431,2022-11-09,Onsite Store,54.59
23895334,13-139-268-634,B-109-1988,Store_2431,2022-11-09,Onsite Store,68.99
23895334,13-139-268-634,A-211-1997,Store_2431,2022-11-09,Onsite Store,86.99
23895334,13-139-268-634,I-100-2012,Store_2431,2022-11-09,Onsite Store,88.59
23895334,13-139-268-634,H-139-1998,Store_2431,2022-11-09,Onsite Store,67.59
23895335,13-139-268-634,A-040-1985,Store_2397,2022-02-05,Online Store,66.99
23895335,13-139-268-634,I-082-2002,Store_2397,2022-02-05,Online Store,28.99
23895335,13-139-268-634,Q-241-1986,Store_2397,2022-02-05,Online Store,32.99
23895336,13-139-268-634,G-094-2014,Store_2365,2022-02-23,Online Store,77.59
23895336,13-139-268-634,Q-202-2017,Store_2365,2022-02-23,Online Store,64.99
23895336,13-139-268-634,N-292-1989,Store_2365,2022-02-23,Online Store,40.99
23895336,13-139-268-634,H-031-2008,Store_2365,2022-02-23,Online Store,103.59
23895337,13-139-268-634,C-235-1981,Store_2463,2022-08-31,Onsite Store,57.99
23895337,13-139-268-634,H-277-1997,Store_2463,2022-08-31,Onsite Store,63.99
23895337,13-139-268-634,W-019-1991,Store_2463,2022-08-31,Onsite Store,71.99
23895337,13-139-268-634,W-055-2008,Store_2463,2022-08-31,Onsite Store,78.59
23895337,13-139-268-634,Q-151-2016,Store_2463,2022-08-31,Onsite Store,83.59
23895337,13-139-268-634,W-217-2012,Store_2463,2022-08-31,Onsite Store,41.59
23895337,13-139-268-634,B-109-2018,Store_2463,2022-08-31,Onsite Store,42.99
23895337,13-139-268-634,H-025-2000,Store_2463,2022-08-31,Onsite Store,35.59
23895338,13-139-268-634,I-283-2014,Store_2469,2022-07-29,Onsite Store,80.99
23895338,13-139-268-634,J-268-2006,Store_2469,2022-07-29,Onsite Store,96.99
23895338,13-139-268-634,V-289-1989,Store_2469,2022-07-29,Onsite Store,40.59
23895338,13-139-268-634,B-139-2006,Store_2469,2022-07-29,Onsite Store,80.99
23895338,13-139-268-634,N-184-1998,Store_2469,2022-07-29,Onsite Store,39.59
23895338,13-139-268-634,F-091-2018,Store_2469,2022-07-29,Onsite Store,56.99
23895339,13-139-268-634,F-058-1995,Store_2412,2022-01-07,Onsite Store,58.59
23895339,13-139-268-634,C-256-1981,Store_2412,2022-01-07,Onsite Store,58.59
23895339,13-139-268-634,H-061-2015,Store_2412,2022-01-07,Onsite Store,76.99
23895339,13-139-268-634,A-022-1991,Store_2412,2022-01-07,Onsite Store,61.59
23895339,13-139-268-634,C-028-1985,Store_2412,2022-01-07,Onsite Store,64.59
23895339,13-139-268-634,J-064-2013,Store_2412,2022-01-07,Onsite Store,51.59
23895339,13-139-268-634,Z-193-1992,Store_2412,2022-01-07,Onsite Store,111.99
23895339,13-139-268-634,B-229-1990,Store_2412,2022-01-07,Onsite Store,34.59
23895339,13-139-268-634,A-103-2011,Store_2412,2022-01-07,Onsite Store,117.59
23895339,13-139-268-634,I-235-2007,Store_2412,2022-01-07,Onsite Store,77.99
23895339,13-139-268-634,Z-271-2006,Store_2412,2022-01-07,Onsite Store,56.99
23895340,95-950-701-784,W-136-1981,Store_2418,2022-11-10,Onsite Store,54.99
23895340,95-950-701-784,G-082-2001,Store_2418,2022-11-10,Onsite Store,96.59
23895340,95-950-701-784,G-046-1980,Store_2418,2022-11-10,Onsite Store,109.59
23895340,95-950-701-784,Z-292-1998,Store_2418,2022-11-10,Onsite Store,48.59
23895340,95-950-701-784,Z-034-2016,Store_2418,2022-11-10,Onsite Store,80.99
23895340,95-950-701-784,H-151-2017,Store_2418,2022-11-10,Onsite Store,42.99
23895341,95-950-701-784,W-037-2011,Store_2415,2022-11-22,Onsite Store,55.99
23895341,95-950-701-784,J-037-1992,Store_2415,2022-11-22,Onsite Store,43.59
23895341,95-950-701-784,N-130-1985,Store_2415,2022-11-22,Onsite Store,88.59
23895341,95-950-701-784,H-142-1985,Store_2415,2022-11-22,Onsite Store,100.99
23895341,95-950-701-784,N-061-2011,Store_2415,2022-11-22,Onsite Store,87.59
23895341,95-950-701-784,J-181-2016,Store_2415,2022-11-22,Onsite Store,54.99
23895341,95-950-701-784,A-025-1987,Store_2415,2022-11-22,Onsite Store,80.59
23895341,95-950-701-784,A-007-1987,Store_2415,2022-11-22,Onsite Store,63.59
23895342,95-950-701-784,V-127-1997,Store_2360,2022-08-17,Online Store,27.99
23895342,95-950-701-784,Q-235-1995,Store_2360,2022-08-17,Online Store,22.99
23895342,95-950-701-784,B-145-1989,Store_2360,2022-08-17,Online Store,53.99
23895342,95-950-701-784,I-256-1982,Store_2360,2022-08-17,Online Store,68.99
23895343,95-950-701-784,J-298-2017,Store_2438,2022-05-02,Onsite Store,116.99
23895343,95-950-701-784,J-289-2006,Store_2438,2022-05-02,Onsite Store,65.59
23895343,95-950-701-784,I-151-1991,Store_2438,2022-05-02,Onsite Store,42.59
23895343,95-950-701-784,W-295-2009,Store_2438,2022-05-02,Onsite Store,54.59
23895343,95-950-701-784,V-091-2009,Store_2438,2022-05-02,Onsite Store,46.99
23895343,95-950-701-784,F-133-1983,Store_2438,2022-05-02,Onsite Store,72.99
23895343,95-950-701-784,H-160-1980,Store_2438,2022-05-02,Onsite Store,93.99
23895343,95-950-701-784,I-283-2007,Store_2438,2022-05-02,Onsite Store,75.99
23895344,95-950-701-784,Q-259-2018,Store_2402,2022-12-13,Onsite Store,33.59
23895345,95-950-701-784,C-016-1987,Store_2435,2022-01-05,Onsite Store,78.99
23895345,95-950-701-784,N-148-1997,Store_2435,2022-01-05,Onsite Store,34.99
23895345,95-950-701-784,V-169-2011,Store_2435,2022-01-05,Onsite Store,73.59
23895346,95-950-701-784,W-025-2012,Store_2374,2022-07-05,Online Store,76.99
23895346,95-950-701-784,W-265-2007,Store_2374,2022-07-05,Online Store,64.59
23895346,95-950-701-784,G-118-2009,Store_2374,2022-07-05,Online Store,42.59
23895346,95-950-701-784,G-160-1995,Store_2374,2022-07-05,Online Store,91.99
23895346,95-950-701-784,N-199-2012,Store_2374,2022-07-05,Online Store,102.59
23895346,95-950-701-784,F-109-2002,Store_2374,2022-07-05,Online Store,111.59
23895347,95-950-701-784,B-208-2004,Store_2405,2022-01-13,Onsite Store,68.59
23895347,95-950-701-784,A-055-1989,Store_2405,2022-01-13,Onsite Store,122.99
23895347,95-950-701-784,Q-073-1998,Store_2405,2022-01-13,Onsite Store,87.99
23895347,95-950-701-784,G-220-2004,Store_2405,2022-01-13,Onsite Store,14.99
23895347,95-950-701-784,J-100-1991,Store_2405,2022-01-13,Onsite Store,41.99
23895347,95-950-701-784,Q-022-2018,Store_2405,2022-01-13,Onsite Store,43.59
23895348,95-950-701-784,A-187-1993,Store_2473,2022-11-06,Onsite Store,58.99
23895348,95-950-701-784,F-220-2004,Store_2473,2022-11-06,Onsite Store,105.59
23895349,17-172-622-400,W-169-2014,Store_2348,2022-01-18,Online Store,82.99
23895350,17-172-622-400,J-196-1998,Store_2473,2022-10-27,Onsite Store,97.59
23895350,17-172-622-400,F-061-1995,Store_2473,2022-10-27,Onsite Store,42.99
23895350,17-172-622-400,B-148-1991,Store_2473,2022-10-27,Onsite Store,29.59
23895350,17-172-622-400,V-067-2003,Store_2473,2022-10-27,Onsite Store,66.59
23895351,17-172-622-400,Z-292-1991,Store_2361,2022-02-12,Online Store,24.59
23895351,17-172-622-400,A-244-1994,Store_2361,2022-02-12,Online Store,48.99
23895351,17-172-622-400,N-160-1999,Store_2361,2022-02-12,Online Store,69.59
23895351,17-172-622-400,H-040-1987,Store_2361,2022-02-12,Online Store,144.99
23895351,17-172-622-400,Z-292-1992,Store_2361,2022-02-12,Online Store,123.59
23895352,17-172-622-400,Z-205-1980,Store_2372,2022-12-18,Online Store,95.99
23895352,17-172-622-400,W-205-2004,Store_2372,2022-12-18,Online Store,43.99
23895352,17-172-622-400,W-154-1998,Store_2372,2022-12-18,Online Store,45.99
23895352,17-172-622-400,A-142-1993,Store_2372,2022-12-18,Online Store,60.59
23895352,17-172-622-400,Q-076-2015,Store_2372,2022-12-18,Online Store,43.59
23895352,17-172-622-400,Z-133-2011,Store_2372,2022-12-18,Online Store,71.59
23895353,17-172-622-400,G-166-2001,Store_2360,2022-10-30,Online Store,47.99
23895353,17-172-622-400,Z-232-1988,Store_2360,2022-10-30,Online Store,20.59
23895353,17-172-622-400,C-298-2010,Store_2360,2022-10-30,Online Store,96.59
23895353,17-172-622-400,G-238-2009,Store_2360,2022-10-30,Online Store,117.59
23895353,17-172-622-400,W-004-1984,Store_2360,2022-10-30,Online Store,132.59
23895353,17-172-622-400,G-127-1992,Store_2360,2022-10-30,Online Store,6.99
23895354,17-172-622-400,Z-283-1990,Store_2419,2022-07-05,Onsite Store,10.99
23895354,17-172-622-400,N-202-2012,Store_2419,2022-07-05,Onsite Store,63.59
23895355,17-172-622-400,C-154-2004,Store_2401,2022-07-20,Onsite Store,76.99
23895355,17-172-622-400,Q-025-2017,Store_2401,2022-07-20,Onsite Store,62.59
23895355,17-172-622-400,C-277-1985,Store_2401,2022-07-20,Onsite Store,58.99
23895355,17-172-622-400,J-121-2007,Store_2401,2022-07-20,Onsite Store,38.59
23895355,17-172-622-400,Z-076-1986,Store_2401,2022-07-20,Onsite Store,28.59
23895355,17-172-622-400,B-130-1997,Store_2401,2022-07-20,Onsite Store,123.99
23895355,17-172-622-400,B-127-1996,Store_2401,2022-07-20,Onsite Store,81.59
23895355,17-172-622-400,J-037-1995,Store_2401,2022-07-20,Onsite Store,66.59
23895356,17-172-622-400,B-043-1993,Store_2474,2022-02-10,Onsite Store,15.99
23895356,17-172-622-400,H-160-2012,Store_2474,2022-02-10,Onsite Store,62.99
23895356,17-172-622-400,I-181-1989,Store_2474,2022-02-10,Onsite Store,24.59
23895356,17-172-622-400,B-253-1988,Store_2474,2022-02-10,Onsite Store,85.59
23895356,17-172-622-400,B-277-1997,Store_2474,2022-02-10,Onsite Store,81.59
23895356,17-172-622-400,G-208-2004,Store_2474,2022-02-10,Onsite Store,60.59
23895356,17-172-622-400,G-109-1998,Store_2474,2022-02-10,Onsite Store,62.99
23895357,17-172-622-400,Q-148-1983,Store_2351,2022-03-04,Online Store,52.59
23895357,17-172-622-400,H-091-2014,Store_2351,2022-03-04,Online Store,96.59
23895357,17-172-622-400,B-193-2010,Store_2351,2022-03-04,Online Store,71.99
23895357,17-172-622-400,Z-055-2001,Store_2351,2022-03-04,Online Store,96.59
23895357,17-172-622-400,C-193-1997,Store_2351,2022-03-04,Online Store,48.99
23895357,17-172-622-400,N-166-1997,Store_2351,2022-03-04,Online Store,97.59
23895358,11-112-218-520,Z-259-1998,Store_2443,2022-08-07,Onsite Store,98.59
23895358,11-112-218-520,C-064-2014,Store_2443,2022-08-07,Onsite Store,57.59
23895358,11-112-218-520,C-112-2008,Store_2443,2022-08-07,Onsite Store,58.99
23895358,11-112-218-520,J-043-2018,Store_2443,2022-08-07,Onsite Store,87.59
23895359,11-112-218-520,G-040-2012,Store_2360,2022-11-05,Online Store,72.99
23895360,11-112-218-520,N-064-1983,Store_2377,2022-11-01,Online Store,45.99
23895360,11-112-218-520,V-073-2005,Store_2377,2022-11-01,Online Store,115.99
23895360,11-112-218-520,F-136-1988,Store_2377,2022-11-01,Online Store,88.59
23895360,11-112-218-520,W-247-2000,Store_2377,2022-11-01,Online Store,23.99
23895360,11-112-218-520,G-166-2007,Store_2377,2022-11-01,Online Store,78.99
23895360,11-112-218-520,B-166-1995,Store_2377,2022-11-01,Online Store,27.59
23895361,11-112-218-520,V-277-1998,Store_2429,2022-06-29,Onsite Store,84.59
23895361,11-112-218-520,C-283-1983,Store_2429,2022-06-29,Onsite Store,62.59
23895361,11-112-218-520,I-235-2012,Store_2429,2022-06-29,Onsite Store,135.59
23895362,11-112-218-520,W-139-2008,Store_2377,2022-11-11,Online Store,120.99
23895362,11-112-218-520,V-103-1983,Store_2377,2022-11-11,Online Store,43.59
23895362,11-112-218-520,H-121-1981,Store_2377,2022-11-11,Online Store,52.59
23895362,11-112-218-520,Q-034-1983,Store_2377,2022-11-11,Online Store,57.59
23895362,11-112-218-520,G-292-1999,Store_2377,2022-11-11,Online Store,44.59
23895362,11-112-218-520,W-151-2012,Store_2377,2022-11-11,Online Store,21.59
23895362,11-112-218-520,B-205-2000,Store_2377,2022-11-11,Online Store,49.99
23895362,11-112-218-520,J-133-2018,Store_2377,2022-11-11,Online Store,61.59
23895363,11-112-218-520,F-298-1988,Store_2430,2022-01-07,Onsite Store,46.99
23895363,11-112-218-520,W-025-1983,Store_2430,2022-01-07,Onsite Store,90.59
23895363,11-112-218-520,N-196-1996,Store_2430,2022-01-07,Onsite Store,69.99
23895363,11-112-218-520,C-073-2000,Store_2430,2022-01-07,Onsite Store,52.99
23895363,11-112-218-520,Q-121-1990,Store_2430,2022-01-07,Onsite Store,88.99
23895363,11-112-218-520,G-022-1992,Store_2430,2022-01-07,Onsite Store,100.59
23895364,11-112-218-520,J-286-1991,Store_2467,2022-04-25,Onsite Store,64.59
23895364,11-112-218-520,J-067-2004,Store_2467,2022-04-25,Onsite Store,64.59
23895364,11-112-218-520,F-148-2005,Store_2467,2022-04-25,Onsite Store,76.99
23895364,11-112-218-520,A-040-2005,Store_2467,2022-04-25,Onsite Store,76.99
23895364,11-112-218-520,B-163-1988,Store_2467,2022-04-25,Onsite Store,80.99
23895365,11-112-218-520,W-214-2009,Store_2422,2022-11-29,Onsite Store,72.99
23895365,11-112-218-520,F-007-2015,Store_2422,2022-11-29,Onsite Store,86.99
23895366,11-112-218-520,B-253-2001,Store_2454,2022-06-21,Onsite Store,57.99
23895366,11-112-218-520,B-031-2001,Store_2454,2022-06-21,Onsite Store,70.99
23895367,30-302-750-929,B-091-2011,Store_2396,2022-06-05,Online Store,70.99
23895367,30-302-750-929,I-085-1987,Store_2396,2022-06-05,Online Store,73.59
23895367,30-302-750-929,W-076-1980,Store_2396,2022-06-05,Online Store,72.59
23895367,30-302-750-929,Q-001-1988,Store_2396,2022-06-05,Online Store,62.59
23895367,30-302-750-929,N-067-1993,Store_2396,2022-06-05,Online Store,17.59
23895368,30-302-750-929,J-157-1999,Store_2353,2022-11-07,Online Store,66.59
23895368,30-302-750-929,W-040-1981,Store_2353,2022-11-07,Online Store,35.99
23895368,30-302-750-929,G-184-2006,Store_2353,2022-11-07,Online Store,79.59
23895369,30-302-750-929,H-097-1992,Store_2431,2022-01-31,Onsite Store,60.99
23895369,30-302-750-929,W-244-2007,Store_2431,2022-01-31,Onsite Store,88.59
23895369,30-302-750-929,C-079-2015,Store_2431,2022-01-31,Onsite Store,118.99
23895370,30-302-750-929,B-109-2016,Store_2416,2022-11-12,Onsite Store,53.59
23895370,30-302-750-929,V-118-2001,Store_2416,2022-11-12,Onsite Store,60.59
23895370,30-302-750-929,Q-229-2016,Store_2416,2022-11-12,Onsite Store,82.99
23895371,30-302-750-929,J-295-1982,Store_2370,2022-02-05,Online Store,22.99
23895371,30-302-750-929,Q-196-1980,Store_2370,2022-02-05,Online Store,67.99
23895371,30-302-750-929,B-229-2006,Store_2370,2022-02-05,Online Store,66.59
23895371,30-302-750-929,Q-211-1997,Store_2370,2022-02-05,Online Store,41.59
23895371,30-302-750-929,G-010-1992,Store_2370,2022-02-05,Online Store,94.59
23895371,30-302-750-929,H-148-1997,Store_2370,2022-02-05,Online Store,65.99
23895371,30-302-750-929,A-073-2002,Store_2370,2022-02-05,Online Store,84.59
23895372,30-302-750-929,W-127-1995,Store_2463,2022-05-08,Onsite Store,98.59
23895372,30-302-750-929,V-046-2013,Store_2463,2022-05-08,Onsite Store,60.59
23895372,30-302-750-929,W-193-2015,Store_2463,2022-05-08,Onsite Store,78.59
23895372,30-302-750-929,C-220-1990,Store_2463,2022-05-08,Onsite Store,70.59
23895372,30-302-750-929,B-241-2006,Store_2463,2022-05-08,Onsite Store,75.59
23895372,30-302-750-929,B-193-2007,Store_2463,2022-05-08,Onsite Store,74.99
23895372,30-302-750-929,N-049-1988,Store_2463,2022-05-08,Onsite Store,92.99
23895372,30-302-750-929,Z-298-2001,Store_2463,2022-05-08,Onsite Store,92.99
23895372,30-302-750-929,G-193-1997,Store_2463,2022-05-08,Onsite Store,43.99
23895373,30-302-750-929,A-079-2009,Store_2462,2022-06-13,Onsite Store,61.99
23895373,30-302-750-929,C-202-1995,Store_2462,2022-06-13,Onsite Store,40.59
23895373,30-302-750-929,I-184-2009,Store_2462,2022-06-13,Onsite Store,57.59
23895373,30-302-750-929,B-217-1987,Store_2462,2022-06-13,Onsite Store,49.99
23895373,30-302-750-929,B-220-2010,Store_2462,2022-06-13,Onsite Store,76.59
23895373,30-302-750-929,C-223-1988,Store_2462,2022-06-13,Onsite Store,66.99
23895373,30-302-750-929,C-127-1988,Store_2462,2022-06-13,Onsite Store,46.99
23895373,30-302-750-929,C-058-1995,Store_2462,2022-06-13,Onsite Store,108.59
23895373,30-302-750-929,A-247-2009,Store_2462,2022-06-13,Onsite Store,42.99
23895374,30-302-750-929,G-187-2014,Store_2357,2022-10-25,Online Store,83.59
23895374,30-302-750-929,Z-040-2000,Store_2357,2022-10-25,Online Store,62.99
23895374,30-302-750-929,N-130-2002,Store_2357,2022-10-25,Online Store,75.59
23895374,30-302-750-929,B-070-2014,Store_2357,2022-10-25,Online Store,85.99
23895374,30-302-750-929,V-010-2015,Store_2357,2022-10-25,Online Store,125.99
23895375,30-302-750-929,G-010-1981,Store_2451,2022-03-02,Onsite Store,48.59
23895375,30-302-750-929,G-100-2004,Store_2451,2022-03-02,Onsite Store,77.59
23895375,30-302-750-929,C-199-2016,Store_2451,2022-03-02,Onsite Store,51.99
23895375,30-302-750-929,N-109-2010,Store_2451,2022-03-02,Onsite Store,82.99
23895375,30-302-750-929,G-244-2009,Store_2451,2022-03-02,Onsite Store,65.59
23895375,30-302-750-929,G-052-2005,Store_2451,2022-03-02,Onsite Store,95.99
23895375,30-302-750-929,I-229-1997,Store_2451,2022-03-02,Onsite Store,44.59
23895376,46-464-454-788,V-172-1994,Store_2466,2022-07-30,Onsite Store,107.59
23895376,46-464-454-788,W-010-1992,Store_2466,2022-07-30,Onsite Store,57.99
23895376,46-464-454-788,Z-040-1996,Store_2466,2022-07-30,Onsite Store,122.59
23895377,46-464-454-788,F-130-2004,Store_2369,2022-07-01,Online Store,102.99
23895377,46-464-454-788,Z-196-1996,Store_2369,2022-07-01,Online Store,25.59
23895377,46-464-454-788,B-184-2003,Store_2369,2022-07-01,Online Store,24.59
23895377,46-464-454-788,F-277-2012,Store_2369,2022-07-01,Online Store,91.99
23895378,46-464-454-788,Q-256-2017,Store_2455,2022-05-17,Onsite Store,41.59
23895378,46-464-454-788,J-052-1989,Store_2455,2022-05-17,Onsite Store,84.99
23895378,46-464-454-788,H-283-2008,Store_2455,2022-05-17,Onsite Store,69.59
23895378,46-464-454-788,B-022-2003,Store_2455,2022-05-17,Onsite Store,38.99
23895378,46-464-454-788,Z-298-2001,Store_2455,2022-05-17,Onsite Store,92.99
23895378,46-464-454-788,A-202-1990,Store_2455,2022-05-17,Onsite Store,98.99
23895378,46-464-454-788,A-256-2011,Store_2455,2022-05-17,Onsite Store,54.99
23895378,46-464-454-788,A-268-1989,Store_2455,2022-05-17,Onsite Store,24.59
23895379,46-464-454-788,C-292-2008,Store_2380,2022-01-01,Online Store,58.99
23895379,46-464-454-788,B-187-1995,Store_2380,2022-01-01,Online Store,46.99
23895379,46-464-454-788,Q-061-1988,Store_2380,2022-01-01,Online Store,14.59
23895379,46-464-454-788,N-010-2004,Store_2380,2022-01-01,Online Store,70.99
23895379,46-464-454-788,F-079-2016,Store_2380,2022-01-01,Online Store,85.59
23895379,46-464-454-788,J-058-1999,Store_2380,2022-01-01,Online Store,14.59
23895379,46-464-454-788,J-169-2000,Store_2380,2022-01-01,Online Store,52.99
23895379,46-464-454-788,H-034-2005,Store_2380,2022-01-01,Online Store,47.59
23895379,46-464-454-788,F-007-1988,Store_2380,2022-01-01,Online Store,42.59
23895379,46-464-454-788,N-226-1992,Store_2380,2022-01-01,Online Store,65.99
23895380,46-464-454-788,J-265-1983,Store_2463,2022-03-05,Onsite Store,12.99
23895380,46-464-454-788,V-256-1994,Store_2463,2022-03-05,Onsite Store,52.59
23895380,46-464-454-788,G-208-2012,Store_2463,2022-03-05,Onsite Store,106.59
23895380,46-464-454-788,N-055-2012,Store_2463,2022-03-05,Onsite Store,34.99
23895381,46-464-454-788,A-241-2012,Store_2420,2022-01-18,Onsite Store,66.59
23895381,46-464-454-788,J-109-2017,Store_2420,2022-01-18,Onsite Store,85.99
23895381,46-464-454-788,N-034-2002,Store_2420,2022-01-18,Onsite Store,32.59
23895381,46-464-454-788,J-046-1998,Store_2420,2022-01-18,Onsite Store,98.99
23895381,46-464-454-788,V-091-2015,Store_2420,2022-01-18,Onsite Store,60.99
23895381,46-464-454-788,H-139-1997,Store_2420,2022-01-18,Onsite Store,55.59
23895381,46-464-454-788,I-193-1992,Store_2420,2022-01-18,Onsite Store,109.99
23895382,46-464-454-788,I-085-2005,Store_2365,2022-02-25,Online Store,82.99
23895382,46-464-454-788,C-040-1987,Store_2365,2022-02-25,Online Store,56.99
23895382,46-464-454-788,G-130-2003,Store_2365,2022-02-25,Online Store,44.59
23895382,46-464-454-788,J-067-1988,Store_2365,2022-02-25,Online Store,83.59
23895382,46-464-454-788,F-271-2013,Store_2365,2022-02-25,Online Store,70.99
23895382,46-464-454-788,F-013-1986,Store_2365,2022-02-25,Online Store,125.99
23895383,46-464-454-788,J-193-1980,Store_2440,2022-01-11,Onsite Store,75.99
23895383,46-464-454-788,Z-169-1980,Store_2440,2022-01-11,Onsite Store,86.99
23895383,46-464-454-788,G-229-2013,Store_2440,2022-01-11,Onsite Store,44.99
23895383,46-464-454-788,Q-280-1981,Store_2440,2022-01-11,Onsite Store,63.59
23895383,46-464-454-788,B-292-2007,Store_2440,2022-01-11,Onsite Store,59.59
23895383,46-464-454-788,A-130-1984,Store_2440,2022-01-11,Onsite Store,97.99
23895383,46-464-454-788,J-046-1991,Store_2440,2022-01-11,Onsite Store,64.99
23895383,46-464-454-788,W-187-2013,Store_2440,2022-01-11,Onsite Store,109.59
23895384,46-464-454-788,Z-229-1990,Store_2455,2022-04-18,Onsite Store,72.59
23895384,46-464-454-788,W-223-1984,Store_2455,2022-04-18,Onsite Store,62.99
23895384,46-464-454-788,I-130-2001,Store_2455,2022-04-18,Onsite Store,89.99
23895384,46-464-454-788,Q-046-1987,Store_2455,2022-04-18,Onsite Store,28.59
23895384,46-464-454-788,A-265-1999,Store_2455,2022-04-18,Onsite Store,54.59
23895384,46-464-454-788,Q-256-1997,Store_2455,2022-04-18,Onsite Store,56.59
23895384,46-464-454-788,A-136-2003,Store_2455,2022-04-18,Onsite Store,72.99
23895384,46-464-454-788,Z-094-1992,Store_2455,2022-04-18,Onsite Store,77.59
23895385,47-470-786-782,J-193-1998,Store_2442,2022-02-26,Onsite Store,53.59
23895385,47-470-786-782,A-025-2017,Store_2442,2022-02-26,Onsite Store,35.99
23895385,47-470-786-782,V-091-2004,Store_2442,2022-02-26,Onsite Store,115.99
23895385,47-470-786-782,C-154-2007,Store_2442,2022-02-26,Onsite Store,79.99
23895385,47-470-786-782,B-196-2010,Store_2442,2022-02-26,Onsite Store,83.59
23895386,47-470-786-782,F-214-2013,Store_2363,2022-06-23,Online Store,115.59
23895387,47-470-786-782,G-160-2004,Store_2388,2022-06-04,Online Store,82.59
23895387,47-470-786-782,C-286-2011,Store_2388,2022-06-04,Online Store,65.59
23895387,47-470-786-782,H-034-1982,Store_2388,2022-06-04,Online Store,83.99
23895388,47-470-786-782,C-112-1996,Store_2450,2022-04-19,Onsite Store,85.99
23895388,47-470-786-782,I-268-1993,Store_2450,2022-04-19,Onsite Store,45.59
23895388,47-470-786-782,B-181-1999,Store_2450,2022-04-19,Onsite Store,106.99
23895389,47-470-786-782,H-268-1992,Store_2445,2022-07-09,Onsite Store,96.59
23895389,47-470-786-782,F-031-2011,Store_2445,2022-07-09,Onsite Store,31.99
23895389,47-470-786-782,H-082-2004,Store_2445,2022-07-09,Onsite Store,23.99
23895389,47-470-786-782,W-010-1980,Store_2445,2022-07-09,Onsite Store,53.59
23895389,47-470-786-782,G-190-1980,Store_2445,2022-07-09,Onsite Store,67.59
23895389,47-470-786-782,N-295-1999,Store_2445,2022-07-09,Onsite Store,64.59
23895389,47-470-786-782,Z-154-1992,Store_2445,2022-07-09,Onsite Store,60.99
23895389,47-470-786-782,Z-262-1998,Store_2445,2022-07-09,Onsite Store,64.59
23895390,47-470-786-782,N-064-2017,Store_2431,2022-10-22,Onsite Store,59.59
23895390,47-470-786-782,V-136-2007,Store_2431,2022-10-22,Onsite Store,71.99
23895390,47-470-786-782,G-190-1984,Store_2431,2022-10-22,Onsite Store,95.59
23895390,47-470-786-782,W-259-2007,Store_2431,2022-10-22,Onsite Store,67.59
23895390,47-470-786-782,Q-298-2001,Store_2431,2022-10-22,Onsite Store,79.59
23895390,47-470-786-782,W-235-1981,Store_2431,2022-10-22,Onsite Store,78.59
23895391,47-470-786-782,Z-259-2014,Store_2477,2022-10-14,Onsite Store,102.99
23895391,47-470-786-782,G-187-2014,Store_2477,2022-10-14,Onsite Store,83.59
23895392,47-470-786-782,J-265-1995,Store_2374,2022-07-27,Online Store,91.59
23895392,47-470-786-782,I-256-2014,Store_2374,2022-07-27,Online Store,82.59
23895393,47-470-786-782,W-049-1980,Store_2406,2022-11-24,Onsite Store,95.59
23895393,47-470-786-782,I-034-2005,Store_2406,2022-11-24,Onsite Store,57.99
23895393,47-470-786-782,F-208-2005,Store_2406,2022-11-24,Onsite Store,72.99
23895393,47-470-786-782,N-070-2011,Store_2406,2022-11-24,Onsite Store,40.59
23895393,47-470-786-782,H-151-2005,Store_2406,2022-11-24,Onsite Store,34.99
23895393,47-470-786-782,J-091-1991,Store_2406,2022-11-24,Onsite Store,97.59
23895393,47-470-786-782,J-127-2003,Store_2406,2022-11-24,Onsite Store,53.99
23895393,47-470-786-782,H-157-2014,Store_2406,2022-11-24,Onsite Store,49.99
23895393,47-470-786-782,F-217-2000,Store_2406,2022-11-24,Onsite Store,85.59
23895394,68-682-750-412,N-199-2015,Store_2382,2022-05-11,Online Store,120.99
23895394,68-682-750-412,Z-025-2014,Store_2382,2022-05-11,Online Store,94.99
23895394,68-682-750-412,N-013-1991,Store_2382,2022-05-11,Online Store,64.59
23895394,68-682-750-412,V-061-2009,Store_2382,2022-05-11,Online Store,31.99
23895394,68-682-750-412,I-196-1980,Store_2382,2022-05-11,Online Store,67.59
23895394,68-682-750-412,F-193-1998,Store_2382,2022-05-11,Online Store,109.99
23895395,68-682-750-412,J-100-2005,Store_2467,2022-01-26,Onsite Store,82.59
23895395,68-682-750-412,J-256-1982,Store_2467,2022-01-26,Onsite Store,61.59
23895395,68-682-750-412,V-046-2015,Store_2467,2022-01-26,Onsite Store,55.59
23895395,68-682-750-412,F-262-1986,Store_2467,2022-01-26,Onsite Store,14.99
23895395,68-682-750-412,I-241-2016,Store_2467,2022-01-26,Onsite Store,89.59
23895395,68-682-750-412,W-274-2010,Store_2467,2022-01-26,Onsite Store,49.59
23895395,68-682-750-412,G-040-1999,Store_2467,2022-01-26,Onsite Store,65.99
23895395,68-682-750-412,B-055-1986,Store_2467,2022-01-26,Onsite Store,89.59
23895395,68-682-750-412,Q-001-1997,Store_2467,2022-01-26,Onsite Store,72.59
23895395,68-682-750-412,I-073-2014,Store_2467,2022-01-26,Onsite Store,23.99
23895396,68-682-750-412,C-181-1996,Store_2361,2022-10-08,Online Store,84.59
23895396,68-682-750-412,C-037-1988,Store_2361,2022-10-08,Online Store,38.59
23895396,68-682-750-412,B-259-1999,Store_2361,2022-10-08,Online Store,32.59
23895396,68-682-750-412,F-238-2012,Store_2361,2022-10-08,Online Store,88.59
23895396,68-682-750-412,F-115-2014,Store_2361,2022-10-08,Online Store,106.59
23895397,68-682-750-412,V-097-1981,Store_2385,2022-02-17,Online Store,71.59
23895397,68-682-750-412,F-166-1999,Store_2385,2022-02-17,Online Store,71.99
23895397,68-682-750-412,Z-298-1995,Store_2385,2022-02-17,Online Store,73.99
23895397,68-682-750-412,Z-292-2010,Store_2385,2022-02-17,Online Store,84.59
23895397,68-682-750-412,H-151-2005,Store_2385,2022-02-17,Online Store,34.99
23895397,68-682-750-412,C-025-2015,Store_2385,2022-02-17,Online Store,5.59
23895397,68-682-750-412,Q-268-1994,Store_2385,2022-02-17,Online Store,69.99
23895397,68-682-750-412,J-211-2005,Store_2385,2022-02-17,Online Store,38.59
23895398,68-682-750-412,Q-193-1990,Store_2439,2022-03-27,Onsite Store,67.99
23895398,68-682-750-412,F-127-1996,Store_2439,2022-03-27,Onsite Store,56.59
23895398,68-682-750-412,W-223-1987,Store_2439,2022-03-27,Onsite Store,70.59
23895398,68-682-750-412,W-127-2002,Store_2439,2022-03-27,Onsite Store,77.99
23895398,68-682-750-412,A-082-2010,Store_2439,2022-03-27,Onsite Store,67.59
23895398,68-682-750-412,B-253-2007,Store_2439,2022-03-27,Onsite Store,72.99
23895398,68-682-750-412,A-232-2015,Store_2439,2022-03-27,Onsite Store,71.99
23895399,68-682-750-412,W-001-2009,Store_2467,2022-10-14,Onsite Store,79.59
23895399,68-682-750-412,C-139-2018,Store_2467,2022-10-14,Onsite Store,85.99
23895399,68-682-750-412,Z-151-1989,Store_2467,2022-10-14,Onsite Store,52.99
23895399,68-682-750-412,F-229-2003,Store_2467,2022-10-14,Onsite Store,127.59
23895399,68-682-750-412,Q-139-2006,Store_2467,2022-10-14,Onsite Store,95.99
23895399,68-682-750-412,I-160-1985,Store_2467,2022-10-14,Onsite Store,89.59
23895399,68-682-750-412,F-109-1998,Store_2467,2022-10-14,Onsite Store,27.99
23895400,68-682-750-412,F-073-2009,Store_2447,2022-03-31,Onsite Store,43.99
23895400,68-682-750-412,N-040-2008,Store_2447,2022-03-31,Onsite Store,118.99
23895400,68-682-750-412,H-115-1999,Store_2447,2022-03-31,Onsite Store,51.59
23895400,68-682-750-412,G-208-2011,Store_2447,2022-03-31,Onsite Store,57.59
23895401,68-682-750-412,V-031-1996,Store_2427,2022-11-15,Onsite Store,60.59
23895401,68-682-750-412,H-226-1997,Store_2427,2022-11-15,Onsite Store,54.59
23895401,68-682-750-412,G-238-1993,Store_2427,2022-11-15,Onsite Store,17.59
23895401,68-682-750-412,J-271-2012,Store_2427,2022-11-15,Onsite Store,52.99
23895401,68-682-750-412,B-097-1987,Store_2427,2022-11-15,Onsite Store,46.99
23895401,68-682-750-412,I-232-1999,Store_2427,2022-11-15,Onsite Store,34.99
23895402,68-682-750-412,I-070-2017,Store_2384,2022-06-15,Online Store,75.99
23895402,68-682-750-412,Z-199-2005,Store_2384,2022-06-15,Online Store,29.99
23895402,68-682-750-412,I-100-2011,Store_2384,2022-06-15,Online Store,90.59
23895402,68-682-750-412,Q-238-2014,Store_2384,2022-06-15,Online Store,51.99
23895402,68-682-750-412,Q-262-2018,Store_2384,2022-06-15,Online Store,69.59
23895402,68-682-750-412,G-292-2015,Store_2384,2022-06-15,Online Store,32.99
23895402,68-682-750-412,B-037-1995,Store_2384,2022-06-15,Online Store,25.59
23895402,68-682-750-412,V-121-1982,Store_2384,2022-06-15,Online Store,52.59
23895402,68-682-750-412,Z-151-1991,Store_2384,2022-06-15,Online Store,79.99
23895402,68-682-750-412,H-172-1983,Store_2384,2022-06-15,Online Store,71.59
23895402,68-682-750-412,N-142-1985,Store_2384,2022-06-15,Online Store,88.99
23895402,68-682-750-412,V-070-2012,Store_2384,2022-06-15,Online Store,37.59
23895403,98-986-324-499,J-151-2010,Store_2373,2022-03-04,Online Store,71.59
23895403,98-986-324-499,I-034-1981,Store_2373,2022-03-04,Online Store,31.99
23895403,98-986-324-499,Q-208-1998,Store_2373,2022-03-04,Online Store,7.99
23895403,98-986-324-499,W-196-1986,Store_2373,2022-03-04,Online Store,55.99
23895404,98-986-324-499,G-034-1995,Store_2411,2022-01-13,Onsite Store,32.59
23895404,98-986-324-499,V-136-1998,Store_2411,2022-01-13,Onsite Store,87.59
23895404,98-986-324-499,Q-136-1989,Store_2411,2022-01-13,Onsite Store,59.59
23895404,98-986-324-499,W-166-1986,Store_2411,2022-01-13,Onsite Store,74.59
23895405,98-986-324-499,A-019-2004,Store_2411,2022-06-27,Onsite Store,106.59
23895405,98-986-324-499,C-088-2000,Store_2411,2022-06-27,Onsite Store,58.99
23895405,98-986-324-499,V-205-1981,Store_2411,2022-06-27,Onsite Store,82.59
23895405,98-986-324-499,B-259-1982,Store_2411,2022-06-27,Onsite Store,79.59
23895405,98-986-324-499,Z-190-1995,Store_2411,2022-06-27,Onsite Store,111.99
23895405,98-986-324-499,G-193-2011,Store_2411,2022-06-27,Onsite Store,82.59
23895405,98-986-324-499,C-211-2014,Store_2411,2022-06-27,Onsite Store,96.99
23895405,98-986-324-499,G-271-1982,Store_2411,2022-06-27,Onsite Store,33.99
23895405,98-986-324-499,I-037-1999,Store_2411,2022-06-27,Onsite Store,50.99
23895406,98-986-324-499,I-205-1986,Store_2403,2022-08-20,Onsite Store,37.59
23895406,98-986-324-499,C-217-1981,Store_2403,2022-08-20,Onsite Store,106.59
23895406,98-986-324-499,I-091-1985,Store_2403,2022-08-20,Onsite Store,39.59
23895406,98-986-324-499,B-076-2004,Store_2403,2022-08-20,Onsite Store,51.59
23895406,98-986-324-499,I-298-1989,Store_2403,2022-08-20,Onsite Store,54.99
23895406,98-986-324-499,G-250-1989,Store_2403,2022-08-20,Onsite Store,95.59
23895406,98-986-324-499,Z-169-1996,Store_2403,2022-08-20,Onsite Store,40.59
23895406,98-986-324-499,W-058-2004,Store_2403,2022-08-20,Onsite Store,98.99
23895406,98-986-324-499,V-106-2010,Store_2403,2022-08-20,Onsite Store,68.99
23895407,98-986-324-499,J-070-2013,Store_2382,2022-07-02,Online Store,75.99
23895407,98-986-324-499,A-043-2012,Store_2382,2022-07-02,Online Store,29.59
23895408,98-986-324-499,G-037-1991,Store_2458,2022-02-08,Onsite Store,109.59
23895408,98-986-324-499,Q-133-1998,Store_2458,2022-02-08,Onsite Store,85.59
23895409,98-986-324-499,Z-169-1995,Store_2358,2022-03-02,Online Store,61.99
23895409,98-986-324-499,B-037-2013,Store_2358,2022-03-02,Online Store,53.59
23895409,98-986-324-499,Z-145-1986,Store_2358,2022-03-02,Online Store,97.99
23895409,98-986-324-499,Q-007-1985,Store_2358,2022-03-02,Online Store,76.59
23895409,98-986-324-499,I-181-1994,Store_2358,2022-03-02,Online Store,52.59
23895409,98-986-324-499,H-202-1988,Store_2358,2022-03-02,Online Store,115.99
23895409,98-986-324-499,F-220-1980,Store_2358,2022-03-02,Online Store,111.99
23895409,98-986-324-499,C-190-2007,Store_2358,2022-03-02,Online Store,52.59
23895410,98-986-324-499,W-094-2010,Store_2361,2022-11-09,Online Store,47.59
23895410,98-986-324-499,C-019-1986,Store_2361,2022-11-09,Online Store,108.99
23895410,98-986-324-499,G-241-2005,Store_2361,2022-11-09,Online Store,73.99
23895410,98-986-324-499,V-064-1980,Store_2361,2022-11-09,Online Store,62.99
23895411,98-986-324-499,F-097-1983,Store_2408,2022-11-30,Onsite Store,89.59
23895411,98-986-324-499,I-205-2003,Store_2408,2022-11-30,Onsite Store,39.59
23895411,98-986-324-499,Z-244-2017,Store_2408,2022-11-30,Onsite Store,86.59
23895411,98-986-324-499,J-013-2010,Store_2408,2022-11-30,Onsite Store,111.99
23895412,31-319-647-748,C-094-1988,Store_2351,2022-01-17,Online Store,86.99
23895413,31-319-647-748,N-193-1990,Store_2462,2022-05-20,Onsite Store,52.99
23895413,31-319-647-748,W-013-2005,Store_2462,2022-05-20,Onsite Store,31.59
23895413,31-319-647-748,C-247-2000,Store_2462,2022-05-20,Onsite Store,127.99
23895413,31-319-647-748,C-154-1985,Store_2462,2022-05-20,Onsite Store,70.59
23895413,31-319-647-748,I-289-1997,Store_2462,2022-05-20,Onsite Store,85.99
23895413,31-319-647-748,B-031-1999,Store_2462,2022-05-20,Onsite Store,54.99
23895413,31-319-647-748,A-247-1994,Store_2462,2022-05-20,Onsite Store,35.99
23895413,31-319-647-748,F-085-2001,Store_2462,2022-05-20,Onsite Store,52.99
23895414,31-319-647-748,H-181-1994,Store_2429,2022-11-20,Onsite Store,49.99
23895414,31-319-647-748,H-283-1988,Store_2429,2022-11-20,Onsite Store,133.59
23895414,31-319-647-748,A-295-2000,Store_2429,2022-11-20,Onsite Store,97.99
23895414,31-319-647-748,W-019-2001,Store_2429,2022-11-20,Onsite Store,66.59
23895414,31-319-647-748,N-043-2002,Store_2429,2022-11-20,Onsite Store,38.59
23895414,31-319-647-748,B-187-1981,Store_2429,2022-11-20,Onsite Store,51.59
23895414,31-319-647-748,H-292-2013,Store_2429,2022-11-20,Onsite Store,80.99
23895414,31-319-647-748,I-205-2008,Store_2429,2022-11-20,Onsite Store,63.99
23895414,31-319-647-748,V-091-1999,Store_2429,2022-11-20,Onsite Store,85.99
23895415,31-319-647-748,Z-274-1981,Store_2411,2022-02-06,Onsite Store,42.99
23895415,31-319-647-748,C-271-2013,Store_2411,2022-02-06,Onsite Store,63.59
23895415,31-319-647-748,Z-268-1998,Store_2411,2022-02-06,Onsite Store,54.59
23895415,31-319-647-748,V-235-2005,Store_2411,2022-02-06,Onsite Store,97.59
23895415,31-319-647-748,Z-040-1993,Store_2411,2022-02-06,Onsite Store,56.99
23895416,31-319-647-748,A-043-2002,Store_2456,2022-01-05,Onsite Store,44.99
23895416,31-319-647-748,W-145-1998,Store_2456,2022-01-05,Onsite Store,40.99
23895416,31-319-647-748,W-187-1986,Store_2456,2022-01-05,Onsite Store,89.59
23895416,31-319-647-748,W-289-1990,Store_2456,2022-01-05,Onsite Store,81.99
23895416,31-319-647-748,Z-169-2018,Store_2456,2022-01-05,Onsite Store,47.59
23895416,31-319-647-748,C-031-1986,Store_2456,2022-01-05,Onsite Store,63.99
23895416,31-319-647-748,H-235-1998,Store_2456,2022-01-05,Onsite Store,89.99
23895416,31-319-647-748,C-154-1991,Store_2456,2022-01-05,Onsite Store,108.99
23895417,31-319-647-748,G-241-2002,Store_2477,2022-11-22,Onsite Store,96.59
23895417,31-319-647-748,F-196-1999,Store_2477,2022-11-22,Onsite Store,63.59
23895417,31-319-647-748,F-019-1987,Store_2477,2022-11-22,Onsite Store,60.99
23895417,31-319-647-748,H-037-2015,Store_2477,2022-11-22,Onsite Store,62.59
23895417,31-319-647-748,A-007-2007,Store_2477,2022-11-22,Onsite Store,79.59
23895417,31-319-647-748,F-019-1996,Store_2477,2022-11-22,Onsite Store,27.99
23895417,31-319-647-748,F-274-1990,Store_2477,2022-11-22,Onsite Store,38.99
23895417,31-319-647-748,Q-121-2007,Store_2477,2022-11-22,Onsite Store,81.59
23895417,31-319-647-748,V-190-1994,Store_2477,2022-11-22,Onsite Store,79.59
23895418,31-319-647-748,N-091-2014,Store_2430,2022-08-16,Onsite Store,42.99
23895418,31-319-647-748,F-040-2005,Store_2430,2022-08-16,Onsite Store,38.59
23895418,31-319-647-748,H-154-2005,Store_2430,2022-08-16,Onsite Store,61.99
23895418,31-319-647-748,Z-229-2005,Store_2430,2022-08-16,Onsite Store,36.99
23895418,31-319-647-748,V-001-2010,Store_2430,2022-08-16,Onsite Store,60.59
23895418,31-319-647-748,I-019-1992,Store_2430,2022-08-16,Onsite Store,37.99
23895418,31-319-647-748,Q-130-1985,Store_2430,2022-08-16,Onsite Store,72.59
23895418,31-319-647-748,H-136-1981,Store_2430,2022-08-16,Onsite Store,105.99
23895419,31-319-647-748,N-097-1992,Store_2394,2022-03-10,Online Store,68.59
23895419,31-319-647-748,V-118-1986,Store_2394,2022-03-10,Online Store,65.99
23895419,31-319-647-748,I-250-2013,Store_2394,2022-03-10,Online Store,32.59
23895419,31-319-647-748,H-097-1998,Store_2394,2022-03-10,Online Store,76.59
23895419,31-319-647-748,Z-022-1998,Store_2394,2022-03-10,Online Store,50.99
23895419,31-319-647-748,V-061-1994,Store_2394,2022-03-10,Online Store,95.99
23895419,31-319-647-748,B-184-1999,Store_2394,2022-03-10,Online Store,42.99
23895419,31-319-647-748,F-052-1991,Store_2394,2022-03-10,Online Store,82.59
23895420,31-319-647-748,N-154-1981,Store_2445,2022-07-13,Onsite Store,98.59
23895420,31-319-647-748,W-127-2013,Store_2445,2022-07-13,Onsite Store,48.59
23895420,31-319-647-748,H-193-1989,Store_2445,2022-07-13,Onsite Store,78.59
23895420,31-319-647-748,F-127-2007,Store_2445,2022-07-13,Onsite Store,82.99
23895420,31-319-647-748,Q-250-1985,Store_2445,2022-07-13,Onsite Store,37.59
23895420,31-319-647-748,H-238-2000,Store_2445,2022-07-13,Onsite Store,95.59
23895420,31-319-647-748,C-148-2006,Store_2445,2022-07-13,Onsite Store,77.99
23895420,31-319-647-748,V-187-1992,Store_2445,2022-07-13,Onsite Store,40.59
23895421,51-519-824-667,A-028-1981,Store_2448,2022-01-16,Onsite Store,86.99
23895421,51-519-824-667,B-289-2010,Store_2448,2022-01-16,Onsite Store,66.59
23895421,51-519-824-667,V-091-2000,Store_2448,2022-01-16,Onsite Store,82.99
23895421,51-519-824-667,F-136-2016,Store_2448,2022-01-16,Onsite Store,92.99
23895421,51-519-824-667,A-208-1980,Store_2448,2022-01-16,Onsite Store,83.59
23895421,51-519-824-667,Z-058-2007,Store_2448,2022-01-16,Onsite Store,74.59
23895422,51-519-824-667,B-148-2004,Store_2396,2022-12-18,Online Store,32.99
23895422,51-519-824-667,F-289-1991,Store_2396,2022-12-18,Online Store,120.59
23895422,51-519-824-667,I-250-2017,Store_2396,2022-12-18,Online Store,72.99
23895422,51-519-824-667,G-067-1987,Store_2396,2022-12-18,Online Store,69.99
23895422,51-519-824-667,B-097-2007,Store_2396,2022-12-18,Online Store,55.99
23895423,51-519-824-667,Q-193-1996,Store_2384,2022-09-11,Online Store,79.59
23895424,51-519-824-667,A-136-2013,Store_2383,2022-07-28,Online Store,88.59
23895425,51-519-824-667,Q-049-2008,Store_2461,2022-08-23,Onsite Store,58.59
23895425,51-519-824-667,N-175-1998,Store_2461,2022-08-23,Onsite Store,64.59
23895425,51-519-824-667,W-154-1984,Store_2461,2022-08-23,Onsite Store,69.59
23895425,51-519-824-667,F-061-2006,Store_2461,2022-08-23,Onsite Store,152.59
23895425,51-519-824-667,Q-091-2011,Store_2461,2022-08-23,Onsite Store,38.99
23895426,51-519-824-667,A-220-1984,Store_2350,2022-03-07,Online Store,90.59
23895426,51-519-824-667,W-073-1996,Store_2350,2022-03-07,Online Store,65.59
23895426,51-519-824-667,F-112-1991,Store_2350,2022-03-07,Online Store,70.99
23895426,51-519-824-667,V-169-2009,Store_2350,2022-03-07,Online Store,87.99
23895426,51-519-824-667,Z-298-2018,Store_2350,2022-03-07,Online Store,70.99
23895426,51-519-824-667,H-124-2006,Store_2350,2022-03-07,Online Store,76.59
23895426,51-519-824-667,W-010-2000,Store_2350,2022-03-07,Online Store,111.99
23895427,51-519-824-667,G-229-2006,Store_2413,2022-08-18,Onsite Store,38.99
23895427,51-519-824-667,V-028-2005,Store_2413,2022-08-18,Onsite Store,85.99
23895427,51-519-824-667,A-283-2005,Store_2413,2022-08-18,Onsite Store,30.99
23895427,51-519-824-667,C-196-2011,Store_2413,2022-08-18,Onsite Store,92.59
23895427,51-519-824-667,B-220-2005,Store_2413,2022-08-18,Onsite Store,63.59
23895428,51-519-824-667,Q-130-1995,Store_2427,2022-10-17,Onsite Store,74.99
23895428,51-519-824-667,C-031-1998,Store_2427,2022-10-17,Onsite Store,50.59
23895428,51-519-824-667,G-007-2001,Store_2427,2022-10-17,Onsite Store,63.59
23895428,51-519-824-667,Q-001-2018,Store_2427,2022-10-17,Onsite Store,31.59
23895428,51-519-824-667,Q-019-1991,Store_2427,2022-10-17,Onsite Store,122.59
23895428,51-519-824-667,N-274-2016,Store_2427,2022-10-17,Onsite Store,78.59
23895429,51-519-824-667,C-148-2016,Store_2366,2022-01-25,Online Store,53.59
23895429,51-519-824-667,I-214-2016,Store_2366,2022-01-25,Online Store,66.99
23895429,51-519-824-667,I-142-1997,Store_2366,2022-01-25,Online Store,60.99
23895429,51-519-824-667,J-115-2011,Store_2366,2022-01-25,Online Store,115.99
23895429,51-519-824-667,G-205-1993,Store_2366,2022-01-25,Online Store,121.99
23895429,51-519-824-667,Z-277-2005,Store_2366,2022-01-25,Online Store,62.59
23895430,72-725-747-217,A-043-1996,Store_2453,2022-08-19,Onsite Store,37.99
23895430,72-725-747-217,H-229-2012,Store_2453,2022-08-19,Onsite Store,111.99
23895430,72-725-747-217,A-004-1989,Store_2453,2022-08-19,Onsite Store,115.99
23895430,72-725-747-217,C-007-1994,Store_2453,2022-08-19,Onsite Store,58.59
23895430,72-725-747-217,I-076-2016,Store_2453,2022-08-19,Onsite Store,120.59
23895430,72-725-747-217,G-271-2005,Store_2453,2022-08-19,Onsite Store,99.59
23895430,72-725-747-217,N-112-1992,Store_2453,2022-08-19,Onsite Store,70.59
23895430,72-725-747-217,A-073-2007,Store_2453,2022-08-19,Onsite Store,55.99
23895430,72-725-747-217,B-274-1995,Store_2453,2022-08-19,Onsite Store,71.99
23895430,72-725-747-217,G-265-2005,Store_2453,2022-08-19,Onsite Store,102.59
23895430,72-725-747-217,A-247-1998,Store_2453,2022-08-19,Onsite Store,53.99
23895431,72-725-747-217,I-085-2006,Store_2470,2022-01-15,Onsite Store,25.59
23895431,72-725-747-217,H-196-2016,Store_2470,2022-01-15,Onsite Store,75.99
23895431,72-725-747-217,N-223-1982,Store_2470,2022-01-15,Onsite Store,67.99
23895431,72-725-747-217,G-136-1985,Store_2470,2022-01-15,Onsite Store,103.99
23895431,72-725-747-217,Z-187-1987,Store_2470,2022-01-15,Onsite Store,71.59
23895431,72-725-747-217,B-214-1988,Store_2470,2022-01-15,Onsite Store,26.59
23895431,72-725-747-217,Z-145-2017,Store_2470,2022-01-15,Onsite Store,56.59
23895431,72-725-747-217,V-121-1987,Store_2470,2022-01-15,Onsite Store,89.99
23895432,72-725-747-217,C-109-1998,Store_2413,2022-05-20,Onsite Store,87.99
23895432,72-725-747-217,H-229-2007,Store_2413,2022-05-20,Onsite Store,102.59
23895432,72-725-747-217,I-031-2015,Store_2413,2022-05-20,Onsite Store,89.99
23895432,72-725-747-217,J-100-2002,Store_2413,2022-05-20,Onsite Store,43.99
23895432,72-725-747-217,Z-280-1980,Store_2413,2022-05-20,Onsite Store,66.59
23895432,72-725-747-217,G-043-2008,Store_2413,2022-05-20,Onsite Store,122.99
23895433,72-725-747-217,N-157-1996,Store_2358,2022-02-08,Online Store,42.59
23895433,72-725-747-217,V-079-1997,Store_2358,2022-02-08,Online Store,89.59
23895433,72-725-747-217,B-013-2006,Store_2358,2022-02-08,Online Store,72.99
23895433,72-725-747-217,C-196-1981,Store_2358,2022-02-08,Online Store,29.99
23895433,72-725-747-217,J-217-1988,Store_2358,2022-02-08,Online Store,96.59
23895433,72-725-747-217,G-295-2013,Store_2358,2022-02-08,Online Store,89.99
23895433,72-725-747-217,A-286-2017,Store_2358,2022-02-08,Online Store,74.59
23895434,72-725-747-217,Z-184-2017,Store_2381,2022-09-28,Online Store,89.59
23895434,72-725-747-217,J-166-1995,Store_2381,2022-09-28,Online Store,41.59
23895434,72-725-747-217,I-085-1982,Store_2381,2022-09-28,Online Store,60.59
23895434,72-725-747-217,B-052-2012,Store_2381,2022-09-28,Online Store,84.99
23895434,72-725-747-217,C-091-2016,Store_2381,2022-09-28,Online Store,4.99
23895434,72-725-747-217,A-178-1996,Store_2381,2022-09-28,Online Store,84.59
23895434,72-725-747-217,A-097-2012,Store_2381,2022-09-28,Online Store,104.99
23895434,72-725-747-217,W-217-1992,Store_2381,2022-09-28,Online Store,39.99
23895434,72-725-747-217,B-088-2016,Store_2381,2022-09-28,Online Store,104.99
23895435,72-725-747-217,B-040-1982,Store_2437,2022-09-28,Onsite Store,75.99
23895435,72-725-747-217,F-058-1999,Store_2437,2022-09-28,Onsite Store,65.59
23895435,72-725-747-217,B-031-1983,Store_2437,2022-09-28,Onsite Store,34.59
23895435,72-725-747-217,A-190-1999,Store_2437,2022-09-28,Onsite Store,143.59
23895435,72-725-747-217,Q-013-2001,Store_2437,2022-09-28,Onsite Store,95.99
23895435,72-725-747-217,N-148-2005,Store_2437,2022-09-28,Onsite Store,74.59
23895435,72-725-747-217,I-271-1983,Store_2437,2022-09-28,Onsite Store,37.99
23895436,72-725-747-217,J-280-2004,Store_2369,2022-12-28,Online Store,37.59
23895436,72-725-747-217,Z-262-1984,Store_2369,2022-12-28,Online Store,59.99
23895436,72-725-747-217,B-229-1994,Store_2369,2022-12-28,Online Store,65.99
23895436,72-725-747-217,V-286-1990,Store_2369,2022-12-28,Online Store,45.99
23895436,72-725-747-217,B-070-2014,Store_2369,2022-12-28,Online Store,85.99
23895436,72-725-747-217,Q-007-2018,Store_2369,2022-12-28,Online Store,86.59
23895436,72-725-747-217,V-160-1987,Store_2369,2022-12-28,Online Store,108.59
23895437,72-725-747-217,J-286-1990,Store_2366,2022-04-28,Online Store,100.59
23895437,72-725-747-217,H-286-1985,Store_2366,2022-04-28,Online Store,84.99
23895437,72-725-747-217,G-217-1982,Store_2366,2022-04-28,Online Store,59.59
23895437,72-725-747-217,Z-268-2010,Store_2366,2022-04-28,Online Store,21.99
23895437,72-725-747-217,V-001-2007,Store_2366,2022-04-28,Online Store,68.99
23895437,72-725-747-217,N-223-2000,Store_2366,2022-04-28,Online Store,62.99
23895437,72-725-747-217,J-046-2001,Store_2366,2022-04-28,Online Store,65.99
23895438,72-725-747-217,J-181-1981,Store_2383,2022-04-21,Online Store,148.99
23895438,72-725-747-217,J-229-1996,Store_2383,2022-04-21,Online Store,21.59
23895438,72-725-747-217,G-178-2002,Store_2383,2022-04-21,Online Store,70.99
23895439,49-494-454-362,N-148-1986,Store_2366,2022-09-03,Online Store,64.59
23895439,49-494-454-362,C-232-2000,Store_2366,2022-09-03,Online Store,58.59
23895439,49-494-454-362,N-112-2009,Store_2366,2022-09-03,Online Store,117.59
23895439,49-494-454-362,W-190-1985,Store_2366,2022-09-03,Online Store,72.99
23895439,49-494-454-362,I-154-2016,Store_2366,2022-09-03,Online Store,125.59
23895439,49-494-454-362,G-271-1995,Store_2366,2022-09-03,Online Store,91.59
23895440,49-494-454-362,G-136-1982,Store_2456,2022-10-09,Onsite Store,83.99
23895440,49-494-454-362,B-055-2000,Store_2456,2022-10-09,Onsite Store,23.59
23895440,49-494-454-362,W-073-2017,Store_2456,2022-10-09,Onsite Store,104.99
23895441,49-494-454-362,J-010-1984,Store_2352,2022-05-16,Online Store,48.59
23895441,49-494-454-362,G-151-1990,Store_2352,2022-05-16,Online Store,42.59
23895441,49-494-454-362,N-088-2004,Store_2352,2022-05-16,Online Store,59.99
23895441,49-494-454-362,F-022-1992,Store_2352,2022-05-16,Online Store,57.59
23895441,49-494-454-362,J-244-2017,Store_2352,2022-05-16,Online Store,90.59
23895441,49-494-454-362,W-157-1997,Store_2352,2022-05-16,Online Store,61.99
23895441,49-494-454-362,Z-166-1986,Store_2352,2022-05-16,Online Store,41.99
23895442,49-494-454-362,C-253-1999,Store_2421,2022-11-02,Onsite Store,91.99
23895442,49-494-454-362,Q-046-2007,Store_2421,2022-11-02,Onsite Store,95.59
23895442,49-494-454-362,F-043-1985,Store_2421,2022-11-02,Onsite Store,41.59
23895442,49-494-454-362,I-085-1981,Store_2421,2022-11-02,Onsite Store,51.59
23895442,49-494-454-362,A-199-2014,Store_2421,2022-11-02,Onsite Store,99.99
23895442,49-494-454-362,J-103-1987,Store_2421,2022-11-02,Onsite Store,41.99
23895442,49-494-454-362,C-172-1997,Store_2421,2022-11-02,Onsite Store,75.59
23895442,49-494-454-362,Q-007-1989,Store_2421,2022-11-02,Onsite Store,71.99
23895442,49-494-454-362,I-259-1993,Store_2421,2022-11-02,Onsite Store,88.59
23895442,49-494-454-362,G-127-1999,Store_2421,2022-11-02,Onsite Store,77.99
23895442,49-494-454-362,Z-112-1998,Store_2421,2022-11-02,Onsite Store,131.59
23895442,49-494-454-362,I-223-2017,Store_2421,2022-11-02,Onsite Store,102.59
23895443,49-494-454-362,I-058-2010,Store_2461,2022-03-09,Onsite Store,43.59
23895443,49-494-454-362,A-163-2000,Store_2461,2022-03-09,Onsite Store,69.59
23895443,49-494-454-362,G-298-1986,Store_2461,2022-03-09,Onsite Store,30.59
23895443,49-494-454-362,A-184-1982,Store_2461,2022-03-09,Onsite Store,84.99
23895444,49-494-454-362,Q-265-1991,Store_2413,2022-01-16,Onsite Store,49.59
23895444,49-494-454-362,I-178-1985,Store_2413,2022-01-16,Onsite Store,74.99
23895444,49-494-454-362,I-289-2008,Store_2413,2022-01-16,Onsite Store,91.59
23895444,49-494-454-362,J-235-1997,Store_2413,2022-01-16,Onsite Store,63.99
23895444,49-494-454-362,N-217-1985,Store_2413,2022-01-16,Onsite Store,68.59
23895444,49-494-454-362,B-139-1993,Store_2413,2022-01-16,Onsite Store,68.59
23895444,49-494-454-362,B-043-2018,Store_2413,2022-01-16,Onsite Store,103.59
23895445,49-494-454-362,C-109-2018,Store_2367,2022-10-16,Online Store,37.59
23895445,49-494-454-362,A-085-2011,Store_2367,2022-10-16,Online Store,104.99
23895445,49-494-454-362,V-253-1995,Store_2367,2022-10-16,Online Store,29.59
23895445,49-494-454-362,N-241-1983,Store_2367,2022-10-16,Online Store,81.59
23895445,49-494-454-362,J-244-1986,Store_2367,2022-10-16,Online Store,89.99
23895445,49-494-454-362,W-280-1992,Store_2367,2022-10-16,Online Store,111.59
23895445,49-494-454-362,G-010-2005,Store_2367,2022-10-16,Online Store,61.59
23895446,49-494-454-362,H-250-1981,Store_2440,2022-01-23,Onsite Store,103.59
23895446,49-494-454-362,I-262-1995,Store_2440,2022-01-23,Onsite Store,75.59
23895447,49-494-454-362,I-160-1997,Store_2424,2022-02-07,Onsite Store,113.99
23895447,49-494-454-362,Q-022-2016,Store_2424,2022-02-07,Onsite Store,49.99
23895447,49-494-454-362,V-181-1986,Store_2424,2022-02-07,Onsite Store,97.59
23895447,49-494-454-362,I-166-2005,Store_2424,2022-02-07,Onsite Store,74.59
23895447,49-494-454-362,W-253-2000,Store_2424,2022-02-07,Onsite Store,37.59
23895447,49-494-454-362,G-142-2016,Store_2424,2022-02-07,Onsite Store,54.59
23895448,26-264-473-858,Z-271-1980,Store_2467,2022-03-16,Onsite Store,82.99
23895448,26-264-473-858,Q-157-1982,Store_2467,2022-03-16,Onsite Store,81.59
23895448,26-264-473-858,J-070-2003,Store_2467,2022-03-16,Onsite Store,38.99
23895448,26-264-473-858,J-232-1998,Store_2467,2022-03-16,Onsite Store,45.99
23895449,26-264-473-858,G-202-1999,Store_2456,2022-12-20,Onsite Store,65.99
23895449,26-264-473-858,C-031-2010,Store_2456,2022-12-20,Onsite Store,51.99
23895449,26-264-473-858,I-208-1983,Store_2456,2022-12-20,Onsite Store,128.99
23895450,26-264-473-858,F-253-1987,Store_2471,2022-05-15,Onsite Store,81.59
23895450,26-264-473-858,W-217-2010,Store_2471,2022-05-15,Onsite Store,64.99
23895450,26-264-473-858,B-223-2008,Store_2471,2022-05-15,Onsite Store,72.59
23895450,26-264-473-858,G-004-1981,Store_2471,2022-05-15,Onsite Store,120.59
23895450,26-264-473-858,I-121-1985,Store_2471,2022-05-15,Onsite Store,117.59
23895450,26-264-473-858,I-055-2018,Store_2471,2022-05-15,Onsite Store,22.59
23895450,26-264-473-858,F-196-1995,Store_2471,2022-05-15,Onsite Store,41.99
23895450,26-264-473-858,F-028-2005,Store_2471,2022-05-15,Onsite Store,42.99
23895451,26-264-473-858,H-136-1999,Store_2384,2022-06-16,Online Store,62.99
23895452,26-264-473-858,J-094-2016,Store_2373,2022-11-01,Online Store,32.99
23895452,26-264-473-858,H-193-2015,Store_2373,2022-11-01,Online Store,81.99
23895452,26-264-473-858,F-232-2003,Store_2373,2022-11-01,Online Store,53.59
23895452,26-264-473-858,C-121-1996,Store_2373,2022-11-01,Online Store,68.99
23895452,26-264-473-858,G-007-2011,Store_2373,2022-11-01,Online Store,78.99
23895452,26-264-473-858,N-286-1980,Store_2373,2022-11-01,Online Store,53.99
23895453,26-264-473-858,N-175-1981,Store_2449,2022-09-10,Onsite Store,64.59
23895453,26-264-473-858,C-001-1985,Store_2449,2022-09-10,Onsite Store,29.59
23895453,26-264-473-858,Z-196-2012,Store_2449,2022-09-10,Onsite Store,48.99
23895453,26-264-473-858,A-280-2015,Store_2449,2022-09-10,Onsite Store,62.99
23895453,26-264-473-858,W-223-1991,Store_2449,2022-09-10,Onsite Store,91.99
23895453,26-264-473-858,H-160-1985,Store_2449,2022-09-10,Onsite Store,135.59
23895453,26-264-473-858,V-265-2017,Store_2449,2022-09-10,Onsite Store,93.99
23895453,26-264-473-858,Q-211-1997,Store_2449,2022-09-10,Onsite Store,41.59
23895453,26-264-473-858,B-244-1981,Store_2449,2022-09-10,Onsite Store,62.99
23895453,26-264-473-858,B-265-1993,Store_2449,2022-09-10,Onsite Store,64.99
23895453,26-264-473-858,A-061-2003,Store_2449,2022-09-10,Onsite Store,107.99
23895454,26-264-473-858,G-289-1995,Store_2423,2022-05-11,Onsite Store,38.99
23895454,26-264-473-858,W-226-2018,Store_2423,2022-05-11,Onsite Store,83.99
23895454,26-264-473-858,F-199-2007,Store_2423,2022-05-11,Onsite Store,25.59
23895455,26-264-473-858,I-103-1994,Store_2439,2022-12-29,Onsite Store,75.99
23895456,26-264-473-858,A-256-1982,Store_2350,2022-06-14,Online Store,110.59
23895456,26-264-473-858,A-277-2011,Store_2350,2022-06-14,Online Store,54.59
23895456,26-264-473-858,V-214-1995,Store_2350,2022-06-14,Online Store,59.99
23895457,43-433-247-200,J-169-2009,Store_2415,2022-04-16,Onsite Store,52.59
23895457,43-433-247-200,V-145-2012,Store_2415,2022-04-16,Onsite Store,83.99
23895458,43-433-247-200,G-202-1997,Store_2475,2022-02-17,Onsite Store,102.99
23895458,43-433-247-200,G-178-2004,Store_2475,2022-02-17,Onsite Store,97.99
23895458,43-433-247-200,C-055-1995,Store_2475,2022-02-17,Onsite Store,101.99
23895458,43-433-247-200,V-124-1995,Store_2475,2022-02-17,Onsite Store,77.99
23895458,43-433-247-200,J-088-1998,Store_2475,2022-02-17,Onsite Store,96.99
23895459,43-433-247-200,H-037-1998,Store_2417,2022-12-29,Onsite Store,64.59
23895459,43-433-247-200,I-145-2002,Store_2417,2022-12-29,Onsite Store,107.59
23895459,43-433-247-200,A-085-2012,Store_2417,2022-12-29,Onsite Store,60.99
23895460,43-433-247-200,H-040-1987,Store_2434,2022-06-25,Onsite Store,144.99
23895460,43-433-247-200,I-238-1996,Store_2434,2022-06-25,Onsite Store,64.59
23895460,43-433-247-200,H-259-1986,Store_2434,2022-06-25,Onsite Store,80.99
23895460,43-433-247-200,C-097-2007,Store_2434,2022-06-25,Onsite Store,76.99
23895460,43-433-247-200,N-025-1981,Store_2434,2022-06-25,Onsite Store,97.99
23895460,43-433-247-200,J-223-1998,Store_2434,2022-06-25,Onsite Store,64.59
23895460,43-433-247-200,N-265-2003,Store_2434,2022-06-25,Onsite Store,65.99
23895460,43-433-247-200,G-274-2017,Store_2434,2022-06-25,Onsite Store,81.59
23895461,43-433-247-200,C-055-2015,Store_2424,2022-01-12,Onsite Store,53.59
23895461,43-433-247-200,C-103-2015,Store_2424,2022-01-12,Onsite Store,56.59
23895462,43-433-247-200,V-148-1997,Store_2474,2022-02-10,Onsite Store,65.59
23895462,43-433-247-200,H-013-1991,Store_2474,2022-02-10,Onsite Store,105.99
23895462,43-433-247-200,N-088-1992,Store_2474,2022-02-10,Onsite Store,66.59
23895462,43-433-247-200,B-142-1989,Store_2474,2022-02-10,Onsite Store,53.59
23895463,43-433-247-200,B-154-2002,Store_2467,2022-03-15,Onsite Store,64.59
23895463,43-433-247-200,B-025-2006,Store_2467,2022-03-15,Onsite Store,98.59
23895463,43-433-247-200,N-133-2014,Store_2467,2022-03-15,Onsite Store,75.99
23895463,43-433-247-200,W-274-1986,Store_2467,2022-03-15,Onsite Store,110.59
23895463,43-433-247-200,C-121-2016,Store_2467,2022-03-15,Onsite Store,107.99
23895464,43-433-247-200,V-175-2007,Store_2437,2022-05-30,Onsite Store,65.99
23895464,43-433-247-200,A-166-2010,Store_2437,2022-05-30,Onsite Store,27.59
23895464,43-433-247-200,B-064-1992,Store_2437,2022-05-30,Onsite Store,92.59
23895464,43-433-247-200,V-028-2018,Store_2437,2022-05-30,Onsite Store,33.59
23895464,43-433-247-200,J-196-1996,Store_2437,2022-05-30,Onsite Store,86.59
23895464,43-433-247-200,G-007-1993,Store_2437,2022-05-30,Onsite Store,93.59
23895465,43-433-247-200,V-298-1987,Store_2437,2022-03-06,Onsite Store,94.59
23895465,43-433-247-200,H-127-2009,Store_2437,2022-03-06,Onsite Store,88.99
23895465,43-433-247-200,J-280-1994,Store_2437,2022-03-06,Onsite Store,51.59
23895465,43-433-247-200,N-178-1981,Store_2437,2022-03-06,Onsite Store,64.99
23895465,43-433-247-200,A-085-2015,Store_2437,2022-03-06,Onsite Store,17.59
23895465,43-433-247-200,W-265-2002,Store_2437,2022-03-06,Onsite Store,83.99
23895465,43-433-247-200,Z-028-1989,Store_2437,2022-03-06,Onsite Store,54.59
23895465,43-433-247-200,H-217-1983,Store_2437,2022-03-06,Onsite Store,76.99
23895465,43-433-247-200,B-238-1999,Store_2437,2022-03-06,Onsite Store,110.99
23895466,56-561-871-770,J-094-2018,Store_2354,2022-05-02,Online Store,55.99
23895466,56-561-871-770,W-202-1986,Store_2354,2022-05-02,Online Store,75.99
23895466,56-561-871-770,Q-028-2010,Store_2354,2022-05-02,Online Store,74.59
23895466,56-561-871-770,F-139-2015,Store_2354,2022-05-02,Online Store,96.99
23895466,56-561-871-770,H-097-1989,Store_2354,2022-05-02,Online Store,47.59
23895466,56-561-871-770,Z-130-1987,Store_2354,2022-05-02,Online Store,97.99
23895467,56-561-871-770,C-199-2015,Store_2403,2022-06-28,Onsite Store,95.59
23895467,56-561-871-770,V-130-2016,Store_2403,2022-06-28,Onsite Store,64.99
23895467,56-561-871-770,V-172-2018,Store_2403,2022-06-28,Onsite Store,86.99
23895467,56-561-871-770,W-043-2003,Store_2403,2022-06-28,Onsite Store,83.59
23895467,56-561-871-770,N-088-1987,Store_2403,2022-06-28,Onsite Store,64.59
23895467,56-561-871-770,Z-223-2017,Store_2403,2022-06-28,Onsite Store,8.99
23895467,56-561-871-770,N-079-1985,Store_2403,2022-06-28,Onsite Store,55.99
23895468,56-561-871-770,V-283-1992,Store_2362,2022-11-08,Online Store,78.59
23895468,56-561-871-770,Q-121-1996,Store_2362,2022-11-08,Online Store,69.99
23895469,56-561-871-770,G-067-1986,Store_2360,2022-11-27,Online Store,111.99
23895469,56-561-871-770,I-262-2007,Store_2360,2022-11-27,Online Store,57.99
23895469,56-561-871-770,C-037-1996,Store_2360,2022-11-27,Online Store,91.99
23895469,56-561-871-770,F-088-1982,Store_2360,2022-11-27,Online Store,48.59
23895469,56-561-871-770,N-031-1998,Store_2360,2022-11-27,Online Store,62.59
23895469,56-561-871-770,Q-157-1993,Store_2360,2022-11-27,Online Store,103.99
23895469,56-561-871-770,I-262-2011,Store_2360,2022-11-27,Online Store,67.99
23895470,56-561-871-770,W-256-1999,Store_2405,2022-09-06,Onsite Store,44.99
23895470,56-561-871-770,B-187-2014,Store_2405,2022-09-06,Onsite Store,55.99
23895471,56-561-871-770,V-157-1999,Store_2352,2022-03-15,Online Store,98.59
23895471,56-561-871-770,V-139-1995,Store_2352,2022-03-15,Online Store,124.59
23895471,56-561-871-770,F-115-2005,Store_2352,2022-03-15,Online Store,117.99
23895471,56-561-871-770,W-208-2018,Store_2352,2022-03-15,Online Store,55.59
23895471,56-561-871-770,I-160-2007,Store_2352,2022-03-15,Online Store,18.99
23895471,56-561-871-770,C-199-1995,Store_2352,2022-03-15,Online Store,133.59
23895471,56-561-871-770,H-112-1994,Store_2352,2022-03-15,Online Store,58.99
23895472,56-561-871-770,V-070-2000,Store_2464,2022-10-22,Onsite Store,69.59
23895472,56-561-871-770,C-283-2013,Store_2464,2022-10-22,Onsite Store,34.59
23895472,56-561-871-770,B-250-1983,Store_2464,2022-10-22,Onsite Store,42.99
23895472,56-561-871-770,Q-121-2001,Store_2464,2022-10-22,Onsite Store,60.59
23895472,56-561-871-770,Z-202-1983,Store_2464,2022-10-22,Onsite Store,81.59
23895472,56-561-871-770,I-244-1980,Store_2464,2022-10-22,Onsite Store,46.99
23895473,56-561-871-770,V-058-1986,Store_2419,2022-12-10,Onsite Store,101.99
23895473,56-561-871-770,F-226-1995,Store_2419,2022-12-10,Onsite Store,76.59
23895473,56-561-871-770,B-109-2015,Store_2419,2022-12-10,Onsite Store,76.59
23895473,56-561-871-770,W-184-1989,Store_2419,2022-12-10,Onsite Store,60.99
23895473,56-561-871-770,B-013-1983,Store_2419,2022-12-10,Onsite Store,12.99
23895473,56-561-871-770,H-064-2007,Store_2419,2022-12-10,Onsite Store,64.59
23895473,56-561-871-770,F-055-1992,Store_2419,2022-12-10,Onsite Store,116.59
23895473,56-561-871-770,V-100-1990,Store_2419,2022-12-10,Onsite Store,50.59
23895474,56-561-871-770,N-190-1990,Store_2451,2022-01-19,Onsite Store,82.59
23895474,56-561-871-770,C-001-1989,Store_2451,2022-01-19,Onsite Store,42.59
23895474,56-561-871-770,W-043-2009,Store_2451,2022-01-19,Onsite Store,59.59
23895474,56-561-871-770,Z-190-2007,Store_2451,2022-01-19,Onsite Store,83.59
23895475,68-686-564-754,I-028-2012,Store_2467,2022-11-09,Onsite Store,71.99
23895475,68-686-564-754,H-214-1991,Store_2467,2022-11-09,Onsite Store,24.99
23895475,68-686-564-754,N-220-1982,Store_2467,2022-11-09,Onsite Store,45.59
23895476,68-686-564-754,B-058-2001,Store_2393,2022-08-03,Online Store,59.59
23895476,68-686-564-754,C-013-2001,Store_2393,2022-08-03,Online Store,67.59
23895476,68-686-564-754,Z-100-1991,Store_2393,2022-08-03,Online Store,62.99
23895476,68-686-564-754,A-256-1980,Store_2393,2022-08-03,Online Store,34.99
23895477,68-686-564-754,J-232-2009,Store_2410,2022-08-14,Onsite Store,84.59
23895477,68-686-564-754,J-010-2012,Store_2410,2022-08-14,Onsite Store,44.99
23895477,68-686-564-754,B-094-1996,Store_2410,2022-08-14,Onsite Store,71.59
23895477,68-686-564-754,B-271-2003,Store_2410,2022-08-14,Onsite Store,49.99
23895478,68-686-564-754,I-202-1996,Store_2350,2022-07-25,Online Store,39.99
23895478,68-686-564-754,V-187-1987,Store_2350,2022-07-25,Online Store,86.59
23895478,68-686-564-754,B-061-1984,Store_2350,2022-07-25,Online Store,57.99
23895478,68-686-564-754,B-118-2018,Store_2350,2022-07-25,Online Store,62.59
23895478,68-686-564-754,H-043-2005,Store_2350,2022-07-25,Online Store,54.59
23895478,68-686-564-754,F-274-1993,Store_2350,2022-07-25,Online Store,38.59
23895478,68-686-564-754,V-067-1985,Store_2350,2022-07-25,Online Store,79.59
23895478,68-686-564-754,B-067-2007,Store_2350,2022-07-25,Online Store,70.99
23895479,68-686-564-754,G-028-2001,Store_2349,2022-06-23,Online Store,97.99
23895479,68-686-564-754,G-007-2014,Store_2349,2022-06-23,Online Store,121.99
23895479,68-686-564-754,B-169-1980,Store_2349,2022-06-23,Online Store,85.99
23895479,68-686-564-754,Q-211-1980,Store_2349,2022-06-23,Online Store,25.99
23895479,68-686-564-754,G-115-2008,Store_2349,2022-06-23,Online Store,65.59
23895480,68-686-564-754,A-235-1989,Store_2378,2022-10-05,Online Store,105.99
23895480,68-686-564-754,N-214-1984,Store_2378,2022-10-05,Online Store,45.59
23895480,68-686-564-754,N-256-2001,Store_2378,2022-10-05,Online Store,79.99
23895480,68-686-564-754,N-271-1996,Store_2378,2022-10-05,Online Store,35.99
23895480,68-686-564-754,V-142-2012,Store_2378,2022-10-05,Online Store,101.99
23895480,68-686-564-754,G-154-2016,Store_2378,2022-10-05,Online Store,95.59
23895480,68-686-564-754,W-286-2018,Store_2378,2022-10-05,Online Store,68.99
23895481,68-686-564-754,F-217-2003,Store_2444,2022-05-23,Onsite Store,33.99
23895481,68-686-564-754,A-184-1996,Store_2444,2022-05-23,Onsite Store,62.99
23895481,68-686-564-754,A-037-1991,Store_2444,2022-05-23,Onsite Store,98.59
23895481,68-686-564-754,Z-193-1987,Store_2444,2022-05-23,Onsite Store,34.99
23895481,68-686-564-754,G-190-2011,Store_2444,2022-05-23,Onsite Store,65.99
23895481,68-686-564-754,H-289-1997,Store_2444,2022-05-23,Onsite Store,89.59
23895481,68-686-564-754,F-067-2018,Store_2444,2022-05-23,Onsite Store,119.99
23895481,68-686-564-754,I-232-1999,Store_2444,2022-05-23,Onsite Store,34.99
23895481,68-686-564-754,A-085-2000,Store_2444,2022-05-23,Onsite Store,66.59
23895481,68-686-564-754,B-133-1999,Store_2444,2022-05-23,Onsite Store,51.59
23895482,68-686-564-754,B-055-2011,Store_2359,2022-04-08,Online Store,82.99
23895482,68-686-564-754,C-178-1995,Store_2359,2022-04-08,Online Store,100.59
23895482,68-686-564-754,W-088-1993,Store_2359,2022-04-08,Online Store,33.99
23895482,68-686-564-754,J-145-1980,Store_2359,2022-04-08,Online Store,131.99
23895482,68-686-564-754,H-058-1987,Store_2359,2022-04-08,Online Store,59.59
23895482,68-686-564-754,F-151-2015,Store_2359,2022-04-08,Online Store,101.59
23895482,68-686-564-754,H-247-1991,Store_2359,2022-04-08,Online Store,43.99
23895482,68-686-564-754,Z-286-2018,Store_2359,2022-04-08,Online Store,98.99
23895483,68-686-564-754,H-076-1999,Store_2394,2022-06-11,Online Store,18.59
23895483,68-686-564-754,W-016-2009,Store_2394,2022-06-11,Online Store,61.59
23895483,68-686-564-754,C-241-1989,Store_2394,2022-06-11,Online Store,60.59
23895483,68-686-564-754,G-298-2012,Store_2394,2022-06-11,Online Store,91.59
23895483,68-686-564-754,B-205-1992,Store_2394,2022-06-11,Online Store,58.59
23895483,68-686-564-754,C-274-1995,Store_2394,2022-06-11,Online Store,64.99
23895484,16-162-436-498,I-154-1993,Store_2452,2022-07-02,Onsite Store,28.99
23895484,16-162-436-498,B-013-2009,Store_2452,2022-07-02,Onsite Store,45.59
23895484,16-162-436-498,B-172-2002,Store_2452,2022-07-02,Onsite Store,69.99
23895484,16-162-436-498,G-232-2000,Store_2452,2022-07-02,Onsite Store,75.59
23895484,16-162-436-498,N-160-1980,Store_2452,2022-07-02,Onsite Store,49.99
23895484,16-162-436-498,Z-013-2005,Store_2452,2022-07-02,Onsite Store,76.59
23895484,16-162-436-498,Q-295-1991,Store_2452,2022-07-02,Onsite Store,72.59
23895484,16-162-436-498,A-160-1980,Store_2452,2022-07-02,Onsite Store,77.99
23895485,16-162-436-498,C-001-1985,Store_2394,2022-04-04,Online Store,29.59
23895485,16-162-436-498,Z-292-2004,Store_2394,2022-04-04,Online Store,68.59
23895485,16-162-436-498,G-223-1981,Store_2394,2022-04-04,Online Store,59.59
23895485,16-162-436-498,F-292-2010,Store_2394,2022-04-04,Online Store,63.59
23895485,16-162-436-498,V-133-2015,Store_2394,2022-04-04,Online Store,48.59
23895485,16-162-436-498,B-235-1988,Store_2394,2022-04-04,Online Store,59.59
23895486,16-162-436-498,W-145-1989,Store_2419,2022-06-12,Onsite Store,102.59
23895486,16-162-436-498,Q-118-1997,Store_2419,2022-06-12,Onsite Store,63.99
23895486,16-162-436-498,I-259-2005,Store_2419,2022-06-12,Onsite Store,74.99
23895486,16-162-436-498,Q-127-1991,Store_2419,2022-06-12,Onsite Store,78.59
23895486,16-162-436-498,Q-145-1980,Store_2419,2022-06-12,Onsite Store,35.99
23895486,16-162-436-498,N-229-1996,Store_2419,2022-06-12,Onsite Store,90.99
23895487,16-162-436-498,Q-274-2008,Store_2434,2022-02-22,Onsite Store,86.59
23895487,16-162-436-498,C-295-2008,Store_2434,2022-02-22,Onsite Store,48.59
23895487,16-162-436-498,F-082-2010,Store_2434,2022-02-22,Onsite Store,69.59
23895487,16-162-436-498,B-184-1980,Store_2434,2022-02-22,Onsite Store,28.99
23895487,16-162-436-498,F-271-1999,Store_2434,2022-02-22,Onsite Store,71.59
23895487,16-162-436-498,J-109-2014,Store_2434,2022-02-22,Onsite Store,61.59
23895487,16-162-436-498,V-226-1997,Store_2434,2022-02-22,Onsite Store,45.99
23895487,16-162-436-498,J-163-2007,Store_2434,2022-02-22,Onsite Store,68.99
23895487,16-162-436-498,G-067-1984,Store_2434,2022-02-22,Onsite Store,72.59
23895488,16-162-436-498,I-295-2011,Store_2466,2022-02-12,Onsite Store,68.99
23895488,16-162-436-498,G-193-1988,Store_2466,2022-02-12,Onsite Store,85.99
23895488,16-162-436-498,H-007-2016,Store_2466,2022-02-12,Onsite Store,42.99
23895488,16-162-436-498,N-061-2005,Store_2466,2022-02-12,Onsite Store,62.59
23895488,16-162-436-498,N-157-2006,Store_2466,2022-02-12,Onsite Store,38.59
23895488,16-162-436-498,W-211-2017,Store_2466,2022-02-12,Onsite Store,28.59
23895488,16-162-436-498,W-271-1985,Store_2466,2022-02-12,Onsite Store,49.59
23895488,16-162-436-498,A-130-1987,Store_2466,2022-02-12,Onsite Store,13.59
23895489,16-162-436-498,H-136-1999,Store_2376,2022-09-18,Online Store,62.99
23895489,16-162-436-498,I-262-2000,Store_2376,2022-09-18,Online Store,44.99
23895489,16-162-436-498,F-238-2012,Store_2376,2022-09-18,Online Store,88.59
23895489,16-162-436-498,J-046-1990,Store_2376,2022-09-18,Online Store,57.99
23895489,16-162-436-498,Q-076-1991,Store_2376,2022-09-18,Online Store,53.59
23895490,16-162-436-498,V-145-1995,Store_2402,2022-01-04,Onsite Store,79.59
23895490,16-162-436-498,C-112-2014,Store_2402,2022-01-04,Onsite Store,89.59
23895490,16-162-436-498,C-271-1997,Store_2402,2022-01-04,Onsite Store,47.59
23895490,16-162-436-498,C-277-1984,Store_2402,2022-01-04,Onsite Store,87.59
23895490,16-162-436-498,B-004-1980,Store_2402,2022-01-04,Onsite Store,45.59
23895490,16-162-436-498,H-016-1987,Store_2402,2022-01-04,Onsite Store,58.99
23895490,16-162-436-498,Z-073-2013,Store_2402,2022-01-04,Onsite Store,38.59
23895490,16-162-436-498,B-262-1985,Store_2402,2022-01-04,Onsite Store,43.99
23895490,16-162-436-498,H-244-2007,Store_2402,2022-01-04,Onsite Store,28.59
23895490,16-162-436-498,B-253-1987,Store_2402,2022-01-04,Onsite Store,87.99
23895491,16-162-436-498,J-100-1991,Store_2408,2022-07-30,Onsite Store,41.99
23895491,16-162-436-498,F-124-1996,Store_2408,2022-07-30,Onsite Store,5.99
23895492,16-162-436-498,Q-022-2007,Store_2426,2022-12-13,Onsite Store,141.99
23895492,16-162-436-498,F-169-2015,Store_2426,2022-12-13,Onsite Store,108.59
23895492,16-162-436-498,J-127-2009,Store_2426,2022-12-13,Onsite Store,41.99
23895493,70-702-640-943,W-256-1998,Store_2473,2022-03-29,Onsite Store,48.59
23895493,70-702-640-943,V-187-1995,Store_2473,2022-03-29,Onsite Store,118.99
23895493,70-702-640-943,Q-073-1986,Store_2473,2022-03-29,Onsite Store,67.59
23895493,70-702-640-943,Q-289-2009,Store_2473,2022-03-29,Onsite Store,41.59
23895493,70-702-640-943,N-136-1994,Store_2473,2022-03-29,Onsite Store,44.99
23895493,70-702-640-943,V-073-1981,Store_2473,2022-03-29,Onsite Store,77.59
23895493,70-702-640-943,Q-268-2003,Store_2473,2022-03-29,Onsite Store,92.99
23895494,70-702-640-943,G-079-2010,Store_2455,2022-12-23,Onsite Store,30.99
23895494,70-702-640-943,B-034-2005,Store_2455,2022-12-23,Onsite Store,64.99
23895495,70-702-640-943,B-187-1997,Store_2355,2022-05-01,Online Store,47.99
23895495,70-702-640-943,N-199-1994,Store_2355,2022-05-01,Online Store,71.99
23895495,70-702-640-943,B-109-1982,Store_2355,2022-05-01,Online Store,63.59
23895495,70-702-640-943,N-235-1988,Store_2355,2022-05-01,Online Store,33.99
23895495,70-702-640-943,C-238-1992,Store_2355,2022-05-01,Online Store,84.59
23895495,70-702-640-943,B-022-1986,Store_2355,2022-05-01,Online Store,50.59
23895496,70-702-640-943,H-208-2005,Store_2391,2022-02-18,Online Store,85.59
23895496,70-702-640-943,Z-223-2013,Store_2391,2022-02-18,Online Store,82.59
23895496,70-702-640-943,Z-193-1990,Store_2391,2022-02-18,Online Store,68.99
23895496,70-702-640-943,F-058-1993,Store_2391,2022-02-18,Online Store,51.59
23895496,70-702-640-943,J-028-1988,Store_2391,2022-02-18,Online Store,84.99
23895496,70-702-640-943,Q-256-1992,Store_2391,2022-02-18,Online Store,59.99
23895496,70-702-640-943,J-169-1993,Store_2391,2022-02-18,Online Store,62.99
23895497,70-702-640-943,Q-226-1989,Store_2391,2022-04-22,Online Store,28.99
23895497,70-702-640-943,W-103-2014,Store_2391,2022-04-22,Online Store,58.99
23895497,70-702-640-943,Q-214-1989,Store_2391,2022-04-22,Online Store,74.99
23895497,70-702-640-943,V-082-2001,Store_2391,2022-04-22,Online Store,83.59
23895497,70-702-640-943,Q-016-2013,Store_2391,2022-04-22,Online Store,64.99
23895497,70-702-640-943,Q-232-2016,Store_2391,2022-04-22,Online Store,64.59
23895497,70-702-640-943,G-283-2004,Store_2391,2022-04-22,Online Store,30.59
23895498,70-702-640-943,W-247-1997,Store_2440,2022-03-16,Onsite Store,100.59
23895498,70-702-640-943,W-028-1987,Store_2440,2022-03-16,Onsite Store,10.99
23895499,70-702-640-943,A-055-1989,Store_2388,2022-03-15,Online Store,122.99
23895499,70-702-640-943,H-229-2007,Store_2388,2022-03-15,Online Store,102.59
23895500,70-702-640-943,F-259-1998,Store_2350,2022-11-18,Online Store,93.59
23895500,70-702-640-943,W-082-2009,Store_2350,2022-11-18,Online Store,130.99
23895500,70-702-640-943,C-052-2016,Store_2350,2022-11-18,Online Store,98.59
23895501,70-702-640-943,Z-208-1984,Store_2469,2022-02-01,Onsite Store,84.59
23895501,70-702-640-943,I-283-2002,Store_2469,2022-02-01,Onsite Store,42.59
23895501,70-702-640-943,W-295-1983,Store_2469,2022-02-01,Onsite Store,62.99
23895501,70-702-640-943,F-106-1999,Store_2469,2022-02-01,Onsite Store,79.59
23895501,70-702-640-943,I-274-1996,Store_2469,2022-02-01,Onsite Store,58.59
23895501,70-702-640-943,B-112-2007,Store_2469,2022-02-01,Onsite Store,70.99
23895501,70-702-640-943,A-052-1980,Store_2469,2022-02-01,Onsite Store,101.99
23895501,70-702-640-943,C-067-1980,Store_2469,2022-02-01,Onsite Store,95.59
23895501,70-702-640-943,H-091-2018,Store_2469,2022-02-01,Onsite Store,72.59
23895502,18-180-696-811,I-232-2010,Store_2454,2022-05-10,Onsite Store,92.99
23895502,18-180-696-811,I-016-2000,Store_2454,2022-05-10,Onsite Store,90.99
23895502,18-180-696-811,F-121-2001,Store_2454,2022-05-10,Onsite Store,23.59
23895502,18-180-696-811,H-193-2001,Store_2454,2022-05-10,Onsite Store,71.59
23895502,18-180-696-811,W-121-1986,Store_2454,2022-05-10,Onsite Store,48.59
23895502,18-180-696-811,J-247-1996,Store_2454,2022-05-10,Onsite Store,110.59
23895502,18-180-696-811,N-010-1995,Store_2454,2022-05-10,Onsite Store,71.59
23895503,18-180-696-811,I-283-1985,Store_2455,2022-02-26,Onsite Store,101.99
23895503,18-180-696-811,B-280-2012,Store_2455,2022-02-26,Onsite Store,57.59
23895503,18-180-696-811,I-091-1981,Store_2455,2022-02-26,Onsite Store,9.59
23895503,18-180-696-811,B-004-2015,Store_2455,2022-02-26,Onsite Store,45.59
23895503,18-180-696-811,W-064-2003,Store_2455,2022-02-26,Onsite Store,73.99
23895503,18-180-696-811,Z-076-2008,Store_2455,2022-02-26,Onsite Store,88.59
23895503,18-180-696-811,A-250-1999,Store_2455,2022-02-26,Onsite Store,71.59
23895503,18-180-696-811,Z-058-1985,Store_2455,2022-02-26,Onsite Store,126.99
23895503,18-180-696-811,I-265-1985,Store_2455,2022-02-26,Onsite Store,117.59
23895504,18-180-696-811,B-247-1985,Store_2427,2022-09-18,Onsite Store,54.59
23895504,18-180-696-811,A-286-2016,Store_2427,2022-09-18,Onsite Store,77.59
23895504,18-180-696-811,W-292-2013,Store_2427,2022-09-18,Onsite Store,53.99
23895504,18-180-696-811,N-235-1997,Store_2427,2022-09-18,Onsite Store,67.99
23895504,18-180-696-811,G-028-2004,Store_2427,2022-09-18,Onsite Store,24.59
23895504,18-180-696-811,Z-205-1984,Store_2427,2022-09-18,Onsite Store,47.59
23895505,18-180-696-811,F-013-1995,Store_2404,2022-10-21,Onsite Store,16.59
23895505,18-180-696-811,V-091-1995,Store_2404,2022-10-21,Onsite Store,80.59
23895505,18-180-696-811,N-040-1999,Store_2404,2022-10-21,Onsite Store,20.59
23895505,18-180-696-811,B-049-1998,Store_2404,2022-10-21,Onsite Store,110.99
23895506,18-180-696-811,G-232-1995,Store_2469,2022-07-01,Onsite Store,47.59
23895506,18-180-696-811,N-142-1981,Store_2469,2022-07-01,Onsite Store,94.59
23895506,18-180-696-811,N-217-1994,Store_2469,2022-07-01,Onsite Store,31.59
23895506,18-180-696-811,C-049-1985,Store_2469,2022-07-01,Onsite Store,34.99
23895506,18-180-696-811,J-094-1987,Store_2469,2022-07-01,Onsite Store,95.59
23895506,18-180-696-811,W-283-2017,Store_2469,2022-07-01,Onsite Store,99.99
23895506,18-180-696-811,A-001-2001,Store_2469,2022-07-01,Onsite Store,130.59
23895507,18-180-696-811,Q-037-1989,Store_2437,2022-05-15,Onsite Store,66.99
23895507,18-180-696-811,W-100-1992,Store_2437,2022-05-15,Onsite Store,42.59
23895507,18-180-696-811,A-208-1999,Store_2437,2022-05-15,Onsite Store,91.99
23895507,18-180-696-811,F-136-2000,Store_2437,2022-05-15,Onsite Store,37.99
23895507,18-180-696-811,Z-064-1999,Store_2437,2022-05-15,Onsite Store,55.99
23895507,18-180-696-811,G-145-2007,Store_2437,2022-05-15,Onsite Store,35.59
23895507,18-180-696-811,G-220-1981,Store_2437,2022-05-15,Onsite Store,70.59
23895508,18-180-696-811,Z-058-1998,Store_2455,2022-05-20,Onsite Store,73.99
23895508,18-180-696-811,H-028-2016,Store_2455,2022-05-20,Onsite Store,45.59
23895509,18-180-696-811,B-031-2001,Store_2369,2022-05-02,Online Store,70.99
23895509,18-180-696-811,W-133-1984,Store_2369,2022-05-02,Online Store,81.99
23895509,18-180-696-811,Q-277-1990,Store_2369,2022-05-02,Online Store,65.59
23895509,18-180-696-811,N-007-2015,Store_2369,2022-05-02,Online Store,43.99
23895509,18-180-696-811,V-097-1994,Store_2369,2022-05-02,Online Store,89.99
23895510,18-180-696-811,Q-214-2001,Store_2414,2022-04-05,Onsite Store,41.99
23895510,18-180-696-811,G-067-2009,Store_2414,2022-04-05,Onsite Store,106.59
23895510,18-180-696-811,V-178-1992,Store_2414,2022-04-05,Onsite Store,55.59
23895510,18-180-696-811,G-043-2006,Store_2414,2022-04-05,Onsite Store,58.99
23895510,18-180-696-811,C-289-2002,Store_2414,2022-04-05,Onsite Store,78.59
23895510,18-180-696-811,C-241-2009,Store_2414,2022-04-05,Onsite Store,61.99
23895511,31-317-245-923,I-253-1984,Store_2423,2022-01-20,Onsite Store,58.99
23895511,31-317-245-923,Q-262-2016,Store_2423,2022-01-20,Onsite Store,19.59
23895511,31-317-245-923,H-073-2007,Store_2423,2022-01-20,Onsite Store,84.99
23895511,31-317-245-923,I-157-1980,Store_2423,2022-01-20,Onsite Store,47.59
23895511,31-317-245-923,B-004-1981,Store_2423,2022-01-20,Onsite Store,68.59
23895511,31-317-245-923,H-055-2016,Store_2423,2022-01-20,Onsite Store,71.59
23895511,31-317-245-923,H-055-1981,Store_2423,2022-01-20,Onsite Store,63.99
23895512,31-317-245-923,W-100-1999,Store_2380,2022-11-04,Online Store,53.99
23895512,31-317-245-923,N-295-2017,Store_2380,2022-11-04,Online Store,82.59
23895512,31-317-245-923,J-175-1986,Store_2380,2022-11-04,Online Store,81.99
23895513,31-317-245-923,J-283-1995,Store_2418,2022-06-21,Onsite Store,81.99
23895513,31-317-245-923,Z-046-2003,Store_2418,2022-06-21,Onsite Store,45.99
23895513,31-317-245-923,V-130-2014,Store_2418,2022-06-21,Onsite Store,98.99
23895513,31-317-245-923,W-193-1980,Store_2418,2022-06-21,Onsite Store,60.99
23895513,31-317-245-923,W-136-1990,Store_2418,2022-06-21,Onsite Store,59.99
23895513,31-317-245-923,A-016-2002,Store_2418,2022-06-21,Onsite Store,60.99
23895513,31-317-245-923,C-262-2015,Store_2418,2022-06-21,Onsite Store,92.59
23895514,31-317-245-923,J-241-2003,Store_2469,2022-11-10,Onsite Store,117.99
23895514,31-317-245-923,A-193-2015,Store_2469,2022-11-10,Onsite Store,59.59
23895514,31-317-245-923,I-034-1981,Store_2469,2022-11-10,Onsite Store,31.99
23895514,31-317-245-923,I-172-2012,Store_2469,2022-11-10,Onsite Store,58.59
23895515,31-317-245-923,J-022-2011,Store_2379,2022-07-26,Online Store,80.59
23895515,31-317-245-923,A-124-2011,Store_2379,2022-07-26,Online Store,35.59
23895515,31-317-245-923,W-058-1987,Store_2379,2022-07-26,Online Store,10.59
23895516,31-317-245-923,A-235-1982,Store_2471,2022-06-10,Onsite Store,37.59
23895516,31-317-245-923,F-121-1994,Store_2471,2022-06-10,Onsite Store,85.59
23895516,31-317-245-923,F-109-2002,Store_2471,2022-06-10,Onsite Store,111.59
23895517,31-317-245-923,Q-067-1995,Store_2421,2022-06-28,Onsite Store,76.59
23895517,31-317-245-923,H-079-2000,Store_2421,2022-06-28,Onsite Store,23.99
23895517,31-317-245-923,G-025-2010,Store_2421,2022-06-28,Onsite Store,47.99
23895517,31-317-245-923,F-286-2012,Store_2421,2022-06-28,Onsite Store,91.59
23895517,31-317-245-923,I-004-1991,Store_2421,2022-06-28,Onsite Store,22.59
23895518,31-317-245-923,J-268-2017,Store_2370,2022-07-31,Online Store,62.99
23895518,31-317-245-923,F-193-2013,Store_2370,2022-07-31,Online Store,59.99
23895518,31-317-245-923,N-172-1996,Store_2370,2022-07-31,Online Store,59.59
23895518,31-317-245-923,N-178-1997,Store_2370,2022-07-31,Online Store,28.99
23895518,31-317-245-923,V-043-1998,Store_2370,2022-07-31,Online Store,91.99
23895518,31-317-245-923,V-070-2003,Store_2370,2022-07-31,Online Store,76.59
23895518,31-317-245-923,J-043-1985,Store_2370,2022-07-31,Online Store,93.99
23895518,31-317-245-923,B-079-1990,Store_2370,2022-07-31,Online Store,61.99
23895518,31-317-245-923,W-241-2007,Store_2370,2022-07-31,Online Store,63.99
23895518,31-317-245-923,F-265-2017,Store_2370,2022-07-31,Online Store,53.59
23895519,31-317-245-923,H-295-2001,Store_2351,2022-02-05,Online Store,42.59
23895519,31-317-245-923,G-070-1995,Store_2351,2022-02-05,Online Store,33.59
23895519,31-317-245-923,V-043-1992,Store_2351,2022-02-05,Online Store,109.99
23895519,31-317-245-923,Q-211-2003,Store_2351,2022-02-05,Online Store,79.59
23895519,31-317-245-923,W-235-1986,Store_2351,2022-02-05,Online Store,77.99
23895519,31-317-245-923,A-112-1981,Store_2351,2022-02-05,Online Store,46.59
23895519,31-317-245-923,N-028-1992,Store_2351,2022-02-05,Online Store,83.99
23895520,55-553-802-466,F-181-2016,Store_2428,2022-04-12,Onsite Store,83.99
23895520,55-553-802-466,G-157-2014,Store_2428,2022-04-12,Onsite Store,26.59
23895520,55-553-802-466,G-238-2018,Store_2428,2022-04-12,Onsite Store,55.59
23895520,55-553-802-466,Z-181-2016,Store_2428,2022-04-12,Onsite Store,91.59
23895520,55-553-802-466,Q-112-2008,Store_2428,2022-04-12,Onsite Store,140.59
23895520,55-553-802-466,C-256-1999,Store_2428,2022-04-12,Onsite Store,85.99
23895521,55-553-802-466,B-064-2009,Store_2454,2022-08-31,Onsite Store,45.99
23895521,55-553-802-466,G-154-1982,Store_2454,2022-08-31,Onsite Store,81.99
23895521,55-553-802-466,C-229-2000,Store_2454,2022-08-31,Onsite Store,62.59
23895521,55-553-802-466,Z-049-1983,Store_2454,2022-08-31,Onsite Store,64.59
23895521,55-553-802-466,W-238-1997,Store_2454,2022-08-31,Onsite Store,42.59
23895521,55-553-802-466,Q-142-2008,Store_2454,2022-08-31,Onsite Store,54.59
23895521,55-553-802-466,A-082-1993,Store_2454,2022-08-31,Onsite Store,23.59
23895521,55-553-802-466,Z-196-1981,Store_2454,2022-08-31,Onsite Store,81.59
23895521,55-553-802-466,J-001-1989,Store_2454,2022-08-31,Onsite Store,48.59
23895521,55-553-802-466,C-025-2005,Store_2454,2022-08-31,Onsite Store,50.59
23895521,55-553-802-466,B-229-1984,Store_2454,2022-08-31,Onsite Store,25.99
23895521,55-553-802-466,Z-250-1997,Store_2454,2022-08-31,Onsite Store,90.59
23895522,55-553-802-466,G-271-2002,Store_2415,2022-04-21,Onsite Store,100.99
23895522,55-553-802-466,J-226-1994,Store_2415,2022-04-21,Onsite Store,67.99
23895522,55-553-802-466,J-283-1988,Store_2415,2022-04-21,Onsite Store,37.99
23895522,55-553-802-466,V-175-1984,Store_2415,2022-04-21,Onsite Store,50.59
23895522,55-553-802-466,V-190-1982,Store_2415,2022-04-21,Onsite Store,66.99
23895522,55-553-802-466,A-058-2001,Store_2415,2022-04-21,Onsite Store,87.99
23895522,55-553-802-466,Z-208-1984,Store_2415,2022-04-21,Onsite Store,84.59
23895523,55-553-802-466,A-184-2007,Store_2466,2022-05-29,Onsite Store,33.99
23895523,55-553-802-466,I-007-2012,Store_2466,2022-05-29,Onsite Store,49.59
23895524,55-553-802-466,V-109-1993,Store_2394,2022-06-16,Online Store,81.99
23895524,55-553-802-466,A-211-1987,Store_2394,2022-06-16,Online Store,64.99
23895524,55-553-802-466,A-142-1991,Store_2394,2022-06-16,Online Store,71.99
23895524,55-553-802-466,V-070-2017,Store_2394,2022-06-16,Online Store,44.59
23895524,55-553-802-466,Z-088-1990,Store_2394,2022-06-16,Online Store,54.59
23895524,55-553-802-466,B-259-2012,Store_2394,2022-06-16,Online Store,80.99
23895524,55-553-802-466,Z-049-2010,Store_2394,2022-06-16,Online Store,77.59
23895524,55-553-802-466,Q-274-1992,Store_2394,2022-06-16,Online Store,96.99
23895525,55-553-802-466,W-193-2015,Store_2380,2022-05-27,Online Store,78.59
23895525,55-553-802-466,C-094-1999,Store_2380,2022-05-27,Online Store,75.59
23895525,55-553-802-466,A-010-1999,Store_2380,2022-05-27,Online Store,120.59
23895525,55-553-802-466,V-274-2018,Store_2380,2022-05-27,Online Store,32.59
23895525,55-553-802-466,W-124-1982,Store_2380,2022-05-27,Online Store,49.99
23895525,55-553-802-466,I-103-2001,Store_2380,2022-05-27,Online Store,42.99
23895525,55-553-802-466,C-067-2016,Store_2380,2022-05-27,Online Store,57.59
23895525,55-553-802-466,N-151-2016,Store_2380,2022-05-27,Online Store,65.99
23895526,55-553-802-466,A-130-1992,Store_2372,2022-03-25,Online Store,50.59
23895526,55-553-802-466,W-151-1982,Store_2372,2022-03-25,Online Store,65.59
23895526,55-553-802-466,G-070-1993,Store_2372,2022-03-25,Online Store,40.59
23895526,55-553-802-466,N-265-2010,Store_2372,2022-03-25,Online Store,74.99
23895526,55-553-802-466,G-070-1998,Store_2372,2022-03-25,Online Store,92.59
23895527,55-553-802-466,G-277-1987,Store_2370,2022-12-09,Online Store,51.59
23895527,55-553-802-466,V-070-2001,Store_2370,2022-12-09,Online Store,103.59
23895527,55-553-802-466,A-175-2015,Store_2370,2022-12-09,Online Store,76.59
23895527,55-553-802-466,F-064-1997,Store_2370,2022-12-09,Online Store,82.99
23895527,55-553-802-466,B-262-2003,Store_2370,2022-12-09,Online Store,71.99
23895527,55-553-802-466,F-130-1994,Store_2370,2022-12-09,Online Store,80.99
23895527,55-553-802-466,V-181-2008,Store_2370,2022-12-09,Online Store,49.99
23895527,55-553-802-466,C-250-1996,Store_2370,2022-12-09,Online Store,86.59
23895528,55-553-802-466,W-124-1993,Store_2378,2022-07-28,Online Store,84.99
23895528,55-553-802-466,Q-016-1994,Store_2378,2022-07-28,Online Store,43.99
23895528,55-553-802-466,V-253-2009,Store_2378,2022-07-28,Online Store,69.59
23895529,28-285-776-186,V-001-1996,Store_2380,2022-04-20,Online Store,81.99
23895529,28-285-776-186,A-019-1990,Store_2380,2022-04-20,Online Store,112.99
23895529,28-285-776-186,Q-010-1996,Store_2380,2022-04-20,Online Store,46.99
23895530,28-285-776-186,V-088-1991,Store_2348,2022-08-07,Online Store,46.59
23895530,28-285-776-186,H-178-1995,Store_2348,2022-08-07,Online Store,131.59
23895530,28-285-776-186,Z-115-2001,Store_2348,2022-08-07,Online Store,31.99
23895530,28-285-776-186,A-004-2004,Store_2348,2022-08-07,Online Store,87.99
23895530,28-285-776-186,N-289-1989,Store_2348,2022-08-07,Online Store,123.59
23895530,28-285-776-186,G-157-2002,Store_2348,2022-08-07,Online Store,75.99
23895531,28-285-776-186,C-169-1980,Store_2379,2022-12-29,Online Store,83.59
23895531,28-285-776-186,J-142-2016,Store_2379,2022-12-29,Online Store,33.99
23895531,28-285-776-186,W-253-1982,Store_2379,2022-12-29,Online Store,67.59
23895531,28-285-776-186,F-001-1980,Store_2379,2022-12-29,Online Store,63.99
23895531,28-285-776-186,I-028-1997,Store_2379,2022-12-29,Online Store,40.59
23895531,28-285-776-186,V-055-1985,Store_2379,2022-12-29,Online Store,91.99
23895531,28-285-776-186,Q-295-1983,Store_2379,2022-12-29,Online Store,44.59
23895531,28-285-776-186,G-031-1983,Store_2379,2022-12-29,Online Store,84.59
23895531,28-285-776-186,A-229-2010,Store_2379,2022-12-29,Online Store,58.99
23895532,28-285-776-186,F-277-1995,Store_2464,2022-01-28,Onsite Store,100.59
23895532,28-285-776-186,G-202-2007,Store_2464,2022-01-28,Onsite Store,55.59
23895532,28-285-776-186,V-109-2011,Store_2464,2022-01-28,Onsite Store,39.59
23895532,28-285-776-186,C-196-2018,Store_2464,2022-01-28,Onsite Store,69.59
23895532,28-285-776-186,I-019-1992,Store_2464,2022-01-28,Onsite Store,37.99
23895532,28-285-776-186,F-124-2005,Store_2464,2022-01-28,Onsite Store,60.59
23895533,28-285-776-186,W-091-1995,Store_2394,2022-05-23,Online Store,74.99
23895533,28-285-776-186,N-100-2008,Store_2394,2022-05-23,Online Store,108.99
23895533,28-285-776-186,V-166-2003,Store_2394,2022-05-23,Online Store,138.59
23895533,28-285-776-186,N-067-1988,Store_2394,2022-05-23,Online Store,58.59
23895533,28-285-776-186,B-064-1995,Store_2394,2022-05-23,Online Store,44.99
23895533,28-285-776-186,C-202-2008,Store_2394,2022-05-23,Online Store,62.99
23895533,28-285-776-186,V-271-1993,Store_2394,2022-05-23,Online Store,96.99
23895533,28-285-776-186,F-091-2005,Store_2394,2022-05-23,Online Store,74.59
23895534,28-285-776-186,Q-067-2007,Store_2377,2022-07-28,Online Store,80.59
23895534,28-285-776-186,V-277-2017,Store_2377,2022-07-28,Online Store,79.99
23895534,28-285-776-186,W-217-2004,Store_2377,2022-07-28,Online Store,81.99
23895534,28-285-776-186,J-175-1990,Store_2377,2022-07-28,Online Store,29.99
23895534,28-285-776-186,B-289-1992,Store_2377,2022-07-28,Online Store,115.59
23895534,28-285-776-186,B-112-2002,Store_2377,2022-07-28,Online Store,76.59
23895535,28-285-776-186,F-229-2000,Store_2461,2022-01-28,Onsite Store,36.59
23895535,28-285-776-186,Z-226-2001,Store_2461,2022-01-28,Onsite Store,60.59
23895535,28-285-776-186,Q-187-2013,Store_2461,2022-01-28,Onsite Store,95.59
23895535,28-285-776-186,F-007-1981,Store_2461,2022-01-28,Onsite Store,43.59
23895535,28-285-776-186,H-157-1985,Store_2461,2022-01-28,Onsite Store,80.99
23895535,28-285-776-186,I-010-1993,Store_2461,2022-01-28,Onsite Store,95.59
23895535,28-285-776-186,B-181-1994,Store_2461,2022-01-28,Onsite Store,70.99
23895535,28-285-776-186,Q-160-1986,Store_2461,2022-01-28,Onsite Store,114.59
23895535,28-285-776-186,C-160-2015,Store_2461,2022-01-28,Onsite Store,54.99
23895535,28-285-776-186,C-028-2000,Store_2461,2022-01-28,Onsite Store,49.59
23895536,28-285-776-186,B-157-1991,Store_2431,2022-09-12,Onsite Store,32.99
23895536,28-285-776-186,N-106-2009,Store_2431,2022-09-12,Onsite Store,64.59
23895536,28-285-776-186,A-223-1999,Store_2431,2022-09-12,Onsite Store,40.59
23895536,28-285-776-186,J-265-1991,Store_2431,2022-09-12,Onsite Store,52.99
23895536,28-285-776-186,Q-211-1989,Store_2431,2022-09-12,Onsite Store,57.59
23895536,28-285-776-186,J-232-1988,Store_2431,2022-09-12,Onsite Store,71.59
23895536,28-285-776-186,W-292-2018,Store_2431,2022-09-12,Onsite Store,65.59
23895537,28-285-776-186,F-193-1998,Store_2364,2022-09-26,Online Store,109.99
23895537,28-285-776-186,H-043-1995,Store_2364,2022-09-26,Online Store,21.59
23895537,28-285-776-186,I-043-1986,Store_2364,2022-09-26,Online Store,28.59
23895537,28-285-776-186,I-052-2013,Store_2364,2022-09-26,Online Store,104.99
23895537,28-285-776-186,F-241-2014,Store_2364,2022-09-26,Online Store,40.59
23895537,28-285-776-186,Z-223-2004,Store_2364,2022-09-26,Online Store,77.59
23895537,28-285-776-186,V-268-2011,Store_2364,2022-09-26,Online Store,65.99
23895537,28-285-776-186,I-019-1992,Store_2364,2022-09-26,Online Store,37.99
23895537,28-285-776-186,I-085-2010,Store_2364,2022-09-26,Online Store,89.59
23895537,28-285-776-186,C-112-2016,Store_2364,2022-09-26,Online Store,78.99
23895538,92-927-671-423,B-238-1997,Store_2371,2022-11-14,Online Store,69.59
23895538,92-927-671-423,B-037-1990,Store_2371,2022-11-14,Online Store,116.59
23895538,92-927-671-423,V-190-2009,Store_2371,2022-11-14,Online Store,26.59
23895538,92-927-671-423,I-136-1985,Store_2371,2022-11-14,Online Store,67.59
23895538,92-927-671-423,W-001-1980,Store_2371,2022-11-14,Online Store,134.59
23895538,92-927-671-423,B-127-2003,Store_2371,2022-11-14,Online Store,89.59
23895538,92-927-671-423,C-238-2016,Store_2371,2022-11-14,Online Store,13.59
23895538,92-927-671-423,W-286-1987,Store_2371,2022-11-14,Online Store,53.59
23895539,92-927-671-423,H-088-2000,Store_2385,2022-03-03,Online Store,59.99
23895539,92-927-671-423,W-076-1999,Store_2385,2022-03-03,Online Store,59.99
23895539,92-927-671-423,V-157-1994,Store_2385,2022-03-03,Online Store,106.59
23895539,92-927-671-423,A-175-2016,Store_2385,2022-03-03,Online Store,45.59
23895539,92-927-671-423,Z-190-2005,Store_2385,2022-03-03,Online Store,63.59
23895539,92-927-671-423,C-043-1984,Store_2385,2022-03-03,Online Store,26.59
23895540,92-927-671-423,Z-010-2013,Store_2451,2022-01-29,Onsite Store,67.99
23895540,92-927-671-423,C-214-2018,Store_2451,2022-01-29,Onsite Store,94.99
23895540,92-927-671-423,W-139-1980,Store_2451,2022-01-29,Onsite Store,63.59
23895540,92-927-671-423,H-232-1997,Store_2451,2022-01-29,Onsite Store,46.59
23895540,92-927-671-423,Z-040-1983,Store_2451,2022-01-29,Onsite Store,42.99
23895540,92-927-671-423,V-268-2001,Store_2451,2022-01-29,Onsite Store,60.59
23895540,92-927-671-423,I-100-2013,Store_2451,2022-01-29,Onsite Store,69.59
23895540,92-927-671-423,N-031-1993,Store_2451,2022-01-29,Onsite Store,103.99
23895541,92-927-671-423,G-043-1986,Store_2407,2022-08-19,Onsite Store,44.99
23895541,92-927-671-423,F-163-1999,Store_2407,2022-08-19,Onsite Store,33.59
23895541,92-927-671-423,I-154-2002,Store_2407,2022-08-19,Onsite Store,27.99
23895541,92-927-671-423,H-292-1985,Store_2407,2022-08-19,Onsite Store,63.99
23895541,92-927-671-423,V-157-1987,Store_2407,2022-08-19,Onsite Store,71.99
23895541,92-927-671-423,B-175-2002,Store_2407,2022-08-19,Onsite Store,114.99
23895541,92-927-671-423,Z-295-1997,Store_2407,2022-08-19,Onsite Store,73.99
23895541,92-927-671-423,Q-013-1988,Store_2407,2022-08-19,Onsite Store,83.99
23895541,92-927-671-423,G-028-2009,Store_2407,2022-08-19,Onsite Store,71.99
23895542,92-927-671-423,B-175-1980,Store_2429,2022-06-20,Onsite Store,86.59
23895542,92-927-671-423,H-097-1988,Store_2429,2022-06-20,Onsite Store,76.99
23895542,92-927-671-423,C-040-2007,Store_2429,2022-06-20,Onsite Store,85.59
23895542,92-927-671-423,N-013-1986,Store_2429,2022-06-20,Onsite Store,58.59
23895543,92-927-671-423,N-109-2004,Store_2460,2022-10-10,Onsite Store,102.99
23895543,92-927-671-423,C-115-2009,Store_2460,2022-10-10,Onsite Store,133.99
23895543,92-927-671-423,B-184-2006,Store_2460,2022-10-10,Onsite Store,82.59
23895543,92-927-671-423,B-058-2005,Store_2460,2022-10-10,Onsite Store,80.99
23895543,92-927-671-423,Q-193-1990,Store_2460,2022-10-10,Onsite Store,67.99
23895543,92-927-671-423,Z-241-2004,Store_2460,2022-10-10,Onsite Store,101.99
23895543,92-927-671-423,G-229-2010,Store_2460,2022-10-10,Onsite Store,100.99
23895543,92-927-671-423,B-025-1991,Store_2460,2022-10-10,Onsite Store,41.59
23895543,92-927-671-423,Z-214-1997,Store_2460,2022-10-10,Onsite Store,61.99
23895543,92-927-671-423,W-016-1992,Store_2460,2022-10-10,Onsite Store,18.59
23895544,92-927-671-423,G-217-1987,Store_2390,2022-03-21,Online Store,52.99
23895544,92-927-671-423,I-232-2006,Store_2390,2022-03-21,Online Store,111.59
23895544,92-927-671-423,W-166-1988,Store_2390,2022-03-21,Online Store,36.59
23895545,92-927-671-423,H-121-2008,Store_2470,2022-10-28,Onsite Store,90.99
23895545,92-927-671-423,V-139-2005,Store_2470,2022-10-28,Onsite Store,107.99
23895545,92-927-671-423,W-046-1991,Store_2470,2022-10-28,Onsite Store,115.59
23895545,92-927-671-423,J-253-1982,Store_2470,2022-10-28,Onsite Store,27.59
23895545,92-927-671-423,Z-238-2009,Store_2470,2022-10-28,Onsite Store,88.99
23895545,92-927-671-423,B-184-1986,Store_2470,2022-10-28,Onsite Store,79.59
23895545,92-927-671-423,N-256-2001,Store_2470,2022-10-28,Onsite Store,79.99
23895545,92-927-671-423,C-049-2007,Store_2470,2022-10-28,Onsite Store,34.59
23895545,92-927-671-423,W-289-1999,Store_2470,2022-10-28,Onsite Store,43.59
23895546,92-927-671-423,J-184-1985,Store_2377,2022-09-22,Online Store,51.99
23895546,92-927-671-423,F-061-2015,Store_2377,2022-09-22,Online Store,56.59
23895546,92-927-671-423,N-112-1993,Store_2377,2022-09-22,Online Store,106.59
23895546,92-927-671-423,W-136-1988,Store_2377,2022-09-22,Online Store,71.59
23895546,92-927-671-423,I-061-1989,Store_2377,2022-09-22,Online Store,39.59
23895546,92-927-671-423,F-025-2007,Store_2377,2022-09-22,Online Store,37.99
23895546,92-927-671-423,N-283-2007,Store_2377,2022-09-22,Online Store,67.59
23895546,92-927-671-423,V-262-1996,Store_2377,2022-09-22,Online Store,101.99
23895547,69-699-363-626,W-025-2009,Store_2422,2022-08-21,Onsite Store,46.99
23895547,69-699-363-626,V-088-2000,Store_2422,2022-08-21,Onsite Store,32.59
23895547,69-699-363-626,A-271-2016,Store_2422,2022-08-21,Onsite Store,66.59
23895547,69-699-363-626,A-163-2017,Store_2422,2022-08-21,Onsite Store,116.99
23895547,69-699-363-626,F-142-1987,Store_2422,2022-08-21,Onsite Store,113.59
23895548,69-699-363-626,F-247-2010,Store_2453,2022-03-28,Onsite Store,18.59
23895548,69-699-363-626,V-148-1983,Store_2453,2022-03-28,Onsite Store,98.59
23895548,69-699-363-626,G-160-1987,Store_2453,2022-03-28,Onsite Store,70.99
23895548,69-699-363-626,I-178-1987,Store_2453,2022-03-28,Onsite Store,67.59
23895548,69-699-363-626,H-094-2009,Store_2453,2022-03-28,Onsite Store,47.99
23895548,69-699-363-626,N-112-1997,Store_2453,2022-03-28,Onsite Store,82.59
23895548,69-699-363-626,C-289-1991,Store_2453,2022-03-28,Onsite Store,59.59
23895548,69-699-363-626,N-082-2017,Store_2453,2022-03-28,Onsite Store,54.99
23895549,69-699-363-626,A-226-1984,Store_2397,2022-02-05,Online Store,63.99
23895549,69-699-363-626,A-121-2004,Store_2397,2022-02-05,Online Store,55.99
23895549,69-699-363-626,Q-265-2018,Store_2397,2022-02-05,Online Store,81.59
23895549,69-699-363-626,H-130-2013,Store_2397,2022-02-05,Online Store,56.99
23895549,69-699-363-626,V-211-2011,Store_2397,2022-02-05,Online Store,38.59
23895550,69-699-363-626,F-229-1990,Store_2385,2022-10-20,Online Store,65.99
23895550,69-699-363-626,H-247-2014,Store_2385,2022-10-20,Online Store,68.99
23895550,69-699-363-626,J-007-2000,Store_2385,2022-10-20,Online Store,51.99
23895550,69-699-363-626,B-031-2005,Store_2385,2022-10-20,Online Store,54.99
23895551,69-699-363-626,F-181-1980,Store_2354,2022-11-30,Online Store,77.59
23895551,69-699-363-626,Q-001-2007,Store_2354,2022-11-30,Online Store,43.99
23895551,69-699-363-626,G-169-1989,Store_2354,2022-11-30,Online Store,79.99
23895551,69-699-363-626,H-094-1996,Store_2354,2022-11-30,Online Store,84.99
23895551,69-699-363-626,V-259-1998,Store_2354,2022-11-30,Online Store,32.59
23895551,69-699-363-626,I-205-1998,Store_2354,2022-11-30,Online Store,82.59
23895551,69-699-363-626,N-127-2016,Store_2354,2022-11-30,Online Store,103.99
23895552,69-699-363-626,A-229-1996,Store_2367,2022-07-13,Online Store,29.99
23895552,69-699-363-626,H-073-2007,Store_2367,2022-07-13,Online Store,84.99
23895552,69-699-363-626,C-232-2014,Store_2367,2022-07-13,Online Store,75.59
23895552,69-699-363-626,H-169-2016,Store_2367,2022-07-13,Online Store,73.59
23895552,69-699-363-626,G-118-2013,Store_2367,2022-07-13,Online Store,53.99
23895552,69-699-363-626,I-235-1986,Store_2367,2022-07-13,Online Store,70.59
23895552,69-699-363-626,I-037-2006,Store_2367,2022-07-13,Online Store,38.99
23895552,69-699-363-626,I-070-2000,Store_2367,2022-07-13,Online Store,53.59
23895552,69-699-363-626,V-172-1995,Store_2367,2022-07-13,Online Store,70.59
23895552,69-699-363-626,B-019-1981,Store_2367,2022-07-13,Online Store,75.59
23895553,69-699-363-626,Z-031-2009,Store_2384,2022-09-02,Online Store,40.59
23895553,69-699-363-626,Q-187-1985,Store_2384,2022-09-02,Online Store,41.59
23895553,69-699-363-626,G-253-1996,Store_2384,2022-09-02,Online Store,106.99
23895553,69-699-363-626,A-112-1982,Store_2384,2022-09-02,Online Store,67.99
23895553,69-699-363-626,N-199-2016,Store_2384,2022-09-02,Online Store,48.99
23895553,69-699-363-626,Q-100-1999,Store_2384,2022-09-02,Online Store,49.59
23895553,69-699-363-626,A-064-1984,Store_2384,2022-09-02,Online Store,63.59
23895553,69-699-363-626,F-049-2007,Store_2384,2022-09-02,Online Store,80.99
23895553,69-699-363-626,J-244-2018,Store_2384,2022-09-02,Online Store,71.99
23895553,69-699-363-626,J-256-1982,Store_2384,2022-09-02,Online Store,61.59
23895553,69-699-363-626,B-265-1997,Store_2384,2022-09-02,Online Store,56.99
23895554,69-699-363-626,W-151-1985,Store_2423,2022-12-14,Onsite Store,84.59
23895554,69-699-363-626,Z-241-1986,Store_2423,2022-12-14,Onsite Store,64.99
23895554,69-699-363-626,W-181-2017,Store_2423,2022-12-14,Onsite Store,54.99
23895554,69-699-363-626,W-274-2001,Store_2423,2022-12-14,Onsite Store,59.99
23895554,69-699-363-626,B-010-2005,Store_2423,2022-12-14,Onsite Store,107.59
23895555,69-699-363-626,Z-265-2004,Store_2379,2022-05-06,Online Store,20.99
23895555,69-699-363-626,Q-280-1987,Store_2379,2022-05-06,Online Store,29.99
23895555,69-699-363-626,I-259-2003,Store_2379,2022-05-06,Online Store,51.59
23895555,69-699-363-626,F-100-2017,Store_2379,2022-05-06,Online Store,33.99
23895555,69-699-363-626,W-019-1990,Store_2379,2022-05-06,Online Store,32.59
23895555,69-699-363-626,I-175-2018,Store_2379,2022-05-06,Online Store,90.99
23895556,50-502-587-866,V-094-1993,Store_2468,2022-05-16,Onsite Store,38.99
23895556,50-502-587-866,V-277-2006,Store_2468,2022-05-16,Onsite Store,64.59
23895556,50-502-587-866,Z-010-2002,Store_2468,2022-05-16,Onsite Store,84.99
23895557,50-502-587-866,Q-049-1983,Store_2443,2022-09-13,Onsite Store,47.59
23895557,50-502-587-866,H-133-1993,Store_2443,2022-09-13,Onsite Store,53.59
23895557,50-502-587-866,N-235-2006,Store_2443,2022-09-13,Onsite Store,101.59
23895557,50-502-587-866,I-196-1995,Store_2443,2022-09-13,Onsite Store,78.59
23895557,50-502-587-866,A-196-2016,Store_2443,2022-09-13,Onsite Store,86.99
23895557,50-502-587-866,A-058-2000,Store_2443,2022-09-13,Onsite Store,62.99
23895558,50-502-587-866,B-148-1986,Store_2369,2022-11-09,Online Store,82.59
23895558,50-502-587-866,I-262-2013,Store_2369,2022-11-09,Online Store,27.59
23895558,50-502-587-866,A-214-1982,Store_2369,2022-11-09,Online Store,45.59
23895558,50-502-587-866,B-286-2008,Store_2369,2022-11-09,Online Store,41.59
23895558,50-502-587-866,C-145-1994,Store_2369,2022-11-09,Online Store,71.59
23895558,50-502-587-866,H-271-2006,Store_2369,2022-11-09,Online Store,99.59
23895559,50-502-587-866,C-019-1998,Store_2422,2022-05-09,Onsite Store,49.59
23895559,50-502-587-866,F-190-2009,Store_2422,2022-05-09,Onsite Store,51.59
23895559,50-502-587-866,V-019-1985,Store_2422,2022-05-09,Onsite Store,29.99
23895559,50-502-587-866,W-190-2000,Store_2422,2022-05-09,Onsite Store,78.59
23895559,50-502-587-866,Z-010-2003,Store_2422,2022-05-09,Onsite Store,83.99
23895560,50-502-587-866,W-121-2004,Store_2410,2022-03-10,Onsite Store,55.59
23895560,50-502-587-866,B-064-1996,Store_2410,2022-03-10,Onsite Store,59.99
23895560,50-502-587-866,C-010-2014,Store_2410,2022-03-10,Onsite Store,30.59
23895560,50-502-587-866,N-247-1992,Store_2410,2022-03-10,Onsite Store,62.99
23895561,50-502-587-866,N-022-1993,Store_2469,2022-12-21,Onsite Store,68.99
23895561,50-502-587-866,I-055-2006,Store_2469,2022-12-21,Onsite Store,60.99
23895561,50-502-587-866,H-082-2009,Store_2469,2022-12-21,Onsite Store,71.59
23895561,50-502-587-866,Q-274-1987,Store_2469,2022-12-21,Onsite Store,105.59
23895561,50-502-587-866,Q-166-2009,Store_2469,2022-12-21,Onsite Store,42.99
23895562,50-502-587-866,W-013-1980,Store_2453,2022-04-24,Onsite Store,57.99
23895562,50-502-587-866,H-013-2012,Store_2453,2022-04-24,Onsite Store,69.99
23895562,50-502-587-866,I-142-1987,Store_2453,2022-04-24,Onsite Store,59.99
23895562,50-502-587-866,V-103-2000,Store_2453,2022-04-24,Onsite Store,56.59
23895562,50-502-587-866,J-133-1989,Store_2453,2022-04-24,Onsite Store,37.99
23895562,50-502-587-866,C-265-1993,Store_2453,2022-04-24,Onsite Store,67.99
23895563,50-502-587-866,A-061-1996,Store_2369,2022-11-24,Online Store,32.59
23895563,50-502-587-866,J-052-1997,Store_2369,2022-11-24,Online Store,38.59
23895563,50-502-587-866,I-220-1982,Store_2369,2022-11-24,Online Store,10.99
23895563,50-502-587-866,F-106-2010,Store_2369,2022-11-24,Online Store,73.99
23895563,50-502-587-866,Q-133-1996,Store_2369,2022-11-24,Online Store,59.99
23895563,50-502-587-866,Q-172-1994,Store_2369,2022-11-24,Online Store,44.59
23895563,50-502-587-866,H-100-2002,Store_2369,2022-11-24,Online Store,66.99
23895563,50-502-587-866,I-229-2008,Store_2369,2022-11-24,Online Store,40.59
23895563,50-502-587-866,A-151-2014,Store_2369,2022-11-24,Online Store,51.59
23895563,50-502-587-866,Z-106-1995,Store_2369,2022-11-24,Online Store,36.99
23895564,50-502-587-866,I-262-1981,Store_2407,2022-09-25,Onsite Store,89.99
23895564,50-502-587-866,Z-010-1998,Store_2407,2022-09-25,Onsite Store,104.59
23895564,50-502-587-866,Z-112-1983,Store_2407,2022-09-25,Onsite Store,33.99
23895564,50-502-587-866,J-136-1988,Store_2407,2022-09-25,Onsite Store,53.99
23895564,50-502-587-866,Z-148-1993,Store_2407,2022-09-25,Onsite Store,70.99
23895564,50-502-587-866,C-001-1993,Store_2407,2022-09-25,Onsite Store,117.59
23895565,22-220-141-312,Z-109-1980,Store_2371,2022-09-04,Online Store,54.59
23895565,22-220-141-312,B-103-2015,Store_2371,2022-09-04,Online Store,68.99
23895565,22-220-141-312,Q-037-1988,Store_2371,2022-09-04,Online Store,65.99
23895565,22-220-141-312,Q-226-2016,Store_2371,2022-09-04,Online Store,122.99
23895565,22-220-141-312,W-049-2013,Store_2371,2022-09-04,Online Store,71.59
23895565,22-220-141-312,I-097-2003,Store_2371,2022-09-04,Online Store,56.99
23895566,22-220-141-312,A-031-1984,Store_2477,2022-06-14,Onsite Store,43.59
23895566,22-220-141-312,B-130-2007,Store_2477,2022-06-14,Onsite Store,47.59
23895566,22-220-141-312,C-115-2011,Store_2477,2022-06-14,Onsite Store,49.59
23895566,22-220-141-312,N-115-1990,Store_2477,2022-06-14,Onsite Store,105.59
23895566,22-220-141-312,C-058-1987,Store_2477,2022-06-14,Onsite Store,35.59
23895566,22-220-141-312,C-181-1986,Store_2477,2022-06-14,Onsite Store,22.59
23895566,22-220-141-312,F-214-1980,Store_2477,2022-06-14,Onsite Store,52.59
23895566,22-220-141-312,I-298-2018,Store_2477,2022-06-14,Onsite Store,73.59
23895566,22-220-141-312,F-238-1985,Store_2477,2022-06-14,Onsite Store,54.99
23895567,22-220-141-312,H-091-1995,Store_2370,2022-01-14,Online Store,39.99
23895567,22-220-141-312,B-289-1992,Store_2370,2022-01-14,Online Store,115.59
23895567,22-220-141-312,W-136-2003,Store_2370,2022-01-14,Online Store,76.99
23895567,22-220-141-312,C-037-2000,Store_2370,2022-01-14,Online Store,57.99
23895567,22-220-141-312,C-286-1991,Store_2370,2022-01-14,Online Store,107.59
23895567,22-220-141-312,C-157-2012,Store_2370,2022-01-14,Online Store,91.59
23895567,22-220-141-312,J-106-1994,Store_2370,2022-01-14,Online Store,88.99
23895567,22-220-141-312,V-244-2013,Store_2370,2022-01-14,Online Store,79.59
23895567,22-220-141-312,W-283-1990,Store_2370,2022-01-14,Online Store,120.59
23895567,22-220-141-312,N-235-2004,Store_2370,2022-01-14,Online Store,68.59
23895568,22-220-141-312,H-043-2010,Store_2355,2022-12-02,Online Store,29.59
23895568,22-220-141-312,V-295-1994,Store_2355,2022-12-02,Online Store,67.59
23895568,22-220-141-312,N-079-1991,Store_2355,2022-12-02,Online Store,36.59
23895568,22-220-141-312,H-217-2017,Store_2355,2022-12-02,Online Store,71.99
23895569,22-220-141-312,Q-202-1992,Store_2435,2022-05-10,Onsite Store,30.59
23895569,22-220-141-312,I-280-2012,Store_2435,2022-05-10,Onsite Store,15.59
23895569,22-220-141-312,G-181-1982,Store_2435,2022-05-10,Onsite Store,87.59
23895569,22-220-141-312,C-271-1994,Store_2435,2022-05-10,Onsite Store,83.99
23895569,22-220-141-312,W-106-2008,Store_2435,2022-05-10,Onsite Store,44.59
23895569,22-220-141-312,V-169-2017,Store_2435,2022-05-10,Onsite Store,68.99
23895569,22-220-141-312,A-052-2012,Store_2435,2022-05-10,Onsite Store,40.59
23895569,22-220-141-312,I-184-2008,Store_2435,2022-05-10,Onsite Store,128.59
23895570,22-220-141-312,F-076-2012,Store_2399,2022-04-28,Onsite Store,92.59
23895570,22-220-141-312,C-280-2005,Store_2399,2022-04-28,Onsite Store,85.99
23895570,22-220-141-312,Z-091-2016,Store_2399,2022-04-28,Onsite Store,87.99
23895570,22-220-141-312,I-280-1990,Store_2399,2022-04-28,Onsite Store,41.59
23895571,22-220-141-312,Q-181-2004,Store_2368,2022-08-24,Online Store,38.99
23895571,22-220-141-312,G-169-2002,Store_2368,2022-08-24,Online Store,44.99
23895571,22-220-141-312,I-076-2007,Store_2368,2022-08-24,Online Store,69.59
23895572,22-220-141-312,N-265-1981,Store_2378,2022-10-16,Online Store,90.99
23895572,22-220-141-312,J-016-1987,Store_2378,2022-10-16,Online Store,74.99
23895572,22-220-141-312,B-106-2002,Store_2378,2022-10-16,Online Store,29.59
23895572,22-220-141-312,Z-298-1995,Store_2378,2022-10-16,Online Store,73.99
23895572,22-220-141-312,F-238-2017,Store_2378,2022-10-16,Online Store,52.99
23895573,22-220-141-312,G-016-2001,Store_2443,2022-05-09,Onsite Store,68.59
23895573,22-220-141-312,G-145-2002,Store_2443,2022-05-09,Onsite Store,91.99
23895573,22-220-141-312,F-298-1998,Store_2443,2022-05-09,Onsite Store,38.99
23895573,22-220-141-312,I-016-1998,Store_2443,2022-05-09,Onsite Store,87.59
23895574,76-763-200-509,W-016-2008,Store_2435,2022-01-25,Onsite Store,48.59
23895574,76-763-200-509,B-199-1990,Store_2435,2022-01-25,Onsite Store,81.59
23895574,76-763-200-509,C-112-2011,Store_2435,2022-01-25,Onsite Store,66.99
23895574,76-763-200-509,H-094-1980,Store_2435,2022-01-25,Onsite Store,75.59
23895574,76-763-200-509,N-202-1983,Store_2435,2022-01-25,Onsite Store,51.99
23895574,76-763-200-509,G-250-1988,Store_2435,2022-01-25,Onsite Store,105.59
23895574,76-763-200-509,V-001-2018,Store_2435,2022-01-25,Onsite Store,89.99
23895574,76-763-200-509,A-175-1994,Store_2435,2022-01-25,Onsite Store,33.99
23895574,76-763-200-509,I-202-1981,Store_2435,2022-01-25,Onsite Store,57.99
23895574,76-763-200-509,W-184-2011,Store_2435,2022-01-25,Onsite Store,50.99
23895574,76-763-200-509,G-145-2003,Store_2435,2022-01-25,Onsite Store,110.99
23895575,76-763-200-509,J-007-1990,Store_2463,2022-04-24,Onsite Store,74.59
23895575,76-763-200-509,I-277-1997,Store_2463,2022-04-24,Onsite Store,100.59
23895575,76-763-200-509,G-091-1991,Store_2463,2022-04-24,Onsite Store,51.99
23895575,76-763-200-509,G-136-1996,Store_2463,2022-04-24,Onsite Store,129.99
23895575,76-763-200-509,C-076-2001,Store_2463,2022-04-24,Onsite Store,54.99
23895575,76-763-200-509,V-112-2012,Store_2463,2022-04-24,Onsite Store,80.99
23895576,76-763-200-509,V-178-1985,Store_2447,2022-08-22,Onsite Store,100.59
23895576,76-763-200-509,Z-289-1985,Store_2447,2022-08-22,Onsite Store,76.59
23895576,76-763-200-509,H-025-2009,Store_2447,2022-08-22,Onsite Store,37.99
23895576,76-763-200-509,W-001-2006,Store_2447,2022-08-22,Onsite Store,80.99
23895576,76-763-200-509,F-199-1993,Store_2447,2022-08-22,Onsite Store,100.59
23895576,76-763-200-509,G-073-1990,Store_2447,2022-08-22,Onsite Store,58.99
23895576,76-763-200-509,C-019-2008,Store_2447,2022-08-22,Onsite Store,60.99
23895576,76-763-200-509,H-124-2016,Store_2447,2022-08-22,Onsite Store,57.59
23895576,76-763-200-509,Z-226-1984,Store_2447,2022-08-22,Onsite Store,39.59
23895576,76-763-200-509,Q-232-2007,Store_2447,2022-08-22,Onsite Store,75.59
23895576,76-763-200-509,J-193-1989,Store_2447,2022-08-22,Onsite Store,30.59
23895577,76-763-200-509,J-121-2011,Store_2373,2022-07-10,Online Store,50.99
23895577,76-763-200-509,H-235-1992,Store_2373,2022-07-10,Online Store,55.99
23895577,76-763-200-509,W-106-1984,Store_2373,2022-07-10,Online Store,34.99
23895577,76-763-200-509,I-043-1994,Store_2373,2022-07-10,Online Store,67.99
23895578,76-763-200-509,H-139-2010,Store_2405,2022-12-14,Onsite Store,74.99
23895578,76-763-200-509,F-250-2015,Store_2405,2022-12-14,Onsite Store,44.99
23895578,76-763-200-509,Z-133-1981,Store_2405,2022-12-14,Onsite Store,43.59
23895578,76-763-200-509,B-289-2008,Store_2405,2022-12-14,Onsite Store,79.59
23895578,76-763-200-509,G-229-2015,Store_2405,2022-12-14,Onsite Store,77.59
23895578,76-763-200-509,V-130-1989,Store_2405,2022-12-14,Onsite Store,84.59
23895578,76-763-200-509,J-190-2016,Store_2405,2022-12-14,Onsite Store,35.99
23895578,76-763-200-509,W-019-2018,Store_2405,2022-12-14,Onsite Store,62.99
23895578,76-763-200-509,N-271-2010,Store_2405,2022-12-14,Onsite Store,84.59
23895578,76-763-200-509,V-043-1997,Store_2405,2022-12-14,Onsite Store,81.99
23895579,76-763-200-509,J-229-2017,Store_2381,2022-11-02,Online Store,48.99
23895579,76-763-200-509,W-247-1997,Store_2381,2022-11-02,Online Store,100.59
23895579,76-763-200-509,Z-007-1988,Store_2381,2022-11-02,Online Store,67.59
23895579,76-763-200-509,Z-154-1994,Store_2381,2022-11-02,Online Store,69.99
23895579,76-763-200-509,A-064-2004,Store_2381,2022-11-02,Online Store,42.59
23895579,76-763-200-509,V-145-1982,Store_2381,2022-11-02,Online Store,138.59
23895579,76-763-200-509,I-214-2017,Store_2381,2022-11-02,Online Store,32.59
23895579,76-763-200-509,G-127-1993,Store_2381,2022-11-02,Online Store,99.59
23895579,76-763-200-509,I-226-1981,Store_2381,2022-11-02,Online Store,130.99
23895579,76-763-200-509,G-262-1986,Store_2381,2022-11-02,Online Store,85.59
23895579,76-763-200-509,Q-217-2005,Store_2381,2022-11-02,Online Store,97.59
23895579,76-763-200-509,C-034-2004,Store_2381,2022-11-02,Online Store,50.59
23895580,76-763-200-509,V-136-1990,Store_2407,2022-08-10,Onsite Store,118.99
23895580,76-763-200-509,V-037-1989,Store_2407,2022-08-10,Onsite Store,59.99
23895580,76-763-200-509,F-064-1986,Store_2407,2022-08-10,Onsite Store,118.59
23895580,76-763-200-509,Q-157-2010,Store_2407,2022-08-10,Onsite Store,80.99
23895580,76-763-200-509,N-025-1983,Store_2407,2022-08-10,Onsite Store,54.99
23895580,76-763-200-509,J-229-2012,Store_2407,2022-08-10,Onsite Store,90.99
23895581,76-763-200-509,B-040-1982,Store_2356,2022-03-29,Online Store,75.99
23895581,76-763-200-509,J-223-1997,Store_2356,2022-03-29,Online Store,47.59
23895581,76-763-200-509,B-022-2001,Store_2356,2022-03-29,Online Store,41.99
23895581,76-763-200-509,V-232-2018,Store_2356,2022-03-29,Online Store,75.99
23895581,76-763-200-509,B-043-2013,Store_2356,2022-03-29,Online Store,29.59
23895581,76-763-200-509,I-292-1985,Store_2356,2022-03-29,Online Store,111.99
23895581,76-763-200-509,B-199-1997,Store_2356,2022-03-29,Online Store,40.99
23895582,76-763-200-509,Z-082-2011,Store_2398,2022-02-12,Onsite Store,57.99
23895582,76-763-200-509,G-016-2007,Store_2398,2022-02-12,Onsite Store,47.59
23895582,76-763-200-509,C-229-1983,Store_2398,2022-02-12,Onsite Store,50.99
23895582,76-763-200-509,V-268-1994,Store_2398,2022-02-12,Onsite Store,45.59
23895582,76-763-200-509,C-064-2018,Store_2398,2022-02-12,Onsite Store,129.99
23895582,76-763-200-509,J-235-2013,Store_2398,2022-02-12,Onsite Store,96.59
23895583,21-213-953-733,F-196-1993,Store_2468,2022-02-06,Onsite Store,116.99
23895583,21-213-953-733,W-022-1987,Store_2468,2022-02-06,Onsite Store,52.99
23895583,21-213-953-733,G-250-2012,Store_2468,2022-02-06,Onsite Store,78.99
23895584,21-213-953-733,J-244-1996,Store_2424,2022-05-12,Onsite Store,78.59
23895584,21-213-953-733,C-049-2001,Store_2424,2022-05-12,Onsite Store,70.99
23895584,21-213-953-733,J-211-2016,Store_2424,2022-05-12,Onsite Store,66.99
23895584,21-213-953-733,N-220-2008,Store_2424,2022-05-12,Onsite Store,78.59
23895584,21-213-953-733,A-070-1985,Store_2424,2022-05-12,Onsite Store,37.99
23895584,21-213-953-733,Q-001-1992,Store_2424,2022-05-12,Onsite Store,77.99
23895584,21-213-953-733,B-025-2008,Store_2424,2022-05-12,Onsite Store,40.59
23895584,21-213-953-733,B-031-2018,Store_2424,2022-05-12,Onsite Store,66.99
23895584,21-213-953-733,I-103-2007,Store_2424,2022-05-12,Onsite Store,93.99
23895585,21-213-953-733,J-169-1984,Store_2424,2022-10-28,Onsite Store,39.59
23895585,21-213-953-733,H-031-1991,Store_2424,2022-10-28,Onsite Store,73.99
23895585,21-213-953-733,I-109-1980,Store_2424,2022-10-28,Onsite Store,73.59
23895585,21-213-953-733,N-004-1992,Store_2424,2022-10-28,Onsite Store,56.99
23895586,21-213-953-733,I-025-1996,Store_2386,2022-08-31,Online Store,96.59
23895587,21-213-953-733,V-298-2007,Store_2349,2022-06-07,Online Store,43.99
23895587,21-213-953-733,N-025-2005,Store_2349,2022-06-07,Online Store,58.59
23895587,21-213-953-733,H-199-2014,Store_2349,2022-06-07,Online Store,25.59
23895587,21-213-953-733,Z-037-2007,Store_2349,2022-06-07,Online Store,45.59
23895587,21-213-953-733,V-163-2009,Store_2349,2022-06-07,Online Store,60.99
23895587,21-213-953-733,F-226-2004,Store_2349,2022-06-07,Online Store,81.59
23895588,21-213-953-733,W-091-1987,Store_2467,2022-07-04,Onsite Store,67.59
23895588,21-213-953-733,J-091-1988,Store_2467,2022-07-04,Onsite Store,47.99
23895588,21-213-953-733,Z-280-1980,Store_2467,2022-07-04,Onsite Store,66.59
23895588,21-213-953-733,G-019-2011,Store_2467,2022-07-04,Onsite Store,69.59
23895588,21-213-953-733,J-217-1983,Store_2467,2022-07-04,Onsite Store,98.59
23895588,21-213-953-733,Z-292-1999,Store_2467,2022-07-04,Onsite Store,56.99
23895588,21-213-953-733,B-298-1999,Store_2467,2022-07-04,Onsite Store,59.99
23895588,21-213-953-733,N-142-2002,Store_2467,2022-07-04,Onsite Store,28.59
23895588,21-213-953-733,V-178-2002,Store_2467,2022-07-04,Onsite Store,82.59
23895588,21-213-953-733,W-292-2012,Store_2467,2022-07-04,Onsite Store,103.59
23895589,21-213-953-733,B-010-1996,Store_2454,2022-11-10,Onsite Store,53.99
23895589,21-213-953-733,V-016-2012,Store_2454,2022-11-10,Onsite Store,64.59
23895589,21-213-953-733,J-253-2006,Store_2454,2022-11-10,Onsite Store,80.99
23895589,21-213-953-733,V-052-1994,Store_2454,2022-11-10,Onsite Store,55.59
23895589,21-213-953-733,Z-091-1993,Store_2454,2022-11-10,Onsite Store,64.59
23895589,21-213-953-733,W-169-2001,Store_2454,2022-11-10,Onsite Store,55.99
23895590,21-213-953-733,G-130-2004,Store_2422,2022-10-21,Onsite Store,53.59
23895590,21-213-953-733,I-208-1993,Store_2422,2022-10-21,Onsite Store,19.99
23895590,21-213-953-733,V-064-1997,Store_2422,2022-10-21,Onsite Store,92.59
23895590,21-213-953-733,Z-232-2002,Store_2422,2022-10-21,Onsite Store,113.59
23895590,21-213-953-733,B-259-2006,Store_2422,2022-10-21,Onsite Store,91.99
23895591,21-213-953-733,F-262-2004,Store_2369,2022-06-24,Online Store,45.99
23895591,21-213-953-733,B-052-1984,Store_2369,2022-06-24,Online Store,90.99
23895591,21-213-953-733,Q-274-1996,Store_2369,2022-06-24,Online Store,66.99
23895591,21-213-953-733,I-124-2012,Store_2369,2022-06-24,Online Store,44.99
23895591,21-213-953-733,Z-106-2010,Store_2369,2022-06-24,Online Store,69.99
23895591,21-213-953-733,C-127-2017,Store_2369,2022-06-24,Online Store,97.59
23895591,21-213-953-733,I-268-1985,Store_2369,2022-06-24,Online Store,104.59
23895591,21-213-953-733,Z-196-1998,Store_2369,2022-06-24,Online Store,63.99
23895591,21-213-953-733,F-124-2009,Store_2369,2022-06-24,Online Store,55.99
23895592,63-639-936-309,G-004-2007,Store_2448,2022-04-18,Onsite Store,91.99
23895592,63-639-936-309,G-190-2000,Store_2448,2022-04-18,Onsite Store,32.99
23895592,63-639-936-309,A-181-1984,Store_2448,2022-04-18,Onsite Store,67.59
23895592,63-639-936-309,W-055-1998,Store_2448,2022-04-18,Onsite Store,56.99
23895592,63-639-936-309,Q-010-2001,Store_2448,2022-04-18,Onsite Store,49.59
23895593,63-639-936-309,B-040-1994,Store_2403,2022-12-12,Onsite Store,57.59
23895593,63-639-936-309,J-067-2017,Store_2403,2022-12-12,Onsite Store,75.99
23895593,63-639-936-309,Q-043-1994,Store_2403,2022-12-12,Onsite Store,69.59
23895593,63-639-936-309,V-082-1994,Store_2403,2022-12-12,Onsite Store,26.99
23895593,63-639-936-309,I-265-2003,Store_2403,2022-12-12,Onsite Store,98.99
23895593,63-639-936-309,Q-148-1995,Store_2403,2022-12-12,Onsite Store,137.59
23895594,63-639-936-309,N-286-1997,Store_2422,2022-03-06,Onsite Store,27.59
23895594,63-639-936-309,C-172-2000,Store_2422,2022-03-06,Onsite Store,109.59
23895594,63-639-936-309,C-271-1995,Store_2422,2022-03-06,Onsite Store,66.59
23895594,63-639-936-309,N-088-2007,Store_2422,2022-03-06,Onsite Store,102.59
23895594,63-639-936-309,G-142-1981,Store_2422,2022-03-06,Onsite Store,80.99
23895594,63-639-936-309,N-115-2001,Store_2422,2022-03-06,Onsite Store,57.59
23895594,63-639-936-309,Q-238-1996,Store_2422,2022-03-06,Onsite Store,71.59
23895594,63-639-936-309,H-244-2000,Store_2422,2022-03-06,Onsite Store,82.99
23895594,63-639-936-309,Q-283-1984,Store_2422,2022-03-06,Onsite Store,87.99
23895594,63-639-936-309,J-157-1984,Store_2422,2022-03-06,Onsite Store,111.99
23895594,63-639-936-309,H-076-1981,Store_2422,2022-03-06,Onsite Store,83.99
23895594,63-639-936-309,C-187-2000,Store_2422,2022-03-06,Onsite Store,76.59
23895594,63-639-936-309,Z-046-2010,Store_2422,2022-03-06,Onsite Store,101.99
23895595,63-639-936-309,I-295-2011,Store_2415,2022-05-29,Onsite Store,68.99
23895596,63-639-936-309,I-085-1986,Store_2397,2022-12-25,Online Store,103.99
23895596,63-639-936-309,G-292-2017,Store_2397,2022-12-25,Online Store,55.59
23895596,63-639-936-309,C-040-2004,Store_2397,2022-12-25,Online Store,116.99
23895596,63-639-936-309,F-133-2006,Store_2397,2022-12-25,Online Store,94.99
23895596,63-639-936-309,W-202-2000,Store_2397,2022-12-25,Online Store,88.99
23895596,63-639-936-309,A-202-2013,Store_2397,2022-12-25,Online Store,92.59
23895596,63-639-936-309,A-274-1999,Store_2397,2022-12-25,Online Store,73.99
23895597,63-639-936-309,G-001-1989,Store_2354,2022-09-08,Online Store,65.59
23895597,63-639-936-309,F-070-2008,Store_2354,2022-09-08,Online Store,50.59
23895597,63-639-936-309,F-118-2011,Store_2354,2022-09-08,Online Store,69.99
23895597,63-639-936-309,H-289-2002,Store_2354,2022-09-08,Online Store,54.59
23895598,63-639-936-309,Z-052-1991,Store_2445,2022-03-16,Onsite Store,73.59
23895598,63-639-936-309,G-028-1988,Store_2445,2022-03-16,Onsite Store,82.59
23895598,63-639-936-309,V-079-2008,Store_2445,2022-03-16,Onsite Store,75.99
23895598,63-639-936-309,H-217-1998,Store_2445,2022-03-16,Onsite Store,56.59
23895599,63-639-936-309,Q-070-1988,Store_2395,2022-08-02,Online Store,54.59
23895600,63-639-936-309,V-025-1983,Store_2369,2022-09-11,Online Store,60.59
23895600,63-639-936-309,N-193-2014,Store_2369,2022-09-11,Online Store,47.99
23895601,67-679-638-670,Z-046-2004,Store_2401,2022-06-08,Onsite Store,121.99
23895601,67-679-638-670,H-271-2014,Store_2401,2022-06-08,Onsite Store,46.99
23895601,67-679-638-670,I-148-2006,Store_2401,2022-06-08,Onsite Store,72.59
23895601,67-679-638-670,W-151-1987,Store_2401,2022-06-08,Onsite Store,33.99
23895601,67-679-638-670,F-217-2014,Store_2401,2022-06-08,Onsite Store,103.99
23895601,67-679-638-670,V-175-1992,Store_2401,2022-06-08,Onsite Store,64.59
23895601,67-679-638-670,C-238-1995,Store_2401,2022-06-08,Onsite Store,17.59
23895601,67-679-638-670,W-100-1987,Store_2401,2022-06-08,Onsite Store,86.99
23895602,67-679-638-670,G-115-2011,Store_2473,2022-11-07,Onsite Store,100.59
23895602,67-679-638-670,F-217-2012,Store_2473,2022-11-07,Onsite Store,73.59
23895602,67-679-638-670,V-295-1989,Store_2473,2022-11-07,Onsite Store,64.99
23895602,67-679-638-670,N-163-2018,Store_2473,2022-11-07,Onsite Store,31.59
23895602,67-679-638-670,G-013-2014,Store_2473,2022-11-07,Onsite Store,69.99
23895602,67-679-638-670,Q-145-1986,Store_2473,2022-11-07,Onsite Store,56.59
23895602,67-679-638-670,J-166-2002,Store_2473,2022-11-07,Onsite Store,83.99
23895602,67-679-638-670,G-175-2017,Store_2473,2022-11-07,Onsite Store,32.99
23895603,67-679-638-670,A-082-1995,Store_2452,2022-09-27,Onsite Store,66.99
23895604,67-679-638-670,B-298-1990,Store_2452,2022-04-12,Onsite Store,50.59
23895604,67-679-638-670,N-211-1981,Store_2452,2022-04-12,Onsite Store,76.59
23895604,67-679-638-670,W-073-2004,Store_2452,2022-04-12,Onsite Store,47.99
23895604,67-679-638-670,J-010-1988,Store_2452,2022-04-12,Onsite Store,72.99
23895604,67-679-638-670,F-031-2018,Store_2452,2022-04-12,Onsite Store,43.99
23895604,67-679-638-670,Z-052-1981,Store_2452,2022-04-12,Onsite Store,65.99
23895605,67-679-638-670,A-121-1996,Store_2377,2022-05-29,Online Store,100.59
23895605,67-679-638-670,B-184-1989,Store_2377,2022-05-29,Online Store,50.59
23895606,67-679-638-670,B-088-1983,Store_2394,2022-05-12,Online Store,67.99
23895606,67-679-638-670,W-025-1986,Store_2394,2022-05-12,Online Store,101.99
23895607,67-679-638-670,H-088-2010,Store_2360,2022-05-14,Online Store,108.99
23895607,67-679-638-670,Z-241-1990,Store_2360,2022-05-14,Online Store,94.59
23895607,67-679-638-670,W-049-1986,Store_2360,2022-05-14,Online Store,70.99
23895607,67-679-638-670,I-052-2017,Store_2360,2022-05-14,Online Store,76.99
23895607,67-679-638-670,Q-205-1983,Store_2360,2022-05-14,Online Store,80.59
23895607,67-679-638-670,Q-034-2010,Store_2360,2022-05-14,Online Store,54.59
23895607,67-679-638-670,C-223-1983,Store_2360,2022-05-14,Online Store,65.59
23895607,67-679-638-670,Z-247-2013,Store_2360,2022-05-14,Online Store,53.99
23895607,67-679-638-670,I-175-1991,Store_2360,2022-05-14,Online Store,47.59
23895608,67-679-638-670,F-265-1998,Store_2350,2022-08-17,Online Store,91.99
23895608,67-679-638-670,F-118-1984,Store_2350,2022-08-17,Online Store,33.59
23895608,67-679-638-670,J-064-2012,Store_2350,2022-08-17,Online Store,33.99
23895608,67-679-638-670,A-235-2012,Store_2350,2022-08-17,Online Store,59.99
23895608,67-679-638-670,N-178-2006,Store_2350,2022-08-17,Online Store,75.99
23895608,67-679-638-670,I-187-2003,Store_2350,2022-08-17,Online Store,29.99
23895609,67-679-638-670,G-265-1991,Store_2354,2022-01-18,Online Store,27.99
23895609,67-679-638-670,I-040-1999,Store_2354,2022-01-18,Online Store,63.59
23895609,67-679-638-670,Z-277-2015,Store_2354,2022-01-18,Online Store,76.59
23895609,67-679-638-670,A-085-1981,Store_2354,2022-01-18,Online Store,107.59
23895609,67-679-638-670,J-292-1985,Store_2354,2022-01-18,Online Store,92.99
23895609,67-679-638-670,H-292-2002,Store_2354,2022-01-18,Online Store,50.59
23895609,67-679-638-670,H-277-2016,Store_2354,2022-01-18,Online Store,76.99
23895609,67-679-638-670,I-070-2003,Store_2354,2022-01-18,Online Store,70.99
23895610,37-370-753-852,J-178-2002,Store_2368,2022-12-11,Online Store,80.99
23895610,37-370-753-852,N-064-1999,Store_2368,2022-12-11,Online Store,29.59
23895610,37-370-753-852,G-091-2017,Store_2368,2022-12-11,Online Store,77.99
23895610,37-370-753-852,V-166-2011,Store_2368,2022-12-11,Online Store,33.59
23895610,37-370-753-852,A-064-2009,Store_2368,2022-12-11,Online Store,12.99
23895610,37-370-753-852,H-262-2007,Store_2368,2022-12-11,Online Store,35.59
23895611,37-370-753-852,V-244-2007,Store_2457,2022-12-09,Onsite Store,71.99
23895611,37-370-753-852,Z-112-1995,Store_2457,2022-12-09,Onsite Store,118.99
23895611,37-370-753-852,V-226-2010,Store_2457,2022-12-09,Onsite Store,50.99
23895612,37-370-753-852,I-151-1993,Store_2348,2022-08-27,Online Store,76.59
23895612,37-370-753-852,Q-175-1993,Store_2348,2022-08-27,Online Store,47.99
23895612,37-370-753-852,B-073-2015,Store_2348,2022-08-27,Online Store,53.99
23895613,37-370-753-852,V-064-2006,Store_2431,2022-10-30,Onsite Store,66.99
23895613,37-370-753-852,F-193-1987,Store_2431,2022-10-30,Onsite Store,53.99
23895613,37-370-753-852,N-247-1983,Store_2431,2022-10-30,Onsite Store,34.99
23895613,37-370-753-852,I-205-2006,Store_2431,2022-10-30,Onsite Store,131.59
23895613,37-370-753-852,V-022-1991,Store_2431,2022-10-30,Onsite Store,24.59
23895613,37-370-753-852,H-136-1983,Store_2431,2022-10-30,Onsite Store,57.99
23895614,37-370-753-852,Q-037-1988,Store_2355,2022-12-05,Online Store,65.99
23895614,37-370-753-852,Z-004-2015,Store_2355,2022-12-05,Online Store,101.99
23895614,37-370-753-852,G-088-2004,Store_2355,2022-12-05,Online Store,26.99
23895614,37-370-753-852,J-139-2000,Store_2355,2022-12-05,Online Store,60.99
23895614,37-370-753-852,Q-052-1994,Store_2355,2022-12-05,Online Store,29.99
23895615,37-370-753-852,G-091-2014,Store_2357,2022-06-06,Online Store,123.59
23895615,37-370-753-852,C-259-2000,Store_2357,2022-06-06,Online Store,29.59
23895615,37-370-753-852,G-037-1992,Store_2357,2022-06-06,Online Store,99.99
23895615,37-370-753-852,Z-286-1992,Store_2357,2022-06-06,Online Store,76.59
23895615,37-370-753-852,Z-205-2011,Store_2357,2022-06-06,Online Store,65.59
23895615,37-370-753-852,V-112-2005,Store_2357,2022-06-06,Online Store,118.59
23895616,37-370-753-852,Z-055-2009,Store_2373,2022-08-12,Online Store,37.99
23895616,37-370-753-852,I-070-1995,Store_2373,2022-08-12,Online Store,67.59
23895616,37-370-753-852,B-250-1988,Store_2373,2022-08-12,Online Store,49.59
23895617,37-370-753-852,W-217-1999,Store_2391,2022-04-05,Online Store,18.99
23895617,37-370-753-852,I-010-2012,Store_2391,2022-04-05,Online Store,45.99
23895617,37-370-753-852,G-130-1999,Store_2391,2022-04-05,Online Store,82.59
23895617,37-370-753-852,C-040-2010,Store_2391,2022-04-05,Online Store,35.99
23895617,37-370-753-852,C-037-1995,Store_2391,2022-04-05,Online Store,67.99
23895617,37-370-753-852,C-004-2011,Store_2391,2022-04-05,Online Store,43.99
23895618,37-370-753-852,J-031-1986,Store_2477,2022-10-25,Onsite Store,73.99
23895618,37-370-753-852,G-064-1996,Store_2477,2022-10-25,Onsite Store,75.99
23895618,37-370-753-852,I-229-1988,Store_2477,2022-10-25,Onsite Store,86.59
23895618,37-370-753-852,H-058-2016,Store_2477,2022-10-25,Onsite Store,72.59
23895619,56-560-312-201,J-217-2012,Store_2356,2022-09-30,Online Store,38.59
23895619,56-560-312-201,B-064-2010,Store_2356,2022-09-30,Online Store,62.99
23895619,56-560-312-201,B-163-1991,Store_2356,2022-09-30,Online Store,54.59
23895619,56-560-312-201,N-031-1992,Store_2356,2022-09-30,Online Store,53.59
23895619,56-560-312-201,B-019-1996,Store_2356,2022-09-30,Online Store,68.99
23895619,56-560-312-201,J-073-1997,Store_2356,2022-09-30,Online Store,54.59
23895619,56-560-312-201,N-070-2016,Store_2356,2022-09-30,Online Store,81.99
23895619,56-560-312-201,W-172-2001,Store_2356,2022-09-30,Online Store,76.99
23895619,56-560-312-201,B-259-1992,Store_2356,2022-09-30,Online Store,71.99
23895619,56-560-312-201,F-118-1981,Store_2356,2022-09-30,Online Store,108.59
23895619,56-560-312-201,Z-271-2004,Store_2356,2022-09-30,Online Store,74.99
23895620,56-560-312-201,G-091-1989,Store_2389,2022-12-27,Online Store,71.99
23895620,56-560-312-201,J-007-1990,Store_2389,2022-12-27,Online Store,74.59
23895620,56-560-312-201,F-076-2006,Store_2389,2022-12-27,Online Store,42.59
23895620,56-560-312-201,G-088-2012,Store_2389,2022-12-27,Online Store,50.99
23895620,56-560-312-201,G-067-1988,Store_2389,2022-12-27,Online Store,48.99
23895620,56-560-312-201,G-088-2010,Store_2389,2022-12-27,Online Store,101.59
23895620,56-560-312-201,A-253-2015,Store_2389,2022-12-27,Online Store,49.99
23895621,56-560-312-201,V-058-2011,Store_2406,2022-01-07,Onsite Store,79.59
23895621,56-560-312-201,A-118-1985,Store_2406,2022-01-07,Onsite Store,76.99
23895621,56-560-312-201,V-076-1994,Store_2406,2022-01-07,Onsite Store,49.99
23895621,56-560-312-201,N-028-1992,Store_2406,2022-01-07,Onsite Store,83.99
23895621,56-560-312-201,I-250-2006,Store_2406,2022-01-07,Onsite Store,115.59
23895621,56-560-312-201,Z-280-1995,Store_2406,2022-01-07,Onsite Store,94.99
23895621,56-560-312-201,F-235-2005,Store_2406,2022-01-07,Onsite Store,40.59
23895621,56-560-312-201,N-268-2016,Store_2406,2022-01-07,Onsite Store,65.99
23895621,56-560-312-201,Z-196-2009,Store_2406,2022-01-07,Onsite Store,64.99
23895621,56-560-312-201,F-163-1995,Store_2406,2022-01-07,Onsite Store,128.99
23895622,56-560-312-201,G-025-2004,Store_2425,2022-08-29,Onsite Store,65.59
23895622,56-560-312-201,Q-088-1988,Store_2425,2022-08-29,Onsite Store,36.59
23895622,56-560-312-201,V-142-2000,Store_2425,2022-08-29,Onsite Store,24.99
23895622,56-560-312-201,B-007-1992,Store_2425,2022-08-29,Onsite Store,25.59
23895622,56-560-312-201,B-160-2002,Store_2425,2022-08-29,Onsite Store,66.59
23895623,56-560-312-201,A-133-1992,Store_2418,2022-07-13,Onsite Store,34.99
23895623,56-560-312-201,H-157-1987,Store_2418,2022-07-13,Onsite Store,53.59
23895623,56-560-312-201,H-145-2004,Store_2418,2022-07-13,Onsite Store,74.99
23895623,56-560-312-201,H-130-2009,Store_2418,2022-07-13,Onsite Store,117.99
23895623,56-560-312-201,H-073-1998,Store_2418,2022-07-13,Onsite Store,72.99
23895624,56-560-312-201,N-127-1990,Store_2430,2022-09-21,Onsite Store,71.59
23895624,56-560-312-201,N-118-2010,Store_2430,2022-09-21,Onsite Store,31.59
23895624,56-560-312-201,I-289-2007,Store_2430,2022-09-21,Onsite Store,111.99
23895624,56-560-312-201,N-253-1981,Store_2430,2022-09-21,Onsite Store,75.59
23895624,56-560-312-201,B-145-2015,Store_2430,2022-09-21,Onsite Store,89.99
23895624,56-560-312-201,G-256-2018,Store_2430,2022-09-21,Onsite Store,27.99
23895624,56-560-312-201,G-025-1988,Store_2430,2022-09-21,Onsite Store,67.59
23895624,56-560-312-201,V-067-1988,Store_2430,2022-09-21,Onsite Store,76.59
23895625,56-560-312-201,Q-142-2015,Store_2466,2022-02-06,Onsite Store,40.59
23895625,56-560-312-201,A-250-2000,Store_2466,2022-02-06,Onsite Store,64.59
23895625,56-560-312-201,C-073-1984,Store_2466,2022-02-06,Onsite Store,59.59
23895625,56-560-312-201,F-256-2006,Store_2466,2022-02-06,Onsite Store,65.59
23895626,56-560-312-201,F-106-2013,Store_2412,2022-11-08,Onsite Store,30.59
23895626,56-560-312-201,H-004-1999,Store_2412,2022-11-08,Onsite Store,110.99
23895626,56-560-312-201,W-271-2009,Store_2412,2022-11-08,Onsite Store,61.59
23895626,56-560-312-201,J-094-1999,Store_2412,2022-11-08,Onsite Store,80.99
23895626,56-560-312-201,W-100-1997,Store_2412,2022-11-08,Onsite Store,78.59
23895626,56-560-312-201,A-076-2002,Store_2412,2022-11-08,Onsite Store,23.59
23895626,56-560-312-201,A-097-1990,Store_2412,2022-11-08,Onsite Store,31.99
23895627,56-560-312-201,F-028-1987,Store_2357,2022-05-04,Online Store,95.99
23895627,56-560-312-201,I-277-1989,Store_2357,2022-05-04,Online Store,27.59
23895627,56-560-312-201,C-169-2008,Store_2357,2022-05-04,Online Store,65.99
23895627,56-560-312-201,G-226-1996,Store_2357,2022-05-04,Online Store,74.59
23895627,56-560-312-201,V-271-1986,Store_2357,2022-05-04,Online Store,94.59
23895627,56-560-312-201,H-157-2010,Store_2357,2022-05-04,Online Store,87.59
23895627,56-560-312-201,N-223-1993,Store_2357,2022-05-04,Online Store,101.59
23895628,59-591-693-148,A-184-1987,Store_2400,2022-02-19,Onsite Store,73.99
23895628,59-591-693-148,A-070-1980,Store_2400,2022-02-19,Onsite Store,54.99
23895628,59-591-693-148,N-055-2016,Store_2400,2022-02-19,Onsite Store,115.99
23895629,59-591-693-148,F-184-1994,Store_2455,2022-04-17,Onsite Store,71.99
23895629,59-591-693-148,C-070-2017,Store_2455,2022-04-17,Onsite Store,91.99
23895630,59-591-693-148,G-247-2007,Store_2382,2022-01-18,Online Store,61.99
23895630,59-591-693-148,V-082-2006,Store_2382,2022-01-18,Online Store,81.99
23895630,59-591-693-148,B-043-2005,Store_2382,2022-01-18,Online Store,91.99
23895630,59-591-693-148,G-226-1990,Store_2382,2022-01-18,Online Store,23.59
23895630,59-591-693-148,N-040-2015,Store_2382,2022-01-18,Online Store,57.99
23895630,59-591-693-148,A-211-1992,Store_2382,2022-01-18,Online Store,96.99
23895631,59-591-693-148,F-043-2016,Store_2411,2022-05-09,Onsite Store,46.59
23895631,59-591-693-148,B-049-2012,Store_2411,2022-05-09,Onsite Store,76.59
23895632,59-591-693-148,V-274-2010,Store_2419,2022-02-18,Onsite Store,87.59
23895632,59-591-693-148,J-241-2009,Store_2419,2022-02-18,Onsite Store,66.59
23895632,59-591-693-148,Z-043-2017,Store_2419,2022-02-18,Onsite Store,56.59
23895632,59-591-693-148,B-061-1993,Store_2419,2022-02-18,Onsite Store,86.59
23895632,59-591-693-148,A-133-2008,Store_2419,2022-02-18,Onsite Store,67.99
23895632,59-591-693-148,W-238-2018,Store_2419,2022-02-18,Onsite Store,84.59
23895632,59-591-693-148,V-259-1980,Store_2419,2022-02-18,Onsite Store,38.99
23895632,59-591-693-148,Z-055-1994,Store_2419,2022-02-18,Onsite Store,52.99
23895633,59-591-693-148,G-181-2018,Store_2356,2022-09-02,Online Store,82.59
23895633,59-591-693-148,B-064-2004,Store_2356,2022-09-02,Online Store,66.99
23895633,59-591-693-148,H-046-1993,Store_2356,2022-09-02,Online Store,51.59
23895633,59-591-693-148,I-244-2001,Store_2356,2022-09-02,Online Store,69.59
23895633,59-591-693-148,N-085-2003,Store_2356,2022-09-02,Online Store,98.59
23895633,59-591-693-148,F-211-1989,Store_2356,2022-09-02,Online Store,67.59
23895634,59-591-693-148,A-106-1982,Store_2366,2022-08-30,Online Store,77.99
23895634,59-591-693-148,J-037-2011,Store_2366,2022-08-30,Online Store,62.99
23895635,59-591-693-148,Z-166-2003,Store_2439,2022-12-20,Onsite Store,68.59
23895635,59-591-693-148,A-037-1995,Store_2439,2022-12-20,Onsite Store,58.59
23895635,59-591-693-148,H-214-1985,Store_2439,2022-12-20,Onsite Store,44.59
23895635,59-591-693-148,Z-016-1996,Store_2439,2022-12-20,Onsite Store,124.99
23895635,59-591-693-148,H-148-2018,Store_2439,2022-12-20,Onsite Store,77.99
23895635,59-591-693-148,J-013-2011,Store_2439,2022-12-20,Onsite Store,70.99
23895635,59-591-693-148,Q-160-2015,Store_2439,2022-12-20,Onsite Store,47.99
23895635,59-591-693-148,B-040-2014,Store_2439,2022-12-20,Onsite Store,39.59
23895635,59-591-693-148,V-049-2017,Store_2439,2022-12-20,Onsite Store,40.59
23895636,59-591-693-148,J-262-2014,Store_2397,2022-11-15,Online Store,61.59
23895636,59-591-693-148,J-178-1994,Store_2397,2022-11-15,Online Store,60.99
23895636,59-591-693-148,Q-046-2008,Store_2397,2022-11-15,Online Store,109.99
23895636,59-591-693-148,V-154-1984,Store_2397,2022-11-15,Online Store,54.99
23895636,59-591-693-148,G-247-2000,Store_2397,2022-11-15,Online Store,73.99
23895637,48-489-304-248,F-085-2010,Store_2453,2022-10-05,Onsite Store,31.99
23895637,48-489-304-248,B-097-1995,Store_2453,2022-10-05,Onsite Store,131.99
23895637,48-489-304-248,Z-073-1982,Store_2453,2022-10-05,Onsite Store,62.99
23895637,48-489-304-248,A-298-2000,Store_2453,2022-10-05,Onsite Store,88.59
23895637,48-489-304-248,Z-286-1987,Store_2453,2022-10-05,Onsite Store,64.59
23895637,48-489-304-248,F-082-2005,Store_2453,2022-10-05,Onsite Store,43.99
23895637,48-489-304-248,Q-256-2002,Store_2453,2022-10-05,Onsite Store,95.99
23895638,48-489-304-248,G-082-1983,Store_2363,2022-12-29,Online Store,83.99
23895638,48-489-304-248,A-190-2016,Store_2363,2022-12-29,Online Store,74.99
23895638,48-489-304-248,G-247-1982,Store_2363,2022-12-29,Online Store,48.99
23895639,48-489-304-248,I-022-1996,Store_2440,2022-08-18,Onsite Store,61.59
23895639,48-489-304-248,J-154-2006,Store_2440,2022-08-18,Onsite Store,62.59
23895639,48-489-304-248,I-148-1982,Store_2440,2022-08-18,Onsite Store,23.59
23895640,48-489-304-248,W-166-1986,Store_2456,2022-02-18,Onsite Store,74.59
23895640,48-489-304-248,Z-031-2010,Store_2456,2022-02-18,Onsite Store,75.59
23895640,48-489-304-248,N-052-1986,Store_2456,2022-02-18,Onsite Store,33.59
23895640,48-489-304-248,B-145-1986,Store_2456,2022-02-18,Onsite Store,80.99
23895640,48-489-304-248,Q-184-2006,Store_2456,2022-02-18,Onsite Store,116.59
23895640,48-489-304-248,G-262-2010,Store_2456,2022-02-18,Onsite Store,45.59
23895640,48-489-304-248,N-157-1999,Store_2456,2022-02-18,Onsite Store,64.99
23895640,48-489-304-248,C-217-1985,Store_2456,2022-02-18,Onsite Store,71.59
23895640,48-489-304-248,V-139-2013,Store_2456,2022-02-18,Onsite Store,89.59
23895640,48-489-304-248,A-148-2017,Store_2456,2022-02-18,Onsite Store,76.59
23895640,48-489-304-248,A-208-1998,Store_2456,2022-02-18,Onsite Store,91.99
23895641,48-489-304-248,W-034-1991,Store_2388,2022-12-28,Online Store,46.99
23895641,48-489-304-248,W-283-1984,Store_2388,2022-12-28,Online Store,69.59
23895641,48-489-304-248,W-058-1983,Store_2388,2022-12-28,Online Store,89.99
23895641,48-489-304-248,W-061-2009,Store_2388,2022-12-28,Online Store,67.99
23895641,48-489-304-248,F-091-1990,Store_2388,2022-12-28,Online Store,83.99
23895642,48-489-304-248,C-262-1992,Store_2399,2022-08-17,Onsite Store,69.99
23895642,48-489-304-248,V-091-1998,Store_2399,2022-08-17,Onsite Store,82.59
23895642,48-489-304-248,B-157-1985,Store_2399,2022-08-17,Onsite Store,72.59
23895642,48-489-304-248,I-187-1986,Store_2399,2022-08-17,Onsite Store,155.99
23895642,48-489-304-248,Z-166-2006,Store_2399,2022-08-17,Onsite Store,92.59
23895643,48-489-304-248,W-121-1994,Store_2397,2022-12-18,Online Store,62.99
23895643,48-489-304-248,B-034-2017,Store_2397,2022-12-18,Online Store,51.59
23895643,48-489-304-248,Z-247-2014,Store_2397,2022-12-18,Online Store,42.99
23895643,48-489-304-248,N-178-1984,Store_2397,2022-12-18,Online Store,77.99
23895643,48-489-304-248,A-085-2010,Store_2397,2022-12-18,Online Store,99.99
23895643,48-489-304-248,F-160-2018,Store_2397,2022-12-18,Online Store,106.99
23895644,48-489-304-248,V-190-1988,Store_2372,2022-06-28,Online Store,50.59
23895644,48-489-304-248,V-166-2006,Store_2372,2022-06-28,Online Store,23.99
23895644,48-489-304-248,H-229-1990,Store_2372,2022-06-28,Online Store,63.99
23895644,48-489-304-248,G-043-1980,Store_2372,2022-06-28,Online Store,41.99
23895644,48-489-304-248,C-175-1999,Store_2372,2022-06-28,Online Store,69.59
23895644,48-489-304-248,W-010-1992,Store_2372,2022-06-28,Online Store,57.99
23895645,48-489-304-248,Q-061-1988,Store_2374,2022-08-06,Online Store,14.59
23895645,48-489-304-248,I-094-1985,Store_2374,2022-08-06,Online Store,95.99
23895645,48-489-304-248,C-181-2018,Store_2374,2022-08-06,Online Store,121.59
23895645,48-489-304-248,H-232-1983,Store_2374,2022-08-06,Online Store,56.59
23895645,48-489-304-248,Q-169-1993,Store_2374,2022-08-06,Online Store,36.99
23895646,24-245-506-925,J-145-1980,Store_2464,2022-01-19,Onsite Store,131.99
23895646,24-245-506-925,G-013-2006,Store_2464,2022-01-19,Onsite Store,39.99
23895646,24-245-506-925,Q-088-1983,Store_2464,2022-01-19,Onsite Store,58.99
23895646,24-245-506-925,C-154-1984,Store_2464,2022-01-19,Onsite Store,24.59
23895646,24-245-506-925,A-043-2018,Store_2464,2022-01-19,Onsite Store,46.59
23895646,24-245-506-925,J-022-2004,Store_2464,2022-01-19,Onsite Store,87.59
23895646,24-245-506-925,C-103-1986,Store_2464,2022-01-19,Onsite Store,45.59
23895646,24-245-506-925,Q-052-1995,Store_2464,2022-01-19,Onsite Store,36.59
23895646,24-245-506-925,J-103-2008,Store_2464,2022-01-19,Onsite Store,74.99
23895646,24-245-506-925,G-040-1986,Store_2464,2022-01-19,Onsite Store,72.99
23895647,24-245-506-925,W-175-1997,Store_2364,2022-04-12,Online Store,41.59
23895647,24-245-506-925,G-127-2010,Store_2364,2022-04-12,Online Store,47.99
23895647,24-245-506-925,F-145-2002,Store_2364,2022-04-12,Online Store,49.59
23895647,24-245-506-925,N-208-2005,Store_2364,2022-04-12,Online Store,59.59
23895648,24-245-506-925,H-190-2011,Store_2427,2022-10-29,Onsite Store,36.99
23895648,24-245-506-925,Z-202-1994,Store_2427,2022-10-29,Onsite Store,11.59
23895648,24-245-506-925,A-031-2010,Store_2427,2022-10-29,Onsite Store,71.99
23895648,24-245-506-925,F-292-1991,Store_2427,2022-10-29,Onsite Store,63.99
23895648,24-245-506-925,I-028-1998,Store_2427,2022-10-29,Onsite Store,47.99
23895648,24-245-506-925,I-019-1987,Store_2427,2022-10-29,Onsite Store,67.99
23895649,24-245-506-925,F-115-2010,Store_2420,2022-06-26,Onsite Store,69.59
23895649,24-245-506-925,H-013-2006,Store_2420,2022-06-26,Onsite Store,60.59
23895649,24-245-506-925,A-139-1985,Store_2420,2022-06-26,Onsite Store,113.99
23895649,24-245-506-925,Q-058-1985,Store_2420,2022-06-26,Onsite Store,138.99
23895650,24-245-506-925,B-028-1984,Store_2348,2022-12-28,Online Store,81.99
23895650,24-245-506-925,A-256-1991,Store_2348,2022-12-28,Online Store,99.59
23895651,24-245-506-925,Q-049-1981,Store_2413,2022-08-25,Onsite Store,67.99
23895651,24-245-506-925,I-169-1993,Store_2413,2022-08-25,Onsite Store,25.59
23895651,24-245-506-925,H-025-1990,Store_2413,2022-08-25,Onsite Store,83.99
23895651,24-245-506-925,F-220-2012,Store_2413,2022-08-25,Onsite Store,47.99
23895651,24-245-506-925,A-241-1986,Store_2413,2022-08-25,Onsite Store,83.99
23895651,24-245-506-925,N-286-2012,Store_2413,2022-08-25,Onsite Store,48.99
23895651,24-245-506-925,G-124-1989,Store_2413,2022-08-25,Onsite Store,59.59
23895651,24-245-506-925,I-133-2000,Store_2413,2022-08-25,Onsite Store,72.99
23895651,24-245-506-925,F-151-2013,Store_2413,2022-08-25,Onsite Store,31.59
23895651,24-245-506-925,N-244-2006,Store_2413,2022-08-25,Onsite Store,13.59
23895652,24-245-506-925,V-052-1984,Store_2444,2022-02-01,Onsite Store,121.99
23895652,24-245-506-925,J-187-1990,Store_2444,2022-02-01,Onsite Store,55.59
23895652,24-245-506-925,B-139-1986,Store_2444,2022-02-01,Onsite Store,63.59
23895652,24-245-506-925,C-220-2014,Store_2444,2022-02-01,Onsite Store,77.59
23895652,24-245-506-925,B-172-2017,Store_2444,2022-02-01,Onsite Store,42.59
23895652,24-245-506-925,V-001-2005,Store_2444,2022-02-01,Onsite Store,91.59
23895652,24-245-506-925,C-163-2003,Store_2444,2022-02-01,Onsite Store,63.59
23895652,24-245-506-925,F-244-2017,Store_2444,2022-02-01,Onsite Store,58.59
23895652,24-245-506-925,Q-265-1996,Store_2444,2022-02-01,Onsite Store,48.99
23895652,24-245-506-925,B-262-2000,Store_2444,2022-02-01,Onsite Store,80.59
23895652,24-245-506-925,B-181-1991,Store_2444,2022-02-01,Onsite Store,40.59
23895653,24-245-506-925,B-121-2008,Store_2373,2022-02-09,Online Store,66.59
23895653,24-245-506-925,I-190-2013,Store_2373,2022-02-09,Online Store,34.59
23895653,24-245-506-925,B-205-1998,Store_2373,2022-02-09,Online Store,42.59
23895653,24-245-506-925,N-175-1982,Store_2373,2022-02-09,Online Store,80.59
23895654,24-245-506-925,W-073-1988,Store_2452,2022-03-30,Onsite Store,24.99
23895654,24-245-506-925,A-004-2015,Store_2452,2022-03-30,Onsite Store,96.59
23895654,24-245-506-925,J-247-2004,Store_2452,2022-03-30,Onsite Store,44.99
23895654,24-245-506-925,H-181-2009,Store_2452,2022-03-30,Onsite Store,83.99
23895654,24-245-506-925,C-046-2014,Store_2452,2022-03-30,Onsite Store,78.99
23895654,24-245-506-925,B-019-2002,Store_2452,2022-03-30,Onsite Store,31.59
23895654,24-245-506-925,W-217-2004,Store_2452,2022-03-30,Onsite Store,81.99
23895654,24-245-506-925,Q-160-2012,Store_2452,2022-03-30,Onsite Store,39.59
23895654,24-245-506-925,N-163-2011,Store_2452,2022-03-30,Onsite Store,68.59
23895654,24-245-506-925,A-274-2005,Store_2452,2022-03-30,Onsite Store,99.99
23895654,24-245-506-925,B-217-1980,Store_2452,2022-03-30,Onsite Store,40.59
23895655,34-342-222-811,F-118-1998,Store_2396,2022-06-02,Online Store,33.99
23895655,34-342-222-811,G-082-1990,Store_2396,2022-06-02,Online Store,8.99
23895655,34-342-222-811,B-052-1990,Store_2396,2022-06-02,Online Store,61.99
23895655,34-342-222-811,A-271-1991,Store_2396,2022-06-02,Online Store,77.99
23895655,34-342-222-811,Z-121-1986,Store_2396,2022-06-02,Online Store,30.59
23895655,34-342-222-811,W-082-1982,Store_2396,2022-06-02,Online Store,92.99
23895655,34-342-222-811,Q-271-2000,Store_2396,2022-06-02,Online Store,74.99
23895656,34-342-222-811,F-175-2015,Store_2477,2022-03-08,Onsite Store,44.99
23895656,34-342-222-811,C-289-1995,Store_2477,2022-03-08,Onsite Store,92.99
23895656,34-342-222-811,A-223-2015,Store_2477,2022-03-08,Onsite Store,79.99
23895656,34-342-222-811,I-028-2008,Store_2477,2022-03-08,Onsite Store,53.99
23895656,34-342-222-811,J-106-2005,Store_2477,2022-03-08,Onsite Store,66.99
23895656,34-342-222-811,A-010-2009,Store_2477,2022-03-08,Onsite Store,84.59
23895656,34-342-222-811,H-169-1990,Store_2477,2022-03-08,Onsite Store,54.59
23895657,34-342-222-811,I-118-2003,Store_2432,2022-04-14,Onsite Store,37.59
23895657,34-342-222-811,B-106-2007,Store_2432,2022-04-14,Onsite Store,71.59
23895657,34-342-222-811,V-136-1995,Store_2432,2022-04-14,Onsite Store,95.59
23895657,34-342-222-811,C-292-2000,Store_2432,2022-04-14,Onsite Store,45.99
23895657,34-342-222-811,G-175-2000,Store_2432,2022-04-14,Onsite Store,85.99
23895658,34-342-222-811,C-220-2000,Store_2457,2022-06-12,Onsite Store,83.99
23895658,34-342-222-811,N-025-1994,Store_2457,2022-06-12,Onsite Store,59.59
23895658,34-342-222-811,H-112-2008,Store_2457,2022-06-12,Onsite Store,119.59
23895658,34-342-222-811,A-292-2011,Store_2457,2022-06-12,Onsite Store,18.99
23895659,34-342-222-811,B-196-2001,Store_2420,2022-05-16,Onsite Store,70.59
23895659,34-342-222-811,H-166-2008,Store_2420,2022-05-16,Onsite Store,123.59
23895659,34-342-222-811,J-100-1984,Store_2420,2022-05-16,Onsite Store,56.99
23895659,34-342-222-811,F-223-1996,Store_2420,2022-05-16,Onsite Store,63.59
23895659,34-342-222-811,A-133-2017,Store_2420,2022-05-16,Onsite Store,72.59
23895659,34-342-222-811,B-112-2007,Store_2420,2022-05-16,Onsite Store,70.99
23895659,34-342-222-811,G-163-2016,Store_2420,2022-05-16,Onsite Store,43.59
23895659,34-342-222-811,G-193-1981,Store_2420,2022-05-16,Onsite Store,79.59
23895660,34-342-222-811,A-241-1991,Store_2440,2022-05-13,Onsite Store,73.99
23895661,34-342-222-811,Q-103-1980,Store_2412,2022-06-24,Onsite Store,95.59
23895661,34-342-222-811,Z-244-1991,Store_2412,2022-06-24,Onsite Store,49.99
23895661,34-342-222-811,J-034-1982,Store_2412,2022-06-24,Onsite Store,81.59
23895661,34-342-222-811,J-148-2012,Store_2412,2022-06-24,Onsite Store,28.99
23895661,34-342-222-811,I-253-1999,Store_2412,2022-06-24,Onsite Store,25.99
23895661,34-342-222-811,G-271-2016,Store_2412,2022-06-24,Onsite Store,65.99
23895661,34-342-222-811,J-073-2001,Store_2412,2022-06-24,Onsite Store,63.59
23895662,34-342-222-811,C-256-1999,Store_2381,2022-01-17,Online Store,85.99
23895662,34-342-222-811,F-067-1989,Store_2381,2022-01-17,Online Store,36.99
23895662,34-342-222-811,A-193-2014,Store_2381,2022-01-17,Online Store,18.59
23895662,34-342-222-811,J-076-2004,Store_2381,2022-01-17,Online Store,77.99
23895662,34-342-222-811,A-052-1982,Store_2381,2022-01-17,Online Store,65.99
23895662,34-342-222-811,I-238-2002,Store_2381,2022-01-17,Online Store,51.99
23895662,34-342-222-811,Q-199-1994,Store_2381,2022-01-17,Online Store,64.99
23895662,34-342-222-811,I-235-2009,Store_2381,2022-01-17,Online Store,103.59
23895662,34-342-222-811,N-169-1996,Store_2381,2022-01-17,Online Store,63.59
23895663,34-342-222-811,G-049-1988,Store_2356,2022-03-01,Online Store,91.59
23895664,20-208-442-545,F-283-1986,Store_2471,2022-01-13,Onsite Store,89.99
23895664,20-208-442-545,C-223-1983,Store_2471,2022-01-13,Onsite Store,65.59
23895664,20-208-442-545,A-214-2015,Store_2471,2022-01-13,Onsite Store,56.59
23895664,20-208-442-545,G-070-1998,Store_2471,2022-01-13,Onsite Store,92.59
23895664,20-208-442-545,F-079-2005,Store_2471,2022-01-13,Onsite Store,79.59
23895664,20-208-442-545,A-202-2016,Store_2471,2022-01-13,Onsite Store,76.99
23895664,20-208-442-545,J-217-1982,Store_2471,2022-01-13,Onsite Store,35.59
23895664,20-208-442-545,G-208-1983,Store_2471,2022-01-13,Onsite Store,46.99
23895664,20-208-442-545,C-139-1994,Store_2471,2022-01-13,Onsite Store,54.59
23895664,20-208-442-545,J-283-1989,Store_2471,2022-01-13,Onsite Store,56.99
23895664,20-208-442-545,V-154-1994,Store_2471,2022-01-13,Onsite Store,51.99
23895665,20-208-442-545,B-202-1990,Store_2379,2022-10-22,Online Store,54.59
23895665,20-208-442-545,B-196-1981,Store_2379,2022-10-22,Online Store,39.59
23895665,20-208-442-545,Z-214-1986,Store_2379,2022-10-22,Online Store,83.59
23895665,20-208-442-545,H-103-1994,Store_2379,2022-10-22,Online Store,65.59
23895665,20-208-442-545,Z-013-1991,Store_2379,2022-10-22,Online Store,38.59
23895665,20-208-442-545,G-043-2001,Store_2379,2022-10-22,Online Store,15.99
23895665,20-208-442-545,N-289-2003,Store_2379,2022-10-22,Online Store,46.99
23895666,20-208-442-545,F-016-2010,Store_2429,2022-05-25,Onsite Store,21.59
23895666,20-208-442-545,Q-292-1997,Store_2429,2022-05-25,Onsite Store,24.99
23895666,20-208-442-545,N-070-2018,Store_2429,2022-05-25,Onsite Store,56.59
23895666,20-208-442-545,I-148-2009,Store_2429,2022-05-25,Onsite Store,92.59
23895666,20-208-442-545,J-082-2007,Store_2429,2022-05-25,Onsite Store,75.59
23895666,20-208-442-545,Q-070-1990,Store_2429,2022-05-25,Onsite Store,21.99
23895666,20-208-442-545,C-052-2011,Store_2429,2022-05-25,Onsite Store,68.59
23895667,20-208-442-545,Q-298-2008,Store_2364,2022-07-13,Online Store,52.99
23895668,20-208-442-545,Z-142-1991,Store_2397,2022-11-09,Online Store,77.59
23895668,20-208-442-545,W-238-1991,Store_2397,2022-11-09,Online Store,148.59
23895668,20-208-442-545,I-199-1983,Store_2397,2022-11-09,Online Store,80.59
23895668,20-208-442-545,C-193-2014,Store_2397,2022-11-09,Online Store,44.99
23895668,20-208-442-545,I-235-1996,Store_2397,2022-11-09,Online Store,78.99
23895668,20-208-442-545,V-214-2007,Store_2397,2022-11-09,Online Store,55.59
23895668,20-208-442-545,I-205-1994,Store_2397,2022-11-09,Online Store,17.59
23895668,20-208-442-545,C-043-1987,Store_2397,2022-11-09,Online Store,48.99
23895669,20-208-442-545,Q-259-1999,Store_2394,2022-08-17,Online Store,39.59
23895669,20-208-442-545,G-064-1983,Store_2394,2022-08-17,Online Store,59.59
23895669,20-208-442-545,H-271-1986,Store_2394,2022-08-17,Online Store,63.99
23895670,20-208-442-545,Q-295-1989,Store_2351,2022-12-26,Online Store,59.99
23895670,20-208-442-545,H-070-1980,Store_2351,2022-12-26,Online Store,87.99
23895670,20-208-442-545,C-079-1992,Store_2351,2022-12-26,Online Store,133.59
23895671,20-208-442-545,W-004-2002,Store_2361,2022-11-11,Online Store,75.59
23895671,20-208-442-545,Z-019-2002,Store_2361,2022-11-11,Online Store,100.59
23895671,20-208-442-545,W-193-2010,Store_2361,2022-11-11,Online Store,58.99
23895671,20-208-442-545,G-067-1984,Store_2361,2022-11-11,Online Store,72.59
23895671,20-208-442-545,N-067-2008,Store_2361,2022-11-11,Online Store,75.59
23895671,20-208-442-545,V-052-1997,Store_2361,2022-11-11,Online Store,66.99
23895671,20-208-442-545,G-295-1997,Store_2361,2022-11-11,Online Store,55.59
23895672,20-208-442-545,N-112-1992,Store_2350,2022-03-04,Online Store,70.59
23895672,20-208-442-545,W-277-2016,Store_2350,2022-03-04,Online Store,51.59
23895672,20-208-442-545,G-037-1991,Store_2350,2022-03-04,Online Store,109.59
23895672,20-208-442-545,N-250-1998,Store_2350,2022-03-04,Online Store,59.59
23895672,20-208-442-545,Z-163-1988,Store_2350,2022-03-04,Online Store,79.59
23895672,20-208-442-545,F-256-1995,Store_2350,2022-03-04,Online Store,81.59
23895672,20-208-442-545,C-097-1998,Store_2350,2022-03-04,Online Store,36.99
23895673,13-137-859-810,V-241-1995,Store_2406,2022-08-11,Onsite Store,88.99
23895673,13-137-859-810,N-175-1981,Store_2406,2022-08-11,Onsite Store,64.59
23895673,13-137-859-810,Z-211-1990,Store_2406,2022-08-11,Onsite Store,43.99
23895673,13-137-859-810,C-232-2005,Store_2406,2022-08-11,Onsite Store,33.59
23895673,13-137-859-810,J-190-2004,Store_2406,2022-08-11,Onsite Store,33.59
23895674,13-137-859-810,W-004-1992,Store_2454,2022-02-17,Onsite Store,97.59
23895674,13-137-859-810,A-154-1981,Store_2454,2022-02-17,Onsite Store,93.99
23895674,13-137-859-810,N-043-2016,Store_2454,2022-02-17,Onsite Store,26.99
23895674,13-137-859-810,I-211-1992,Store_2454,2022-02-17,Onsite Store,74.99
23895674,13-137-859-810,I-109-1989,Store_2454,2022-02-17,Onsite Store,94.59
23895674,13-137-859-810,C-187-1990,Store_2454,2022-02-17,Onsite Store,67.99
23895674,13-137-859-810,G-235-2009,Store_2454,2022-02-17,Onsite Store,59.59
23895675,13-137-859-810,F-298-1983,Store_2453,2022-08-31,Onsite Store,82.99
23895675,13-137-859-810,V-001-1994,Store_2453,2022-08-31,Onsite Store,41.99
23895675,13-137-859-810,V-109-1980,Store_2453,2022-08-31,Onsite Store,52.99
23895676,13-137-859-810,Q-196-2001,Store_2419,2022-12-27,Onsite Store,59.99
23895676,13-137-859-810,G-040-1987,Store_2419,2022-12-27,Onsite Store,122.59
23895676,13-137-859-810,W-196-1990,Store_2419,2022-12-27,Onsite Store,17.59
23895676,13-137-859-810,Q-061-2018,Store_2419,2022-12-27,Onsite Store,104.99
23895676,13-137-859-810,C-142-2002,Store_2419,2022-12-27,Onsite Store,40.99
23895676,13-137-859-810,I-184-1981,Store_2419,2022-12-27,Onsite Store,88.99
23895677,13-137-859-810,J-172-1984,Store_2402,2022-09-11,Onsite Store,106.99
23895677,13-137-859-810,I-289-1993,Store_2402,2022-09-11,Onsite Store,58.59
23895677,13-137-859-810,H-001-1992,Store_2402,2022-09-11,Onsite Store,65.59
23895677,13-137-859-810,V-202-1984,Store_2402,2022-09-11,Onsite Store,44.99
23895677,13-137-859-810,F-163-1987,Store_2402,2022-09-11,Onsite Store,61.99
23895677,13-137-859-810,C-148-2006,Store_2402,2022-09-11,Onsite Store,77.99
23895677,13-137-859-810,J-271-1981,Store_2402,2022-09-11,Onsite Store,91.99
23895677,13-137-859-810,I-076-2014,Store_2402,2022-09-11,Onsite Store,32.59
23895677,13-137-859-810,G-133-2005,Store_2402,2022-09-11,Onsite Store,54.99
23895677,13-137-859-810,A-133-2001,Store_2402,2022-09-11,Onsite Store,74.59
23895677,13-137-859-810,N-121-1991,Store_2402,2022-09-11,Onsite Store,68.99
23895677,13-137-859-810,J-268-2011,Store_2402,2022-09-11,Onsite Store,77.99
23895678,13-137-859-810,A-157-2004,Store_2433,2022-05-18,Onsite Store,81.59
23895678,13-137-859-810,W-211-1987,Store_2433,2022-05-18,Onsite Store,20.99
23895678,13-137-859-810,Q-013-1981,Store_2433,2022-05-18,Onsite Store,35.59
23895678,13-137-859-810,G-163-2003,Store_2433,2022-05-18,Onsite Store,57.59
23895679,13-137-859-810,J-112-2018,Store_2366,2022-11-19,Online Store,67.99
23895679,13-137-859-810,Q-289-1988,Store_2366,2022-11-19,Online Store,40.99
23895679,13-137-859-810,V-013-1980,Store_2366,2022-11-19,Online Store,72.59
23895679,13-137-859-810,F-202-2014,Store_2366,2022-11-19,Online Store,44.59
23895679,13-137-859-810,J-157-2007,Store_2366,2022-11-19,Online Store,116.59
23895679,13-137-859-810,C-232-1991,Store_2366,2022-11-19,Online Store,52.59
23895679,13-137-859-810,H-061-2017,Store_2366,2022-11-19,Online Store,63.59
23895679,13-137-859-810,Q-244-1989,Store_2366,2022-11-19,Online Store,122.99
23895679,13-137-859-810,C-034-1983,Store_2366,2022-11-19,Online Store,39.59
23895680,13-137-859-810,F-145-1996,Store_2359,2022-03-10,Online Store,83.59
23895680,13-137-859-810,J-100-2018,Store_2359,2022-03-10,Online Store,6.99
23895680,13-137-859-810,Z-136-2009,Store_2359,2022-03-10,Online Store,67.59
23895680,13-137-859-810,Q-253-2018,Store_2359,2022-03-10,Online Store,53.59
23895680,13-137-859-810,Q-004-2007,Store_2359,2022-03-10,Online Store,48.59
23895680,13-137-859-810,C-178-2004,Store_2359,2022-03-10,Online Store,48.99
23895680,13-137-859-810,I-187-1991,Store_2359,2022-03-10,Online Store,83.59
23895680,13-137-859-810,A-274-2003,Store_2359,2022-03-10,Online Store,66.99
23895680,13-137-859-810,G-172-2009,Store_2359,2022-03-10,Online Store,56.59
23895680,13-137-859-810,I-064-2004,Store_2359,2022-03-10,Online Store,35.59
23895680,13-137-859-810,B-211-2001,Store_2359,2022-03-10,Online Store,79.99
23895680,13-137-859-810,I-037-1989,Store_2359,2022-03-10,Online Store,128.99
23895681,13-137-859-810,J-256-1983,Store_2450,2022-12-18,Onsite Store,77.99
23895681,13-137-859-810,G-259-2001,Store_2450,2022-12-18,Onsite Store,62.99
23895681,13-137-859-810,A-196-2013,Store_2450,2022-12-18,Onsite Store,59.99
23895681,13-137-859-810,H-022-2002,Store_2450,2022-12-18,Onsite Store,74.99
23895681,13-137-859-810,J-031-2008,Store_2450,2022-12-18,Onsite Store,90.59
23895681,13-137-859-810,G-295-1987,Store_2450,2022-12-18,Onsite Store,99.59
23895682,45-459-998-134,W-241-2008,Store_2476,2022-11-14,Onsite Store,67.99
23895682,45-459-998-134,G-094-1998,Store_2476,2022-11-14,Onsite Store,34.99
23895682,45-459-998-134,V-094-1984,Store_2476,2022-11-14,Onsite Store,37.59
23895682,45-459-998-134,V-262-2006,Store_2476,2022-11-14,Onsite Store,106.59
23895682,45-459-998-134,Q-274-2007,Store_2476,2022-11-14,Onsite Store,70.59
23895682,45-459-998-134,V-196-2015,Store_2476,2022-11-14,Onsite Store,64.59
23895682,45-459-998-134,N-067-1988,Store_2476,2022-11-14,Onsite Store,58.59
23895682,45-459-998-134,N-217-1998,Store_2476,2022-11-14,Onsite Store,12.99
23895683,45-459-998-134,J-211-2010,Store_2401,2022-08-25,Onsite Store,99.99
23895683,45-459-998-134,I-274-2013,Store_2401,2022-08-25,Onsite Store,28.59
23895683,45-459-998-134,N-262-2017,Store_2401,2022-08-25,Onsite Store,41.59
23895683,45-459-998-134,N-118-2006,Store_2401,2022-08-25,Onsite Store,162.99
23895684,45-459-998-134,A-076-1980,Store_2356,2022-11-06,Online Store,56.99
23895684,45-459-998-134,W-214-1985,Store_2356,2022-11-06,Online Store,88.59
23895684,45-459-998-134,Z-100-2005,Store_2356,2022-11-06,Online Store,9.99
23895684,45-459-998-134,B-034-2016,Store_2356,2022-11-06,Online Store,61.99
23895684,45-459-998-134,I-160-1980,Store_2356,2022-11-06,Online Store,58.59
23895684,45-459-998-134,A-196-2003,Store_2356,2022-11-06,Online Store,47.59
23895684,45-459-998-134,N-166-1994,Store_2356,2022-11-06,Online Store,54.59
23895685,45-459-998-134,C-202-1987,Store_2428,2022-12-09,Onsite Store,77.99
23895685,45-459-998-134,Z-160-1996,Store_2428,2022-12-09,Onsite Store,71.59
23895685,45-459-998-134,J-157-1992,Store_2428,2022-12-09,Onsite Store,71.99
23895685,45-459-998-134,C-109-1997,Store_2428,2022-12-09,Onsite Store,44.59
23895685,45-459-998-134,A-097-2000,Store_2428,2022-12-09,Onsite Store,73.99
23895685,45-459-998-134,G-136-1985,Store_2428,2022-12-09,Onsite Store,103.99
23895685,45-459-998-134,B-109-1999,Store_2428,2022-12-09,Onsite Store,67.59
23895685,45-459-998-134,Q-274-2007,Store_2428,2022-12-09,Onsite Store,70.59
23895685,45-459-998-134,G-298-1999,Store_2428,2022-12-09,Onsite Store,60.59
23895685,45-459-998-134,A-055-1990,Store_2428,2022-12-09,Onsite Store,69.99
23895686,45-459-998-134,C-028-2017,Store_2352,2022-07-21,Online Store,69.59
23895686,45-459-998-134,I-295-1987,Store_2352,2022-07-21,Online Store,53.59
23895686,45-459-998-134,I-187-2016,Store_2352,2022-07-21,Online Store,69.99
23895686,45-459-998-134,Q-130-2015,Store_2352,2022-07-21,Online Store,78.99
23895686,45-459-998-134,V-166-1995,Store_2352,2022-07-21,Online Store,80.59
23895687,45-459-998-134,F-238-2006,Store_2436,2022-03-07,Onsite Store,58.99
23895687,45-459-998-134,N-154-2007,Store_2436,2022-03-07,Onsite Store,69.59
23895687,45-459-998-134,A-223-1998,Store_2436,2022-03-07,Onsite Store,68.99
23895687,45-459-998-134,N-250-1985,Store_2436,2022-03-07,Onsite Store,102.59
23895687,45-459-998-134,B-115-1992,Store_2436,2022-03-07,Onsite Store,51.59
23895687,45-459-998-134,I-049-2006,Store_2436,2022-03-07,Onsite Store,41.59
23895687,45-459-998-134,Q-052-1989,Store_2436,2022-03-07,Onsite Store,34.59
23895687,45-459-998-134,V-058-2001,Store_2436,2022-03-07,Onsite Store,68.59
23895687,45-459-998-134,F-247-1999,Store_2436,2022-03-07,Onsite Store,74.59
23895687,45-459-998-134,H-064-2013,Store_2436,2022-03-07,Onsite Store,64.59
23895688,45-459-998-134,Q-187-2001,Store_2389,2022-07-24,Online Store,79.99
23895688,45-459-998-134,Q-157-2017,Store_2389,2022-07-24,Online Store,80.99
23895688,45-459-998-134,N-289-2014,Store_2389,2022-07-24,Online Store,96.59
23895688,45-459-998-134,V-181-1990,Store_2389,2022-07-24,Online Store,77.99
23895688,45-459-998-134,Q-205-1981,Store_2389,2022-07-24,Online Store,58.59
23895688,45-459-998-134,N-136-2018,Store_2389,2022-07-24,Online Store,83.59
23895688,45-459-998-134,N-040-1996,Store_2389,2022-07-24,Online Store,83.59
23895689,45-459-998-134,A-115-2011,Store_2381,2022-01-19,Online Store,83.99
23895689,45-459-998-134,H-127-2005,Store_2381,2022-01-19,Online Store,61.99
23895689,45-459-998-134,Z-055-2010,Store_2381,2022-01-19,Online Store,47.99
23895689,45-459-998-134,W-280-2003,Store_2381,2022-01-19,Online Store,55.59
23895690,45-459-998-134,V-163-2009,Store_2402,2022-01-06,Onsite Store,60.99
23895690,45-459-998-134,F-112-2001,Store_2402,2022-01-06,Onsite Store,70.99
23895690,45-459-998-134,F-100-1982,Store_2402,2022-01-06,Onsite Store,80.59
23895690,45-459-998-134,F-148-2008,Store_2402,2022-01-06,Onsite Store,64.99
23895690,45-459-998-134,A-076-1991,Store_2402,2022-01-06,Onsite Store,33.59
23895690,45-459-998-134,I-064-2001,Store_2402,2022-01-06,Onsite Store,9.99
23895690,45-459-998-134,N-280-2003,Store_2402,2022-01-06,Onsite Store,38.59
23895691,65-650-360-874,G-229-1989,Store_2458,2022-07-06,Onsite Store,33.59
23895691,65-650-360-874,N-079-1986,Store_2458,2022-07-06,Onsite Store,71.59
23895691,65-650-360-874,N-103-1998,Store_2458,2022-07-06,Onsite Store,58.99
23895691,65-650-360-874,J-139-2001,Store_2458,2022-07-06,Onsite Store,37.99
23895691,65-650-360-874,G-214-1988,Store_2458,2022-07-06,Onsite Store,27.99
23895692,65-650-360-874,V-265-1991,Store_2439,2022-03-06,Onsite Store,67.59
23895692,65-650-360-874,G-280-1989,Store_2439,2022-03-06,Onsite Store,58.59
23895693,65-650-360-874,F-073-2012,Store_2364,2022-11-18,Online Store,53.99
23895693,65-650-360-874,G-166-1998,Store_2364,2022-11-18,Online Store,114.59
23895694,65-650-360-874,A-019-2010,Store_2424,2022-01-05,Onsite Store,27.99
23895694,65-650-360-874,A-094-2007,Store_2424,2022-01-05,Onsite Store,58.59
23895694,65-650-360-874,V-034-1984,Store_2424,2022-01-05,Onsite Store,67.99
23895694,65-650-360-874,A-112-1994,Store_2424,2022-01-05,Onsite Store,37.99
23895694,65-650-360-874,A-085-2005,Store_2424,2022-01-05,Onsite Store,66.99
23895694,65-650-360-874,B-295-1984,Store_2424,2022-01-05,Onsite Store,69.59
23895694,65-650-360-874,A-121-1993,Store_2424,2022-01-05,Onsite Store,84.99
23895694,65-650-360-874,N-016-2000,Store_2424,2022-01-05,Onsite Store,87.59
23895695,65-650-360-874,A-130-1981,Store_2356,2022-03-21,Online Store,35.59
23895695,65-650-360-874,J-220-2009,Store_2356,2022-03-21,Online Store,94.99
23895695,65-650-360-874,I-121-1996,Store_2356,2022-03-21,Online Store,78.99
23895695,65-650-360-874,F-157-1998,Store_2356,2022-03-21,Online Store,58.59
23895695,65-650-360-874,F-286-1981,Store_2356,2022-03-21,Online Store,67.99
23895696,65-650-360-874,V-235-1986,Store_2353,2022-04-07,Online Store,74.59
23895696,65-650-360-874,N-109-2017,Store_2353,2022-04-07,Online Store,69.99
23895696,65-650-360-874,B-175-1988,Store_2353,2022-04-07,Online Store,18.59
23895696,65-650-360-874,F-226-1981,Store_2353,2022-04-07,Online Store,96.59
23895697,65-650-360-874,F-004-1989,Store_2453,2022-03-16,Onsite Store,28.99
23895697,65-650-360-874,J-079-2017,Store_2453,2022-03-16,Onsite Store,74.59
23895697,65-650-360-874,C-130-2007,Store_2453,2022-03-16,Onsite Store,42.59
23895697,65-650-360-874,I-055-1997,Store_2453,2022-03-16,Onsite Store,15.59
23895697,65-650-360-874,N-151-2010,Store_2453,2022-03-16,Onsite Store,46.99
23895698,65-650-360-874,F-109-1994,Store_2352,2022-03-01,Online Store,72.59
23895698,65-650-360-874,Q-133-1986,Store_2352,2022-03-01,Online Store,112.99
23895698,65-650-360-874,Q-181-2006,Store_2352,2022-03-01,Online Store,75.59
23895699,65-650-360-874,G-118-2007,Store_2380,2022-04-16,Online Store,74.59
23895699,65-650-360-874,C-070-2012,Store_2380,2022-04-16,Online Store,68.99
23895699,65-650-360-874,H-220-2015,Store_2380,2022-04-16,Online Store,43.99
23895699,65-650-360-874,A-283-2017,Store_2380,2022-04-16,Online Store,48.99
23895699,65-650-360-874,J-145-2001,Store_2380,2022-04-16,Online Store,52.99
23895699,65-650-360-874,Z-250-1999,Store_2380,2022-04-16,Online Store,110.59
23895699,65-650-360-874,N-274-2009,Store_2380,2022-04-16,Online Store,73.59
23895699,65-650-360-874,F-262-1980,Store_2380,2022-04-16,Online Store,44.99
23895700,25-258-445-502,W-190-1982,Store_2356,2022-06-06,Online Store,47.59
23895700,25-258-445-502,G-004-2008,Store_2356,2022-06-06,Online Store,56.99
23895701,25-258-445-502,C-115-2004,Store_2395,2022-11-07,Online Store,49.99
23895701,25-258-445-502,I-250-2008,Store_2395,2022-11-07,Online Store,77.99
23895701,25-258-445-502,V-277-1996,Store_2395,2022-11-07,Online Store,74.59
23895701,25-258-445-502,J-052-1980,Store_2395,2022-11-07,Online Store,53.99
23895701,25-258-445-502,W-289-2007,Store_2395,2022-11-07,Online Store,87.99
23895701,25-258-445-502,J-070-2008,Store_2395,2022-11-07,Online Store,29.59
23895701,25-258-445-502,F-259-1988,Store_2395,2022-11-07,Online Store,77.99
23895701,25-258-445-502,Z-151-2008,Store_2395,2022-11-07,Online Store,70.59
23895701,25-258-445-502,H-142-1985,Store_2395,2022-11-07,Online Store,100.99
23895701,25-258-445-502,I-175-1990,Store_2395,2022-11-07,Online Store,68.59
23895702,25-258-445-502,G-064-1987,Store_2392,2022-06-19,Online Store,51.99
23895702,25-258-445-502,Q-214-1999,Store_2392,2022-06-19,Online Store,29.99
23895702,25-258-445-502,J-025-1994,Store_2392,2022-06-19,Online Store,43.99
23895703,25-258-445-502,C-217-2017,Store_2400,2022-01-18,Onsite Store,25.59
23895703,25-258-445-502,I-226-1981,Store_2400,2022-01-18,Onsite Store,130.99
23895703,25-258-445-502,J-127-2008,Store_2400,2022-01-18,Onsite Store,79.59
23895703,25-258-445-502,G-163-2006,Store_2400,2022-01-18,Onsite Store,64.99
23895703,25-258-445-502,A-133-2001,Store_2400,2022-01-18,Onsite Store,74.59
23895703,25-258-445-502,Q-181-2009,Store_2400,2022-01-18,Onsite Store,138.59
23895703,25-258-445-502,H-199-2008,Store_2400,2022-01-18,Onsite Store,104.59
23895703,25-258-445-502,W-091-1991,Store_2400,2022-01-18,Onsite Store,87.59
23895703,25-258-445-502,F-049-2016,Store_2400,2022-01-18,Onsite Store,72.59
23895704,25-258-445-502,I-130-1984,Store_2429,2022-04-19,Onsite Store,49.99
23895704,25-258-445-502,W-055-1999,Store_2429,2022-04-19,Onsite Store,64.99
23895704,25-258-445-502,W-055-2009,Store_2429,2022-04-19,Onsite Store,47.59
23895704,25-258-445-502,G-127-1991,Store_2429,2022-04-19,Onsite Store,125.59
23895704,25-258-445-502,H-145-1985,Store_2429,2022-04-19,Onsite Store,34.59
23895704,25-258-445-502,J-166-1995,Store_2429,2022-04-19,Onsite Store,41.59
23895704,25-258-445-502,V-271-2015,Store_2429,2022-04-19,Onsite Store,83.99
23895705,25-258-445-502,J-295-2011,Store_2434,2022-09-29,Onsite Store,73.99
23895705,25-258-445-502,N-115-2012,Store_2434,2022-09-29,Onsite Store,121.99
23895705,25-258-445-502,V-172-1997,Store_2434,2022-09-29,Onsite Store,61.99
23895706,25-258-445-502,F-235-1990,Store_2423,2022-05-24,Onsite Store,101.59
23895706,25-258-445-502,Q-265-1994,Store_2423,2022-05-24,Onsite Store,99.59
23895706,25-258-445-502,B-073-2010,Store_2423,2022-05-24,Onsite Store,86.99
23895706,25-258-445-502,B-121-2007,Store_2423,2022-05-24,Onsite Store,141.59
23895706,25-258-445-502,B-199-1980,Store_2423,2022-05-24,Onsite Store,55.59
23895706,25-258-445-502,W-139-1992,Store_2423,2022-05-24,Onsite Store,38.99
23895706,25-258-445-502,I-166-1994,Store_2423,2022-05-24,Onsite Store,47.99
23895706,25-258-445-502,V-076-2007,Store_2423,2022-05-24,Onsite Store,9.59
23895706,25-258-445-502,W-106-1995,Store_2423,2022-05-24,Onsite Store,92.99
23895706,25-258-445-502,Q-016-1986,Store_2423,2022-05-24,Onsite Store,64.59
23895707,25-258-445-502,H-208-2008,Store_2370,2022-01-15,Online Store,50.59
23895707,25-258-445-502,V-007-2017,Store_2370,2022-01-15,Online Store,66.59
23895707,25-258-445-502,Q-286-2001,Store_2370,2022-01-15,Online Store,73.99
23895708,25-258-445-502,A-136-2010,Store_2401,2022-10-15,Onsite Store,61.59
23895708,25-258-445-502,N-031-2003,Store_2401,2022-10-15,Onsite Store,96.59
23895708,25-258-445-502,I-046-2003,Store_2401,2022-10-15,Onsite Store,59.99
23895708,25-258-445-502,V-235-2004,Store_2401,2022-10-15,Onsite Store,55.59
23895709,82-824-613-287,G-166-2016,Store_2467,2022-05-28,Onsite Store,15.59
23895709,82-824-613-287,B-103-2006,Store_2467,2022-05-28,Onsite Store,51.99
23895709,82-824-613-287,N-181-1984,Store_2467,2022-05-28,Onsite Store,77.99
23895709,82-824-613-287,Q-259-2005,Store_2467,2022-05-28,Onsite Store,68.59
23895709,82-824-613-287,C-067-1996,Store_2467,2022-05-28,Onsite Store,102.99
23895709,82-824-613-287,N-166-1994,Store_2467,2022-05-28,Onsite Store,54.59
23895709,82-824-613-287,V-268-1990,Store_2467,2022-05-28,Onsite Store,42.99
23895709,82-824-613-287,I-160-2015,Store_2467,2022-05-28,Onsite Store,49.99
23895710,82-824-613-287,F-019-1991,Store_2448,2022-12-25,Onsite Store,33.59
23895710,82-824-613-287,B-157-2002,Store_2448,2022-12-25,Onsite Store,53.59
23895710,82-824-613-287,G-226-2018,Store_2448,2022-12-25,Onsite Store,13.99
23895710,82-824-613-287,H-055-1982,Store_2448,2022-12-25,Onsite Store,82.99
23895710,82-824-613-287,Q-226-2009,Store_2448,2022-12-25,Onsite Store,43.99
23895711,82-824-613-287,B-241-1981,Store_2447,2022-08-28,Onsite Store,82.99
23895711,82-824-613-287,B-028-1986,Store_2447,2022-08-28,Onsite Store,106.99
23895711,82-824-613-287,N-199-2013,Store_2447,2022-08-28,Onsite Store,39.99
23895711,82-824-613-287,A-292-2010,Store_2447,2022-08-28,Onsite Store,150.59
23895711,82-824-613-287,W-181-2001,Store_2447,2022-08-28,Onsite Store,81.59
23895711,82-824-613-287,N-046-1988,Store_2447,2022-08-28,Onsite Store,45.99
23895712,82-824-613-287,H-049-2005,Store_2414,2022-01-13,Onsite Store,51.99
23895712,82-824-613-287,Z-049-2010,Store_2414,2022-01-13,Onsite Store,77.59
23895712,82-824-613-287,G-088-1996,Store_2414,2022-01-13,Onsite Store,62.99
23895712,82-824-613-287,I-022-1985,Store_2414,2022-01-13,Onsite Store,83.99
23895712,82-824-613-287,Z-265-1997,Store_2414,2022-01-13,Onsite Store,101.59
23895712,82-824-613-287,J-079-2004,Store_2414,2022-01-13,Onsite Store,73.99
23895712,82-824-613-287,F-271-2013,Store_2414,2022-01-13,Onsite Store,70.99
23895712,82-824-613-287,V-235-1993,Store_2414,2022-01-13,Onsite Store,113.59
23895713,82-824-613-287,G-025-1997,Store_2422,2022-07-07,Onsite Store,29.59
23895713,82-824-613-287,I-058-1995,Store_2422,2022-07-07,Onsite Store,47.99
23895714,82-824-613-287,G-184-1989,Store_2390,2022-09-07,Online Store,97.59
23895714,82-824-613-287,Q-001-1999,Store_2390,2022-09-07,Online Store,63.59
23895714,82-824-613-287,Q-037-2006,Store_2390,2022-09-07,Online Store,101.59
23895714,82-824-613-287,F-073-2011,Store_2390,2022-09-07,Online Store,34.99
23895714,82-824-613-287,G-292-1988,Store_2390,2022-09-07,Online Store,70.59
23895714,82-824-613-287,J-055-2009,Store_2390,2022-09-07,Online Store,67.99
23895715,82-824-613-287,G-214-1983,Store_2398,2022-04-15,Onsite Store,41.59
23895715,82-824-613-287,H-073-1982,Store_2398,2022-04-15,Onsite Store,116.99
23895716,82-824-613-287,A-112-2007,Store_2359,2022-12-22,Online Store,57.59
23895716,82-824-613-287,I-049-1992,Store_2359,2022-12-22,Online Store,115.99
23895716,82-824-613-287,Q-193-2011,Store_2359,2022-12-22,Online Store,61.59
23895716,82-824-613-287,Q-121-1993,Store_2359,2022-12-22,Online Store,39.99
23895717,82-824-613-287,F-214-2003,Store_2351,2022-07-14,Online Store,43.99
23895717,82-824-613-287,G-151-1994,Store_2351,2022-07-14,Online Store,39.59
23895717,82-824-613-287,I-106-1992,Store_2351,2022-07-14,Online Store,53.99
23895717,82-824-613-287,I-049-1990,Store_2351,2022-07-14,Online Store,68.59
23895717,82-824-613-287,A-223-2018,Store_2351,2022-07-14,Online Store,72.59
23895718,44-447-853-498,B-076-1994,Store_2392,2022-05-27,Online Store,52.59
23895718,44-447-853-498,J-007-2015,Store_2392,2022-05-27,Online Store,73.99
23895718,44-447-853-498,A-166-2016,Store_2392,2022-05-27,Online Store,25.99
23895718,44-447-853-498,F-001-1982,Store_2392,2022-05-27,Online Store,41.59
23895719,44-447-853-498,W-139-2008,Store_2393,2022-06-22,Online Store,120.99
23895719,44-447-853-498,A-040-1989,Store_2393,2022-06-22,Online Store,25.59
23895719,44-447-853-498,I-139-1988,Store_2393,2022-06-22,Online Store,59.59
23895720,44-447-853-498,N-070-2006,Store_2354,2022-09-22,Online Store,48.99
23895720,44-447-853-498,I-220-2001,Store_2354,2022-09-22,Online Store,69.59
23895720,44-447-853-498,W-088-1997,Store_2354,2022-09-22,Online Store,72.99
23895720,44-447-853-498,W-085-2000,Store_2354,2022-09-22,Online Store,98.99
23895720,44-447-853-498,J-277-2009,Store_2354,2022-09-22,Online Store,50.99
23895720,44-447-853-498,Z-214-1984,Store_2354,2022-09-22,Online Store,85.59
23895720,44-447-853-498,A-004-2006,Store_2354,2022-09-22,Online Store,69.59
23895720,44-447-853-498,Z-010-2008,Store_2354,2022-09-22,Online Store,80.99
23895721,44-447-853-498,H-184-2009,Store_2434,2022-03-27,Onsite Store,21.59
23895721,44-447-853-498,B-100-2014,Store_2434,2022-03-27,Onsite Store,86.99
23895721,44-447-853-498,Z-256-2014,Store_2434,2022-03-27,Onsite Store,110.59
23895721,44-447-853-498,N-049-1996,Store_2434,2022-03-27,Onsite Store,108.99
23895721,44-447-853-498,N-280-1981,Store_2434,2022-03-27,Onsite Store,74.99
23895721,44-447-853-498,C-121-1991,Store_2434,2022-03-27,Onsite Store,85.59
23895721,44-447-853-498,Q-181-2006,Store_2434,2022-03-27,Onsite Store,75.59
23895721,44-447-853-498,N-202-1996,Store_2434,2022-03-27,Onsite Store,54.59
23895721,44-447-853-498,W-265-1981,Store_2434,2022-03-27,Onsite Store,45.99
23895722,44-447-853-498,C-280-2012,Store_2348,2022-06-24,Online Store,128.99
23895722,44-447-853-498,H-289-2011,Store_2348,2022-06-24,Online Store,98.99
23895722,44-447-853-498,V-292-1985,Store_2348,2022-06-24,Online Store,88.99
23895722,44-447-853-498,F-073-2014,Store_2348,2022-06-24,Online Store,65.59
23895722,44-447-853-498,F-247-2001,Store_2348,2022-06-24,Online Store,92.99
23895722,44-447-853-498,H-127-2006,Store_2348,2022-06-24,Online Store,61.59
23895722,44-447-853-498,J-121-2004,Store_2348,2022-06-24,Online Store,60.99
23895723,44-447-853-498,Q-010-1991,Store_2392,2022-10-12,Online Store,74.59
23895723,44-447-853-498,C-043-1982,Store_2392,2022-10-12,Online Store,65.99
23895723,44-447-853-498,W-169-1989,Store_2392,2022-10-12,Online Store,42.59
23895723,44-447-853-498,W-022-2017,Store_2392,2022-10-12,Online Store,74.59
23895723,44-447-853-498,C-292-2003,Store_2392,2022-10-12,Online Store,96.99
23895724,44-447-853-498,J-214-1985,Store_2476,2022-06-06,Onsite Store,111.59
23895724,44-447-853-498,B-178-1981,Store_2476,2022-06-06,Onsite Store,50.99
23895724,44-447-853-498,J-181-2000,Store_2476,2022-06-06,Onsite Store,38.99
23895724,44-447-853-498,I-133-1991,Store_2476,2022-06-06,Onsite Store,76.59
23895724,44-447-853-498,B-118-1992,Store_2476,2022-06-06,Onsite Store,29.59
23895724,44-447-853-498,B-139-2004,Store_2476,2022-06-06,Onsite Store,73.59
23895724,44-447-853-498,V-259-2016,Store_2476,2022-06-06,Onsite Store,66.59
23895725,44-447-853-498,A-097-1993,Store_2354,2022-12-21,Online Store,90.99
23895725,44-447-853-498,V-151-1981,Store_2354,2022-12-21,Online Store,67.59
23895726,44-447-853-498,N-202-2007,Store_2434,2022-07-11,Onsite Store,80.99
23895726,44-447-853-498,G-136-1985,Store_2434,2022-07-11,Onsite Store,103.99
23895726,44-447-853-498,Z-040-2009,Store_2434,2022-07-11,Onsite Store,74.59
23895726,44-447-853-498,V-115-2006,Store_2434,2022-07-11,Onsite Store,106.99
23895726,44-447-853-498,N-082-1993,Store_2434,2022-07-11,Onsite Store,29.59
23895727,78-785-698-276,F-274-2004,Store_2403,2022-10-22,Onsite Store,82.59
23895727,78-785-698-276,J-034-1995,Store_2403,2022-10-22,Onsite Store,86.99
23895728,78-785-698-276,Z-139-1989,Store_2361,2022-10-06,Online Store,99.59
23895728,78-785-698-276,C-007-1995,Store_2361,2022-10-06,Online Store,65.99
23895728,78-785-698-276,I-208-1999,Store_2361,2022-10-06,Online Store,81.99
23895728,78-785-698-276,H-094-1996,Store_2361,2022-10-06,Online Store,84.99
23895728,78-785-698-276,G-097-1990,Store_2361,2022-10-06,Online Store,63.99
23895728,78-785-698-276,V-100-2018,Store_2361,2022-10-06,Online Store,51.99
23895729,78-785-698-276,C-223-2003,Store_2389,2022-12-26,Online Store,38.99
23895729,78-785-698-276,H-127-1988,Store_2389,2022-12-26,Online Store,68.99
23895729,78-785-698-276,F-202-1994,Store_2389,2022-12-26,Online Store,66.99
23895729,78-785-698-276,Z-277-1988,Store_2389,2022-12-26,Online Store,11.59
23895729,78-785-698-276,Z-250-2016,Store_2389,2022-12-26,Online Store,52.99
23895729,78-785-698-276,Q-154-2009,Store_2389,2022-12-26,Online Store,27.59
23895729,78-785-698-276,H-040-1987,Store_2389,2022-12-26,Online Store,144.99
23895729,78-785-698-276,W-112-1996,Store_2389,2022-12-26,Online Store,95.99
23895729,78-785-698-276,N-277-2011,Store_2389,2022-12-26,Online Store,101.59
23895729,78-785-698-276,F-289-2016,Store_2389,2022-12-26,Online Store,92.99
23895730,78-785-698-276,H-214-1982,Store_2443,2022-06-08,Onsite Store,83.99
23895730,78-785-698-276,N-136-2009,Store_2443,2022-06-08,Onsite Store,69.99
23895730,78-785-698-276,Z-295-2006,Store_2443,2022-06-08,Onsite Store,95.59
23895730,78-785-698-276,Q-007-2009,Store_2443,2022-06-08,Onsite Store,100.59
23895730,78-785-698-276,N-283-2008,Store_2443,2022-06-08,Onsite Store,67.99
23895730,78-785-698-276,J-226-1986,Store_2443,2022-06-08,Onsite Store,66.99
23895731,78-785-698-276,B-148-1985,Store_2433,2022-06-23,Onsite Store,66.59
23895731,78-785-698-276,J-091-1985,Store_2433,2022-06-23,Onsite Store,80.59
23895731,78-785-698-276,G-241-1998,Store_2433,2022-06-23,Onsite Store,57.59
23895731,78-785-698-276,N-202-1989,Store_2433,2022-06-23,Onsite Store,38.59
23895731,78-785-698-276,N-238-2000,Store_2433,2022-06-23,Onsite Store,59.99
23895731,78-785-698-276,A-049-1987,Store_2433,2022-06-23,Onsite Store,93.59
23895732,78-785-698-276,I-247-1982,Store_2476,2022-03-10,Onsite Store,72.99
23895733,78-785-698-276,W-274-1994,Store_2403,2022-06-06,Onsite Store,42.99
23895733,78-785-698-276,H-250-1987,Store_2403,2022-06-06,Onsite Store,36.59
23895733,78-785-698-276,F-109-2001,Store_2403,2022-06-06,Onsite Store,57.99
23895733,78-785-698-276,G-040-1997,Store_2403,2022-06-06,Onsite Store,125.59
23895733,78-785-698-276,G-229-2000,Store_2403,2022-06-06,Onsite Store,32.99
23895733,78-785-698-276,Z-184-1984,Store_2403,2022-06-06,Onsite Store,60.99
23895733,78-785-698-276,H-226-1989,Store_2403,2022-06-06,Onsite Store,93.59
23895733,78-785-698-276,Q-010-1996,Store_2403,2022-06-06,Onsite Store,46.99
23895733,78-785-698-276,V-118-2004,Store_2403,2022-06-06,Onsite Store,59.99
23895734,78-785-698-276,H-058-2001,Store_2363,2022-11-06,Online Store,61.99
23895734,78-785-698-276,J-187-2013,Store_2363,2022-11-06,Online Store,43.99
23895734,78-785-698-276,N-256-1998,Store_2363,2022-11-06,Online Store,78.99
23895734,78-785-698-276,Z-184-2003,Store_2363,2022-11-06,Online Store,110.99
23895735,78-785-698-276,I-259-2005,Store_2402,2022-12-20,Onsite Store,74.99
23895735,78-785-698-276,C-181-1983,Store_2402,2022-12-20,Onsite Store,87.99
23895735,78-785-698-276,A-133-1980,Store_2402,2022-12-20,Onsite Store,50.59
23895735,78-785-698-276,Q-169-2007,Store_2402,2022-12-20,Onsite Store,94.59
23895736,22-226-400-554,G-040-1990,Store_2364,2022-03-30,Online Store,70.99
23895736,22-226-400-554,W-028-2008,Store_2364,2022-03-30,Online Store,61.99
23895736,22-226-400-554,B-052-2009,Store_2364,2022-03-30,Online Store,47.99
23895736,22-226-400-554,Z-235-1999,Store_2364,2022-03-30,Online Store,67.99
23895736,22-226-400-554,V-115-2004,Store_2364,2022-03-30,Online Store,152.99
23895736,22-226-400-554,I-157-1987,Store_2364,2022-03-30,Online Store,64.99
23895737,22-226-400-554,V-070-1988,Store_2377,2022-11-26,Online Store,69.99
23895737,22-226-400-554,Q-016-1984,Store_2377,2022-11-26,Online Store,112.99
23895737,22-226-400-554,A-193-1987,Store_2377,2022-11-26,Online Store,60.59
23895737,22-226-400-554,B-193-2018,Store_2377,2022-11-26,Online Store,99.99
23895737,22-226-400-554,A-262-2011,Store_2377,2022-11-26,Online Store,33.99
23895737,22-226-400-554,B-157-2001,Store_2377,2022-11-26,Online Store,82.59
23895737,22-226-400-554,A-202-2001,Store_2377,2022-11-26,Online Store,16.99
23895737,22-226-400-554,H-037-2018,Store_2377,2022-11-26,Online Store,76.59
23895737,22-226-400-554,V-238-2000,Store_2377,2022-11-26,Online Store,85.99
23895737,22-226-400-554,Q-232-1986,Store_2377,2022-11-26,Online Store,44.99
23895738,22-226-400-554,B-178-1995,Store_2393,2022-12-08,Online Store,108.99
23895738,22-226-400-554,N-136-1988,Store_2393,2022-12-08,Online Store,60.59
23895738,22-226-400-554,I-184-1983,Store_2393,2022-12-08,Online Store,26.59
23895738,22-226-400-554,I-067-1988,Store_2393,2022-12-08,Online Store,34.59
23895738,22-226-400-554,G-094-2000,Store_2393,2022-12-08,Online Store,76.99
23895739,22-226-400-554,H-154-1996,Store_2416,2022-02-26,Onsite Store,82.59
23895739,22-226-400-554,H-067-2001,Store_2416,2022-02-26,Onsite Store,51.59
23895739,22-226-400-554,A-169-2012,Store_2416,2022-02-26,Onsite Store,58.99
23895739,22-226-400-554,A-109-1990,Store_2416,2022-02-26,Onsite Store,82.99
23895739,22-226-400-554,H-124-2006,Store_2416,2022-02-26,Onsite Store,76.59
23895740,22-226-400-554,I-007-1990,Store_2352,2022-03-27,Online Store,99.59
23895740,22-226-400-554,B-019-1996,Store_2352,2022-03-27,Online Store,68.99
23895740,22-226-400-554,B-160-1980,Store_2352,2022-03-27,Online Store,97.99
23895741,22-226-400-554,J-022-1996,Store_2476,2022-06-19,Onsite Store,105.99
23895741,22-226-400-554,G-181-2002,Store_2476,2022-06-19,Onsite Store,96.59
23895741,22-226-400-554,B-223-2007,Store_2476,2022-06-19,Onsite Store,29.99
23895741,22-226-400-554,N-298-1990,Store_2476,2022-06-19,Onsite Store,18.99
23895741,22-226-400-554,Q-211-1982,Store_2476,2022-06-19,Onsite Store,102.99
23895741,22-226-400-554,C-133-2011,Store_2476,2022-06-19,Onsite Store,64.99
23895741,22-226-400-554,G-235-1995,Store_2476,2022-06-19,Onsite Store,48.99
23895741,22-226-400-554,W-013-2009,Store_2476,2022-06-19,Onsite Store,46.59
23895741,22-226-400-554,F-133-2004,Store_2476,2022-06-19,Onsite Store,28.59
23895741,22-226-400-554,F-181-1988,Store_2476,2022-06-19,Onsite Store,53.99
23895742,22-226-400-554,Z-127-2011,Store_2411,2022-08-17,Onsite Store,32.99
23895742,22-226-400-554,W-244-1997,Store_2411,2022-08-17,Onsite Store,75.99
23895742,22-226-400-554,G-274-1998,Store_2411,2022-08-17,Onsite Store,74.59
23895742,22-226-400-554,B-211-2001,Store_2411,2022-08-17,Onsite Store,79.99
23895742,22-226-400-554,F-193-1983,Store_2411,2022-08-17,Onsite Store,62.99
23895742,22-226-400-554,V-091-2004,Store_2411,2022-08-17,Onsite Store,115.99
23895742,22-226-400-554,Z-118-2011,Store_2411,2022-08-17,Onsite Store,49.99
23895742,22-226-400-554,V-013-2015,Store_2411,2022-08-17,Onsite Store,80.99
23895742,22-226-400-554,A-145-2007,Store_2411,2022-08-17,Onsite Store,93.99
23895742,22-226-400-554,B-286-1996,Store_2411,2022-08-17,Onsite Store,56.59
23895742,22-226-400-554,N-214-2002,Store_2411,2022-08-17,Onsite Store,76.99
23895743,22-226-400-554,H-121-1988,Store_2463,2022-01-14,Onsite Store,81.99
23895743,22-226-400-554,W-184-1983,Store_2463,2022-01-14,Onsite Store,104.99
23895743,22-226-400-554,F-070-2010,Store_2463,2022-01-14,Onsite Store,109.99
23895743,22-226-400-554,Q-112-2011,Store_2463,2022-01-14,Onsite Store,45.59
23895744,22-226-400-554,Q-163-2001,Store_2444,2022-09-14,Onsite Store,116.59
23895744,22-226-400-554,F-040-2000,Store_2444,2022-09-14,Onsite Store,23.99
23895744,22-226-400-554,A-013-2016,Store_2444,2022-09-14,Onsite Store,108.59
23895744,22-226-400-554,I-229-1987,Store_2444,2022-09-14,Onsite Store,66.99
23895744,22-226-400-554,W-229-2005,Store_2444,2022-09-14,Onsite Store,73.59
23895745,19-198-517-341,N-061-1999,Store_2400,2022-06-11,Onsite Store,57.99
23895745,19-198-517-341,Q-238-1980,Store_2400,2022-06-11,Onsite Store,47.99
23895745,19-198-517-341,Z-088-2004,Store_2400,2022-06-11,Onsite Store,93.99
23895745,19-198-517-341,N-085-1985,Store_2400,2022-06-11,Onsite Store,61.59
23895745,19-198-517-341,J-142-2012,Store_2400,2022-06-11,Onsite Store,61.59
23895745,19-198-517-341,Q-223-1980,Store_2400,2022-06-11,Onsite Store,76.59
23895745,19-198-517-341,C-286-1990,Store_2400,2022-06-11,Onsite Store,45.59
23895746,19-198-517-341,G-229-2018,Store_2422,2022-05-25,Onsite Store,133.59
23895746,19-198-517-341,V-217-1984,Store_2422,2022-05-25,Onsite Store,119.59
23895746,19-198-517-341,V-298-1999,Store_2422,2022-05-25,Onsite Store,10.59
23895746,19-198-517-341,I-277-1994,Store_2422,2022-05-25,Onsite Store,26.59
23895746,19-198-517-341,H-232-2005,Store_2422,2022-05-25,Onsite Store,22.59
23895746,19-198-517-341,B-127-2011,Store_2422,2022-05-25,Onsite Store,67.99
23895746,19-198-517-341,W-175-2014,Store_2422,2022-05-25,Onsite Store,59.99
23895746,19-198-517-341,F-235-2004,Store_2422,2022-05-25,Onsite Store,69.59
23895746,19-198-517-341,A-190-2016,Store_2422,2022-05-25,Onsite Store,74.99
23895747,19-198-517-341,B-154-2004,Store_2400,2022-12-11,Onsite Store,66.99
23895747,19-198-517-341,B-205-1989,Store_2400,2022-12-11,Onsite Store,59.99
23895747,19-198-517-341,J-187-1980,Store_2400,2022-12-11,Onsite Store,66.99
23895747,19-198-517-341,J-226-1995,Store_2400,2022-12-11,Onsite Store,53.99
23895748,19-198-517-341,Z-205-2010,Store_2380,2022-06-30,Online Store,66.59
23895748,19-198-517-341,C-166-1988,Store_2380,2022-06-30,Online Store,88.99
23895748,19-198-517-341,C-013-2017,Store_2380,2022-06-30,Online Store,75.59
23895749,19-198-517-341,G-100-1989,Store_2384,2022-12-06,Online Store,131.99
23895749,19-198-517-341,H-217-2016,Store_2384,2022-12-06,Online Store,36.59
23895749,19-198-517-341,Z-013-1984,Store_2384,2022-12-06,Online Store,34.59
23895749,19-198-517-341,G-247-1996,Store_2384,2022-12-06,Online Store,83.59
23895749,19-198-517-341,N-175-1985,Store_2384,2022-12-06,Online Store,91.99
23895749,19-198-517-341,A-271-1986,Store_2384,2022-12-06,Online Store,105.99
23895750,19-198-517-341,I-136-1999,Store_2454,2022-10-29,Onsite Store,51.99
23895750,19-198-517-341,Q-019-2011,Store_2454,2022-10-29,Onsite Store,71.59
23895750,19-198-517-341,Z-007-1982,Store_2454,2022-10-29,Onsite Store,39.99
23895750,19-198-517-341,V-265-2010,Store_2454,2022-10-29,Onsite Store,53.99
23895750,19-198-517-341,V-286-2002,Store_2454,2022-10-29,Onsite Store,59.99
23895750,19-198-517-341,Q-085-2018,Store_2454,2022-10-29,Onsite Store,85.59
23895750,19-198-517-341,C-151-1994,Store_2454,2022-10-29,Onsite Store,116.99
23895750,19-198-517-341,G-091-1981,Store_2454,2022-10-29,Onsite Store,42.99
23895750,19-198-517-341,W-133-1999,Store_2454,2022-10-29,Onsite Store,73.99
23895750,19-198-517-341,G-193-2004,Store_2454,2022-10-29,Onsite Store,64.99
23895751,19-198-517-341,G-292-2009,Store_2473,2022-06-14,Onsite Store,67.59
23895751,19-198-517-341,N-187-1997,Store_2473,2022-06-14,Onsite Store,104.99
23895751,19-198-517-341,N-124-1993,Store_2473,2022-06-14,Onsite Store,117.99
23895752,19-198-517-341,Q-283-2006,Store_2395,2022-06-17,Online Store,98.99
23895752,19-198-517-341,C-052-2004,Store_2395,2022-06-17,Online Store,54.99
23895752,19-198-517-341,H-118-2004,Store_2395,2022-06-17,Online Store,50.59
23895752,19-198-517-341,W-226-2003,Store_2395,2022-06-17,Online Store,44.59
23895752,19-198-517-341,I-295-2012,Store_2395,2022-06-17,Online Store,91.59
23895752,19-198-517-341,F-232-2014,Store_2395,2022-06-17,Online Store,64.99
23895753,19-198-517-341,H-118-2014,Store_2388,2022-05-14,Online Store,35.59
23895753,19-198-517-341,A-184-1982,Store_2388,2022-05-14,Online Store,84.99
23895753,19-198-517-341,G-259-2008,Store_2388,2022-05-14,Online Store,91.99
23895753,19-198-517-341,G-175-1998,Store_2388,2022-05-14,Online Store,37.99
23895753,19-198-517-341,H-076-2008,Store_2388,2022-05-14,Online Store,65.99
23895753,19-198-517-341,A-094-1997,Store_2388,2022-05-14,Online Store,66.59
23895753,19-198-517-341,C-142-1992,Store_2388,2022-05-14,Online Store,40.99
23895753,19-198-517-341,H-004-1980,Store_2388,2022-05-14,Online Store,28.99
23895753,19-198-517-341,V-079-2016,Store_2388,2022-05-14,Online Store,33.99
23895753,19-198-517-341,I-265-1985,Store_2388,2022-05-14,Online Store,117.59
23895754,54-546-472-736,A-049-2002,Store_2474,2022-04-25,Onsite Store,81.59
23895754,54-546-472-736,G-271-1984,Store_2474,2022-04-25,Onsite Store,66.59
23895754,54-546-472-736,C-094-2001,Store_2474,2022-04-25,Onsite Store,42.59
23895754,54-546-472-736,F-292-1997,Store_2474,2022-04-25,Onsite Store,33.99
23895754,54-546-472-736,I-007-2009,Store_2474,2022-04-25,Onsite Store,64.59
23895754,54-546-472-736,Z-202-1995,Store_2474,2022-04-25,Onsite Store,75.99
23895754,54-546-472-736,A-223-2004,Store_2474,2022-04-25,Onsite Store,72.59
23895754,54-546-472-736,Q-115-1995,Store_2474,2022-04-25,Onsite Store,49.59
23895754,54-546-472-736,I-109-2005,Store_2474,2022-04-25,Onsite Store,88.99
23895755,54-546-472-736,H-130-2001,Store_2454,2022-09-28,Onsite Store,70.59
23895755,54-546-472-736,Q-001-2005,Store_2454,2022-09-28,Onsite Store,40.99
23895755,54-546-472-736,H-067-2018,Store_2454,2022-09-28,Onsite Store,79.99
